{
    "m1928a1_dhwaw": {
        "sounds": [
            {
                "name": "pointblank:m1928a1_dhwaw",
                "stream": false
            }
        ]
    },
    "m1903a4_dhwaw": {
        "sounds": [
            {
                "name": "pointblank:m1903a4_dhwaw",
                "stream": false
            }
        ]
    },
    "m1a1thompson_dhwaw": {
        "sounds": [
            {
                "name": "pointblank:m1a1thompson_dhwaw",
                "stream": false
            }
        ]
    },
    "m1918a2_dhwaw": {
        "sounds": [
            {
                "name": "pointblank:m1918a2_dhwaw",
                "stream": false
            }
        ]
    },
    "m1garand_dhwaw": {
        "sounds": [
            {
                "name": "pointblank:m1garand_dhwaw",
                "stream": false
            }
        ]
    },
    "m1garandping": {
        "sounds": [
            {
                "name": "pointblank:m1garandping",
                "stream": false
            }
        ]
    },
    "m1carbine_dhwaw": {
        "sounds": [
            {
                "name": "pointblank:m1carbine_dhwaw",
                "stream": false
            }
        ]
    },
    "mg42_dhwaw": {
        "sounds": [
            {
                "name": "pointblank:mg42_dhwaw",
                "stream": false
            }
        ]
    },
        "stg44_dhwaw": {
        "sounds": [
            {
                "name": "pointblank:stg44_dhwaw",
                "stream": false
            }
        ]
    },
    "mp40_dhwaw": {
        "sounds": [
            {
                "name": "pointblank:mp40_dhwaw",
                "stream": false
            }
        ]
    },
    "kar98k_dhwaw": {
        "sounds": [
            {
                "name": "pointblank:kar98k_dhwaw",
                "stream": false
            }
        ]
    },
    "p08luger_dhwaw": {
        "sounds": [
            {
                "name": "pointblank:p08luger_dhwaw",
                "stream": false
            }
        ]
    },
    "type99arisaka_dhwaw": {
        "sounds": [
            {
                "name": "pointblank:type99arisaka_dhwaw",
                "stream": false
            }
        ]
    },
    "type38arisaka_dhwaw": {
        "sounds": [
            {
                "name": "pointblank:type38arisaka_dhwaw",
                "stream": false
            }
        ]
    },
    "type96_dhwaw": {
        "sounds": [
            {
                "name": "pointblank:type96_dhwaw",
                "stream": false
            }
        ]
    },
    "type100_dhwaw": {
        "sounds": [
            {
                "name": "pointblank:type100_dhwaw",
                "stream": false
            }
        ]
    }
}