{
	"format_version": "1.12.0",
	"minecraft:geometry": [
		{
			"description": {
				"identifier": "geometry.unknown",
				"texture_width": 128,
				"texture_height": 128,
				"visible_bounds_width": 10,
				"visible_bounds_height": 4,
				"visible_bounds_offset": [0, 1, 0]
			},
			"bones": [
				{
					"name": "main",
					"pivot": [0, 19, 4]
				},
				{
					"name": "rightarm",
					"parent": "main",
					"pivot": [-4.3, 7.8, 25.8],
					"rotation": [-101.81106, -12.40003, -2.46982],
					"cubes": [
						{"origin": [-8.31862, -16.21235, 21.72091], "size": [8, 24, 8], "uv": [34, 80]}
					]
				},
				{
					"name": "leftarm",
					"parent": "main",
					"pivot": [10.7, 10.3, -4.6],
					"rotation": [-119.61483, 1.67666, -38.31282],
					"cubes": [
						{"origin": [5.73134, -11.73675, -8.6665], "size": [8, 24, 8], "uv": [80, 34]}
					]
				},
				{
					"name": "muzzleflash",
					"parent": "main",
					"pivot": [0, 22.6, -66.75],
					"mirror": true,
					"cubes": [
						{"origin": [-0.5225, 21.07905, -64.6], "size": [1, 1, 1], "inflate": -0.4, "uv": [0, 0], "mirror": false}
					]
				},
				{
					"name": "gun",
					"parent": "main",
					"pivot": [0, 50.16, -6.98],
					"cubes": [
						{
							"origin": [-1.625, 17.5, -4.3],
							"size": [3.25, 2.95, 2.5],
							"uv": {
								"north": {"uv": [25, 55], "uv_size": [3.5, 3]},
								"east": {"uv": [21, 62], "uv_size": [2.5, 3]},
								"south": {"uv": [54, 55], "uv_size": [3.5, 3]},
								"west": {"uv": [33, 62], "uv_size": [2.5, 3]},
								"up": {"uv": [25, 58], "uv_size": [3.5, 2.5]},
								"down": {"uv": [54, 60.5], "uv_size": [3.5, -2.5]}
							}
						},
						{
							"origin": [-1.625, 19.75, 0.1],
							"size": [0.5, 1.25, 2.1],
							"uv": {
								"north": {"uv": [68, 77], "uv_size": [0.5, 1.5]},
								"east": {"uv": [71, 15], "uv_size": [2, 1.5]},
								"south": {"uv": [69, 77], "uv_size": [0.5, 1.5]},
								"west": {"uv": [71, 22], "uv_size": [2, 1.5]},
								"up": {"uv": [4, 76], "uv_size": [0.5, 2]},
								"down": {"uv": [5, 78], "uv_size": [0.5, -2]}
							}
						},
						{
							"origin": [-1.65901, 20.33211, -1.8],
							"size": [0.5, 0.75, 3],
							"pivot": [-0.03401, 20.45711, -1],
							"rotation": [0, 0, -45],
							"uv": {
								"north": {"uv": [25, 79], "uv_size": [0.5, 1]},
								"east": {"uv": [71, 30], "uv_size": [3, 1]},
								"south": {"uv": [79, 25], "uv_size": [0.5, 1]},
								"west": {"uv": [41, 71], "uv_size": [3, 1]},
								"up": {"uv": [1, 75], "uv_size": [0.5, 3]},
								"down": {"uv": [3, 78], "uv_size": [0.5, -3]}
							}
						},
						{
							"origin": [-1.625, 19.75, -1.8],
							"size": [0.5, 1.25, 1.15],
							"uv": {
								"north": {"uv": [77, 74], "uv_size": [0.5, 1.5]},
								"east": {"uv": [62, 74], "uv_size": [1, 1.5]},
								"south": {"uv": [75, 77], "uv_size": [0.5, 1.5]},
								"west": {"uv": [63, 74], "uv_size": [1, 1.5]},
								"up": {"uv": [7, 79], "uv_size": [0.5, 1]},
								"down": {"uv": [9, 80], "uv_size": [0.5, -1]}
							}
						},
						{
							"origin": [-1.625, 19.75, -0.65],
							"size": [0.5, 0.75, 0.75],
							"uv": {
								"north": {"uv": [79, 9], "uv_size": [0.5, 1]},
								"east": {"uv": [77, 3], "uv_size": [1, 1]},
								"south": {"uv": [10, 79], "uv_size": [0.5, 1]},
								"west": {"uv": [6, 77], "uv_size": [1, 1]},
								"up": {"uv": [79, 10], "uv_size": [0.5, 1]},
								"down": {"uv": [11, 80], "uv_size": [0.5, -1]}
							}
						},
						{
							"origin": [-1.575, 20.39645, -0.65],
							"size": [0.7, 0.5, 0.75],
							"pivot": [-1.125, 20.64645, -0.15],
							"rotation": [0, 0, -45],
							"uv": {
								"north": {"uv": [79, 71], "uv_size": [0.5, 0.5]},
								"east": {"uv": [12, 79], "uv_size": [1, 0.5]},
								"south": {"uv": [72, 79], "uv_size": [0.5, 0.5]},
								"west": {"uv": [79, 12], "uv_size": [1, 0.5]},
								"up": {"uv": [79, 13], "uv_size": [0.5, 1]},
								"down": {"uv": [14, 80], "uv_size": [0.5, -1]}
							}
						},
						{
							"origin": [0.625, 19.75, -1.8],
							"size": [1, 1.25, 4],
							"uv": {
								"north": {"uv": [64, 74], "uv_size": [1, 1.5]},
								"east": {"uv": [37, 65], "uv_size": [4, 1.5]},
								"south": {"uv": [65, 74], "uv_size": [1, 1.5]},
								"west": {"uv": [45, 65], "uv_size": [4, 1.5]},
								"up": {"uv": [47, 69], "uv_size": [1, 4]},
								"down": {"uv": [48, 73], "uv_size": [1, -4]}
							}
						},
						{
							"origin": [-0.625, 20.09905, -1.93134],
							"size": [1.25, 0.75, 4.15],
							"uv": {
								"north": {"uv": [74, 58], "uv_size": [1.5, 1]},
								"east": {"uv": [69, 48], "uv_size": [4, 1]},
								"south": {"uv": [74, 69], "uv_size": [1.5, 1]},
								"west": {"uv": [69, 49], "uv_size": [4, 1]},
								"up": {"uv": [18, 64], "uv_size": [1.5, 4]},
								"down": {"uv": [33, 69], "uv_size": [1.5, -4]}
							}
						},
						{
							"origin": [-1.125, 19.75, -1.55],
							"size": [0.5, 1.25, 3.75],
							"uv": {
								"north": {"uv": [78, 22], "uv_size": [0.5, 1.5]},
								"east": {"uv": [49, 65], "uv_size": [4, 1.5]},
								"south": {"uv": [23, 78], "uv_size": [0.5, 1.5]},
								"west": {"uv": [58, 65], "uv_size": [4, 1.5]},
								"up": {"uv": [38, 73], "uv_size": [0.5, 4]},
								"down": {"uv": [39, 77], "uv_size": [0.5, -4]}
							}
						},
						{
							"origin": [-1.125, 17.5, -1.8],
							"size": [2.75, 2.25, 5.15],
							"uv": {
								"north": {"uv": [38, 62], "uv_size": [3, 2.5]},
								"east": {"uv": [51, 8], "uv_size": [5, 2.5]},
								"south": {"uv": [62, 59], "uv_size": [3, 2.5]},
								"west": {"uv": [24, 52], "uv_size": [5, 2.5]},
								"up": {"uv": [40, 48], "uv_size": [3, 5]},
								"down": {"uv": [12, 54], "uv_size": [3, -5]}
							}
						},
						{
							"origin": [-1.625, 17.5, 1.2],
							"size": [0.75, 2.25, 2.15],
							"uv": {
								"north": {"uv": [44, 71], "uv_size": [1, 2.5]},
								"east": {"uv": [31, 67], "uv_size": [2, 2.5]},
								"south": {"uv": [1, 72], "uv_size": [1, 2.5]},
								"west": {"uv": [45, 67], "uv_size": [2, 2.5]},
								"up": {"uv": [73, 22], "uv_size": [1, 2]},
								"down": {"uv": [28, 75], "uv_size": [1, -2]}
							}
						},
						{
							"origin": [-1.07374, 21.93128, -12.65],
							"size": [1, 0.6, 3.75],
							"pivot": [-0.59874, 22.18128, -6.4],
							"rotation": [0, 0, -45],
							"uv": {
								"north": {"uv": [48, 78], "uv_size": [1, 0.5]},
								"east": {"uv": [73, 15], "uv_size": [4, 0.5]},
								"south": {"uv": [49, 78], "uv_size": [1, 0.5]},
								"west": {"uv": [73, 16], "uv_size": [4, 0.5]},
								"up": {"uv": [36, 69], "uv_size": [1, 4]},
								"down": {"uv": [37, 73], "uv_size": [1, -4]}
							}
						},
						{
							"origin": [-1.175, 21.1, -12.65],
							"size": [0.6, 1, 3.75],
							"uv": {
								"north": {"uv": [47, 78], "uv_size": [0.5, 1]},
								"east": {"uv": [69, 9], "uv_size": [4, 1]},
								"south": {"uv": [78, 47], "uv_size": [0.5, 1]},
								"west": {"uv": [69, 10], "uv_size": [4, 1]},
								"up": {"uv": [43, 72], "uv_size": [0.5, 4]},
								"down": {"uv": [56, 76], "uv_size": [0.5, -4]}
							}
						},
						{
							"origin": [-1.175, 20.85, -2.9],
							"size": [0.6, 1.15, 2],
							"uv": {
								"north": {"uv": [78, 52], "uv_size": [0.5, 1]},
								"east": {"uv": [65, 27], "uv_size": [2, 1]},
								"south": {"uv": [54, 78], "uv_size": [0.5, 1]},
								"west": {"uv": [12, 73], "uv_size": [2, 1]},
								"up": {"uv": [45, 76], "uv_size": [0.5, 2]},
								"down": {"uv": [46, 78], "uv_size": [0.5, -2]}
							}
						},
						{
							"origin": [-1.175, 21, -9.3],
							"size": [0.6, 0.15, 6.9],
							"uv": {
								"north": {"uv": [79, 52], "uv_size": [0.5, 0.5]},
								"east": {"uv": [70, 44], "uv_size": [7, 0.5]},
								"south": {"uv": [53, 79], "uv_size": [0.5, 0.5]},
								"west": {"uv": [70, 45], "uv_size": [7, 0.5]},
								"up": {"uv": [50, 70], "uv_size": [0.5, 7]},
								"down": {"uv": [51, 77], "uv_size": [0.5, -7]}
							}
						},
						{
							"origin": [-0.475, 22.2, -12.65],
							"size": [0.95, 0.6, 3.75],
							"uv": {
								"north": {"uv": [46, 78], "uv_size": [1, 0.5]},
								"east": {"uv": [73, 13], "uv_size": [4, 0.5]},
								"south": {"uv": [78, 46], "uv_size": [1, 0.5]},
								"west": {"uv": [73, 14], "uv_size": [4, 0.5]},
								"up": {"uv": [33, 69], "uv_size": [1, 4]},
								"down": {"uv": [34, 73], "uv_size": [1, -4]}
							}
						},
						{
							"origin": [0.08839, 21.96664, -12.65],
							"size": [1, 0.6, 3.75],
							"pivot": [0.56339, 22.21664, -6.4],
							"rotation": [0, 0, 45],
							"uv": {
								"north": {"uv": [45, 78], "uv_size": [1, 0.5]},
								"east": {"uv": [72, 68], "uv_size": [4, 0.5]},
								"south": {"uv": [78, 45], "uv_size": [1, 0.5]},
								"west": {"uv": [73, 12], "uv_size": [4, 0.5]},
								"up": {"uv": [28, 69], "uv_size": [1, 4]},
								"down": {"uv": [69, 35], "uv_size": [1, -4]}
							}
						},
						{
							"origin": [-1.04445, 21.80199, -2.9],
							"size": [0.9, 0.5, 2],
							"pivot": [-0.66945, 22.05199, -6.65],
							"rotation": [0, 0, -45],
							"uv": {
								"north": {"uv": [78, 51], "uv_size": [1, 0.5]},
								"east": {"uv": [76, 41], "uv_size": [2, 0.5]},
								"south": {"uv": [52, 78], "uv_size": [1, 0.5]},
								"west": {"uv": [42, 76], "uv_size": [2, 0.5]},
								"up": {"uv": [58, 16], "uv_size": [1, 2]},
								"down": {"uv": [11, 75], "uv_size": [1, -2]}
							}
						},
						{
							"origin": [0.1591, 21.83735, -2.9],
							"size": [0.9, 0.5, 2],
							"pivot": [0.6341, 22.08735, -6.65],
							"rotation": [0, 0, 45],
							"uv": {
								"north": {"uv": [78, 54], "uv_size": [1, 0.5]},
								"east": {"uv": [76, 47], "uv_size": [2, 0.5]},
								"south": {"uv": [55, 78], "uv_size": [1, 0.5]},
								"west": {"uv": [48, 76], "uv_size": [2, 0.5]},
								"up": {"uv": [16, 73], "uv_size": [1, 2]},
								"down": {"uv": [17, 75], "uv_size": [1, -2]}
							}
						},
						{
							"origin": [-0.475, 22.1, -2.4],
							"size": [0.95, 0.5, 1.5],
							"uv": {
								"north": {"uv": [50, 78], "uv_size": [1, 0.5]},
								"east": {"uv": [73, 77], "uv_size": [1.5, 0.5]},
								"south": {"uv": [51, 78], "uv_size": [1, 0.5]},
								"west": {"uv": [77, 73], "uv_size": [1.5, 0.5]},
								"up": {"uv": [57, 73], "uv_size": [1, 1.5]},
								"down": {"uv": [2, 75.5], "uv_size": [1, -1.5]}
							}
						},
						{
							"origin": [0.575, 20.85, -8.9],
							"size": [0.6, 1.15, 8],
							"uv": {
								"north": {"uv": [78, 43], "uv_size": [0.5, 1]},
								"east": {"uv": [60, 35], "uv_size": [8, 1]},
								"south": {"uv": [78, 44], "uv_size": [0.5, 1]},
								"west": {"uv": [60, 36], "uv_size": [8, 1]},
								"up": {"uv": [14, 69], "uv_size": [0.5, 8]},
								"down": {"uv": [15, 77], "uv_size": [0.5, -8]}
							}
						},
						{
							"origin": [0.575, 21.1, -12.65],
							"size": [0.6, 1, 3.75],
							"uv": {
								"north": {"uv": [79, 23], "uv_size": [0.5, 1]},
								"east": {"uv": [69, 50], "uv_size": [4, 1]},
								"south": {"uv": [24, 79], "uv_size": [0.5, 1]},
								"west": {"uv": [69, 51], "uv_size": [4, 1]},
								"up": {"uv": [47, 73], "uv_size": [0.5, 4]},
								"down": {"uv": [73, 51], "uv_size": [0.5, -4]}
							}
						},
						{
							"origin": [-0.8975, 22.20502, -23.62162],
							"size": [1.8, 0.5, 7],
							"uv": {
								"north": {"uv": [75, 75], "uv_size": [2, 0.5]},
								"east": {"uv": [70, 18], "uv_size": [7, 0.5]},
								"south": {"uv": [76, 1], "uv_size": [2, 0.5]},
								"west": {"uv": [70, 19], "uv_size": [7, 0.5]},
								"up": {"uv": [4, 51], "uv_size": [2, 7]},
								"down": {"uv": [6, 59], "uv_size": [2, -7]}
							}
						},
						{
							"origin": [-0.7475, 22.75502, -17.12162],
							"size": [1.5, 0.25, 0.4],
							"uv": {
								"north": {"uv": [77, 65], "uv_size": [1.5, 0.5]},
								"east": {"uv": [79, 37], "uv_size": [0.5, 0.5]},
								"south": {"uv": [66, 77], "uv_size": [1.5, 0.5]},
								"west": {"uv": [38, 79], "uv_size": [0.5, 0.5]},
								"up": {"uv": [77, 66], "uv_size": [1.5, 0.5]},
								"down": {"uv": [77, 67.5], "uv_size": [1.5, -0.5]}
							}
						},
						{
							"origin": [-0.9975, 22.75502, -17.72162],
							"size": [2, 0.35, 0.65],
							"uv": {
								"north": {"uv": [76, 69], "uv_size": [2, 0.5]},
								"east": {"uv": [79, 54], "uv_size": [0.5, 0.5]},
								"south": {"uv": [70, 76], "uv_size": [2, 0.5]},
								"west": {"uv": [55, 79], "uv_size": [0.5, 0.5]},
								"up": {"uv": [76, 70], "uv_size": [2, 0.5]},
								"down": {"uv": [72, 76.5], "uv_size": [2, -0.5]}
							}
						},
						{
							"origin": [0.7525, 22.75502, -17.82162],
							"size": [0.4, 0.55, 0.85],
							"uv": {
								"north": {"uv": [79, 59], "uv_size": [0.5, 0.5]},
								"east": {"uv": [78, 63], "uv_size": [1, 0.5]},
								"south": {"uv": [60, 79], "uv_size": [0.5, 0.5]},
								"west": {"uv": [64, 78], "uv_size": [1, 0.5]},
								"up": {"uv": [78, 64], "uv_size": [0.5, 1]},
								"down": {"uv": [66, 79], "uv_size": [0.5, -1]}
							}
						},
						{
							"origin": [-1.1475, 22.75502, -17.82162],
							"size": [0.4, 0.55, 0.85],
							"uv": {
								"north": {"uv": [79, 60], "uv_size": [0.5, 0.5]},
								"east": {"uv": [67, 78], "uv_size": [1, 0.5]},
								"south": {"uv": [61, 79], "uv_size": [0.5, 0.5]},
								"west": {"uv": [78, 69], "uv_size": [1, 0.5]},
								"up": {"uv": [70, 78], "uv_size": [0.5, 1]},
								"down": {"uv": [78, 71], "uv_size": [0.5, -1]}
							}
						},
						{
							"origin": [0.1525, 23.00502, -17.02162],
							"size": [0.6, 0.25, 0.3],
							"uv": {
								"north": {"uv": [79, 38], "uv_size": [0.5, 0.5]},
								"east": {"uv": [39, 79], "uv_size": [0.5, 0.5]},
								"south": {"uv": [79, 39], "uv_size": [0.5, 0.5]},
								"west": {"uv": [40, 79], "uv_size": [0.5, 0.5]},
								"up": {"uv": [79, 40], "uv_size": [0.5, 0.5]},
								"down": {"uv": [41, 79.5], "uv_size": [0.5, -0.5]}
							}
						},
						{
							"origin": [-0.7475, 23.00502, -17.02162],
							"size": [0.6, 0.25, 0.3],
							"uv": {
								"north": {"uv": [79, 41], "uv_size": [0.5, 0.5]},
								"east": {"uv": [42, 79], "uv_size": [0.5, 0.5]},
								"south": {"uv": [79, 42], "uv_size": [0.5, 0.5]},
								"west": {"uv": [43, 79], "uv_size": [0.5, 0.5]},
								"up": {"uv": [79, 43], "uv_size": [0.5, 0.5]},
								"down": {"uv": [44, 79.5], "uv_size": [0.5, -0.5]}
							}
						},
						{
							"origin": [0.2025, 22.75502, -23.62162],
							"size": [0.45, 0.25, 6.5],
							"uv": {
								"north": {"uv": [79, 36], "uv_size": [0.5, 0.5]},
								"east": {"uv": [70, 62], "uv_size": [6.5, 0.5]},
								"south": {"uv": [37, 79], "uv_size": [0.5, 0.5]},
								"west": {"uv": [70, 63], "uv_size": [6.5, 0.5]},
								"up": {"uv": [70, 69], "uv_size": [0.5, 6.5]},
								"down": {"uv": [21, 77.5], "uv_size": [0.5, -6.5]}
							}
						},
						{
							"origin": [-0.6475, 22.75502, -23.62162],
							"size": [0.45, 0.25, 6.5],
							"uv": {
								"north": {"uv": [79, 47], "uv_size": [0.5, 0.5]},
								"east": {"uv": [70, 64], "uv_size": [6.5, 0.5]},
								"south": {"uv": [48, 79], "uv_size": [0.5, 0.5]},
								"west": {"uv": [70, 65], "uv_size": [6.5, 0.5]},
								"up": {"uv": [22, 71], "uv_size": [0.5, 6.5]},
								"down": {"uv": [23, 77.5], "uv_size": [0.5, -6.5]}
							}
						},
						{
							"origin": [-0.1975, 22.75502, -23.62162],
							"size": [0.4, 0.25, 0.35],
							"uv": {
								"north": {"uv": [79, 48], "uv_size": [0.5, 0.5]},
								"east": {"uv": [49, 79], "uv_size": [0.5, 0.5]},
								"south": {"uv": [79, 49], "uv_size": [0.5, 0.5]},
								"west": {"uv": [50, 79], "uv_size": [0.5, 0.5]},
								"up": {"uv": [79, 50], "uv_size": [0.5, 0.5]},
								"down": {"uv": [51, 79.5], "uv_size": [0.5, -0.5]}
							}
						},
						{
							"origin": [-0.8975, 22.70502, -23.62162],
							"size": [0.3, 0.55, 0.5],
							"uv": {
								"north": {"uv": [79, 44], "uv_size": [0.5, 0.5]},
								"east": {"uv": [45, 79], "uv_size": [0.5, 0.5]},
								"south": {"uv": [79, 45], "uv_size": [0.5, 0.5]},
								"west": {"uv": [46, 79], "uv_size": [0.5, 0.5]},
								"up": {"uv": [79, 46], "uv_size": [0.5, 0.5]},
								"down": {"uv": [47, 79.5], "uv_size": [0.5, -0.5]}
							}
						},
						{
							"origin": [0.6025, 22.70502, -23.62162],
							"size": [0.3, 0.55, 0.5],
							"uv": {
								"north": {"uv": [79, 61], "uv_size": [0.5, 0.5]},
								"east": {"uv": [62, 79], "uv_size": [0.5, 0.5]},
								"south": {"uv": [79, 62], "uv_size": [0.5, 0.5]},
								"west": {"uv": [63, 79], "uv_size": [0.5, 0.5]},
								"up": {"uv": [79, 63], "uv_size": [0.5, 0.5]},
								"down": {"uv": [64, 79.5], "uv_size": [0.5, -0.5]}
							}
						},
						{
							"origin": [0.6525, 22.60502, -23.12162],
							"size": [0.15, 0.55, 3],
							"uv": {
								"north": {"uv": [79, 55], "uv_size": [0.5, 0.5]},
								"east": {"uv": [74, 31], "uv_size": [3, 0.5]},
								"south": {"uv": [56, 79], "uv_size": [0.5, 0.5]},
								"west": {"uv": [74, 32], "uv_size": [3, 0.5]},
								"up": {"uv": [32, 74], "uv_size": [0.5, 3]},
								"down": {"uv": [74, 36], "uv_size": [0.5, -3]}
							}
						},
						{
							"origin": [-0.7975, 22.60502, -23.12162],
							"size": [0.15, 0.55, 3],
							"uv": {
								"north": {"uv": [79, 56], "uv_size": [0.5, 0.5]},
								"east": {"uv": [74, 36], "uv_size": [3, 0.5]},
								"south": {"uv": [57, 79], "uv_size": [0.5, 0.5]},
								"west": {"uv": [74, 37], "uv_size": [3, 0.5]},
								"up": {"uv": [74, 38], "uv_size": [0.5, 3]},
								"down": {"uv": [41, 77], "uv_size": [0.5, -3]}
							}
						},
						{
							"origin": [-0.7975, 22.45726, -20.18267],
							"size": [0.15, 0.55, 2.5],
							"pivot": [0.1025, 22.73226, -19.30767],
							"rotation": [-10, 0, 0],
							"uv": {
								"north": {"uv": [79, 58], "uv_size": [0.5, 0.5]},
								"east": {"uv": [75, 34], "uv_size": [2.5, 0.5]},
								"south": {"uv": [59, 79], "uv_size": [0.5, 0.5]},
								"west": {"uv": [75, 35], "uv_size": [2.5, 0.5]},
								"up": {"uv": [24, 75], "uv_size": [0.5, 2.5]},
								"down": {"uv": [25, 77.5], "uv_size": [0.5, -2.5]}
							}
						},
						{
							"origin": [0.6525, 22.45726, -20.18267],
							"size": [0.15, 0.55, 2.5],
							"pivot": [-0.0975, 22.73226, -19.30767],
							"rotation": [-10, 0, 0],
							"uv": {
								"north": {"uv": [79, 57], "uv_size": [0.5, 0.5]},
								"east": {"uv": [75, 30], "uv_size": [2.5, 0.5]},
								"south": {"uv": [58, 79], "uv_size": [0.5, 0.5]},
								"west": {"uv": [75, 33], "uv_size": [2.5, 0.5]},
								"up": {"uv": [13, 75], "uv_size": [0.5, 2.5]},
								"down": {"uv": [19, 77.5], "uv_size": [0.5, -2.5]}
							}
						},
						{
							"origin": [-1.625, 18.55, -16.05],
							"size": [3.25, 1.9, 12.25],
							"uv": {
								"north": {"uv": [63, 48], "uv_size": [3.5, 2]},
								"east": {"uv": [43, 35], "uv_size": [12.5, 2]},
								"south": {"uv": [49, 63], "uv_size": [3.5, 2]},
								"west": {"uv": [43, 37], "uv_size": [12.5, 2]},
								"up": {"uv": [24, 32], "uv_size": [3.5, 12.5]},
								"down": {"uv": [28, 44.5], "uv_size": [3.5, -12.5]}
							}
						},
						{
							"origin": [-1.625, 17.99, -38.65658],
							"size": [3.25, 1.25, 34.4],
							"pivot": [0, 18.74, -15.50658],
							"rotation": [-2.5, 0, 0],
							"uv": {
								"north": {"uv": [12, 67], "uv_size": [3.5, 1.5]},
								"east": {"uv": [24, 12], "uv_size": [34.5, 1.5]},
								"south": {"uv": [67, 13], "uv_size": [3.5, 1.5]},
								"west": {"uv": [24, 14], "uv_size": [34.5, 1.5]},
								"up": {"uv": [0, 4], "uv_size": [3.5, 34.5]},
								"down": {"uv": [4, 34.5], "uv_size": [3.5, -34.5]}
							}
						},
						{
							"origin": [-1.625, 20.45, -16.05],
							"size": [3.25, 1, 6.75],
							"uv": {
								"north": {"uv": [70, 3], "uv_size": [3.5, 1]},
								"east": {"uv": [63, 17], "uv_size": [7, 1]},
								"south": {"uv": [70, 17], "uv_size": [3.5, 1]},
								"west": {"uv": [63, 24], "uv_size": [7, 1]},
								"up": {"uv": [28, 45], "uv_size": [3.5, 7]},
								"down": {"uv": [46, 30], "uv_size": [3.5, -7]}
							}
						},
						{
							"origin": [0.625, 20.45, -5.15],
							"size": [1, 0.55, 3.35],
							"uv": {
								"north": {"uv": [78, 57], "uv_size": [1, 0.5]},
								"east": {"uv": [73, 67], "uv_size": [3.5, 0.5]},
								"south": {"uv": [58, 78], "uv_size": [1, 0.5]},
								"west": {"uv": [73, 72], "uv_size": [3.5, 0.5]},
								"up": {"uv": [58, 70], "uv_size": [1, 3.5]},
								"down": {"uv": [59, 73.5], "uv_size": [1, -3.5]}
							}
						},
						{
							"origin": [-1.625, 20.45, -2.65],
							"size": [1, 1, 1.5],
							"uv": {
								"north": {"uv": [61, 76], "uv_size": [1, 1]},
								"east": {"uv": [74, 23], "uv_size": [1.5, 1]},
								"south": {"uv": [62, 76], "uv_size": [1, 1]},
								"west": {"uv": [24, 74], "uv_size": [1.5, 1]},
								"up": {"uv": [26, 74], "uv_size": [1, 1.5]},
								"down": {"uv": [27, 75.5], "uv_size": [1, -1.5]}
							}
						},
						{
							"origin": [-1.625, 20.30048, -2.84199],
							"size": [1, 0.75, 1],
							"pivot": [-1.125, 20.55048, -2.59199],
							"rotation": [60, 0, 0],
							"uv": {
								"north": {"uv": [77, 12], "uv_size": [1, 1]},
								"east": {"uv": [77, 13], "uv_size": [1, 1]},
								"south": {"uv": [14, 77], "uv_size": [1, 1]},
								"west": {"uv": [77, 14], "uv_size": [1, 1]},
								"up": {"uv": [15, 77], "uv_size": [1, 1]},
								"down": {"uv": [77, 16], "uv_size": [1, -1]}
							}
						},
						{
							"origin": [-1.625, 20.73349, -1.70801],
							"size": [1, 0.75, 1],
							"pivot": [-1.125, 20.98349, -1.45801],
							"rotation": [-60, 0, 0],
							"uv": {
								"north": {"uv": [39, 77], "uv_size": [1, 1]},
								"east": {"uv": [77, 39], "uv_size": [1, 1]},
								"south": {"uv": [77, 40], "uv_size": [1, 1]},
								"west": {"uv": [41, 77], "uv_size": [1, 1]},
								"up": {"uv": [42, 77], "uv_size": [1, 1]},
								"down": {"uv": [77, 43], "uv_size": [1, -1]}
							}
						},
						{
							"origin": [-1.625, 20.73349, -9.85801],
							"size": [1, 0.75, 1],
							"pivot": [-1.125, 20.98349, -9.60801],
							"rotation": [-60, 0, 0],
							"uv": {
								"north": {"uv": [16, 77], "uv_size": [1, 1]},
								"east": {"uv": [77, 16], "uv_size": [1, 1]},
								"south": {"uv": [17, 77], "uv_size": [1, 1]},
								"west": {"uv": [77, 17], "uv_size": [1, 1]},
								"up": {"uv": [18, 77], "uv_size": [1, 1]},
								"down": {"uv": [77, 19], "uv_size": [1, -1]}
							}
						},
						{
							"origin": [0.625, 20.73349, -5.70801],
							"size": [1, 0.75, 1],
							"pivot": [1.125, 20.98349, -5.45801],
							"rotation": [-60, 0, 0],
							"uv": {
								"north": {"uv": [77, 19], "uv_size": [1, 1]},
								"east": {"uv": [20, 77], "uv_size": [1, 1]},
								"south": {"uv": [77, 20], "uv_size": [1, 1]},
								"west": {"uv": [77, 23], "uv_size": [1, 1]},
								"up": {"uv": [77, 24], "uv_size": [1, 1]},
								"down": {"uv": [29, 78], "uv_size": [1, -1]}
							}
						},
						{
							"origin": [-1.625, 20.45, -9.3],
							"size": [1, 0.6, 6.65],
							"uv": {
								"north": {"uv": [78, 55], "uv_size": [1, 0.5]},
								"east": {"uv": [70, 66], "uv_size": [6.5, 0.5]},
								"south": {"uv": [57, 78], "uv_size": [1, 0.5]},
								"west": {"uv": [71, 0], "uv_size": [6.5, 0.5]},
								"up": {"uv": [36, 62], "uv_size": [1, 6.5]},
								"down": {"uv": [41, 68.5], "uv_size": [1, -6.5]}
							}
						},
						{
							"origin": [0.625, 20.45, -9.3],
							"size": [1, 1, 4.15],
							"uv": {
								"north": {"uv": [76, 48], "uv_size": [1, 1]},
								"east": {"uv": [41, 69], "uv_size": [4, 1]},
								"south": {"uv": [76, 49], "uv_size": [1, 1]},
								"west": {"uv": [69, 47], "uv_size": [4, 1]},
								"up": {"uv": [38, 69], "uv_size": [1, 4]},
								"down": {"uv": [39, 73], "uv_size": [1, -4]}
							}
						},
						{
							"origin": [-1.625, 19.1, -40.3],
							"size": [3.25, 2.35, 8],
							"uv": {
								"north": {"uv": [33, 59], "uv_size": [3.5, 2.5]},
								"east": {"uv": [47, 39], "uv_size": [8, 2.5]},
								"south": {"uv": [38, 59], "uv_size": [3.5, 2.5]},
								"west": {"uv": [47, 42], "uv_size": [8, 2.5]},
								"up": {"uv": [39, 32], "uv_size": [3.5, 8]},
								"down": {"uv": [39, 48], "uv_size": [3.5, -8]}
							}
						},
						{
							"origin": [-1.625, 18.95, -32.3],
							"size": [3.25, 2.75, 8.5],
							"uv": {
								"north": {"uv": [56, 34], "uv_size": [3.5, 3]},
								"east": {"uv": [32, 23], "uv_size": [8.5, 3]},
								"south": {"uv": [38, 56], "uv_size": [3.5, 3]},
								"west": {"uv": [32, 26], "uv_size": [8.5, 3]},
								"up": {"uv": [20, 38], "uv_size": [3.5, 8.5]},
								"down": {"uv": [0, 47.5], "uv_size": [3.5, -8.5]}
							}
						},
						{
							"origin": [0.25788, 21.97298, -32.3],
							"size": [0.85, 0.75, 8.5],
							"pivot": [0.43288, 22.34798, -27.05],
							"rotation": [0, 0, 22.5],
							"uv": {
								"north": {"uv": [76, 3], "uv_size": [1, 1]},
								"east": {"uv": [56, 38], "uv_size": [8.5, 1]},
								"south": {"uv": [6, 76], "uv_size": [1, 1]},
								"west": {"uv": [60, 6], "uv_size": [8.5, 1]},
								"up": {"uv": [3, 59], "uv_size": [1, 8.5]},
								"down": {"uv": [9, 67.5], "uv_size": [1, -8.5]}
							}
						},
						{
							"origin": [-1.06981, 21.78164, -32.3],
							"size": [0.85, 0.75, 8.5],
							"pivot": [-0.89481, 22.15664, -27.05],
							"rotation": [0, 0, -22.5],
							"uv": {
								"north": {"uv": [76, 50], "uv_size": [1, 1]},
								"east": {"uv": [60, 31], "uv_size": [8.5, 1]},
								"south": {"uv": [76, 52], "uv_size": [1, 1]},
								"west": {"uv": [60, 32], "uv_size": [8.5, 1]},
								"up": {"uv": [44, 60], "uv_size": [1, 8.5]},
								"down": {"uv": [25, 69.5], "uv_size": [1, -8.5]}
							}
						},
						{
							"origin": [-0.4353, 22.0114, -32.3],
							"size": [0.85, 0.75, 8.5],
							"uv": {
								"north": {"uv": [58, 76], "uv_size": [1, 1]},
								"east": {"uv": [60, 33], "uv_size": [8.5, 1]},
								"south": {"uv": [76, 58], "uv_size": [1, 1]},
								"west": {"uv": [60, 34], "uv_size": [8.5, 1]},
								"up": {"uv": [26, 61], "uv_size": [1, 8.5]},
								"down": {"uv": [27, 69.5], "uv_size": [1, -8.5]}
							}
						},
						{
							"origin": [-0.4353, 21.7614, -40.3],
							"size": [0.85, 0.75, 8],
							"uv": {
								"north": {"uv": [59, 76], "uv_size": [1, 1]},
								"east": {"uv": [45, 62], "uv_size": [8, 1]},
								"south": {"uv": [60, 76], "uv_size": [1, 1]},
								"west": {"uv": [58, 62], "uv_size": [8, 1]},
								"up": {"uv": [8, 62], "uv_size": [1, 8]},
								"down": {"uv": [20, 70], "uv_size": [1, -8]}
							}
						},
						{
							"origin": [0.85425, 21.33726, -32.3],
							"size": [0.85, 0.75, 8.5],
							"pivot": [1.32925, 21.96226, -27.05],
							"rotation": [0, 0, 60],
							"uv": {
								"north": {"uv": [7, 76], "uv_size": [1, 1]},
								"east": {"uv": [60, 7], "uv_size": [8.5, 1]},
								"south": {"uv": [8, 76], "uv_size": [1, 1]},
								"west": {"uv": [60, 8], "uv_size": [8.5, 1]},
								"up": {"uv": [10, 59], "uv_size": [1, 8.5]},
								"down": {"uv": [11, 67.5], "uv_size": [1, -8.5]}
							}
						},
						{
							"origin": [-1.90425, 21.68367, -32.3],
							"size": [0.85, 0.75, 8.5],
							"pivot": [-1.12925, 22.30867, -27.05],
							"rotation": [0, 0, -60],
							"uv": {
								"north": {"uv": [9, 76], "uv_size": [1, 1]},
								"east": {"uv": [60, 9], "uv_size": [8.5, 1]},
								"south": {"uv": [10, 76], "uv_size": [1, 1]},
								"west": {"uv": [60, 10], "uv_size": [8.5, 1]},
								"up": {"uv": [42, 60], "uv_size": [1, 8.5]},
								"down": {"uv": [43, 68.5], "uv_size": [1, -8.5]}
							}
						},
						{
							"origin": [-1.90425, 21.43367, -40.3],
							"size": [0.85, 0.75, 8],
							"pivot": [-1.12925, 22.05867, -36.55],
							"rotation": [0, 0, -60],
							"uv": {
								"north": {"uv": [57, 76], "uv_size": [1, 1]},
								"east": {"uv": [61, 57], "uv_size": [8, 1]},
								"south": {"uv": [76, 57], "uv_size": [1, 1]},
								"west": {"uv": [61, 58], "uv_size": [8, 1]},
								"up": {"uv": [6, 62], "uv_size": [1, 8]},
								"down": {"uv": [7, 70], "uv_size": [1, -8]}
							}
						},
						{
							"origin": [-1.06981, 21.53164, -40.3],
							"size": [0.85, 0.75, 8],
							"pivot": [-0.89481, 21.90664, -36.55],
							"rotation": [0, 0, -22.5],
							"uv": {
								"north": {"uv": [56, 76], "uv_size": [1, 1]},
								"east": {"uv": [61, 55], "uv_size": [8, 1]},
								"south": {"uv": [76, 56], "uv_size": [1, 1]},
								"west": {"uv": [61, 56], "uv_size": [8, 1]},
								"up": {"uv": [57, 61], "uv_size": [1, 8]},
								"down": {"uv": [5, 70], "uv_size": [1, -8]}
							}
						},
						{
							"origin": [0.25788, 21.72298, -40.3],
							"size": [0.85, 0.75, 8],
							"pivot": [0.43288, 22.09798, -36.55],
							"rotation": [0, 0, 22.5],
							"uv": {
								"north": {"uv": [55, 76], "uv_size": [1, 1]},
								"east": {"uv": [61, 52], "uv_size": [8, 1]},
								"south": {"uv": [76, 55], "uv_size": [1, 1]},
								"west": {"uv": [61, 53], "uv_size": [8, 1]},
								"up": {"uv": [55, 61], "uv_size": [1, 8]},
								"down": {"uv": [56, 69], "uv_size": [1, -8]}
							}
						},
						{
							"origin": [0.85425, 21.08726, -40.3],
							"size": [0.85, 0.75, 8],
							"pivot": [1.32925, 21.71226, -36.55],
							"rotation": [0, 0, 60],
							"uv": {
								"north": {"uv": [76, 53], "uv_size": [1, 1]},
								"east": {"uv": [61, 50], "uv_size": [8, 1]},
								"south": {"uv": [54, 76], "uv_size": [1, 1]},
								"west": {"uv": [61, 51], "uv_size": [8, 1]},
								"up": {"uv": [28, 61], "uv_size": [1, 8]},
								"down": {"uv": [54, 69], "uv_size": [1, -8]}
							}
						},
						{
							"origin": [-0.89481, 21.38834, -23.8],
							"size": [0.85, 0.75, 10.75],
							"pivot": [-0.71981, 21.76334, -18.3],
							"rotation": [0, 0, -22.5],
							"uv": {
								"north": {"uv": [2, 77], "uv_size": [1, 1]},
								"east": {"uv": [43, 55], "uv_size": [11, 1]},
								"south": {"uv": [77, 2], "uv_size": [1, 1]},
								"west": {"uv": [55, 43], "uv_size": [11, 1]},
								"up": {"uv": [14, 54], "uv_size": [1, 11]},
								"down": {"uv": [24, 66], "uv_size": [1, -11]}
							}
						},
						{
							"origin": [-0.2603, 21.6181, -23.8],
							"size": [0.5, 0.75, 10.75],
							"uv": {
								"north": {"uv": [78, 61], "uv_size": [0.5, 1]},
								"east": {"uv": [55, 41], "uv_size": [11, 1]},
								"south": {"uv": [63, 78], "uv_size": [0.5, 1]},
								"west": {"uv": [55, 42], "uv_size": [11, 1]},
								"up": {"uv": [2, 63], "uv_size": [0.5, 11]},
								"down": {"uv": [35, 76], "uv_size": [0.5, -11]}
							}
						},
						{
							"origin": [0.08287, 21.57968, -23.8],
							"size": [0.85, 0.75, 10.75],
							"pivot": [0.25787, 21.95468, -18.3],
							"rotation": [0, 0, 22.5],
							"uv": {
								"north": {"uv": [76, 76], "uv_size": [1, 1]},
								"east": {"uv": [55, 39], "uv_size": [11, 1]},
								"south": {"uv": [0, 77], "uv_size": [1, 1]},
								"west": {"uv": [55, 40], "uv_size": [11, 1]},
								"up": {"uv": [12, 54], "uv_size": [1, 11]},
								"down": {"uv": [13, 65], "uv_size": [1, -11]}
							}
						},
						{
							"origin": [0.67925, 20.94396, -23.8],
							"size": [0.8, 0.75, 10.75],
							"pivot": [1.15425, 21.56896, -18.3],
							"rotation": [0, 0, 60],
							"uv": {
								"north": {"uv": [76, 74], "uv_size": [1, 1]},
								"east": {"uv": [54, 27], "uv_size": [11, 1]},
								"south": {"uv": [75, 76], "uv_size": [1, 1]},
								"west": {"uv": [53, 54], "uv_size": [11, 1]},
								"up": {"uv": [18, 53], "uv_size": [1, 11]},
								"down": {"uv": [19, 64], "uv_size": [1, -11]}
							}
						},
						{
							"origin": [-1.67925, 21.29037, -23.8],
							"size": [0.8, 0.75, 10.75],
							"pivot": [-0.95425, 21.91537, -18.3],
							"rotation": [0, 0, -60],
							"uv": {
								"north": {"uv": [76, 73], "uv_size": [1, 1]},
								"east": {"uv": [54, 25], "uv_size": [11, 1]},
								"south": {"uv": [74, 76], "uv_size": [1, 1]},
								"west": {"uv": [54, 26], "uv_size": [11, 1]},
								"up": {"uv": [16, 53], "uv_size": [1, 11]},
								"down": {"uv": [17, 64], "uv_size": [1, -11]}
							}
						},
						{
							"origin": [-1.425, 19.85, -51.55],
							"size": [2.85, 1.85, 11.25],
							"uv": {
								"north": {"uv": [21, 65], "uv_size": [3, 2]},
								"east": {"uv": [44, 0], "uv_size": [11.5, 2]},
								"south": {"uv": [65, 25], "uv_size": [3, 2]},
								"west": {"uv": [44, 2], "uv_size": [11.5, 2]},
								"up": {"uv": [32, 32], "uv_size": [3, 11.5]},
								"down": {"uv": [4, 46.5], "uv_size": [3, -11.5]}
							}
						},
						{
							"origin": [-1.525, 20.6, -47.6],
							"size": [3.05, 0.35, 7.3],
							"uv": {
								"north": {"uv": [74, 71], "uv_size": [3, 0.5]},
								"east": {"uv": [69, 59], "uv_size": [7.5, 0.5]},
								"south": {"uv": [4, 75], "uv_size": [3, 0.5]},
								"west": {"uv": [69, 60], "uv_size": [7.5, 0.5]},
								"up": {"uv": [43, 46], "uv_size": [3, 7.5]},
								"down": {"uv": [46, 53.5], "uv_size": [3, -7.5]}
							}
						},
						{
							"origin": [-0.675, 19.1, -51.55],
							"size": [1.35, 0.75, 11.25],
							"uv": {
								"north": {"uv": [74, 24], "uv_size": [1.5, 1]},
								"east": {"uv": [46, 30], "uv_size": [11.5, 1]},
								"south": {"uv": [30, 74], "uv_size": [1.5, 1]},
								"west": {"uv": [51, 11], "uv_size": [11.5, 1]},
								"up": {"uv": [20, 47], "uv_size": [1.5, 11.5]},
								"down": {"uv": [22, 58.5], "uv_size": [1.5, -11.5]}
							}
						},
						{
							"origin": [-1.00398, 19.11642, -51.55],
							"size": [1.05, 0.75, 11.25],
							"pivot": [-0.32898, 19.99142, -43.05],
							"rotation": [0, 0, 45],
							"uv": {
								"north": {"uv": [76, 68], "uv_size": [1, 1]},
								"east": {"uv": [54, 20], "uv_size": [11.5, 1]},
								"south": {"uv": [69, 76], "uv_size": [1, 1]},
								"west": {"uv": [54, 21], "uv_size": [11.5, 1]},
								"up": {"uv": [31, 52], "uv_size": [1, 11.5]},
								"down": {"uv": [37, 63.5], "uv_size": [1, -11.5]}
							}
						},
						{
							"origin": [-0.04602, 19.11642, -51.55],
							"size": [1.05, 0.75, 11.25],
							"pivot": [0.32898, 19.99142, -43.05],
							"rotation": [0, 0, -45],
							"uv": {
								"north": {"uv": [67, 76], "uv_size": [1, 1]},
								"east": {"uv": [54, 18], "uv_size": [11.5, 1]},
								"south": {"uv": [68, 76], "uv_size": [1, 1]},
								"west": {"uv": [54, 19], "uv_size": [11.5, 1]},
								"up": {"uv": [29, 52], "uv_size": [1, 11.5]},
								"down": {"uv": [30, 63.5], "uv_size": [1, -11.5]}
							}
						},
						{
							"origin": [-1.64142, 21.6068, -51.2],
							"size": [1.05, 0.75, 3.6],
							"pivot": [-0.91642, 22.2318, -54.15],
							"rotation": [0, 0, -45],
							"uv": {
								"north": {"uv": [20, 76], "uv_size": [1, 1]},
								"east": {"uv": [70, 42], "uv_size": [3.5, 1]},
								"south": {"uv": [76, 20], "uv_size": [1, 1]},
								"west": {"uv": [70, 43], "uv_size": [3.5, 1]},
								"up": {"uv": [45, 70], "uv_size": [1, 3.5]},
								"down": {"uv": [46, 73.5], "uv_size": [1, -3.5]}
							}
						},
						{
							"origin": [-1.4136, 19.31893, -51.2],
							"size": [1.05, 0.75, 3.6],
							"pivot": [-0.8886, 19.69393, -50.65],
							"rotation": [0, 0, -135],
							"uv": {
								"north": {"uv": [76, 17], "uv_size": [1, 1]},
								"east": {"uv": [41, 70], "uv_size": [3.5, 1]},
								"south": {"uv": [18, 76], "uv_size": [1, 1]},
								"west": {"uv": [70, 41], "uv_size": [3.5, 1]},
								"up": {"uv": [26, 70], "uv_size": [1, 3.5]},
								"down": {"uv": [27, 73.5], "uv_size": [1, -3.5]}
							}
						},
						{
							"origin": [-0.775, 19.05, -51.2],
							"size": [1.55, 0.75, 3.6],
							"uv": {
								"north": {"uv": [74, 3], "uv_size": [1.5, 1]},
								"east": {"uv": [70, 39], "uv_size": [3.5, 1]},
								"south": {"uv": [12, 74], "uv_size": [1.5, 1]},
								"west": {"uv": [70, 40], "uv_size": [3.5, 1]},
								"up": {"uv": [21, 67], "uv_size": [1.5, 3.5]},
								"down": {"uv": [23, 70.5], "uv_size": [1.5, -3.5]}
							}
						},
						{
							"origin": [0.3636, 19.31893, -51.2],
							"size": [1.05, 0.75, 3.6],
							"pivot": [0.8886, 19.69393, -50.65],
							"rotation": [0, 0, 135],
							"uv": {
								"north": {"uv": [16, 76], "uv_size": [1, 1]},
								"east": {"uv": [70, 37], "uv_size": [3.5, 1]},
								"south": {"uv": [17, 76], "uv_size": [1, 1]},
								"west": {"uv": [70, 38], "uv_size": [3.5, 1]},
								"up": {"uv": [20, 70], "uv_size": [1, 3.5]},
								"down": {"uv": [25, 73.5], "uv_size": [1, -3.5]}
							}
						},
						{
							"origin": [0.47426, 21.32396, -51.2],
							"size": [1.05, 0.75, 3.6],
							"pivot": [1.19926, 21.94896, -54.15],
							"rotation": [0, 0, 45],
							"uv": {
								"north": {"uv": [11, 76], "uv_size": [1, 1]},
								"east": {"uv": [70, 33], "uv_size": [3.5, 1]},
								"south": {"uv": [12, 76], "uv_size": [1, 1]},
								"west": {"uv": [70, 34], "uv_size": [3.5, 1]},
								"up": {"uv": [49, 69], "uv_size": [1, 3.5]},
								"down": {"uv": [57, 72.5], "uv_size": [1, -3.5]}
							}
						},
						{
							"origin": [-0.775, 21.8, -51.2],
							"size": [1.55, 0.75, 3.6],
							"uv": {
								"north": {"uv": [74, 1], "uv_size": [1.5, 1]},
								"east": {"uv": [70, 31], "uv_size": [3.5, 1]},
								"south": {"uv": [74, 2], "uv_size": [1.5, 1]},
								"west": {"uv": [70, 32], "uv_size": [3.5, 1]},
								"up": {"uv": [16, 66], "uv_size": [1.5, 3.5]},
								"down": {"uv": [29, 69.5], "uv_size": [1.5, -3.5]}
							}
						},
						{
							"origin": [-1.525, 19.8, -51.2],
							"size": [3.05, 2, 3.6],
							"uv": {
								"north": {"uv": [29, 64], "uv_size": [3, 2]},
								"east": {"uv": [58, 63], "uv_size": [3.5, 2]},
								"south": {"uv": [12, 65], "uv_size": [3, 2]},
								"west": {"uv": [62, 63], "uv_size": [3.5, 2]},
								"up": {"uv": [42, 56], "uv_size": [3, 3.5]},
								"down": {"uv": [56, 47.5], "uv_size": [3, -3.5]}
							}
						},
						{
							"origin": [0.79423, 18.98076, -39.9],
							"size": [0.9, 2.8, 1.25],
							"uv": {
								"north": {"uv": [24, 71], "uv_size": [1, 3]},
								"east": {"uv": [67, 47], "uv_size": [1.5, 3]},
								"south": {"uv": [71, 27], "uv_size": [1, 3]},
								"west": {"uv": [50, 67], "uv_size": [1.5, 3]},
								"up": {"uv": [42, 74], "uv_size": [1, 1.5]},
								"down": {"uv": [46, 75.5], "uv_size": [1, -1.5]}
							}
						},
						{
							"origin": [-1.69424, 18.98076, -39.9],
							"size": [0.9, 2.8, 1.25],
							"uv": {
								"north": {"uv": [29, 71], "uv_size": [1, 3]},
								"east": {"uv": [52, 67], "uv_size": [1.5, 3]},
								"south": {"uv": [30, 71], "uv_size": [1, 3]},
								"west": {"uv": [58, 67], "uv_size": [1.5, 3]},
								"up": {"uv": [60, 74], "uv_size": [1, 1.5]},
								"down": {"uv": [61, 75.5], "uv_size": [1, -1.5]}
							}
						},
						{
							"origin": [-0.775, 21.95, -39.9],
							"size": [1.55, 0.75, 1.25],
							"uv": {
								"north": {"uv": [74, 55], "uv_size": [1.5, 1]},
								"east": {"uv": [74, 56], "uv_size": [1.5, 1]},
								"south": {"uv": [74, 57], "uv_size": [1.5, 1]},
								"west": {"uv": [58, 74], "uv_size": [1.5, 1]},
								"up": {"uv": [66, 72], "uv_size": [1.5, 1.5]},
								"down": {"uv": [68, 73.5], "uv_size": [1.5, -1.5]}
							}
						},
						{
							"origin": [0.47426, 21.47396, -39.9],
							"size": [1.3, 0.75, 1.25],
							"pivot": [1.19926, 22.09896, -43.85],
							"rotation": [0, 0, 45],
							"uv": {
								"north": {"uv": [74, 50], "uv_size": [1.5, 1]},
								"east": {"uv": [74, 52], "uv_size": [1.5, 1]},
								"south": {"uv": [74, 53], "uv_size": [1.5, 1]},
								"west": {"uv": [54, 74], "uv_size": [1.5, 1]},
								"up": {"uv": [62, 72], "uv_size": [1.5, 1.5]},
								"down": {"uv": [64, 73.5], "uv_size": [1.5, -1.5]}
							}
						},
						{
							"origin": [-0.80577, 18.98076, -39.9],
							"size": [1.6, 0.75, 1.25],
							"uv": {
								"north": {"uv": [74, 47], "uv_size": [1.5, 1]},
								"east": {"uv": [48, 74], "uv_size": [1.5, 1]},
								"south": {"uv": [74, 48], "uv_size": [1.5, 1]},
								"west": {"uv": [74, 49], "uv_size": [1.5, 1]},
								"up": {"uv": [72, 57], "uv_size": [1.5, 1.5]},
								"down": {"uv": [60, 73.5], "uv_size": [1.5, -1.5]}
							}
						},
						{
							"origin": [-1.89142, 21.7568, -39.9],
							"size": [1.3, 0.75, 1.25],
							"pivot": [-0.91642, 22.3818, -43.85],
							"rotation": [0, 0, -45],
							"uv": {
								"north": {"uv": [74, 41], "uv_size": [1.5, 1]},
								"east": {"uv": [74, 42], "uv_size": [1.5, 1]},
								"south": {"uv": [74, 43], "uv_size": [1.5, 1]},
								"west": {"uv": [44, 74], "uv_size": [1.5, 1]},
								"up": {"uv": [54, 72], "uv_size": [1.5, 1.5]},
								"down": {"uv": [72, 56.5], "uv_size": [1.5, -1.5]}
							}
						},
						{
							"origin": [-1.625, 18.95, -23.8],
							"size": [3.25, 1.25, 8.75],
							"uv": {
								"north": {"uv": [67, 4], "uv_size": [3.5, 1.5]},
								"east": {"uv": [50, 28], "uv_size": [9, 1.5]},
								"south": {"uv": [67, 11], "uv_size": [3.5, 1.5]},
								"west": {"uv": [51, 6], "uv_size": [9, 1.5]},
								"up": {"uv": [35, 32], "uv_size": [3.5, 9]},
								"down": {"uv": [16, 47], "uv_size": [3.5, -9]}
							}
						},
						{
							"origin": [-1.625, 20.2, -23.8],
							"size": [3.25, 1.25, 7.75],
							"uv": {
								"north": {"uv": [66, 65], "uv_size": [3.5, 1.5]},
								"east": {"uv": [53, 50], "uv_size": [8, 1.5]},
								"south": {"uv": [67, 0], "uv_size": [3.5, 1.5]},
								"west": {"uv": [53, 52], "uv_size": [8, 1.5]},
								"up": {"uv": [35, 41], "uv_size": [3.5, 8]},
								"down": {"uv": [42, 31], "uv_size": [3.5, -8]}
							}
						},
						{
							"origin": [-1.1625, 16.00405, 1.74],
							"size": [2.28, 1.675, 0.7125],
							"uv": {
								"north": {"uv": [69, 52], "uv_size": [2.5, 1.5]},
								"east": {"uv": [43, 77], "uv_size": [0.5, 1.5]},
								"south": {"uv": [54, 69], "uv_size": [2.5, 1.5]},
								"west": {"uv": [77, 43], "uv_size": [0.5, 1.5]},
								"up": {"uv": [75, 4], "uv_size": [2.5, 0.5]},
								"down": {"uv": [75, 5.5], "uv_size": [2.5, -0.5]}
							}
						},
						{
							"origin": [-1.1625, 15.83775, -2.99034],
							"size": [2.28, 1.925, 0.7125],
							"uv": {
								"north": {"uv": [37, 67], "uv_size": [2.5, 2]},
								"east": {"uv": [34, 75], "uv_size": [0.5, 2]},
								"south": {"uv": [67, 43], "uv_size": [2.5, 2]},
								"west": {"uv": [36, 75], "uv_size": [0.5, 2]},
								"up": {"uv": [75, 10], "uv_size": [2.5, 0.5]},
								"down": {"uv": [75, 11.5], "uv_size": [2.5, -0.5]}
							}
						},
						{
							"origin": [-1.1625, 16.19768, -2.0624],
							"size": [2.28, 0.675, 0.7125],
							"pivot": [2.8275, 14.02268, 0.0751],
							"rotation": [22.5, 0, 0],
							"uv": {
								"north": {"uv": [16, 75], "uv_size": [2.5, 0.5]},
								"east": {"uv": [28, 79], "uv_size": [0.5, 0.5]},
								"south": {"uv": [75, 21], "uv_size": [2.5, 0.5]},
								"west": {"uv": [29, 79], "uv_size": [0.5, 0.5]},
								"up": {"uv": [75, 22], "uv_size": [2.5, 0.5]},
								"down": {"uv": [75, 25.5], "uv_size": [2.5, -0.5]}
							}
						},
						{
							"origin": [-1.1625, 14.82067, 0.54088],
							"size": [2.28, 0.855, 0.7125],
							"pivot": [2.8275, 12.82567, 2.67838],
							"rotation": [-22.5, 0, 0],
							"uv": {
								"north": {"uv": [54, 71], "uv_size": [2.5, 1]},
								"east": {"uv": [78, 29], "uv_size": [0.5, 1]},
								"south": {"uv": [71, 69], "uv_size": [2.5, 1]},
								"west": {"uv": [78, 30], "uv_size": [0.5, 1]},
								"up": {"uv": [75, 6], "uv_size": [2.5, 0.5]},
								"down": {"uv": [7, 75.5], "uv_size": [2.5, -0.5]}
							}
						},
						{
							"origin": [-0.6625, 16.25405, 0.315],
							"size": [1.28, 1.425, 0.7125],
							"uv": {
								"north": {"uv": [72, 28], "uv_size": [1.5, 1.5]},
								"east": {"uv": [44, 77], "uv_size": [0.5, 1.5]},
								"south": {"uv": [72, 35], "uv_size": [1.5, 1.5]},
								"west": {"uv": [77, 45], "uv_size": [0.5, 1.5]},
								"up": {"uv": [47, 77], "uv_size": [1.5, 0.5]},
								"down": {"uv": [77, 48.5], "uv_size": [1.5, -0.5]}
							}
						},
						{
							"origin": [-0.6625, 15.07067, -0.88412],
							"size": [1.28, 0.855, 0.7125],
							"pivot": [2.8275, 13.07567, 1.25338],
							"rotation": [-22.5, 0, 0],
							"uv": {
								"north": {"uv": [48, 73], "uv_size": [1.5, 1]},
								"east": {"uv": [31, 78], "uv_size": [0.5, 1]},
								"south": {"uv": [73, 73], "uv_size": [1.5, 1]},
								"west": {"uv": [33, 78], "uv_size": [0.5, 1]},
								"up": {"uv": [49, 77], "uv_size": [1.5, 0.5]},
								"down": {"uv": [77, 49.5], "uv_size": [1.5, -0.5]}
							}
						},
						{
							"origin": [-1.1625, 15.02342, 1.16652],
							"size": [2.28, 0.7125, 0.855],
							"pivot": [-0.0225, 15.37967, 1.59402],
							"rotation": [22.5, 0, 0],
							"uv": {
								"north": {"uv": [75, 7], "uv_size": [2.5, 0.5]},
								"east": {"uv": [78, 33], "uv_size": [1, 0.5]},
								"south": {"uv": [75, 8], "uv_size": [2.5, 0.5]},
								"west": {"uv": [78, 34], "uv_size": [1, 0.5]},
								"up": {"uv": [71, 70], "uv_size": [2.5, 1]},
								"down": {"uv": [71, 72], "uv_size": [2.5, -1]}
							}
						},
						{
							"origin": [-1.1625, 15.02342, -2.62824],
							"size": [2.28, 0.7125, 0.855],
							"pivot": [-0.0225, 15.37967, -2.20074],
							"rotation": [-22.5, 0, 0],
							"uv": {
								"north": {"uv": [75, 26], "uv_size": [2.5, 0.5]},
								"east": {"uv": [35, 78], "uv_size": [1, 0.5]},
								"south": {"uv": [75, 27], "uv_size": [2.5, 0.5]},
								"west": {"uv": [78, 35], "uv_size": [1, 0.5]},
								"up": {"uv": [9, 72], "uv_size": [2.5, 1]},
								"down": {"uv": [72, 26], "uv_size": [2.5, -1]}
							}
						},
						{
							"origin": [-1.1625, 14.88694, -1.94211],
							"size": [2.28, 0.67, 3.2775],
							"uv": {
								"north": {"uv": [75, 9], "uv_size": [2.5, 0.5]},
								"east": {"uv": [73, 51], "uv_size": [3.5, 0.5]},
								"south": {"uv": [10, 75], "uv_size": [2.5, 0.5]},
								"west": {"uv": [73, 54], "uv_size": [3.5, 0.5]},
								"up": {"uv": [58, 55], "uv_size": [2.5, 3.5]},
								"down": {"uv": [0, 62.5], "uv_size": [2.5, -3.5]}
							}
						},
						{
							"origin": [-1.625, 17.81979, 5.16955],
							"size": [3.25, 4.6625, 1.425],
							"pivot": [2.8275, 19.24479, 12.29455],
							"rotation": [45, 0, 0],
							"uv": {
								"north": {"uv": [50, 18], "uv_size": [3.5, 4.5]},
								"east": {"uv": [33, 44], "uv_size": [1.5, 4.5]},
								"south": {"uv": [50, 23], "uv_size": [3.5, 4.5]},
								"west": {"uv": [0, 63], "uv_size": [1.5, 4.5]},
								"up": {"uv": [65, 59], "uv_size": [3.5, 1.5]},
								"down": {"uv": [62, 66.5], "uv_size": [3.5, -1.5]}
							}
						},
						{
							"origin": [-1.625, 15.85035, 4.88449],
							"size": [3.25, 1.425, 3.3125],
							"pivot": [2.8275, 22.97535, 7.65949],
							"rotation": [-22.5, 0, 0],
							"uv": {
								"north": {"uv": [66, 2], "uv_size": [3.5, 1.5]},
								"east": {"uv": [66, 18], "uv_size": [3.5, 1.5]},
								"south": {"uv": [66, 20], "uv_size": [3.5, 1.5]},
								"west": {"uv": [66, 37], "uv_size": [3.5, 1.5]},
								"up": {"uv": [8, 52], "uv_size": [3.5, 3.5]},
								"down": {"uv": [33, 55.5], "uv_size": [3.5, -3.5]}
							}
						},
						{
							"origin": [-1.6225, 14.68988, 15.63917],
							"size": [3.25, 2.3, 17.9],
							"uv": {
								"north": {"uv": [58, 59], "uv_size": [3.5, 2.5]},
								"east": {"uv": [24, 29], "uv_size": [18, 2.5]},
								"south": {"uv": [60, 0], "uv_size": [3.5, 2.5]},
								"west": {"uv": [32, 16], "uv_size": [18, 2.5]},
								"up": {"uv": [16, 20], "uv_size": [3.5, 18]},
								"down": {"uv": [20, 38], "uv_size": [3.5, -18]}
							}
						},
						{
							"origin": [-1.6225, 14.56654, 12.96788],
							"size": [3.25, 2.8, 20.15],
							"pivot": [0.0025, 15.96654, 28.41788],
							"rotation": [-5, 0, 0],
							"uv": {
								"north": {"uv": [45, 56], "uv_size": [3.5, 3]},
								"east": {"uv": [24, 0], "uv_size": [20, 3]},
								"south": {"uv": [49, 56], "uv_size": [3.5, 3]},
								"west": {"uv": [24, 3], "uv_size": [20, 3]},
								"up": {"uv": [16, 0], "uv_size": [3.5, 20]},
								"down": {"uv": [20, 20], "uv_size": [3.5, -20]}
							}
						},
						{
							"origin": [-1.6225, 12.68988, 15.83917],
							"size": [3.25, 2, 17.7],
							"uv": {
								"north": {"uv": [63, 11], "uv_size": [3.5, 2]},
								"east": {"uv": [32, 19], "uv_size": [17.5, 2]},
								"south": {"uv": [63, 13], "uv_size": [3.5, 2]},
								"west": {"uv": [32, 21], "uv_size": [17.5, 2]},
								"up": {"uv": [8, 23], "uv_size": [3.5, 17.5]},
								"down": {"uv": [12, 40.5], "uv_size": [3.5, -17.5]}
							}
						},
						{
							"origin": [-1.6225, 10.68988, 20.58917],
							"size": [3.25, 2, 12.95],
							"uv": {
								"north": {"uv": [63, 15], "uv_size": [3.5, 2]},
								"east": {"uv": [43, 31], "uv_size": [13, 2]},
								"south": {"uv": [63, 22], "uv_size": [3.5, 2]},
								"west": {"uv": [43, 33], "uv_size": [13, 2]},
								"up": {"uv": [24, 16], "uv_size": [3.5, 13]},
								"down": {"uv": [28, 29], "uv_size": [3.5, -13]}
							}
						},
						{
							"origin": [-1.6225, 8.68988, 25.33917],
							"size": [3.25, 2, 8.2],
							"uv": {
								"north": {"uv": [63, 28], "uv_size": [3.5, 2]},
								"east": {"uv": [49, 48], "uv_size": [8, 2]},
								"south": {"uv": [63, 44], "uv_size": [3.5, 2]},
								"west": {"uv": [50, 16], "uv_size": [8, 2]},
								"up": {"uv": [7, 41], "uv_size": [3.5, 8]},
								"down": {"uv": [11, 49], "uv_size": [3.5, -8]}
							}
						},
						{
							"origin": [-1.6225, 6.68988, 30.33917],
							"size": [3.25, 2, 3.2],
							"uv": {
								"north": {"uv": [45, 63], "uv_size": [3.5, 2]},
								"east": {"uv": [64, 0], "uv_size": [3, 2]},
								"south": {"uv": [63, 46], "uv_size": [3.5, 2]},
								"west": {"uv": [15, 64], "uv_size": [3, 2]},
								"up": {"uv": [56, 31], "uv_size": [3.5, 3]},
								"down": {"uv": [33, 59], "uv_size": [3.5, -3]}
							}
						},
						{
							"origin": [-1.6225, 5.68988, 31.08917],
							"size": [3.25, 1, 2.45],
							"uv": {
								"north": {"uv": [69, 67], "uv_size": [3.5, 1]},
								"east": {"uv": [72, 26], "uv_size": [2.5, 1]},
								"south": {"uv": [70, 2], "uv_size": [3.5, 1]},
								"west": {"uv": [72, 27], "uv_size": [2.5, 1]},
								"up": {"uv": [59, 47], "uv_size": [3.5, 2.5]},
								"down": {"uv": [49, 61.5], "uv_size": [3.5, -2.5]}
							}
						},
						{
							"origin": [-1.6225, 16.24798, 10.9339],
							"size": [3.25, 1.425, 2.9875],
							"pivot": [1.8325, 16.24802, 10.93391],
							"rotation": [22.5, 0, 0],
							"uv": {
								"north": {"uv": [66, 61], "uv_size": [3.5, 1.5]},
								"east": {"uv": [67, 45], "uv_size": [3, 1.5]},
								"south": {"uv": [66, 63], "uv_size": [3.5, 1.5]},
								"west": {"uv": [47, 67], "uv_size": [3, 1.5]},
								"up": {"uv": [8, 56], "uv_size": [3.5, 3]},
								"down": {"uv": [56, 11], "uv_size": [3.5, -3]}
							}
						},
						{
							"origin": [-1.6225, 14.68988, 9.63917],
							"size": [3.25, 3.2, 6],
							"uv": {
								"north": {"uv": [0, 56], "uv_size": [3.5, 3]},
								"east": {"uv": [0, 48], "uv_size": [6, 3]},
								"south": {"uv": [56, 0], "uv_size": [3.5, 3]},
								"west": {"uv": [6, 49], "uv_size": [6, 3]},
								"up": {"uv": [47, 6], "uv_size": [3.5, 6]},
								"down": {"uv": [16, 53], "uv_size": [3.5, -6]}
							}
						},
						{
							"origin": [-1.625, 14.54509, 7.77543],
							"size": [3.25, 1.425, 2.5975],
							"pivot": [-0.0225, 15.25759, 11.83668],
							"rotation": [20, 0, 0],
							"uv": {
								"north": {"uv": [66, 39], "uv_size": [3.5, 1.5]},
								"east": {"uv": [69, 55], "uv_size": [2.5, 1.5]},
								"south": {"uv": [66, 41], "uv_size": [3.5, 1.5]},
								"west": {"uv": [69, 57], "uv_size": [2.5, 1.5]},
								"up": {"uv": [5, 59], "uv_size": [3.5, 2.5]},
								"down": {"uv": [59, 14.5], "uv_size": [3.5, -2.5]}
							}
						},
						{
							"origin": [-1.625, 14.85988, 6.84167],
							"size": [3.25, 2.35, 4.56],
							"uv": {
								"north": {"uv": [59, 15], "uv_size": [3.5, 2.5]},
								"east": {"uv": [38, 53], "uv_size": [4.5, 2.5]},
								"south": {"uv": [20, 59], "uv_size": [3.5, 2.5]},
								"west": {"uv": [54, 22], "uv_size": [4.5, 2.5]},
								"up": {"uv": [49, 50], "uv_size": [3.5, 4.5]},
								"down": {"uv": [0, 55.5], "uv_size": [3.5, -4.5]}
							}
						},
						{
							"origin": [-1.625, 13.95475, 3.35266],
							"size": [3.25, 2.5625, 6.7625],
							"pivot": [-0.0225, 17.72975, 13.44016],
							"rotation": [-22.5, 0, 0],
							"uv": {
								"north": {"uv": [59, 22], "uv_size": [3.5, 2.5]},
								"east": {"uv": [33, 49], "uv_size": [7, 2.5]},
								"south": {"uv": [59, 28], "uv_size": [3.5, 2.5]},
								"west": {"uv": [49, 45], "uv_size": [7, 2.5]},
								"up": {"uv": [43, 39], "uv_size": [3.5, 7]},
								"down": {"uv": [24, 52], "uv_size": [3.5, -7]}
							}
						},
						{
							"origin": [-1.625, 18.38727, 1.73931],
							"size": [1, 2.5, 1.55],
							"pivot": [0, 19.63727, 2.28931],
							"rotation": [-20, 0, 0],
							"uv": {
								"north": {"uv": [18, 72], "uv_size": [1, 2.5]},
								"east": {"uv": [64, 69], "uv_size": [1.5, 2.5]},
								"south": {"uv": [19, 72], "uv_size": [1, 2.5]},
								"west": {"uv": [66, 69], "uv_size": [1.5, 2.5]},
								"up": {"uv": [68, 74], "uv_size": [1, 1.5]},
								"down": {"uv": [69, 75.5], "uv_size": [1, -1.5]}
							}
						},
						{
							"origin": [-0.625, 18.19753, 1.86958],
							"size": [1.25, 2.5, 1.5],
							"pivot": [0, 19.44753, 2.61958],
							"rotation": [-15, 0, 0],
							"uv": {
								"north": {"uv": [68, 69], "uv_size": [1.5, 2.5]},
								"east": {"uv": [5, 70], "uv_size": [1.5, 2.5]},
								"south": {"uv": [7, 70], "uv_size": [1.5, 2.5]},
								"west": {"uv": [16, 70], "uv_size": [1.5, 2.5]},
								"up": {"uv": [7, 73], "uv_size": [1.5, 1.5]},
								"down": {"uv": [73, 9.5], "uv_size": [1.5, -1.5]}
							}
						},
						{
							"origin": [0.625, 18.38727, 1.73931],
							"size": [1, 2.5, 1.55],
							"pivot": [0, 19.63727, 2.28931],
							"rotation": [-20, 0, 0],
							"uv": {
								"north": {"uv": [3, 72], "uv_size": [1, 2.5]},
								"east": {"uv": [60, 69], "uv_size": [1.5, 2.5]},
								"south": {"uv": [4, 72], "uv_size": [1, 2.5]},
								"west": {"uv": [62, 69], "uv_size": [1.5, 2.5]},
								"up": {"uv": [66, 74], "uv_size": [1, 1.5]},
								"down": {"uv": [67, 75.5], "uv_size": [1, -1.5]}
							}
						},
						{
							"origin": [-1.625, 9.69571, 10.86369],
							"size": [3.25, 2.5625, 22.5125],
							"pivot": [-0.0225, 13.47071, 21.95119],
							"rotation": [-22.5, 0, 0],
							"uv": {
								"north": {"uv": [59, 44], "uv_size": [3.5, 2.5]},
								"east": {"uv": [24, 6], "uv_size": [22.5, 2.5]},
								"south": {"uv": [45, 59], "uv_size": [3.5, 2.5]},
								"west": {"uv": [24, 9], "uv_size": [22.5, 2.5]},
								"up": {"uv": [8, 0], "uv_size": [3.5, 22.5]},
								"down": {"uv": [12, 22.5], "uv_size": [3.5, -22.5]}
							}
						},
						{
							"origin": [-0.775, 20.85, -62.3],
							"size": [1.5, 1.5, 2],
							"uv": {
								"north": {"uv": [41, 72], "uv_size": [1.5, 1.5]},
								"east": {"uv": [57, 48], "uv_size": [2, 1.5]},
								"south": {"uv": [72, 52], "uv_size": [1.5, 1.5]},
								"west": {"uv": [71, 4], "uv_size": [2, 1.5]},
								"up": {"uv": [71, 11], "uv_size": [1.5, 2]},
								"down": {"uv": [71, 15], "uv_size": [1.5, -2]}
							}
						},
						{
							"origin": [-0.4568, 23.8182, -62.3],
							"size": [0.85, 0.3, 2],
							"uv": {
								"north": {"uv": [78, 60], "uv_size": [1, 0.5]},
								"east": {"uv": [63, 76], "uv_size": [2, 0.5]},
								"south": {"uv": [61, 78], "uv_size": [1, 0.5]},
								"west": {"uv": [65, 76], "uv_size": [2, 0.5]},
								"up": {"uv": [33, 73], "uv_size": [1, 2]},
								"down": {"uv": [34, 75], "uv_size": [1, -2]}
							}
						},
						{
							"origin": [0.63462, 23.2682, -62.3],
							"size": [0.45, 0.3, 2],
							"pivot": [1.18462, 24.1182, -61.55],
							"rotation": [0, 0, 45],
							"uv": {
								"north": {"uv": [32, 80], "uv_size": [0.5, 0.5]},
								"east": {"uv": [77, 31], "uv_size": [2, 0.5]},
								"south": {"uv": [80, 32], "uv_size": [0.5, 0.5]},
								"west": {"uv": [77, 32], "uv_size": [2, 0.5]},
								"up": {"uv": [32, 77], "uv_size": [0.5, 2]},
								"down": {"uv": [34, 79], "uv_size": [0.5, -2]}
							}
						},
						{
							"origin": [-1.325, 23.72782, -62.3],
							"size": [0.45, 0.3, 2],
							"pivot": [-0.775, 24.57782, -61.55],
							"rotation": [0, 0, -45],
							"uv": {
								"north": {"uv": [33, 80], "uv_size": [0.5, 0.5]},
								"east": {"uv": [36, 77], "uv_size": [2, 0.5]},
								"south": {"uv": [80, 33], "uv_size": [0.5, 0.5]},
								"west": {"uv": [77, 36], "uv_size": [2, 0.5]},
								"up": {"uv": [77, 37], "uv_size": [0.5, 2]},
								"down": {"uv": [38, 79], "uv_size": [0.5, -2]}
							}
						},
						{
							"origin": [0.425, 22.35, -62.3],
							"size": [0.3, 1.45, 2],
							"uv": {
								"north": {"uv": [41, 78], "uv_size": [0.5, 1]},
								"east": {"uv": [47, 45], "uv_size": [2, 1]},
								"south": {"uv": [78, 41], "uv_size": [0.5, 1]},
								"west": {"uv": [38, 52], "uv_size": [2, 1]},
								"up": {"uv": [26, 76], "uv_size": [0.5, 2]},
								"down": {"uv": [27, 78], "uv_size": [0.5, -2]}
							}
						},
						{
							"origin": [-0.775, 22.35, -62.3],
							"size": [0.3, 1.45, 2],
							"uv": {
								"north": {"uv": [42, 78], "uv_size": [0.5, 1]},
								"east": {"uv": [47, 54], "uv_size": [2, 1]},
								"south": {"uv": [78, 42], "uv_size": [0.5, 1]},
								"west": {"uv": [64, 2], "uv_size": [2, 1]},
								"up": {"uv": [35, 76], "uv_size": [0.5, 2]},
								"down": {"uv": [40, 78], "uv_size": [0.5, -2]}
							}
						},
						{
							"origin": [-0.175, 22.35, -62.05],
							"size": [0.3, 0.95, 1.5],
							"uv": {
								"north": {"uv": [79, 51], "uv_size": [0.5, 0.5]},
								"east": {"uv": [77, 68], "uv_size": [1.5, 0.5]},
								"south": {"uv": [52, 79], "uv_size": [0.5, 0.5]},
								"west": {"uv": [70, 77], "uv_size": [1.5, 0.5]},
								"up": {"uv": [77, 71], "uv_size": [0.5, 1.5]},
								"down": {"uv": [72, 78.5], "uv_size": [0.5, -1.5]}
							}
						},
						{
							"origin": [-0.225, 19.75, -60.05],
							"size": [0.4, 0.4, 8.5],
							"uv": {
								"north": {"uv": [79, 26], "uv_size": [0.5, 0.5]},
								"east": {"uv": [64, 54], "uv_size": [8.5, 0.5]},
								"south": {"uv": [27, 79], "uv_size": [0.5, 0.5]},
								"west": {"uv": [60, 67], "uv_size": [8.5, 0.5]},
								"up": {"uv": [40, 67], "uv_size": [0.5, 8.5]},
								"down": {"uv": [0, 76.5], "uv_size": [0.5, -8.5]}
							}
						},
						{
							"origin": [-0.625, 21, -60.8],
							"size": [1.2, 1.2, 22.25],
							"uv": {
								"north": {"uv": [76, 23], "uv_size": [1, 1]},
								"east": {"uv": [44, 4], "uv_size": [22.5, 1]},
								"south": {"uv": [76, 24], "uv_size": [1, 1]},
								"west": {"uv": [44, 5], "uv_size": [22.5, 1]},
								"up": {"uv": [15, 41], "uv_size": [1, 22.5]},
								"down": {"uv": [32, 66.5], "uv_size": [1, -22.5]}
							}
						},
						{
							"origin": [-0.125, 20.05, -54.3],
							"size": [0.2, 0.95, 2.75],
							"uv": {
								"north": {"uv": [78, 58], "uv_size": [0.5, 1]},
								"east": {"uv": [4, 47], "uv_size": [3, 1]},
								"south": {"uv": [60, 78], "uv_size": [0.5, 1]},
								"west": {"uv": [71, 1], "uv_size": [3, 1]},
								"up": {"uv": [74, 28], "uv_size": [0.5, 3]},
								"down": {"uv": [29, 77], "uv_size": [0.5, -3]}
							}
						},
						{
							"origin": [-0.425, 21.2, -63.8],
							"size": [0.8, 0.8, 1.5],
							"pivot": [-0.025, 21.6, -63.8],
							"rotation": [0, 0, -45],
							"uv": {
								"north": {"uv": [76, 42], "uv_size": [1, 1]},
								"east": {"uv": [74, 17], "uv_size": [1.5, 1]},
								"south": {"uv": [76, 43], "uv_size": [1, 1]},
								"west": {"uv": [74, 20], "uv_size": [1.5, 1]},
								"up": {"uv": [20, 74], "uv_size": [1, 1.5]},
								"down": {"uv": [74, 22.5], "uv_size": [1, -1.5]}
							}
						},
						{
							"origin": [-0.325, 19.65, -61.8],
							"size": [0.6, 0.6, 2],
							"uv": {
								"north": {"uv": [79, 30], "uv_size": [0.5, 0.5]},
								"east": {"uv": [75, 38], "uv_size": [2, 0.5]},
								"south": {"uv": [31, 79], "uv_size": [0.5, 0.5]},
								"west": {"uv": [75, 39], "uv_size": [2, 0.5]},
								"up": {"uv": [37, 75], "uv_size": [0.5, 2]},
								"down": {"uv": [44, 77], "uv_size": [0.5, -2]}
							}
						},
						{
							"origin": [-1.725, 19.34999, -10.62162],
							"size": [3.45, 1, 1],
							"pivot": [0, 19.84999, -10.12162],
							"rotation": [17.5, 0, 0],
							"uv": {
								"north": {"uv": [70, 20], "uv_size": [3.5, 1]},
								"east": {"uv": [2, 76], "uv_size": [1, 1]},
								"south": {"uv": [70, 21], "uv_size": [3.5, 1]},
								"west": {"uv": [76, 2], "uv_size": [1, 1]},
								"up": {"uv": [70, 24], "uv_size": [3.5, 1]},
								"down": {"uv": [29, 71], "uv_size": [3.5, -1]}
							}
						},
						{
							"origin": [-1.725, 13.59999, 19.12838],
							"size": [3.45, 1.5, 1.5],
							"pivot": [0, 14.34999, 19.87838],
							"rotation": [45, 0, 0],
							"uv": {
								"north": {"uv": [67, 15], "uv_size": [3.5, 1.5]},
								"east": {"uv": [9, 73], "uv_size": [1.5, 1.5]},
								"south": {"uv": [67, 22], "uv_size": [3.5, 1.5]},
								"west": {"uv": [73, 10], "uv_size": [1.5, 1.5]},
								"up": {"uv": [67, 27], "uv_size": [3.5, 1.5]},
								"down": {"uv": [67, 30.5], "uv_size": [3.5, -1.5]}
							}
						},
						{
							"origin": [0.03839, 21.91664, -13.05],
							"size": [1, 0.5, 0.4],
							"pivot": [0.51339, 22.06664, -9.9],
							"rotation": [0, 0, 45],
							"uv": {
								"north": {"uv": [71, 78], "uv_size": [1, 0.5]},
								"east": {"uv": [79, 64], "uv_size": [0.5, 0.5]},
								"south": {"uv": [78, 71], "uv_size": [1, 0.5]},
								"west": {"uv": [65, 79], "uv_size": [0.5, 0.5]},
								"up": {"uv": [78, 72], "uv_size": [1, 0.5]},
								"down": {"uv": [73, 78.5], "uv_size": [1, -0.5]}
							}
						},
						{
							"origin": [-0.425, 22.2, -13.05],
							"size": [0.85, 0.45, 0.4],
							"uv": {
								"north": {"uv": [74, 78], "uv_size": [1, 0.5]},
								"east": {"uv": [79, 65], "uv_size": [0.5, 0.5]},
								"south": {"uv": [78, 74], "uv_size": [1, 0.5]},
								"west": {"uv": [66, 79], "uv_size": [0.5, 0.5]},
								"up": {"uv": [78, 75], "uv_size": [1, 0.5]},
								"down": {"uv": [76, 78.5], "uv_size": [1, -0.5]}
							}
						},
						{
							"origin": [0.625, 21.05, -13.05],
							"size": [0.5, 0.9, 0.4],
							"uv": {
								"north": {"uv": [77, 78], "uv_size": [0.5, 1]},
								"east": {"uv": [78, 77], "uv_size": [0.5, 1]},
								"south": {"uv": [78, 78], "uv_size": [0.5, 1]},
								"west": {"uv": [0, 79], "uv_size": [0.5, 1]},
								"up": {"uv": [79, 66], "uv_size": [0.5, 0.5]},
								"down": {"uv": [67, 79.5], "uv_size": [0.5, -0.5]}
							}
						},
						{
							"origin": [-1.02374, 21.88128, -13.05],
							"size": [1, 0.5, 0.4],
							"pivot": [-0.54874, 22.03128, -9.9],
							"rotation": [0, 0, -45],
							"uv": {
								"north": {"uv": [1, 79], "uv_size": [1, 0.5]},
								"east": {"uv": [79, 67], "uv_size": [0.5, 0.5]},
								"south": {"uv": [79, 1], "uv_size": [1, 0.5]},
								"west": {"uv": [68, 79], "uv_size": [0.5, 0.5]},
								"up": {"uv": [79, 2], "uv_size": [1, 0.5]},
								"down": {"uv": [79, 3.5], "uv_size": [1, -0.5]}
							}
						},
						{
							"origin": [-1.125, 21.05, -13.05],
							"size": [0.5, 0.9, 0.4],
							"uv": {
								"north": {"uv": [4, 79], "uv_size": [0.5, 1]},
								"east": {"uv": [79, 4], "uv_size": [0.5, 1]},
								"south": {"uv": [5, 79], "uv_size": [0.5, 1]},
								"west": {"uv": [6, 79], "uv_size": [0.5, 1]},
								"up": {"uv": [79, 68], "uv_size": [0.5, 0.5]},
								"down": {"uv": [69, 79.5], "uv_size": [0.5, -0.5]}
							}
						}
					]
				},
				{
					"name": "bolt",
					"parent": "main",
					"pivot": [0, 21.55, -8.85],
					"cubes": [
						{
							"origin": [-0.5, 21.05, -9.5],
							"size": [1, 1, 9.8575],
							"uv": {
								"north": {"uv": [7, 77], "uv_size": [1, 1]},
								"east": {"uv": [56, 3], "uv_size": [10, 1]},
								"south": {"uv": [8, 77], "uv_size": [1, 1]},
								"west": {"uv": [56, 37], "uv_size": [10, 1]},
								"up": {"uv": [53, 56], "uv_size": [1, 10]},
								"down": {"uv": [4, 68], "uv_size": [1, -10]}
							}
						},
						{
							"origin": [-0.4, 21.15, 2.6],
							"size": [0.8, 0.8, 1.3575],
							"uv": {
								"north": {"uv": [11, 77], "uv_size": [1, 1]},
								"east": {"uv": [74, 70], "uv_size": [1.5, 1]},
								"south": {"uv": [12, 77], "uv_size": [1, 1]},
								"west": {"uv": [71, 74], "uv_size": [1.5, 1]},
								"up": {"uv": [73, 74], "uv_size": [1, 1.5]},
								"down": {"uv": [74, 75.5], "uv_size": [1, -1.5]}
							}
						},
						{
							"origin": [-0.75, 21.25, -9.5],
							"size": [0.25, 0.6, 6.7575],
							"uv": {
								"north": {"uv": [79, 53], "uv_size": [0.5, 0.5]},
								"east": {"uv": [70, 46], "uv_size": [7, 0.5]},
								"south": {"uv": [54, 79], "uv_size": [0.5, 0.5]},
								"west": {"uv": [70, 61], "uv_size": [7, 0.5]},
								"up": {"uv": [52, 70], "uv_size": [0.5, 7]},
								"down": {"uv": [53, 77], "uv_size": [0.5, -7]}
							}
						},
						{
							"origin": [0.3, 21.25, 0.6],
							"size": [0.5, 0.6, 0.6],
							"uv": {
								"north": {"uv": [23, 80], "uv_size": [0.5, 0.5]},
								"east": {"uv": [80, 23], "uv_size": [0.5, 0.5]},
								"south": {"uv": [24, 80], "uv_size": [0.5, 0.5]},
								"west": {"uv": [80, 24], "uv_size": [0.5, 0.5]},
								"up": {"uv": [25, 80], "uv_size": [0.5, 0.5]},
								"down": {"uv": [80, 25.5], "uv_size": [0.5, -0.5]}
							}
						},
						{
							"origin": [-0.8, 21.25, 0.6],
							"size": [0.5, 0.6, 0.6],
							"uv": {
								"north": {"uv": [20, 80], "uv_size": [0.5, 0.5]},
								"east": {"uv": [80, 20], "uv_size": [0.5, 0.5]},
								"south": {"uv": [21, 80], "uv_size": [0.5, 0.5]},
								"west": {"uv": [80, 21], "uv_size": [0.5, 0.5]},
								"up": {"uv": [22, 80], "uv_size": [0.5, 0.5]},
								"down": {"uv": [80, 22.5], "uv_size": [0.5, -0.5]}
							}
						},
						{
							"origin": [-0.51464, 21.8318, 0.6],
							"size": [0.5, 0.7, 0.6],
							"pivot": [-0.26464, 22.0318, 0.725],
							"rotation": [0, 0, -135],
							"uv": {
								"north": {"uv": [17, 80], "uv_size": [0.5, 0.5]},
								"east": {"uv": [80, 17], "uv_size": [0.5, 0.5]},
								"south": {"uv": [18, 80], "uv_size": [0.5, 0.5]},
								"west": {"uv": [80, 18], "uv_size": [0.5, 0.5]},
								"up": {"uv": [19, 80], "uv_size": [0.5, 0.5]},
								"down": {"uv": [80, 19.5], "uv_size": [0.5, -0.5]}
							}
						},
						{
							"origin": [0.22678, 21.61967, 0.6],
							"size": [0.5, 0.7, 0.6],
							"pivot": [0.47678, 21.81967, 0.725],
							"rotation": [0, 0, -45],
							"uv": {
								"north": {"uv": [14, 80], "uv_size": [0.5, 0.5]},
								"east": {"uv": [80, 14], "uv_size": [0.5, 0.5]},
								"south": {"uv": [15, 80], "uv_size": [0.5, 0.5]},
								"west": {"uv": [80, 15], "uv_size": [0.5, 0.5]},
								"up": {"uv": [16, 80], "uv_size": [0.5, 0.5]},
								"down": {"uv": [80, 16.5], "uv_size": [0.5, -0.5]}
							}
						},
						{
							"origin": [-0.51967, 20.87322, 0.6],
							"size": [0.5, 0.7, 0.6],
							"pivot": [-0.26967, 21.07322, 0.725],
							"rotation": [0, 0, -45],
							"uv": {
								"north": {"uv": [11, 80], "uv_size": [0.5, 0.5]},
								"east": {"uv": [80, 11], "uv_size": [0.5, 0.5]},
								"south": {"uv": [12, 80], "uv_size": [0.5, 0.5]},
								"west": {"uv": [80, 12], "uv_size": [0.5, 0.5]},
								"up": {"uv": [13, 80], "uv_size": [0.5, 0.5]},
								"down": {"uv": [80, 13.5], "uv_size": [0.5, -0.5]}
							}
						},
						{
							"origin": [0.01967, 20.87322, 0.6],
							"size": [0.5, 0.7, 0.6],
							"pivot": [0.26967, 21.07322, 0.725],
							"rotation": [0, 0, 45],
							"uv": {
								"north": {"uv": [8, 80], "uv_size": [0.5, 0.5]},
								"east": {"uv": [80, 8], "uv_size": [0.5, 0.5]},
								"south": {"uv": [9, 80], "uv_size": [0.5, 0.5]},
								"west": {"uv": [80, 9], "uv_size": [0.5, 0.5]},
								"up": {"uv": [10, 80], "uv_size": [0.5, 0.5]},
								"down": {"uv": [80, 10.5], "uv_size": [0.5, -0.5]}
							}
						},
						{
							"origin": [-0.3, 20.75, 0.6],
							"size": [0.6, 1.6, 0.6],
							"uv": {
								"north": {"uv": [78, 1], "uv_size": [0.5, 1.5]},
								"east": {"uv": [2, 78], "uv_size": [0.5, 1.5]},
								"south": {"uv": [3, 78], "uv_size": [0.5, 1.5]},
								"west": {"uv": [78, 3], "uv_size": [0.5, 1.5]},
								"up": {"uv": [7, 80], "uv_size": [0.5, 0.5]},
								"down": {"uv": [80, 7.5], "uv_size": [0.5, -0.5]}
							}
						},
						{
							"origin": [-0.3, 22, 0.6],
							"size": [0.6, 0.6, 1.5],
							"uv": {
								"north": {"uv": [30, 80], "uv_size": [0.5, 0.5]},
								"east": {"uv": [24, 78], "uv_size": [1.5, 0.5]},
								"south": {"uv": [80, 30], "uv_size": [0.5, 0.5]},
								"west": {"uv": [78, 24], "uv_size": [1.5, 0.5]},
								"up": {"uv": [78, 25], "uv_size": [0.5, 1.5]},
								"down": {"uv": [26, 79.5], "uv_size": [0.5, -1.5]}
							}
						},
						{
							"origin": [-0.27929, 20.92929, 1.2],
							"size": [0.55, 1.25, 1.4],
							"uv": {
								"north": {"uv": [20, 78], "uv_size": [0.5, 1.5]},
								"east": {"uv": [5, 73], "uv_size": [1.5, 1.5]},
								"south": {"uv": [78, 20], "uv_size": [0.5, 1.5]},
								"west": {"uv": [73, 6], "uv_size": [1.5, 1.5]},
								"up": {"uv": [21, 78], "uv_size": [0.5, 1.5]},
								"down": {"uv": [22, 79.5], "uv_size": [0.5, -1.5]}
							}
						},
						{
							"origin": [0.01967, 21.07322, 1.2],
							"size": [0.4, 0.5, 1.4],
							"pivot": [0.16967, 21.17322, 1.225],
							"rotation": [0, 0, 45],
							"uv": {
								"north": {"uv": [29, 80], "uv_size": [0.5, 0.5]},
								"east": {"uv": [17, 78], "uv_size": [1.5, 0.5]},
								"south": {"uv": [80, 29], "uv_size": [0.5, 0.5]},
								"west": {"uv": [78, 17], "uv_size": [1.5, 0.5]},
								"up": {"uv": [78, 18], "uv_size": [0.5, 1.5]},
								"down": {"uv": [19, 79.5], "uv_size": [0.5, -1.5]}
							}
						},
						{
							"origin": [-0.41967, 21.07322, 1.2],
							"size": [0.4, 0.5, 1.4],
							"pivot": [-0.16967, 21.17322, 1.225],
							"rotation": [0, 0, -45],
							"uv": {
								"north": {"uv": [28, 80], "uv_size": [0.5, 0.5]},
								"east": {"uv": [14, 78], "uv_size": [1.5, 0.5]},
								"south": {"uv": [80, 28], "uv_size": [0.5, 0.5]},
								"west": {"uv": [78, 14], "uv_size": [1.5, 0.5]},
								"up": {"uv": [78, 15], "uv_size": [0.5, 1.5]},
								"down": {"uv": [16, 79.5], "uv_size": [0.5, -1.5]}
							}
						},
						{
							"origin": [0.22678, 21.61967, 1.2],
							"size": [0.4, 0.5, 1.4],
							"pivot": [0.37678, 21.71967, 1.225],
							"rotation": [0, 0, -45],
							"uv": {
								"north": {"uv": [27, 80], "uv_size": [0.5, 0.5]},
								"east": {"uv": [11, 78], "uv_size": [1.5, 0.5]},
								"south": {"uv": [80, 27], "uv_size": [0.5, 0.5]},
								"west": {"uv": [78, 11], "uv_size": [1.5, 0.5]},
								"up": {"uv": [78, 12], "uv_size": [0.5, 1.5]},
								"down": {"uv": [13, 79.5], "uv_size": [0.5, -1.5]}
							}
						},
						{
							"origin": [-0.31464, 21.8318, 1.2],
							"size": [0.4, 0.5, 1.4],
							"pivot": [-0.16464, 21.9318, 1.225],
							"rotation": [0, 0, -135],
							"uv": {
								"north": {"uv": [26, 80], "uv_size": [0.5, 0.5]},
								"east": {"uv": [78, 7], "uv_size": [1.5, 0.5]},
								"south": {"uv": [80, 26], "uv_size": [0.5, 0.5]},
								"west": {"uv": [78, 8], "uv_size": [1.5, 0.5]},
								"up": {"uv": [8, 78], "uv_size": [0.5, 1.5]},
								"down": {"uv": [78, 10.5], "uv_size": [0.5, -1.5]}
							}
						},
						{
							"origin": [-0.62574, 21.27574, 1.2],
							"size": [1.25, 0.55, 1.4],
							"uv": {
								"north": {"uv": [4, 78], "uv_size": [1.5, 0.5]},
								"east": {"uv": [78, 5], "uv_size": [1.5, 0.5]},
								"south": {"uv": [6, 78], "uv_size": [1.5, 0.5]},
								"west": {"uv": [78, 6], "uv_size": [1.5, 0.5]},
								"up": {"uv": [71, 72], "uv_size": [1.5, 1.5]},
								"down": {"uv": [73, 5.5], "uv_size": [1.5, -1.5]}
							}
						},
						{
							"origin": [-0.5, 20.6, 0.35],
							"size": [1, 2, 0.25],
							"uv": {
								"north": {"uv": [36, 73], "uv_size": [1, 2]},
								"east": {"uv": [9, 77], "uv_size": [0.5, 2]},
								"south": {"uv": [37, 73], "uv_size": [1, 2]},
								"west": {"uv": [10, 77], "uv_size": [0.5, 2]},
								"up": {"uv": [15, 79], "uv_size": [1, 0.5]},
								"down": {"uv": [79, 15.5], "uv_size": [1, -0.5]}
							}
						},
						{
							"origin": [-1, 21.05, 0.35],
							"size": [0.5, 1.05, 0.25],
							"uv": {
								"north": {"uv": [79, 16], "uv_size": [0.5, 1]},
								"east": {"uv": [17, 79], "uv_size": [0.5, 1]},
								"south": {"uv": [18, 79], "uv_size": [0.5, 1]},
								"west": {"uv": [79, 18], "uv_size": [0.5, 1]},
								"up": {"uv": [79, 72], "uv_size": [0.5, 0.5]},
								"down": {"uv": [73, 79.5], "uv_size": [0.5, -0.5]}
							}
						},
						{
							"origin": [0.5, 21.05, 0.35],
							"size": [0.5, 1.05, 0.25],
							"uv": {
								"north": {"uv": [79, 19], "uv_size": [0.5, 1]},
								"east": {"uv": [79, 20], "uv_size": [0.5, 1]},
								"south": {"uv": [79, 21], "uv_size": [0.5, 1]},
								"west": {"uv": [79, 22], "uv_size": [0.5, 1]},
								"up": {"uv": [79, 73], "uv_size": [0.5, 0.5]},
								"down": {"uv": [74, 79.5], "uv_size": [0.5, -0.5]}
							}
						},
						{
							"origin": [0.42678, 21.86967, 0.35],
							"size": [0.5, 0.7, 0.25],
							"pivot": [0.67678, 22.06967, 0.475],
							"rotation": [0, 0, -45],
							"uv": {
								"north": {"uv": [79, 74], "uv_size": [0.5, 0.5]},
								"east": {"uv": [75, 79], "uv_size": [0.5, 0.5]},
								"south": {"uv": [79, 75], "uv_size": [0.5, 0.5]},
								"west": {"uv": [76, 79], "uv_size": [0.5, 0.5]},
								"up": {"uv": [79, 76], "uv_size": [0.5, 0.5]},
								"down": {"uv": [77, 79.5], "uv_size": [0.5, -0.5]}
							}
						},
						{
							"origin": [0.21967, 20.67322, 0.35],
							"size": [0.5, 0.7, 0.25],
							"pivot": [0.46967, 20.87322, 0.475],
							"rotation": [0, 0, 45],
							"uv": {
								"north": {"uv": [4, 80], "uv_size": [0.5, 0.5]},
								"east": {"uv": [80, 4], "uv_size": [0.5, 0.5]},
								"south": {"uv": [5, 80], "uv_size": [0.5, 0.5]},
								"west": {"uv": [80, 5], "uv_size": [0.5, 0.5]},
								"up": {"uv": [6, 80], "uv_size": [0.5, 0.5]},
								"down": {"uv": [80, 6.5], "uv_size": [0.5, -0.5]}
							}
						},
						{
							"origin": [-0.71464, 22.0818, 0.35],
							"size": [0.5, 0.7, 0.25],
							"pivot": [-0.46464, 22.2818, 0.475],
							"rotation": [0, 0, -135],
							"uv": {
								"north": {"uv": [79, 77], "uv_size": [0.5, 0.5]},
								"east": {"uv": [78, 79], "uv_size": [0.5, 0.5]},
								"south": {"uv": [79, 78], "uv_size": [0.5, 0.5]},
								"west": {"uv": [79, 79], "uv_size": [0.5, 0.5]},
								"up": {"uv": [0, 80], "uv_size": [0.5, 0.5]},
								"down": {"uv": [80, 0.5], "uv_size": [0.5, -0.5]}
							}
						},
						{
							"origin": [-0.71967, 20.67322, 0.35],
							"size": [0.5, 0.7, 0.25],
							"pivot": [-0.46967, 20.87322, 0.475],
							"rotation": [0, 0, -45],
							"uv": {
								"north": {"uv": [1, 80], "uv_size": [0.5, 0.5]},
								"east": {"uv": [80, 1], "uv_size": [0.5, 0.5]},
								"south": {"uv": [2, 80], "uv_size": [0.5, 0.5]},
								"west": {"uv": [80, 2], "uv_size": [0.5, 0.5]},
								"up": {"uv": [3, 80], "uv_size": [0.5, 0.5]},
								"down": {"uv": [80, 3.5], "uv_size": [0.5, -0.5]}
							}
						}
					]
				},
				{
					"name": "bolthandle",
					"parent": "bolt",
					"pivot": [0, 21.6, -2.2712],
					"cubes": [
						{
							"origin": [-0.6, 21, -0.8],
							"size": [1.2, 1.1, 1],
							"uv": {
								"north": {"uv": [42, 31], "uv_size": [1, 1]},
								"east": {"uv": [6, 48], "uv_size": [1, 1]},
								"south": {"uv": [39, 48], "uv_size": [1, 1]},
								"west": {"uv": [55, 44], "uv_size": [1, 1]},
								"up": {"uv": [5, 58], "uv_size": [1, 1]},
								"down": {"uv": [58, 31], "uv_size": [1, -1]}
							}
						},
						{
							"origin": [-2.4, 18.05, -0.8],
							"size": [1, 1, 1],
							"uv": {
								"north": {"uv": [37, 64], "uv_size": [1, 1]},
								"east": {"uv": [65, 38], "uv_size": [1, 1]},
								"south": {"uv": [65, 61], "uv_size": [1, 1]},
								"west": {"uv": [15, 66], "uv_size": [1, 1]},
								"up": {"uv": [24, 66], "uv_size": [1, 1]},
								"down": {"uv": [31, 67], "uv_size": [1, -1]}
							}
						},
						{
							"origin": [-1.25, 21.25, -0.6],
							"size": [0.75, 0.6, 0.6],
							"uv": {
								"north": {"uv": [36, 78], "uv_size": [1, 0.5]},
								"east": {"uv": [79, 29], "uv_size": [0.5, 0.5]},
								"south": {"uv": [37, 78], "uv_size": [1, 0.5]},
								"west": {"uv": [30, 79], "uv_size": [0.5, 0.5]},
								"up": {"uv": [78, 37], "uv_size": [1, 0.5]},
								"down": {"uv": [78, 38.5], "uv_size": [1, -0.5]}
							}
						},
						{
							"origin": [-2.20459, 18.64541, -0.6],
							"size": [0.6, 2.25, 0.6],
							"uv": {
								"north": {"uv": [28, 75], "uv_size": [0.5, 2.5]},
								"east": {"uv": [30, 75], "uv_size": [0.5, 2.5]},
								"south": {"uv": [31, 75], "uv_size": [0.5, 2.5]},
								"west": {"uv": [33, 75], "uv_size": [0.5, 2.5]},
								"up": {"uv": [79, 70], "uv_size": [0.5, 0.5]},
								"down": {"uv": [71, 79.5], "uv_size": [0.5, -0.5]}
							}
						},
						{
							"origin": [-2.05836, 20.54237, -0.6],
							"size": [1.35, 0.6, 0.6],
							"pivot": [-1.83336, 20.84237, -0.3],
							"rotation": [0, 0, -45],
							"uv": {
								"north": {"uv": [76, 77], "uv_size": [1.5, 0.5]},
								"east": {"uv": [79, 69], "uv_size": [0.5, 0.5]},
								"south": {"uv": [77, 76], "uv_size": [1.5, 0.5]},
								"west": {"uv": [70, 79], "uv_size": [0.5, 0.5]},
								"up": {"uv": [0, 78], "uv_size": [1.5, 0.5]},
								"down": {"uv": [78, 0.5], "uv_size": [1.5, -0.5]}
							}
						}
					]
				},
				{
					"name": "safetylever",
					"parent": "bolt",
					"pivot": [0, 22.4, 2.35],
					"cubes": [
						{
							"origin": [-0.2, 22.2, 2.1],
							"size": [1.25, 0.45, 0.5],
							"pivot": [0, 22.375, 2.35],
							"rotation": [0, 0, 3.5],
							"uv": {
								"north": {"uv": [27, 78], "uv_size": [1.5, 0.5]},
								"east": {"uv": [31, 80], "uv_size": [0.5, 0.5]},
								"south": {"uv": [78, 27], "uv_size": [1.5, 0.5]},
								"west": {"uv": [80, 31], "uv_size": [0.5, 0.5]},
								"up": {"uv": [78, 28], "uv_size": [1.5, 0.5]},
								"down": {"uv": [29, 78.5], "uv_size": [1.5, -0.5]}
							}
						}
					]
				},
				{
					"name": "clip",
					"parent": "main",
					"pivot": [0, 14, 30.5]
				},
				{
					"name": "strip",
					"parent": "clip",
					"pivot": [-0.5, 13.95368, 30.59799],
					"cubes": [
						{
							"origin": [-1.0225, 19.53988, 36.63917],
							"size": [1, 0.3, 2.15],
							"pivot": [-0.0225, 19.53988, 30.53917],
							"rotation": [-90, 0, 0],
							"uv": {
								"north": {"uv": [39, 78], "uv_size": [1, 0.5]},
								"east": {"uv": [75, 40], "uv_size": [2, 0.5]},
								"south": {"uv": [78, 39], "uv_size": [1, 0.5]},
								"west": {"uv": [48, 75], "uv_size": [2, 0.5]},
								"up": {"uv": [7, 39], "uv_size": [1, 2]},
								"down": {"uv": [41, 29], "uv_size": [1, -2]}
							}
						},
						{
							"origin": [-1.0225, 21.38329, 35.44306],
							"size": [1, 0.3, 2.4],
							"pivot": [-0.0225, 21.38329, 29.84306],
							"rotation": [-85, 0, 0],
							"uv": {
								"north": {"uv": [40, 78], "uv_size": [1, 0.5]},
								"east": {"uv": [75, 28], "uv_size": [2.5, 0.5]},
								"south": {"uv": [78, 40], "uv_size": [1, 0.5]},
								"west": {"uv": [75, 29], "uv_size": [2.5, 0.5]},
								"up": {"uv": [31, 71], "uv_size": [1, 2.5]},
								"down": {"uv": [32, 73.5], "uv_size": [1, -2.5]}
							}
						}
					]
				},
				{
					"name": "bullets",
					"parent": "clip",
					"pivot": [0, 0, 0]
				},
				{
					"name": "bulletloaded",
					"parent": "bullets",
					"pivot": [-0.515, 13.90072, 27.06026],
					"cubes": [
						{
							"origin": [-0.9225, 12.21738, 26.42417],
							"size": [0.77, 0.77, 4.2],
							"pivot": [-0.5375, 12.60238, 27.77417],
							"rotation": [0, 0, -30],
							"uv": {
								"north": {"uv": [66, 43], "uv_size": [1, 1]},
								"east": {"uv": [43, 54], "uv_size": [4, 1]},
								"south": {"uv": [53, 66], "uv_size": [1, 1]},
								"west": {"uv": [63, 30], "uv_size": [4, 1]},
								"up": {"uv": [7, 35], "uv_size": [1, 4]},
								"down": {"uv": [41, 27], "uv_size": [1, -4]}
							}
						},
						{
							"origin": [-0.8225, 12.31738, 24.92417],
							"size": [0.57, 0.57, 1.5],
							"pivot": [-0.5375, 12.60238, 23.57417],
							"rotation": [0, 0, -30],
							"uv": {
								"north": {"uv": [79, 31], "uv_size": [0.5, 0.5]},
								"east": {"uv": [77, 50], "uv_size": [1.5, 0.5]},
								"south": {"uv": [32, 79], "uv_size": [0.5, 0.5]},
								"west": {"uv": [51, 77], "uv_size": [1.5, 0.5]},
								"up": {"uv": [77, 51], "uv_size": [0.5, 1.5]},
								"down": {"uv": [53, 78.5], "uv_size": [0.5, -1.5]}
							}
						},
						{
							"origin": [-0.9225, 11.36738, 26.42417],
							"size": [0.77, 0.77, 4.2],
							"pivot": [-0.5375, 11.75238, 27.77417],
							"rotation": [0, 0, -27.5],
							"uv": {
								"north": {"uv": [45, 75], "uv_size": [1, 1]},
								"east": {"uv": [68, 25], "uv_size": [4, 1]},
								"south": {"uv": [54, 75], "uv_size": [1, 1]},
								"west": {"uv": [68, 26], "uv_size": [4, 1]},
								"up": {"uv": [1, 68], "uv_size": [1, 4]},
								"down": {"uv": [3, 72], "uv_size": [1, -4]}
							}
						},
						{
							"origin": [-0.8225, 11.46738, 24.92417],
							"size": [0.57, 0.57, 1.5],
							"pivot": [-0.5375, 11.75238, 23.57417],
							"rotation": [0, 0, -27.5],
							"uv": {
								"north": {"uv": [79, 32], "uv_size": [0.5, 0.5]},
								"east": {"uv": [77, 53], "uv_size": [1.5, 0.5]},
								"south": {"uv": [33, 79], "uv_size": [0.5, 0.5]},
								"west": {"uv": [54, 77], "uv_size": [1.5, 0.5]},
								"up": {"uv": [77, 54], "uv_size": [0.5, 1.5]},
								"down": {"uv": [56, 78.5], "uv_size": [0.5, -1.5]}
							}
						},
						{
							"origin": [-0.9225, 13.06738, 26.42417],
							"size": [0.77, 0.77, 4.2],
							"pivot": [-0.5375, 13.45238, 27.77417],
							"rotation": [0, 0, -30],
							"uv": {
								"north": {"uv": [55, 75], "uv_size": [1, 1]},
								"east": {"uv": [68, 35], "uv_size": [4, 1]},
								"south": {"uv": [57, 75], "uv_size": [1, 1]},
								"west": {"uv": [68, 36], "uv_size": [4, 1]},
								"up": {"uv": [4, 68], "uv_size": [1, 4]},
								"down": {"uv": [9, 72], "uv_size": [1, -4]}
							}
						},
						{
							"origin": [-0.8225, 13.16738, 24.92417],
							"size": [0.57, 0.57, 1.5],
							"pivot": [-0.5375, 13.45238, 23.57417],
							"rotation": [0, 0, -30],
							"uv": {
								"north": {"uv": [79, 33], "uv_size": [0.5, 0.5]},
								"east": {"uv": [77, 56], "uv_size": [1.5, 0.5]},
								"south": {"uv": [34, 79], "uv_size": [0.5, 0.5]},
								"west": {"uv": [57, 77], "uv_size": [1.5, 0.5]},
								"up": {"uv": [77, 57], "uv_size": [0.5, 1.5]},
								"down": {"uv": [59, 78.5], "uv_size": [0.5, -1.5]}
							}
						},
						{
							"origin": [-0.9225, 13.91738, 26.42417],
							"size": [0.77, 0.77, 4.2],
							"pivot": [-0.5375, 14.30238, 27.77417],
							"rotation": [2.16541, 1.2497, -29.97638],
							"uv": {
								"north": {"uv": [58, 75], "uv_size": [1, 1]},
								"east": {"uv": [60, 68], "uv_size": [4, 1]},
								"south": {"uv": [59, 75], "uv_size": [1, 1]},
								"west": {"uv": [64, 68], "uv_size": [4, 1]},
								"up": {"uv": [10, 68], "uv_size": [1, 4]},
								"down": {"uv": [11, 72], "uv_size": [1, -4]}
							}
						},
						{
							"origin": [-0.8225, 13.83418, 24.92817],
							"size": [0.57, 0.57, 1.5],
							"pivot": [-0.5375, 14.11918, 23.57817],
							"rotation": [2.16541, 1.2497, -29.97638],
							"uv": {
								"north": {"uv": [79, 34], "uv_size": [0.5, 0.5]},
								"east": {"uv": [77, 59], "uv_size": [1.5, 0.5]},
								"south": {"uv": [35, 79], "uv_size": [0.5, 0.5]},
								"west": {"uv": [60, 77], "uv_size": [1.5, 0.5]},
								"up": {"uv": [77, 60], "uv_size": [0.5, 1.5]},
								"down": {"uv": [62, 78.5], "uv_size": [0.5, -1.5]}
							}
						}
					]
				},
				{
					"name": "bulletreserve",
					"parent": "bullets",
					"pivot": [-0.5375, 15.12294, 27.09981],
					"cubes": [
						{
							"origin": [-0.9225, 14.76738, 26.42417],
							"size": [0.77, 0.77, 4.2],
							"pivot": [-0.5375, 15.15238, 27.77417],
							"rotation": [2.16541, 1.2497, -29.97638],
							"uv": {
								"north": {"uv": [71, 75], "uv_size": [1, 1]},
								"east": {"uv": [68, 68], "uv_size": [4, 1]},
								"south": {"uv": [72, 75], "uv_size": [1, 1]},
								"west": {"uv": [69, 6], "uv_size": [4, 1]},
								"up": {"uv": [18, 68], "uv_size": [1, 4]},
								"down": {"uv": [19, 72], "uv_size": [1, -4]}
							}
						},
						{
							"origin": [-0.8225, 14.68418, 24.92817],
							"size": [0.57, 0.57, 1.5],
							"pivot": [-0.5375, 14.96918, 23.57817],
							"rotation": [2.16541, 1.2497, -29.97638],
							"uv": {
								"north": {"uv": [79, 35], "uv_size": [0.5, 0.5]},
								"east": {"uv": [77, 62], "uv_size": [1.5, 0.5]},
								"south": {"uv": [36, 79], "uv_size": [0.5, 0.5]},
								"west": {"uv": [63, 77], "uv_size": [1.5, 0.5]},
								"up": {"uv": [77, 63], "uv_size": [0.5, 1.5]},
								"down": {"uv": [65, 78.5], "uv_size": [0.5, -1.5]}
							}
						}
					]
				},
				{
					"name": "scope",
					"parent": "main",
					"pivot": [0, 23.1, 4.75],
					"cubes": [
						{"origin": [-0.5225, 22.62905, 4.48917], "size": [1, 1, 1], "inflate": -0.4, "uv": [0, 2]}
					]
				},
				{
					"name": "casing",
					"parent": "main",
					"pivot": [-0.515, 14.2125, 27.31],
					"rotation": [0, 0, -30],
					"cubes": [
						{
							"origin": [-1.14954, 13.44028, 26.67417],
							"size": [0.77, 0.77, 4.2],
							"uv": {
								"north": {"uv": [75, 73], "uv_size": [1, 1]},
								"east": {"uv": [69, 7], "uv_size": [4, 1]},
								"south": {"uv": [75, 74], "uv_size": [1, 1]},
								"west": {"uv": [69, 8], "uv_size": [4, 1]},
								"up": {"uv": [12, 69], "uv_size": [1, 4]},
								"down": {"uv": [13, 73], "uv_size": [1, -4]}
							}
						}
					]
				},
				{
					"name": "_cb_scope2",
					"parent": "main",
					"pivot": [0, 23.25, -10.75],
					"cubes": [
						{
							"origin": [-0.5, 22.75, -11.25],
							"size": [1, 1, 1],
							"uv": {
								"north": {"uv": [0, 0], "uv_size": [1, 1]},
								"east": {"uv": [0, 2], "uv_size": [1, 1]},
								"south": {"uv": [3, 0], "uv_size": [1, 1]},
								"west": {"uv": [3, 2], "uv_size": [1, 1]},
								"up": {"uv": [34, 80], "uv_size": [1, 1]},
								"down": {"uv": [80, 35], "uv_size": [1, -1]}
							}
						}
					]
				}
			]
		}
	]
}