{
	"format_version": "1.12.0",
	"minecraft:geometry": [
		{
			"description": {
				"identifier": "geometry.unknown",
				"texture_width": 128,
				"texture_height": 128,
				"visible_bounds_width": 10,
				"visible_bounds_height": 4,
				"visible_bounds_offset": [0, 1, 0]
			},
			"bones": [
				{
					"name": "main",
					"pivot": [0, 19, 4]
				},
				{
					"name": "rightarm",
					"parent": "main",
					"pivot": [-4.3, 7.8, 25.8],
					"rotation": [-101.81106, -12.40003, -2.46982],
					"cubes": [
						{"origin": [-8.31862, -16.21235, 21.72091], "size": [8, 24, 8], "uv": [0, 32]}
					]
				},
				{
					"name": "leftarm",
					"parent": "main",
					"pivot": [10.7, 10.3, -4.6],
					"rotation": [-119.61483, 1.67666, -38.31282],
					"cubes": [
						{"origin": [5.73134, -11.73675, -8.6665], "size": [8, 24, 8], "uv": [0, 0]}
					]
				},
				{
					"name": "muzzleflash",
					"parent": "main",
					"pivot": [-0.0225, 21.57905, -62.1],
					"mirror": true,
					"cubes": [
						{"origin": [-0.5225, 21.07905, -62.6], "size": [1, 1, 1], "inflate": -0.4, "uv": [32, 0], "mirror": false}
					]
				},
				{
					"name": "gun",
					"parent": "main",
					"pivot": [0, 50.16, -6.98],
					"cubes": [
						{
							"origin": [-1.625, 17.5, -3.3],
							"size": [3.25, 2.95, 1.35],
							"uv": {
								"north": {"uv": [73, 67], "uv_size": [3.5, 3]},
								"east": {"uv": [26, 77], "uv_size": [1.5, 3]},
								"south": {"uv": [73, 70], "uv_size": [3.5, 3]},
								"west": {"uv": [62, 78], "uv_size": [1.5, 3]},
								"up": {"uv": [78, 42], "uv_size": [3.5, 1.5]},
								"down": {"uv": [78, 73.5], "uv_size": [3.5, -1.5]}
							}
						},
						{
							"origin": [-1.625, 19.75, 0.35],
							"size": [0.5, 1.25, 1.85],
							"uv": {
								"north": {"uv": [47, 88], "uv_size": [0.5, 1.5]},
								"east": {"uv": [36, 82], "uv_size": [2, 1.5]},
								"south": {"uv": [48, 88], "uv_size": [0.5, 1.5]},
								"west": {"uv": [82, 42], "uv_size": [2, 1.5]},
								"up": {"uv": [86, 81], "uv_size": [0.5, 2]},
								"down": {"uv": [83, 88], "uv_size": [0.5, -2]}
							}
						},
						{
							"origin": [-1.625, 19.75, -1.95],
							"size": [0.5, 1.25, 1.05],
							"uv": {
								"north": {"uv": [51, 88], "uv_size": [0.5, 1.5]},
								"east": {"uv": [21, 85], "uv_size": [1, 1.5]},
								"south": {"uv": [52, 88], "uv_size": [0.5, 1.5]},
								"west": {"uv": [55, 85], "uv_size": [1, 1.5]},
								"up": {"uv": [89, 43], "uv_size": [0.5, 1]},
								"down": {"uv": [44, 90], "uv_size": [0.5, -1]}
							}
						},
						{
							"origin": [-1.77985, 19.98175, -0.9],
							"size": [1.35, 0.5, 1.25],
							"pivot": [-1.15485, 20.23175, -0.275],
							"rotation": [0, 0, -67.5],
							"uv": {
								"north": {"uv": [53, 88], "uv_size": [1.5, 0.5]},
								"east": {"uv": [55, 88], "uv_size": [1.5, 0.5]},
								"south": {"uv": [57, 88], "uv_size": [1.5, 0.5]},
								"west": {"uv": [88, 58], "uv_size": [1.5, 0.5]},
								"up": {"uv": [84, 47], "uv_size": [1.5, 1.5]},
								"down": {"uv": [49, 85.5], "uv_size": [1.5, -1.5]}
							}
						},
						{
							"origin": [0.42985, 19.98175, -1.95],
							"size": [1.35, 0.5, 1.5],
							"pivot": [1.15485, 20.23175, -1.325],
							"rotation": [0, 0, 67.5],
							"uv": {
								"north": {"uv": [73, 88], "uv_size": [1.5, 0.5]},
								"east": {"uv": [88, 74], "uv_size": [1.5, 0.5]},
								"south": {"uv": [75, 88], "uv_size": [1.5, 0.5]},
								"west": {"uv": [88, 75], "uv_size": [1.5, 0.5]},
								"up": {"uv": [84, 60], "uv_size": [1.5, 1.5]},
								"down": {"uv": [62, 85.5], "uv_size": [1.5, -1.5]}
							}
						},
						{
							"origin": [0.625, 19.75, -0.45],
							"size": [1, 1.25, 2.65],
							"uv": {
								"north": {"uv": [76, 85], "uv_size": [1, 1.5]},
								"east": {"uv": [81, 51], "uv_size": [2.5, 1.5]},
								"south": {"uv": [77, 85], "uv_size": [1, 1.5]},
								"west": {"uv": [81, 53], "uv_size": [2.5, 1.5]},
								"up": {"uv": [13, 84], "uv_size": [1, 2.5]},
								"down": {"uv": [22, 86.5], "uv_size": [1, -2.5]}
							}
						},
						{
							"origin": [-0.625, 20.09905, -1.93134],
							"size": [1.25, 0.75, 4.15],
							"uv": {
								"north": {"uv": [85, 71], "uv_size": [1.5, 1]},
								"east": {"uv": [81, 20], "uv_size": [4, 1]},
								"south": {"uv": [85, 75], "uv_size": [1.5, 1]},
								"west": {"uv": [81, 21], "uv_size": [4, 1]},
								"up": {"uv": [15, 77], "uv_size": [1.5, 4]},
								"down": {"uv": [24, 81], "uv_size": [1.5, -4]}
							}
						},
						{
							"origin": [-1.125, 19.75, -1.55],
							"size": [0.5, 1.25, 3.75],
							"uv": {
								"north": {"uv": [59, 88], "uv_size": [0.5, 1.5]},
								"east": {"uv": [77, 12], "uv_size": [4, 1.5]},
								"south": {"uv": [88, 59], "uv_size": [0.5, 1.5]},
								"west": {"uv": [77, 16], "uv_size": [4, 1.5]},
								"up": {"uv": [71, 84], "uv_size": [0.5, 4]},
								"down": {"uv": [72, 88], "uv_size": [0.5, -4]}
							}
						},
						{
							"origin": [-1.625, 17.5, -1.95],
							"size": [3.25, 2.25, 5.3],
							"uv": {
								"north": {"uv": [74, 73], "uv_size": [3.5, 2.5]},
								"east": {"uv": [1, 69], "uv_size": [5.5, 2.5]},
								"south": {"uv": [75, 0], "uv_size": [3.5, 2.5]},
								"west": {"uv": [7, 69], "uv_size": [5.5, 2.5]},
								"up": {"uv": [64, 28], "uv_size": [3.5, 5.5]},
								"down": {"uv": [64, 64.5], "uv_size": [3.5, -5.5]}
							}
						},
						{
							"origin": [-1.07374, 21.68128, -11.65],
							"size": [1, 0.6, 2.75],
							"pivot": [-0.59874, 21.93128, -6.4],
							"rotation": [0, 0, -45],
							"uv": {
								"north": {"uv": [36, 89], "uv_size": [1, 0.5]},
								"east": {"uv": [85, 6], "uv_size": [3, 0.5]},
								"south": {"uv": [89, 36], "uv_size": [1, 0.5]},
								"west": {"uv": [85, 12], "uv_size": [3, 0.5]},
								"up": {"uv": [82, 81], "uv_size": [1, 3]},
								"down": {"uv": [17, 86], "uv_size": [1, -3]}
							}
						},
						{
							"origin": [-1.175, 20.85, -11.65],
							"size": [0.6, 1, 2.75],
							"uv": {
								"north": {"uv": [34, 89], "uv_size": [0.5, 1]},
								"east": {"uv": [82, 75], "uv_size": [3, 1]},
								"south": {"uv": [89, 34], "uv_size": [0.5, 1]},
								"west": {"uv": [82, 78], "uv_size": [3, 1]},
								"up": {"uv": [8, 85], "uv_size": [0.5, 3]},
								"down": {"uv": [9, 88], "uv_size": [0.5, -3]}
							}
						},
						{
							"origin": [0.575, 20.85, -11.65],
							"size": [0.6, 1, 2.75],
							"uv": {
								"north": {"uv": [66, 89], "uv_size": [0.5, 1]},
								"east": {"uv": [82, 79], "uv_size": [3, 1]},
								"south": {"uv": [67, 89], "uv_size": [0.5, 1]},
								"west": {"uv": [83, 0], "uv_size": [3, 1]},
								"up": {"uv": [7, 86], "uv_size": [0.5, 3]},
								"down": {"uv": [17, 89], "uv_size": [0.5, -3]}
							}
						},
						{
							"origin": [-1.175, 20.8, -2.9],
							"size": [0.6, 1.05, 2.2],
							"uv": {
								"north": {"uv": [89, 40], "uv_size": [0.5, 1]},
								"east": {"uv": [52, 70], "uv_size": [2, 1]},
								"south": {"uv": [41, 89], "uv_size": [0.5, 1]},
								"west": {"uv": [84, 45], "uv_size": [2, 1]},
								"up": {"uv": [13, 87], "uv_size": [0.5, 2]},
								"down": {"uv": [87, 22], "uv_size": [0.5, -2]}
							}
						},
						{
							"origin": [-1.175, 21, -8.9],
							"size": [0.6, 0.15, 6.5],
							"uv": {
								"north": {"uv": [90, 17], "uv_size": [0.5, 0.5]},
								"east": {"uv": [82, 40], "uv_size": [6.5, 0.5]},
								"south": {"uv": [18, 90], "uv_size": [0.5, 0.5]},
								"west": {"uv": [82, 41], "uv_size": [6.5, 0.5]},
								"up": {"uv": [16, 82], "uv_size": [0.5, 6.5]},
								"down": {"uv": [18, 88.5], "uv_size": [0.5, -6.5]}
							}
						},
						{
							"origin": [-0.475, 21.95, -11.65],
							"size": [0.95, 0.6, 2.75],
							"uv": {
								"north": {"uv": [33, 89], "uv_size": [1, 0.5]},
								"east": {"uv": [5, 85], "uv_size": [3, 0.5]},
								"south": {"uv": [89, 33], "uv_size": [1, 0.5]},
								"west": {"uv": [85, 5], "uv_size": [3, 0.5]},
								"up": {"uv": [55, 82], "uv_size": [1, 3]},
								"down": {"uv": [82, 75], "uv_size": [1, -3]}
							}
						},
						{
							"origin": [0.08839, 21.71664, -11.65],
							"size": [1, 0.6, 2.75],
							"pivot": [0.56339, 21.96664, -6.4],
							"rotation": [0, 0, 45],
							"uv": {
								"north": {"uv": [32, 89], "uv_size": [1, 0.5]},
								"east": {"uv": [2, 85], "uv_size": [3, 0.5]},
								"south": {"uv": [89, 32], "uv_size": [1, 0.5]},
								"west": {"uv": [85, 4], "uv_size": [3, 0.5]},
								"up": {"uv": [27, 74], "uv_size": [1, 3]},
								"down": {"uv": [19, 85], "uv_size": [1, -3]}
							}
						},
						{
							"origin": [0.28839, 21.96664, -11.65],
							"size": [1.1, 0.6, 0.3],
							"pivot": [0.76339, 22.21664, -6.4],
							"rotation": [0, 0, 45],
							"uv": {
								"north": {"uv": [89, 89], "uv_size": [1, 0.5]},
								"east": {"uv": [91, 18], "uv_size": [0.5, 0.5]},
								"south": {"uv": [90, 1], "uv_size": [1, 0.5]},
								"west": {"uv": [19, 91], "uv_size": [0.5, 0.5]},
								"up": {"uv": [2, 90], "uv_size": [1, 0.5]},
								"down": {"uv": [90, 2.5], "uv_size": [1, -0.5]}
							}
						},
						{
							"origin": [-0.675, 22.2, -11.65],
							"size": [1.35, 0.6, 0.3],
							"uv": {
								"north": {"uv": [89, 15], "uv_size": [1.5, 0.5]},
								"east": {"uv": [91, 17], "uv_size": [0.5, 0.5]},
								"south": {"uv": [17, 89], "uv_size": [1.5, 0.5]},
								"west": {"uv": [18, 91], "uv_size": [0.5, 0.5]},
								"up": {"uv": [19, 89], "uv_size": [1.5, 0.5]},
								"down": {"uv": [89, 19.5], "uv_size": [1.5, -0.5]}
							}
						},
						{
							"origin": [-1.45282, 21.02218, -11.65],
							"size": [0.6, 1, 0.3],
							"uv": {
								"north": {"uv": [89, 86], "uv_size": [0.5, 1]},
								"east": {"uv": [87, 89], "uv_size": [0.5, 1]},
								"south": {"uv": [88, 89], "uv_size": [0.5, 1]},
								"west": {"uv": [89, 88], "uv_size": [0.5, 1]},
								"up": {"uv": [91, 16], "uv_size": [0.5, 0.5]},
								"down": {"uv": [17, 91.5], "uv_size": [0.5, -0.5]}
							}
						},
						{
							"origin": [-1.37374, 21.93128, -11.65],
							"size": [1.1, 0.6, 0.3],
							"pivot": [-0.79874, 22.18128, -6.4],
							"rotation": [0, 0, -45],
							"uv": {
								"north": {"uv": [89, 83], "uv_size": [1, 0.5]},
								"east": {"uv": [91, 15], "uv_size": [0.5, 0.5]},
								"south": {"uv": [84, 89], "uv_size": [1, 0.5]},
								"west": {"uv": [16, 91], "uv_size": [0.5, 0.5]},
								"up": {"uv": [85, 89], "uv_size": [1, 0.5]},
								"down": {"uv": [89, 85.5], "uv_size": [1, -0.5]}
							}
						},
						{
							"origin": [0.85282, 21.02218, -11.65],
							"size": [0.6, 1, 0.3],
							"uv": {
								"north": {"uv": [80, 89], "uv_size": [0.5, 1]},
								"east": {"uv": [81, 89], "uv_size": [0.5, 1]},
								"south": {"uv": [82, 89], "uv_size": [0.5, 1]},
								"west": {"uv": [89, 82], "uv_size": [0.5, 1]},
								"up": {"uv": [91, 14], "uv_size": [0.5, 0.5]},
								"down": {"uv": [15, 91.5], "uv_size": [0.5, -0.5]}
							}
						},
						{
							"origin": [-1.14445, 21.75199, -2.9],
							"size": [1, 0.5, 2.2],
							"pivot": [-0.66945, 22.00199, -6.65],
							"rotation": [0, 0, -45],
							"uv": {
								"north": {"uv": [89, 39], "uv_size": [1, 0.5]},
								"east": {"uv": [87, 15], "uv_size": [2, 0.5]},
								"south": {"uv": [40, 89], "uv_size": [1, 0.5]},
								"west": {"uv": [19, 87], "uv_size": [2, 0.5]},
								"up": {"uv": [84, 68], "uv_size": [1, 2]},
								"down": {"uv": [69, 86], "uv_size": [1, -2]}
							}
						},
						{
							"origin": [0.1591, 21.78735, -2.9],
							"size": [1, 0.5, 0.95],
							"pivot": [0.6341, 22.03735, -6.65],
							"rotation": [0, 0, 45],
							"uv": {
								"north": {"uv": [89, 41], "uv_size": [1, 0.5]},
								"east": {"uv": [42, 89], "uv_size": [1, 0.5]},
								"south": {"uv": [89, 42], "uv_size": [1, 0.5]},
								"west": {"uv": [43, 89], "uv_size": [1, 0.5]},
								"up": {"uv": [21, 87], "uv_size": [1, 1]},
								"down": {"uv": [22, 88], "uv_size": [1, -1]}
							}
						},
						{
							"origin": [-0.475, 22.05, -2.4],
							"size": [0.95, 0.5, 1.7],
							"uv": {
								"north": {"uv": [37, 89], "uv_size": [1, 0.5]},
								"east": {"uv": [88, 46], "uv_size": [1.5, 0.5]},
								"south": {"uv": [89, 38], "uv_size": [1, 0.5]},
								"west": {"uv": [49, 88], "uv_size": [1.5, 0.5]},
								"up": {"uv": [10, 85], "uv_size": [1, 1.5]},
								"down": {"uv": [85, 14.5], "uv_size": [1, -1.5]}
							}
						},
						{
							"origin": [-0.725, 21.8, -2.4],
							"size": [1.45, 1, 1.7],
							"uv": {
								"north": {"uv": [86, 7], "uv_size": [1.5, 1]},
								"east": {"uv": [86, 8], "uv_size": [1.5, 1]},
								"south": {"uv": [86, 9], "uv_size": [1.5, 1]},
								"west": {"uv": [86, 10], "uv_size": [1.5, 1]},
								"up": {"uv": [84, 53], "uv_size": [1.5, 1.5]},
								"down": {"uv": [84, 56.5], "uv_size": [1.5, -1.5]}
							}
						},
						{
							"origin": [-0.725, 22.3, -2.9],
							"size": [0.25, 0.5, 0.5],
							"uv": {
								"north": {"uv": [27, 90], "uv_size": [0.5, 0.5]},
								"east": {"uv": [90, 27], "uv_size": [0.5, 0.5]},
								"south": {"uv": [28, 90], "uv_size": [0.5, 0.5]},
								"west": {"uv": [90, 28], "uv_size": [0.5, 0.5]},
								"up": {"uv": [29, 90], "uv_size": [0.5, 0.5]},
								"down": {"uv": [90, 29.5], "uv_size": [0.5, -0.5]}
							}
						},
						{
							"origin": [0.475, 22.3, -2.9],
							"size": [0.25, 0.5, 0.5],
							"uv": {
								"north": {"uv": [30, 90], "uv_size": [0.5, 0.5]},
								"east": {"uv": [90, 30], "uv_size": [0.5, 0.5]},
								"south": {"uv": [31, 90], "uv_size": [0.5, 0.5]},
								"west": {"uv": [90, 31], "uv_size": [0.5, 0.5]},
								"up": {"uv": [32, 90], "uv_size": [0.5, 0.5]},
								"down": {"uv": [90, 32.5], "uv_size": [0.5, -0.5]}
							}
						},
						{
							"origin": [0.575, 20.8, -8.9],
							"size": [0.6, 1.05, 6.95],
							"uv": {
								"north": {"uv": [31, 89], "uv_size": [0.5, 1]},
								"east": {"uv": [76, 31], "uv_size": [7, 1]},
								"south": {"uv": [89, 31], "uv_size": [0.5, 1]},
								"west": {"uv": [76, 32], "uv_size": [7, 1]},
								"up": {"uv": [28, 81], "uv_size": [0.5, 7]},
								"down": {"uv": [57, 88], "uv_size": [0.5, -7]}
							}
						},
						{
							"origin": [0.575, 20.8, -1.95],
							"size": [0.35, 1.3, 1.25],
							"uv": {
								"north": {"uv": [88, 70], "uv_size": [0.5, 1.5]},
								"east": {"uv": [84, 57], "uv_size": [1.5, 1.5]},
								"south": {"uv": [71, 88], "uv_size": [0.5, 1.5]},
								"west": {"uv": [58, 84], "uv_size": [1.5, 1.5]},
								"up": {"uv": [72, 88], "uv_size": [0.5, 1.5]},
								"down": {"uv": [88, 73.5], "uv_size": [0.5, -1.5]}
							}
						},
						{
							"origin": [0.1591, 21.93735, -0.7],
							"size": [1, 0.35, 1],
							"pivot": [0.6341, 22.03735, -5.65],
							"rotation": [0, 0, 45],
							"uv": {
								"north": {"uv": [73, 89], "uv_size": [1, 0.5]},
								"east": {"uv": [89, 73], "uv_size": [1, 0.5]},
								"south": {"uv": [74, 89], "uv_size": [1, 0.5]},
								"west": {"uv": [75, 89], "uv_size": [1, 0.5]},
								"up": {"uv": [87, 87], "uv_size": [1, 1]},
								"down": {"uv": [0, 89], "uv_size": [1, -1]}
							}
						},
						{
							"origin": [0.725, 20.8, -0.7],
							"size": [0.45, 1.05, 1],
							"uv": {
								"north": {"uv": [70, 89], "uv_size": [0.5, 1]},
								"east": {"uv": [86, 87], "uv_size": [1, 1]},
								"south": {"uv": [89, 70], "uv_size": [0.5, 1]},
								"west": {"uv": [87, 86], "uv_size": [1, 1]},
								"up": {"uv": [89, 71], "uv_size": [0.5, 1]},
								"down": {"uv": [89, 73], "uv_size": [0.5, -1]}
							}
						},
						{
							"origin": [0.6694, 20.77046, -3.9],
							"size": [0.75, 0.75, 4.3],
							"pivot": [1.0444, 21.14546, -1.75],
							"rotation": [0, 0, 22.5],
							"uv": {
								"north": {"uv": [66, 87], "uv_size": [1, 1]},
								"east": {"uv": [80, 27], "uv_size": [4.5, 1]},
								"south": {"uv": [87, 66], "uv_size": [1, 1]},
								"west": {"uv": [80, 28], "uv_size": [4.5, 1]},
								"up": {"uv": [44, 80], "uv_size": [1, 4.5]},
								"down": {"uv": [45, 84.5], "uv_size": [1, -4.5]}
							}
						},
						{
							"origin": [0.9194, 21.02046, -3.65],
							"size": [0.25, 0.25, 4.15],
							"pivot": [1.0444, 21.14546, -1.75],
							"rotation": [0, 0, 22.5],
							"uv": {
								"north": {"uv": [64, 90], "uv_size": [0.5, 0.5]},
								"east": {"uv": [84, 62], "uv_size": [4, 0.5]},
								"south": {"uv": [90, 64], "uv_size": [0.5, 0.5]},
								"west": {"uv": [84, 72], "uv_size": [4, 0.5]},
								"up": {"uv": [74, 84], "uv_size": [0.5, 4]},
								"down": {"uv": [75, 88], "uv_size": [0.5, -4]}
							}
						},
						{
							"origin": [0.5694, 20.67046, -1.15],
							"size": [0.95, 0.95, 0.3],
							"pivot": [1.0444, 21.14546, -1],
							"rotation": [0, 0, 22.5],
							"uv": {
								"north": {"uv": [88, 0], "uv_size": [1, 1]},
								"east": {"uv": [76, 89], "uv_size": [0.5, 1]},
								"south": {"uv": [1, 88], "uv_size": [1, 1]},
								"west": {"uv": [89, 76], "uv_size": [0.5, 1]},
								"up": {"uv": [89, 77], "uv_size": [1, 0.5]},
								"down": {"uv": [89, 78.5], "uv_size": [1, -0.5]}
							}
						},
						{
							"origin": [0.8694, 20.87046, -1.9],
							"size": [0.15, 1.45, 1.3],
							"pivot": [1.0444, 21.14546, -1.375],
							"rotation": [0, 0, 157.5],
							"uv": {
								"north": {"uv": [88, 76], "uv_size": [0.5, 1.5]},
								"east": {"uv": [64, 84], "uv_size": [1.5, 1.5]},
								"south": {"uv": [77, 88], "uv_size": [0.5, 1.5]},
								"west": {"uv": [84, 64], "uv_size": [1.5, 1.5]},
								"up": {"uv": [78, 88], "uv_size": [0.5, 1.5]},
								"down": {"uv": [88, 79.5], "uv_size": [0.5, -1.5]}
							}
						},
						{
							"origin": [-1.625, 18.45, -11.65],
							"size": [3.25, 2, 8.35],
							"uv": {
								"north": {"uv": [76, 27], "uv_size": [3.5, 2]},
								"east": {"uv": [68, 16], "uv_size": [8.5, 2]},
								"south": {"uv": [76, 29], "uv_size": [3.5, 2]},
								"west": {"uv": [68, 18], "uv_size": [8.5, 2]},
								"up": {"uv": [58, 59], "uv_size": [3.5, 8.5]},
								"down": {"uv": [60, 20.5], "uv_size": [3.5, -8.5]}
							}
						},
						{
							"origin": [-1.625, 18.08775, -31.24533],
							"size": [3.25, 1, 28],
							"pivot": [0, 18.83775, -14.49533],
							"rotation": [-3, 0, 0],
							"uv": {
								"north": {"uv": [82, 24], "uv_size": [3.5, 1]},
								"east": {"uv": [36, 3], "uv_size": [28, 1]},
								"south": {"uv": [82, 25], "uv_size": [3.5, 1]},
								"west": {"uv": [52, 47], "uv_size": [28, 1]},
								"up": {"uv": [40, 12], "uv_size": [3.5, 28]},
								"down": {"uv": [40, 68], "uv_size": [3.5, -28]}
							}
						},
						{
							"origin": [0.625, 20.45, -11.65],
							"size": [1, 0.55, 9.7],
							"uv": {
								"north": {"uv": [54, 89], "uv_size": [1, 0.5]},
								"east": {"uv": [77, 26], "uv_size": [9.5, 0.5]},
								"south": {"uv": [89, 54], "uv_size": [1, 0.5]},
								"west": {"uv": [79, 2], "uv_size": [9.5, 0.5]},
								"up": {"uv": [57, 71], "uv_size": [1, 9.5]},
								"down": {"uv": [73, 82.5], "uv_size": [1, -9.5]}
							}
						},
						{
							"origin": [-1.625, 20.45, -11.65],
							"size": [1, 0.55, 9.7],
							"uv": {
								"north": {"uv": [68, 89], "uv_size": [1, 0.5]},
								"east": {"uv": [44, 79], "uv_size": [9.5, 0.5]},
								"south": {"uv": [69, 89], "uv_size": [1, 0.5]},
								"west": {"uv": [79, 44], "uv_size": [9.5, 0.5]},
								"up": {"uv": [22, 74], "uv_size": [1, 9.5]},
								"down": {"uv": [23, 83.5], "uv_size": [1, -9.5]}
							}
						},
						{
							"origin": [-1.625, 18.95, -31.3],
							"size": [3.25, 2.75, 15.15],
							"uv": {
								"north": {"uv": [72, 64], "uv_size": [3.5, 3]},
								"east": {"uv": [52, 44], "uv_size": [15, 3]},
								"south": {"uv": [69, 72], "uv_size": [3.5, 3]},
								"west": {"uv": [56, 0], "uv_size": [15, 3]},
								"up": {"uv": [44, 52], "uv_size": [3.5, 15]},
								"down": {"uv": [54, 66], "uv_size": [3.5, -15]}
							}
						},
						{
							"origin": [-1.625, 20.79816, -31.36005],
							"size": [3.25, 1.25, 15.25],
							"pivot": [0, 20.54816, -18.11005],
							"rotation": [1.5, 0, 0],
							"uv": {
								"north": {"uv": [5, 78], "uv_size": [3.5, 1.5]},
								"east": {"uv": [13, 64], "uv_size": [15.5, 1.5]},
								"south": {"uv": [78, 40], "uv_size": [3.5, 1.5]},
								"west": {"uv": [64, 14], "uv_size": [15.5, 1.5]},
								"up": {"uv": [52, 12], "uv_size": [3.5, 15.5]},
								"down": {"uv": [52, 43.5], "uv_size": [3.5, -15.5]}
							}
						},
						{
							"origin": [0.25787, 22.40584, -31.33961],
							"size": [0.85, 0.75, 15.2],
							"pivot": [0.43287, 22.78084, -14.88961],
							"rotation": [1.38587, -0.57397, 22.49306],
							"uv": {
								"north": {"uv": [85, 87], "uv_size": [1, 1]},
								"east": {"uv": [68, 62], "uv_size": [15, 1]},
								"south": {"uv": [87, 85], "uv_size": [1, 1]},
								"west": {"uv": [68, 63], "uv_size": [15, 1]},
								"up": {"uv": [67, 68], "uv_size": [1, 15]},
								"down": {"uv": [68, 83], "uv_size": [1, -15]}
							}
						},
						{
							"origin": [0.85424, 21.77025, -31.32951],
							"size": [0.85, 0.75, 15.2],
							"pivot": [1.32924, 22.39525, -14.87951],
							"rotation": [0.75013, -1.299, 59.9915],
							"uv": {
								"north": {"uv": [84, 87], "uv_size": [1, 1]},
								"east": {"uv": [68, 60], "uv_size": [15, 1]},
								"south": {"uv": [87, 84], "uv_size": [1, 1]},
								"west": {"uv": [68, 61], "uv_size": [15, 1]},
								"up": {"uv": [61, 68], "uv_size": [1, 15]},
								"down": {"uv": [66, 83], "uv_size": [1, -15]}
							}
						},
						{
							"origin": [-1.92484, 22.11654, -31.33858],
							"size": [0.85, 0.75, 15.2],
							"pivot": [-1.14984, 22.74154, -14.88858],
							"rotation": [0.75013, 1.299, -59.9915],
							"uv": {
								"north": {"uv": [87, 82], "uv_size": [1, 1]},
								"east": {"uv": [68, 50], "uv_size": [15, 1]},
								"south": {"uv": [87, 83], "uv_size": [1, 1]},
								"west": {"uv": [68, 59], "uv_size": [15, 1]},
								"up": {"uv": [59, 68], "uv_size": [1, 15]},
								"down": {"uv": [60, 83], "uv_size": [1, -15]}
							}
						},
						{
							"origin": [-1.09041, 22.21456, -31.3346],
							"size": [0.85, 0.75, 15.2],
							"pivot": [-0.91541, 22.58956, -14.8846],
							"rotation": [1.38587, 0.57397, -22.49306],
							"uv": {
								"north": {"uv": [87, 81], "uv_size": [1, 1]},
								"east": {"uv": [68, 48], "uv_size": [15, 1]},
								"south": {"uv": [82, 87], "uv_size": [1, 1]},
								"west": {"uv": [68, 49], "uv_size": [15, 1]},
								"up": {"uv": [19, 67], "uv_size": [1, 15]},
								"down": {"uv": [58, 83], "uv_size": [1, -15]}
							}
						},
						{
							"origin": [-0.4353, 22.44425, -31.34061],
							"size": [0.85, 0.75, 15.2],
							"pivot": [0.0897, 22.81925, -14.89061],
							"rotation": [1.5, 0, 0],
							"uv": {
								"north": {"uv": [87, 80], "uv_size": [1, 1]},
								"east": {"uv": [67, 46], "uv_size": [15, 1]},
								"south": {"uv": [81, 87], "uv_size": [1, 1]},
								"west": {"uv": [68, 33], "uv_size": [15, 1]},
								"up": {"uv": [28, 66], "uv_size": [1, 15]},
								"down": {"uv": [18, 82], "uv_size": [1, -15]}
							}
						},
						{
							"origin": [-0.4353, 22.4114, -16.15],
							"size": [0.85, 0.75, 4.5],
							"uv": {
								"north": {"uv": [62, 87], "uv_size": [1, 1]},
								"east": {"uv": [80, 14], "uv_size": [4.5, 1]},
								"south": {"uv": [63, 87], "uv_size": [1, 1]},
								"west": {"uv": [80, 15], "uv_size": [4.5, 1]},
								"up": {"uv": [8, 80], "uv_size": [1, 4.5]},
								"down": {"uv": [80, 22.5], "uv_size": [1, -4.5]}
							}
						},
						{
							"origin": [-1.06981, 22.18164, -16.15],
							"size": [0.85, 0.75, 4.5],
							"pivot": [-0.89481, 22.55664, -10.9],
							"rotation": [0, 0, -22.5],
							"uv": {
								"north": {"uv": [61, 87], "uv_size": [1, 1]},
								"east": {"uv": [79, 65], "uv_size": [4.5, 1]},
								"south": {"uv": [87, 61], "uv_size": [1, 1]},
								"west": {"uv": [1, 80], "uv_size": [4.5, 1]},
								"up": {"uv": [6, 80], "uv_size": [1, 4.5]},
								"down": {"uv": [7, 84.5], "uv_size": [1, -4.5]}
							}
						},
						{
							"origin": [-1.90425, 22.08367, -16.15],
							"size": [0.85, 0.75, 4.5],
							"pivot": [-1.12925, 22.70867, -10.9],
							"rotation": [0, 0, -60],
							"uv": {
								"north": {"uv": [60, 87], "uv_size": [1, 1]},
								"east": {"uv": [79, 58], "uv_size": [4.5, 1]},
								"south": {"uv": [87, 60], "uv_size": [1, 1]},
								"west": {"uv": [79, 64], "uv_size": [4.5, 1]},
								"up": {"uv": [71, 79], "uv_size": [1, 4.5]},
								"down": {"uv": [72, 83.5], "uv_size": [1, -4.5]}
							}
						},
						{
							"origin": [0.85425, 21.73726, -16.15],
							"size": [0.85, 0.75, 4.5],
							"pivot": [1.32925, 22.36226, -10.9],
							"rotation": [0, 0, 60],
							"uv": {
								"north": {"uv": [59, 87], "uv_size": [1, 1]},
								"east": {"uv": [79, 56], "uv_size": [4.5, 1]},
								"south": {"uv": [87, 59], "uv_size": [1, 1]},
								"west": {"uv": [79, 57], "uv_size": [4.5, 1]},
								"up": {"uv": [69, 79], "uv_size": [1, 4.5]},
								"down": {"uv": [70, 83.5], "uv_size": [1, -4.5]}
							}
						},
						{
							"origin": [0.25788, 22.37298, -16.15],
							"size": [0.85, 0.75, 4.5],
							"pivot": [0.43288, 22.74798, -10.9],
							"rotation": [0, 0, 22.5],
							"uv": {
								"north": {"uv": [58, 87], "uv_size": [1, 1]},
								"east": {"uv": [79, 45], "uv_size": [4.5, 1]},
								"south": {"uv": [87, 58], "uv_size": [1, 1]},
								"west": {"uv": [79, 55], "uv_size": [4.5, 1]},
								"up": {"uv": [55, 77], "uv_size": [1, 4.5]},
								"down": {"uv": [54, 83.5], "uv_size": [1, -4.5]}
							}
						},
						{
							"origin": [-1.625, 18.6, -16.15],
							"size": [3.25, 3.5, 4.5],
							"uv": {
								"north": {"uv": [13, 71], "uv_size": [3.5, 3.5]},
								"east": {"uv": [13, 67], "uv_size": [4.5, 3.5]},
								"south": {"uv": [52, 71], "uv_size": [3.5, 3.5]},
								"west": {"uv": [68, 24], "uv_size": [4.5, 3.5]},
								"up": {"uv": [54, 66], "uv_size": [3.5, 4.5]},
								"down": {"uv": [44, 71.5], "uv_size": [3.5, -4.5]}
							}
						},
						{
							"origin": [-1.425, 19.75, -50.55],
							"size": [2.85, 1.95, 19.25],
							"uv": {
								"north": {"uv": [9, 77], "uv_size": [3, 2]},
								"east": {"uv": [58, 51], "uv_size": [19, 2]},
								"south": {"uv": [12, 77], "uv_size": [3, 2]},
								"west": {"uv": [58, 53], "uv_size": [19, 2]},
								"up": {"uv": [48, 51], "uv_size": [3, 19]},
								"down": {"uv": [51, 70], "uv_size": [3, -19]}
							}
						},
						{
							"origin": [-1.525, 20.35, -35.6],
							"size": [3.05, 0.35, 4.3],
							"uv": {
								"north": {"uv": [83, 85], "uv_size": [3, 0.5]},
								"east": {"uv": [84, 11], "uv_size": [4.5, 0.5]},
								"south": {"uv": [0, 86], "uv_size": [3, 0.5]},
								"west": {"uv": [84, 36], "uv_size": [4.5, 0.5]},
								"up": {"uv": [22, 69], "uv_size": [3, 4.5]},
								"down": {"uv": [25, 73.5], "uv_size": [3, -4.5]}
							}
						},
						{
							"origin": [-0.675, 19, -50.55],
							"size": [1.35, 0.75, 19.25],
							"uv": {
								"north": {"uv": [31, 86], "uv_size": [1.5, 1]},
								"east": {"uv": [65, 9], "uv_size": [19, 1]},
								"south": {"uv": [86, 32], "uv_size": [1.5, 1]},
								"west": {"uv": [65, 10], "uv_size": [19, 1]},
								"up": {"uv": [34, 63], "uv_size": [1.5, 19]},
								"down": {"uv": [36, 82], "uv_size": [1.5, -19]}
							}
						},
						{
							"origin": [-1.00398, 19.01642, -50.55],
							"size": [1.05, 0.75, 19.25],
							"pivot": [-0.32898, 19.89142, -34.05],
							"rotation": [0, 0, 45],
							"uv": {
								"north": {"uv": [87, 76], "uv_size": [1, 1]},
								"east": {"uv": [65, 7], "uv_size": [19, 1]},
								"south": {"uv": [77, 87], "uv_size": [1, 1]},
								"west": {"uv": [65, 8], "uv_size": [19, 1]},
								"up": {"uv": [65, 65], "uv_size": [1, 19]},
								"down": {"uv": [0, 85], "uv_size": [1, -19]}
							}
						},
						{
							"origin": [-0.04602, 19.01642, -50.55],
							"size": [1.05, 0.75, 19.25],
							"pivot": [0.32898, 19.89142, -34.05],
							"rotation": [0, 0, -45],
							"uv": {
								"north": {"uv": [87, 77], "uv_size": [1, 1]},
								"east": {"uv": [65, 11], "uv_size": [19, 1]},
								"south": {"uv": [78, 87], "uv_size": [1, 1]},
								"west": {"uv": [1, 66], "uv_size": [19, 1]},
								"up": {"uv": [20, 66], "uv_size": [1, 19]},
								"down": {"uv": [21, 85], "uv_size": [1, -19]}
							}
						},
						{
							"origin": [0.25607, 21.4386, -50.55],
							"size": [1.05, 0.75, 19.25],
							"pivot": [0.78107, 21.8136, -36.925],
							"rotation": [0, 0, 45],
							"uv": {
								"north": {"uv": [87, 46], "uv_size": [1, 1]},
								"east": {"uv": [65, 5], "uv_size": [19, 1]},
								"south": {"uv": [47, 87], "uv_size": [1, 1]},
								"west": {"uv": [65, 6], "uv_size": [19, 1]},
								"up": {"uv": [31, 64], "uv_size": [1, 19]},
								"down": {"uv": [64, 84], "uv_size": [1, -19]}
							}
						},
						{
							"origin": [-0.675, 21.7, -50.55],
							"size": [1.35, 0.75, 19.25],
							"uv": {
								"north": {"uv": [86, 0], "uv_size": [1.5, 1]},
								"east": {"uv": [64, 36], "uv_size": [19, 1]},
								"south": {"uv": [86, 1], "uv_size": [1.5, 1]},
								"west": {"uv": [65, 4], "uv_size": [19, 1]},
								"up": {"uv": [62, 59], "uv_size": [1.5, 19]},
								"down": {"uv": [32, 82], "uv_size": [1.5, -19]}
							}
						},
						{
							"origin": [-1.30607, 21.4386, -50.55],
							"size": [1.05, 0.75, 19.25],
							"pivot": [-0.78107, 21.8136, -36.925],
							"rotation": [0, 0, -45],
							"uv": {
								"north": {"uv": [45, 87], "uv_size": [1, 1]},
								"east": {"uv": [64, 34], "uv_size": [19, 1]},
								"south": {"uv": [46, 87], "uv_size": [1, 1]},
								"west": {"uv": [64, 35], "uv_size": [19, 1]},
								"up": {"uv": [29, 64], "uv_size": [1, 19]},
								"down": {"uv": [30, 83], "uv_size": [1, -19]}
							}
						},
						{
							"origin": [-1.64142, 21.6068, -51.55],
							"size": [1.05, 0.75, 1],
							"pivot": [-0.91642, 22.2318, -57.1],
							"rotation": [0, 0, -45],
							"uv": {
								"north": {"uv": [2, 87], "uv_size": [1, 1]},
								"east": {"uv": [3, 87], "uv_size": [1, 1]},
								"south": {"uv": [4, 87], "uv_size": [1, 1]},
								"west": {"uv": [5, 87], "uv_size": [1, 1]},
								"up": {"uv": [6, 87], "uv_size": [1, 1]},
								"down": {"uv": [10, 88], "uv_size": [1, -1]}
							}
						},
						{
							"origin": [-1.4136, 19.21893, -51.55],
							"size": [1.05, 0.75, 1],
							"pivot": [-0.8886, 19.59393, -53.6],
							"rotation": [0, 0, -135],
							"uv": {
								"north": {"uv": [87, 71], "uv_size": [1, 1]},
								"east": {"uv": [73, 87], "uv_size": [1, 1]},
								"south": {"uv": [87, 73], "uv_size": [1, 1]},
								"west": {"uv": [87, 74], "uv_size": [1, 1]},
								"up": {"uv": [87, 75], "uv_size": [1, 1]},
								"down": {"uv": [76, 88], "uv_size": [1, -1]}
							}
						},
						{
							"origin": [-0.775, 18.95, -51.55],
							"size": [1.55, 0.75, 1],
							"uv": {
								"north": {"uv": [86, 24], "uv_size": [1.5, 1]},
								"east": {"uv": [70, 87], "uv_size": [1, 1]},
								"south": {"uv": [86, 25], "uv_size": [1.5, 1]},
								"west": {"uv": [87, 70], "uv_size": [1, 1]},
								"up": {"uv": [26, 86], "uv_size": [1.5, 1]},
								"down": {"uv": [29, 87], "uv_size": [1.5, -1]}
							}
						},
						{
							"origin": [0.3636, 19.21893, -51.55],
							"size": [1.05, 0.75, 1],
							"pivot": [0.8886, 19.59393, -53.6],
							"rotation": [0, 0, 135],
							"uv": {
								"north": {"uv": [67, 87], "uv_size": [1, 1]},
								"east": {"uv": [87, 67], "uv_size": [1, 1]},
								"south": {"uv": [68, 87], "uv_size": [1, 1]},
								"west": {"uv": [87, 68], "uv_size": [1, 1]},
								"up": {"uv": [69, 87], "uv_size": [1, 1]},
								"down": {"uv": [87, 70], "uv_size": [1, -1]}
							}
						},
						{
							"origin": [0.47426, 21.32396, -51.55],
							"size": [1.05, 0.75, 1],
							"pivot": [1.19926, 21.94896, -57.1],
							"rotation": [0, 0, 45],
							"uv": {
								"north": {"uv": [86, 84], "uv_size": [1, 1]},
								"east": {"uv": [85, 86], "uv_size": [1, 1]},
								"south": {"uv": [86, 85], "uv_size": [1, 1]},
								"west": {"uv": [86, 86], "uv_size": [1, 1]},
								"up": {"uv": [0, 87], "uv_size": [1, 1]},
								"down": {"uv": [1, 88], "uv_size": [1, -1]}
							}
						},
						{
							"origin": [-0.775, 21.8, -51.55],
							"size": [1.55, 0.75, 1],
							"uv": {
								"north": {"uv": [84, 80], "uv_size": [1.5, 1]},
								"east": {"uv": [86, 83], "uv_size": [1, 1]},
								"south": {"uv": [82, 84], "uv_size": [1.5, 1]},
								"west": {"uv": [84, 86], "uv_size": [1, 1]},
								"up": {"uv": [84, 84], "uv_size": [1.5, 1]},
								"down": {"uv": [0, 86], "uv_size": [1.5, -1]}
							}
						},
						{
							"origin": [-1.525, 19.7, -51.55],
							"size": [3.05, 2.1, 1],
							"uv": {
								"north": {"uv": [76, 64], "uv_size": [3, 2]},
								"east": {"uv": [67, 84], "uv_size": [1, 2]},
								"south": {"uv": [74, 76], "uv_size": [3, 2]},
								"west": {"uv": [68, 84], "uv_size": [1, 2]},
								"up": {"uv": [73, 27], "uv_size": [3, 1]},
								"down": {"uv": [82, 47], "uv_size": [3, -1]}
							}
						},
						{
							"origin": [-1.525, 19.7, -54.55],
							"size": [3.05, 1.95, 3],
							"uv": {
								"north": {"uv": [77, 18], "uv_size": [3, 2]},
								"east": {"uv": [77, 24], "uv_size": [3, 2]},
								"south": {"uv": [77, 38], "uv_size": [3, 2]},
								"west": {"uv": [44, 77], "uv_size": [3, 2]},
								"up": {"uv": [24, 74], "uv_size": [3, 3]},
								"down": {"uv": [74, 41], "uv_size": [3, -3]}
							}
						},
						{
							"origin": [-0.775, 21.65, -54.55],
							"size": [1.55, 0.75, 3],
							"uv": {
								"north": {"uv": [86, 18], "uv_size": [1.5, 1]},
								"east": {"uv": [83, 63], "uv_size": [3, 1]},
								"south": {"uv": [19, 86], "uv_size": [1.5, 1]},
								"west": {"uv": [66, 83], "uv_size": [3, 1]},
								"up": {"uv": [80, 23], "uv_size": [1.5, 3]},
								"down": {"uv": [26, 83], "uv_size": [1.5, -3]}
							}
						},
						{
							"origin": [0.47426, 21.17396, -54.55],
							"size": [1.05, 0.75, 3],
							"pivot": [1.19926, 21.79896, -58.1],
							"rotation": [0, 0, 45],
							"uv": {
								"north": {"uv": [87, 64], "uv_size": [1, 1]},
								"east": {"uv": [58, 83], "uv_size": [3, 1]},
								"south": {"uv": [65, 87], "uv_size": [1, 1]},
								"west": {"uv": [83, 59], "uv_size": [3, 1]},
								"up": {"uv": [83, 60], "uv_size": [1, 3]},
								"down": {"uv": [61, 86], "uv_size": [1, -3]}
							}
						},
						{
							"origin": [0.3636, 19.21893, -54.55],
							"size": [1.05, 0.75, 3],
							"pivot": [0.8886, 19.59393, -54.6],
							"rotation": [0, 0, 135],
							"uv": {
								"north": {"uv": [87, 79], "uv_size": [1, 1]},
								"east": {"uv": [83, 82], "uv_size": [3, 1]},
								"south": {"uv": [80, 87], "uv_size": [1, 1]},
								"west": {"uv": [83, 83], "uv_size": [3, 1]},
								"up": {"uv": [73, 83], "uv_size": [1, 3]},
								"down": {"uv": [84, 7], "uv_size": [1, -3]}
							}
						},
						{
							"origin": [-0.775, 18.95, -54.55],
							"size": [1.55, 0.75, 3],
							"uv": {
								"north": {"uv": [33, 86], "uv_size": [1.5, 1]},
								"east": {"uv": [83, 74], "uv_size": [3, 1]},
								"south": {"uv": [86, 33], "uv_size": [1.5, 1]},
								"west": {"uv": [83, 81], "uv_size": [3, 1]},
								"up": {"uv": [46, 80], "uv_size": [1.5, 3]},
								"down": {"uv": [48, 83], "uv_size": [1.5, -3]}
							}
						},
						{
							"origin": [-1.4136, 19.21893, -54.55],
							"size": [1.05, 0.75, 3],
							"pivot": [-0.8886, 19.59393, -54.6],
							"rotation": [0, 0, -135],
							"uv": {
								"north": {"uv": [87, 78], "uv_size": [1, 1]},
								"east": {"uv": [83, 66], "uv_size": [3, 1]},
								"south": {"uv": [79, 87], "uv_size": [1, 1]},
								"west": {"uv": [83, 67], "uv_size": [3, 1]},
								"up": {"uv": [83, 68], "uv_size": [1, 3]},
								"down": {"uv": [83, 74], "uv_size": [1, -3]}
							}
						},
						{
							"origin": [-1.64142, 21.4568, -54.55],
							"size": [1.05, 0.75, 3],
							"pivot": [-0.91642, 22.0818, -58.1],
							"rotation": [0, 0, -45],
							"uv": {
								"north": {"uv": [87, 63], "uv_size": [1, 1]},
								"east": {"uv": [83, 1], "uv_size": [3, 1]},
								"south": {"uv": [64, 87], "uv_size": [1, 1]},
								"west": {"uv": [47, 83], "uv_size": [3, 1]},
								"up": {"uv": [83, 48], "uv_size": [1, 3]},
								"down": {"uv": [56, 86], "uv_size": [1, -3]}
							}
						},
						{
							"origin": [0.79423, 18.98076, -32.55],
							"size": [0.9, 2.8, 1.25],
							"uv": {
								"north": {"uv": [26, 83], "uv_size": [1, 3]},
								"east": {"uv": [27, 83], "uv_size": [1, 3]},
								"south": {"uv": [29, 83], "uv_size": [1, 3]},
								"west": {"uv": [30, 83], "uv_size": [1, 3]},
								"up": {"uv": [87, 28], "uv_size": [1, 1]},
								"down": {"uv": [29, 88], "uv_size": [1, -1]}
							}
						},
						{
							"origin": [-1.69424, 18.98076, -32.55],
							"size": [0.9, 2.8, 1.25],
							"uv": {
								"north": {"uv": [31, 83], "uv_size": [1, 3]},
								"east": {"uv": [83, 31], "uv_size": [1, 3]},
								"south": {"uv": [83, 34], "uv_size": [1, 3]},
								"west": {"uv": [46, 83], "uv_size": [1, 3]},
								"up": {"uv": [87, 29], "uv_size": [1, 1]},
								"down": {"uv": [30, 88], "uv_size": [1, -1]}
							}
						},
						{
							"origin": [-0.775, 21.95, -32.55],
							"size": [1.55, 0.75, 1.25],
							"uv": {
								"north": {"uv": [85, 46], "uv_size": [1.5, 1]},
								"east": {"uv": [27, 87], "uv_size": [1, 1]},
								"south": {"uv": [85, 68], "uv_size": [1.5, 1]},
								"west": {"uv": [87, 27], "uv_size": [1, 1]},
								"up": {"uv": [85, 69], "uv_size": [1.5, 1]},
								"down": {"uv": [85, 71], "uv_size": [1.5, -1]}
							}
						},
						{
							"origin": [0.47426, 21.47396, -32.55],
							"size": [1.3, 0.75, 1.25],
							"pivot": [1.19926, 22.09896, -36.5],
							"rotation": [0, 0, 45],
							"uv": {
								"north": {"uv": [85, 30], "uv_size": [1.5, 1]},
								"east": {"uv": [26, 87], "uv_size": [1, 1]},
								"south": {"uv": [85, 31], "uv_size": [1.5, 1]},
								"west": {"uv": [87, 26], "uv_size": [1, 1]},
								"up": {"uv": [85, 37], "uv_size": [1.5, 1]},
								"down": {"uv": [44, 86], "uv_size": [1.5, -1]}
							}
						},
						{
							"origin": [-0.80577, 18.98076, -32.55],
							"size": [1.6, 0.75, 1.25],
							"uv": {
								"north": {"uv": [85, 22], "uv_size": [1.5, 1]},
								"east": {"uv": [24, 87], "uv_size": [1, 1]},
								"south": {"uv": [85, 27], "uv_size": [1.5, 1]},
								"west": {"uv": [25, 87], "uv_size": [1, 1]},
								"up": {"uv": [85, 28], "uv_size": [1.5, 1]},
								"down": {"uv": [85, 30], "uv_size": [1.5, -1]}
							}
						},
						{
							"origin": [-0.80577, 18.33076, -32.2],
							"size": [1.6, 0.65, 0.55],
							"uv": {
								"north": {"uv": [65, 88], "uv_size": [1.5, 0.5]},
								"east": {"uv": [40, 90], "uv_size": [0.5, 0.5]},
								"south": {"uv": [88, 65], "uv_size": [1.5, 0.5]},
								"west": {"uv": [90, 40], "uv_size": [0.5, 0.5]},
								"up": {"uv": [88, 66], "uv_size": [1.5, 0.5]},
								"down": {"uv": [67, 88.5], "uv_size": [1.5, -0.5]}
							}
						},
						{
							"origin": [-1.30577, 17.93076, -32],
							"size": [2.6, 0.25, 0.15],
							"uv": {
								"north": {"uv": [86, 45], "uv_size": [2.5, 0.5]},
								"east": {"uv": [41, 90], "uv_size": [0.5, 0.5]},
								"south": {"uv": [46, 86], "uv_size": [2.5, 0.5]},
								"west": {"uv": [90, 41], "uv_size": [0.5, 0.5]},
								"up": {"uv": [86, 47], "uv_size": [2.5, 0.5]},
								"down": {"uv": [86, 48.5], "uv_size": [2.5, -0.5]}
							}
						},
						{
							"origin": [-0.30577, 18.18076, -32],
							"size": [0.6, 0.25, 0.15],
							"uv": {
								"north": {"uv": [49, 90], "uv_size": [0.5, 0.5]},
								"east": {"uv": [90, 49], "uv_size": [0.5, 0.5]},
								"south": {"uv": [50, 90], "uv_size": [0.5, 0.5]},
								"west": {"uv": [90, 50], "uv_size": [0.5, 0.5]},
								"up": {"uv": [51, 90], "uv_size": [0.5, 0.5]},
								"down": {"uv": [90, 51.5], "uv_size": [0.5, -0.5]}
							}
						},
						{
							"origin": [-1.30577, 17.03076, -32],
							"size": [2.6, 0.25, 0.15],
							"uv": {
								"north": {"uv": [49, 86], "uv_size": [2.5, 0.5]},
								"east": {"uv": [42, 90], "uv_size": [0.5, 0.5]},
								"south": {"uv": [86, 49], "uv_size": [2.5, 0.5]},
								"west": {"uv": [90, 42], "uv_size": [0.5, 0.5]},
								"up": {"uv": [86, 50], "uv_size": [2.5, 0.5]},
								"down": {"uv": [86, 51.5], "uv_size": [2.5, -0.5]}
							}
						},
						{
							"origin": [-1.30577, 17.28076, -32],
							"size": [0.25, 0.65, 0.15],
							"uv": {
								"north": {"uv": [43, 90], "uv_size": [0.5, 0.5]},
								"east": {"uv": [90, 43], "uv_size": [0.5, 0.5]},
								"south": {"uv": [44, 90], "uv_size": [0.5, 0.5]},
								"west": {"uv": [90, 44], "uv_size": [0.5, 0.5]},
								"up": {"uv": [45, 90], "uv_size": [0.5, 0.5]},
								"down": {"uv": [90, 45.5], "uv_size": [0.5, -0.5]}
							}
						},
						{
							"origin": [1.04423, 17.28076, -32],
							"size": [0.25, 0.65, 0.15],
							"uv": {
								"north": {"uv": [46, 90], "uv_size": [0.5, 0.5]},
								"east": {"uv": [90, 46], "uv_size": [0.5, 0.5]},
								"south": {"uv": [47, 90], "uv_size": [0.5, 0.5]},
								"west": {"uv": [90, 47], "uv_size": [0.5, 0.5]},
								"up": {"uv": [48, 90], "uv_size": [0.5, 0.5]},
								"down": {"uv": [90, 48.5], "uv_size": [0.5, -0.5]}
							}
						},
						{
							"origin": [-0.80577, 7.33076, 25.8],
							"size": [1.6, 0.65, 0.55],
							"uv": {
								"north": {"uv": [88, 67], "uv_size": [1.5, 0.5]},
								"east": {"uv": [63, 90], "uv_size": [0.5, 0.5]},
								"south": {"uv": [88, 68], "uv_size": [1.5, 0.5]},
								"west": {"uv": [90, 63], "uv_size": [0.5, 0.5]},
								"up": {"uv": [69, 88], "uv_size": [1.5, 0.5]},
								"down": {"uv": [88, 69.5], "uv_size": [1.5, -0.5]}
							}
						},
						{
							"origin": [-1.30577, 6.93076, 26],
							"size": [2.6, 0.25, 0.15],
							"uv": {
								"north": {"uv": [86, 55], "uv_size": [2.5, 0.5]},
								"east": {"uv": [62, 90], "uv_size": [0.5, 0.5]},
								"south": {"uv": [86, 56], "uv_size": [2.5, 0.5]},
								"west": {"uv": [90, 62], "uv_size": [0.5, 0.5]},
								"up": {"uv": [86, 57], "uv_size": [2.5, 0.5]},
								"down": {"uv": [58, 86.5], "uv_size": [2.5, -0.5]}
							}
						},
						{
							"origin": [-1.30577, 6.03076, 26],
							"size": [2.6, 0.25, 0.15],
							"uv": {
								"north": {"uv": [52, 86], "uv_size": [2.5, 0.5]},
								"east": {"uv": [61, 90], "uv_size": [0.5, 0.5]},
								"south": {"uv": [86, 52], "uv_size": [2.5, 0.5]},
								"west": {"uv": [90, 61], "uv_size": [0.5, 0.5]},
								"up": {"uv": [86, 53], "uv_size": [2.5, 0.5]},
								"down": {"uv": [86, 54.5], "uv_size": [2.5, -0.5]}
							}
						},
						{
							"origin": [-1.30577, 6.28076, 26],
							"size": [0.25, 0.65, 0.15],
							"uv": {
								"north": {"uv": [58, 90], "uv_size": [0.5, 0.5]},
								"east": {"uv": [90, 58], "uv_size": [0.5, 0.5]},
								"south": {"uv": [59, 90], "uv_size": [0.5, 0.5]},
								"west": {"uv": [90, 59], "uv_size": [0.5, 0.5]},
								"up": {"uv": [60, 90], "uv_size": [0.5, 0.5]},
								"down": {"uv": [90, 60.5], "uv_size": [0.5, -0.5]}
							}
						},
						{
							"origin": [1.04423, 6.28076, 26],
							"size": [0.25, 0.65, 0.15],
							"uv": {
								"north": {"uv": [55, 90], "uv_size": [0.5, 0.5]},
								"east": {"uv": [90, 55], "uv_size": [0.5, 0.5]},
								"south": {"uv": [56, 90], "uv_size": [0.5, 0.5]},
								"west": {"uv": [90, 56], "uv_size": [0.5, 0.5]},
								"up": {"uv": [57, 90], "uv_size": [0.5, 0.5]},
								"down": {"uv": [90, 57.5], "uv_size": [0.5, -0.5]}
							}
						},
						{
							"origin": [-0.30577, 7.18076, 26],
							"size": [0.6, 0.25, 0.15],
							"uv": {
								"north": {"uv": [52, 90], "uv_size": [0.5, 0.5]},
								"east": {"uv": [90, 52], "uv_size": [0.5, 0.5]},
								"south": {"uv": [53, 90], "uv_size": [0.5, 0.5]},
								"west": {"uv": [90, 53], "uv_size": [0.5, 0.5]},
								"up": {"uv": [54, 90], "uv_size": [0.5, 0.5]},
								"down": {"uv": [90, 54.5], "uv_size": [0.5, -0.5]}
							}
						},
						{
							"origin": [-1.89142, 21.7568, -32.55],
							"size": [1.3, 0.75, 1.25],
							"pivot": [-0.91642, 22.3818, -36.5],
							"rotation": [0, 0, -45],
							"uv": {
								"north": {"uv": [85, 15], "uv_size": [1.5, 1]},
								"east": {"uv": [87, 22], "uv_size": [1, 1]},
								"south": {"uv": [19, 85], "uv_size": [1.5, 1]},
								"west": {"uv": [23, 87], "uv_size": [1, 1]},
								"up": {"uv": [85, 20], "uv_size": [1.5, 1]},
								"down": {"uv": [85, 22], "uv_size": [1.5, -1]}
							}
						},
						{
							"origin": [-0.6625, 16.12282, 2.11962],
							"size": [1.28, 1.675, 0.4625],
							"uv": {
								"north": {"uv": [32, 84], "uv_size": [1.5, 1.5]},
								"east": {"uv": [6, 88], "uv_size": [0.5, 1.5]},
								"south": {"uv": [84, 32], "uv_size": [1.5, 1.5]},
								"west": {"uv": [88, 7], "uv_size": [0.5, 1.5]},
								"up": {"uv": [8, 88], "uv_size": [1.5, 0.5]},
								"down": {"uv": [88, 9.5], "uv_size": [1.5, -0.5]}
							}
						},
						{
							"origin": [-0.6625, 16.34438, -1.85831],
							"size": [1.28, 1.925, 0.4625],
							"uv": {
								"north": {"uv": [32, 82], "uv_size": [1.5, 2]},
								"east": {"uv": [56, 86], "uv_size": [0.5, 2]},
								"south": {"uv": [34, 82], "uv_size": [1.5, 2]},
								"west": {"uv": [86, 58], "uv_size": [0.5, 2]},
								"up": {"uv": [88, 17], "uv_size": [1.5, 0.5]},
								"down": {"uv": [88, 18.5], "uv_size": [1.5, -0.5]}
							}
						},
						{
							"origin": [-0.6625, 16.44404, -1.10023],
							"size": [1.28, 0.675, 0.4625],
							"pivot": [2.8275, 14.26904, 1.03727],
							"rotation": [17.5, 0, 0],
							"uv": {
								"north": {"uv": [19, 88], "uv_size": [1.5, 0.5]},
								"east": {"uv": [9, 90], "uv_size": [0.5, 0.5]},
								"south": {"uv": [88, 20], "uv_size": [1.5, 0.5]},
								"west": {"uv": [90, 9], "uv_size": [0.5, 0.5]},
								"up": {"uv": [21, 88], "uv_size": [1.5, 0.5]},
								"down": {"uv": [88, 21.5], "uv_size": [1.5, -0.5]}
							}
						},
						{
							"origin": [-0.6625, 14.93185, 0.64263],
							"size": [1.28, 0.855, 0.4625],
							"pivot": [2.8275, 12.93685, 2.53013],
							"rotation": [-27.5, 0, 0],
							"uv": {
								"north": {"uv": [84, 73], "uv_size": [1.5, 1]},
								"east": {"uv": [21, 89], "uv_size": [0.5, 1]},
								"south": {"uv": [76, 84], "uv_size": [1.5, 1]},
								"west": {"uv": [22, 89], "uv_size": [0.5, 1]},
								"up": {"uv": [10, 88], "uv_size": [1.5, 0.5]},
								"down": {"uv": [88, 10.5], "uv_size": [1.5, -0.5]}
							}
						},
						{
							"origin": [-0.1625, 16.27308, 0.96933],
							"size": [0.28, 0.775, 0.4625],
							"pivot": [-0.0225, 16.86058, 1.20058],
							"rotation": [0, 0, 0],
							"uv": {
								"north": {"uv": [23, 89], "uv_size": [0.5, 1]},
								"east": {"uv": [89, 23], "uv_size": [0.5, 1]},
								"south": {"uv": [24, 89], "uv_size": [0.5, 1]},
								"west": {"uv": [25, 89], "uv_size": [0.5, 1]},
								"up": {"uv": [3, 90], "uv_size": [0.5, 0.5]},
								"down": {"uv": [90, 3.5], "uv_size": [0.5, -0.5]}
							}
						},
						{
							"origin": [-0.1625, 16.93389, 0.85778],
							"size": [0.28, 0.675, 0.4625],
							"pivot": [-0.0225, 17.27139, 1.08903],
							"rotation": [22.5, 0, 0],
							"uv": {
								"north": {"uv": [37, 90], "uv_size": [0.5, 0.5]},
								"east": {"uv": [90, 37], "uv_size": [0.5, 0.5]},
								"south": {"uv": [38, 90], "uv_size": [0.5, 0.5]},
								"west": {"uv": [90, 38], "uv_size": [0.5, 0.5]},
								"up": {"uv": [39, 90], "uv_size": [0.5, 0.5]},
								"down": {"uv": [90, 39.5], "uv_size": [0.5, -0.5]}
							}
						},
						{
							"origin": [-0.1625, 15.32067, -0.13412],
							"size": [0.28, 0.605, 0.4625],
							"pivot": [2.8275, 13.32567, 1.75338],
							"rotation": [-22.5, 0, 0],
							"uv": {
								"north": {"uv": [90, 4], "uv_size": [0.5, 0.5]},
								"east": {"uv": [90, 5], "uv_size": [0.5, 0.5]},
								"south": {"uv": [6, 90], "uv_size": [0.5, 0.5]},
								"west": {"uv": [90, 6], "uv_size": [0.5, 0.5]},
								"up": {"uv": [7, 90], "uv_size": [0.5, 0.5]},
								"down": {"uv": [8, 90.5], "uv_size": [0.5, -0.5]}
							}
						},
						{
							"origin": [-0.6625, 15.21939, 1.24498],
							"size": [1.28, 0.4625, 0.855],
							"pivot": [-0.0225, 15.57564, 1.67248],
							"rotation": [17.5, 0, 0],
							"uv": {
								"north": {"uv": [88, 12], "uv_size": [1.5, 0.5]},
								"east": {"uv": [89, 25], "uv_size": [1, 0.5]},
								"south": {"uv": [88, 13], "uv_size": [1.5, 0.5]},
								"west": {"uv": [26, 89], "uv_size": [1, 0.5]},
								"up": {"uv": [84, 76], "uv_size": [1.5, 1]},
								"down": {"uv": [84, 78], "uv_size": [1.5, -1]}
							}
						},
						{
							"origin": [-0.6625, 15.46297, -1.53914],
							"size": [1.28, 0.4625, 0.855],
							"pivot": [-0.0225, 15.81922, -1.11164],
							"rotation": [-27.5, 0, 0],
							"uv": {
								"north": {"uv": [88, 22], "uv_size": [1.5, 0.5]},
								"east": {"uv": [89, 26], "uv_size": [1, 0.5]},
								"south": {"uv": [23, 88], "uv_size": [1.5, 0.5]},
								"west": {"uv": [27, 89], "uv_size": [1, 0.5]},
								"up": {"uv": [78, 84], "uv_size": [1.5, 1]},
								"down": {"uv": [80, 85], "uv_size": [1.5, -1]}
							}
						},
						{
							"origin": [-0.6625, 15.13675, -0.86699],
							"size": [1.28, 0.42, 2.2775],
							"pivot": [-0.0225, 15.56425, 1.05426],
							"rotation": [-5, 0, 0],
							"uv": {
								"north": {"uv": [88, 14], "uv_size": [1.5, 0.5]},
								"east": {"uv": [86, 38], "uv_size": [2.5, 0.5]},
								"south": {"uv": [88, 16], "uv_size": [1.5, 0.5]},
								"west": {"uv": [86, 39], "uv_size": [2.5, 0.5]},
								"up": {"uv": [24, 81], "uv_size": [1.5, 2.5]},
								"down": {"uv": [40, 83.5], "uv_size": [1.5, -2.5]}
							}
						},
						{
							"origin": [-1.625, 17.81979, 5.16955],
							"size": [3.25, 4.6625, 1.425],
							"pivot": [2.8275, 19.24479, 12.29455],
							"rotation": [45, 0, 0],
							"uv": {
								"north": {"uv": [68, 28], "uv_size": [3.5, 4.5]},
								"east": {"uv": [40, 76], "uv_size": [1.5, 4.5]},
								"south": {"uv": [40, 68], "uv_size": [3.5, 4.5]},
								"west": {"uv": [42, 76], "uv_size": [1.5, 4.5]},
								"up": {"uv": [74, 78], "uv_size": [3.5, 1.5]},
								"down": {"uv": [78, 75.5], "uv_size": [3.5, -1.5]}
							}
						},
						{
							"origin": [-1.6225, 14.68988, 15.63917],
							"size": [3.25, 2.3, 17.9],
							"uv": {
								"north": {"uv": [74, 41], "uv_size": [3.5, 2.5]},
								"east": {"uv": [56, 38], "uv_size": [18, 2.5]},
								"south": {"uv": [48, 74], "uv_size": [3.5, 2.5]},
								"west": {"uv": [56, 41], "uv_size": [18, 2.5]},
								"up": {"uv": [32, 45], "uv_size": [3.5, 18]},
								"down": {"uv": [36, 63], "uv_size": [3.5, -18]}
							}
						},
						{
							"origin": [-1.6225, 14.56654, 12.96788],
							"size": [3.25, 2.8, 20.15],
							"pivot": [0.0025, 15.96654, 28.41788],
							"rotation": [-5, 0, 0],
							"uv": {
								"north": {"uv": [73, 24], "uv_size": [3.5, 3]},
								"east": {"uv": [36, 0], "uv_size": [20, 3]},
								"south": {"uv": [40, 73], "uv_size": [3.5, 3]},
								"west": {"uv": [48, 48], "uv_size": [20, 3]},
								"up": {"uv": [44, 12], "uv_size": [3.5, 20]},
								"down": {"uv": [44, 52], "uv_size": [3.5, -20]}
							}
						},
						{
							"origin": [-1.6225, 12.68988, 15.83917],
							"size": [3.25, 2, 17.7],
							"uv": {
								"north": {"uv": [72, 31], "uv_size": [3.5, 2]},
								"east": {"uv": [58, 55], "uv_size": [17.5, 2]},
								"south": {"uv": [9, 75], "uv_size": [3.5, 2]},
								"west": {"uv": [58, 57], "uv_size": [17.5, 2]},
								"up": {"uv": [48, 12], "uv_size": [3.5, 17.5]},
								"down": {"uv": [48, 47.5], "uv_size": [3.5, -17.5]}
							}
						},
						{
							"origin": [-1.6225, 10.68988, 20.58917],
							"size": [3.25, 2, 12.95],
							"uv": {
								"north": {"uv": [13, 75], "uv_size": [3.5, 2]},
								"east": {"uv": [0, 64], "uv_size": [13, 2]},
								"south": {"uv": [44, 75], "uv_size": [3.5, 2]},
								"west": {"uv": [64, 12], "uv_size": [13, 2]},
								"up": {"uv": [56, 12], "uv_size": [3.5, 13]},
								"down": {"uv": [56, 38], "uv_size": [3.5, -13]}
							}
						},
						{
							"origin": [-1.6225, 8.68988, 25.33917],
							"size": [3.25, 2, 8.2],
							"uv": {
								"north": {"uv": [52, 75], "uv_size": [3.5, 2]},
								"east": {"uv": [68, 20], "uv_size": [8, 2]},
								"south": {"uv": [69, 75], "uv_size": [3.5, 2]},
								"west": {"uv": [68, 22], "uv_size": [8, 2]},
								"up": {"uv": [60, 21], "uv_size": [3.5, 8]},
								"down": {"uv": [60, 37], "uv_size": [3.5, -8]}
							}
						},
						{
							"origin": [-1.6225, 6.68988, 30.33917],
							"size": [3.25, 2, 3.2],
							"uv": {
								"north": {"uv": [76, 20], "uv_size": [3.5, 2]},
								"east": {"uv": [76, 55], "uv_size": [3, 2]},
								"south": {"uv": [76, 22], "uv_size": [3.5, 2]},
								"west": {"uv": [76, 57], "uv_size": [3, 2]},
								"up": {"uv": [72, 28], "uv_size": [3.5, 3]},
								"down": {"uv": [44, 75], "uv_size": [3.5, -3]}
							}
						},
						{
							"origin": [-1.6225, 5.08988, 32.18917],
							"size": [3.25, 1.6, 1.35],
							"uv": {
								"north": {"uv": [77, 51], "uv_size": [3.5, 1.5]},
								"east": {"uv": [84, 42], "uv_size": [1.5, 1.5]},
								"south": {"uv": [77, 53], "uv_size": [3.5, 1.5]},
								"west": {"uv": [47, 84], "uv_size": [1.5, 1.5]},
								"up": {"uv": [77, 66], "uv_size": [3.5, 1.5]},
								"down": {"uv": [77, 69.5], "uv_size": [3.5, -1.5]}
							}
						},
						{
							"origin": [-1.6225, 16.24798, 10.9339],
							"size": [3.25, 1.425, 2.9875],
							"pivot": [1.8325, 16.24802, 10.93391],
							"rotation": [22.5, 0, 0],
							"uv": {
								"north": {"uv": [47, 77], "uv_size": [3.5, 1.5]},
								"east": {"uv": [9, 79], "uv_size": [3, 1.5]},
								"south": {"uv": [51, 77], "uv_size": [3.5, 1.5]},
								"west": {"uv": [12, 79], "uv_size": [3, 1.5]},
								"up": {"uv": [5, 72], "uv_size": [3.5, 3]},
								"down": {"uv": [9, 75], "uv_size": [3.5, -3]}
							}
						},
						{
							"origin": [-1.6225, 14.68988, 9.63917],
							"size": [3.25, 3.2, 6],
							"uv": {
								"north": {"uv": [71, 0], "uv_size": [3.5, 3]},
								"east": {"uv": [22, 66], "uv_size": [6, 3]},
								"south": {"uv": [1, 72], "uv_size": [3.5, 3]},
								"west": {"uv": [66, 65], "uv_size": [6, 3]},
								"up": {"uv": [64, 16], "uv_size": [3.5, 6]},
								"down": {"uv": [64, 28], "uv_size": [3.5, -6]}
							}
						},
						{
							"origin": [-1.625, 14.54509, 7.77543],
							"size": [3.25, 1.675, 2.5975],
							"pivot": [-0.0225, 15.25759, 11.83668],
							"rotation": [20, 0, 0],
							"uv": {
								"north": {"uv": [78, 78], "uv_size": [3.5, 1.5]},
								"east": {"uv": [81, 76], "uv_size": [2.5, 1.5]},
								"south": {"uv": [79, 0], "uv_size": [3.5, 1.5]},
								"west": {"uv": [11, 82], "uv_size": [2.5, 1.5]},
								"up": {"uv": [1, 75], "uv_size": [3.5, 2.5]},
								"down": {"uv": [5, 77.5], "uv_size": [3.5, -2.5]}
							}
						},
						{
							"origin": [-1.625, 18.38727, 1.73931],
							"size": [1, 2.5, 1.55],
							"pivot": [0, 19.63727, 2.28931],
							"rotation": [-20, 0, 0],
							"uv": {
								"north": {"uv": [25, 84], "uv_size": [1, 2.5]},
								"east": {"uv": [81, 66], "uv_size": [1.5, 2.5]},
								"south": {"uv": [84, 29], "uv_size": [1, 2.5]},
								"west": {"uv": [81, 69], "uv_size": [1.5, 2.5]},
								"up": {"uv": [81, 85], "uv_size": [1, 1.5]},
								"down": {"uv": [82, 86.5], "uv_size": [1, -1.5]}
							}
						},
						{
							"origin": [-0.625, 18.19753, 1.86958],
							"size": [1.25, 2.5, 1.5],
							"pivot": [0, 19.44753, 2.61958],
							"rotation": [-15, 0, 0],
							"uv": {
								"north": {"uv": [76, 81], "uv_size": [1.5, 2.5]},
								"east": {"uv": [78, 81], "uv_size": [1.5, 2.5]},
								"south": {"uv": [80, 81], "uv_size": [1.5, 2.5]},
								"west": {"uv": [9, 82], "uv_size": [1.5, 2.5]},
								"up": {"uv": [84, 49], "uv_size": [1.5, 1.5]},
								"down": {"uv": [51, 85.5], "uv_size": [1.5, -1.5]}
							}
						},
						{
							"origin": [0.625, 18.38727, 1.73931],
							"size": [1, 2.5, 1.55],
							"pivot": [0, 19.63727, 2.28931],
							"rotation": [-20, 0, 0],
							"uv": {
								"north": {"uv": [23, 84], "uv_size": [1, 2.5]},
								"east": {"uv": [42, 81], "uv_size": [1.5, 2.5]},
								"south": {"uv": [24, 84], "uv_size": [1, 2.5]},
								"west": {"uv": [62, 81], "uv_size": [1.5, 2.5]},
								"up": {"uv": [79, 85], "uv_size": [1, 1.5]},
								"down": {"uv": [80, 86.5], "uv_size": [1, -1.5]}
							}
						},
						{
							"origin": [-1.625, 9.67254, 2.16164],
							"size": [3.25, 3.2625, 32.4625],
							"pivot": [-0.0225, 13.44754, 21.94914],
							"rotation": [-22.5, 0, 0],
							"uv": {
								"north": {"uv": [69, 68], "uv_size": [3.5, 3.5]},
								"east": {"uv": [32, 4], "uv_size": [32.5, 3.5]},
								"south": {"uv": [48, 70], "uv_size": [3.5, 3.5]},
								"west": {"uv": [32, 8], "uv_size": [32.5, 3.5]},
								"up": {"uv": [32, 12], "uv_size": [3.5, 32.5]},
								"down": {"uv": [36, 44.5], "uv_size": [3.5, -32.5]}
							}
						},
						{
							"origin": [-0.6, 21, -61.8],
							"size": [1.2, 1.2, 24.25],
							"uv": {
								"north": {"uv": [11, 87], "uv_size": [1, 1]},
								"east": {"uv": [60, 37], "uv_size": [24.5, 1]},
								"south": {"uv": [12, 87], "uv_size": [1, 1]},
								"west": {"uv": [64, 3], "uv_size": [24.5, 1]},
								"up": {"uv": [38, 63], "uv_size": [1, 24.5]},
								"down": {"uv": [39, 87.5], "uv_size": [1, -24.5]}
							}
						},
						{
							"origin": [-1.725, 19.34999, -9.87162],
							"size": [3.45, 0.75, 0.75],
							"pivot": [0, 19.84999, -9.37162],
							"rotation": [17.5, 0, 0],
							"uv": {
								"north": {"uv": [81, 22], "uv_size": [3.5, 1]},
								"east": {"uv": [86, 79], "uv_size": [1, 1]},
								"south": {"uv": [82, 16], "uv_size": [3.5, 1]},
								"west": {"uv": [86, 80], "uv_size": [1, 1]},
								"up": {"uv": [82, 17], "uv_size": [3.5, 1]},
								"down": {"uv": [82, 19], "uv_size": [3.5, -1]}
							}
						}
					]
				},
				{
					"name": "bolt",
					"parent": "main",
					"pivot": [0, 21.55, -8.85],
					"cubes": [
						{
							"origin": [-0.5, 20.8, -9.5],
							"size": [1, 1.25, 12.1075],
							"uv": {
								"north": {"uv": [78, 85], "uv_size": [1, 1.5]},
								"east": {"uv": [1, 67], "uv_size": [12, 1.5]},
								"south": {"uv": [85, 78], "uv_size": [1, 1.5]},
								"west": {"uv": [67, 44], "uv_size": [12, 1.5]},
								"up": {"uv": [17, 71], "uv_size": [1, 12]},
								"down": {"uv": [56, 83], "uv_size": [1, -12]}
							}
						},
						{
							"origin": [-0.75, 21.25, -9.5],
							"size": [0.25, 0.6, 6.7575],
							"uv": {
								"north": {"uv": [90, 18], "uv_size": [0.5, 0.5]},
								"east": {"uv": [82, 19], "uv_size": [7, 0.5]},
								"south": {"uv": [19, 90], "uv_size": [0.5, 0.5]},
								"west": {"uv": [82, 23], "uv_size": [7, 0.5]},
								"up": {"uv": [14, 82], "uv_size": [0.5, 7]},
								"down": {"uv": [15, 89], "uv_size": [0.5, -7]}
							}
						},
						{
							"origin": [-0.3, 22, 0.2],
							"size": [0.6, 0.6, 1.8],
							"uv": {
								"north": {"uv": [20, 90], "uv_size": [0.5, 0.5]},
								"east": {"uv": [87, 31], "uv_size": [2, 0.5]},
								"south": {"uv": [90, 20], "uv_size": [0.5, 0.5]},
								"west": {"uv": [87, 34], "uv_size": [2, 0.5]},
								"up": {"uv": [34, 87], "uv_size": [0.5, 2]},
								"down": {"uv": [40, 89], "uv_size": [0.5, -2]}
							}
						},
						{
							"origin": [-0.75, 20.8, 0.2],
							"size": [1.5, 0.8, 1],
							"uv": {
								"north": {"uv": [86, 13], "uv_size": [1.5, 1]},
								"east": {"uv": [52, 87], "uv_size": [1, 1]},
								"south": {"uv": [86, 14], "uv_size": [1.5, 1]},
								"west": {"uv": [53, 87], "uv_size": [1, 1]},
								"up": {"uv": [86, 16], "uv_size": [1.5, 1]},
								"down": {"uv": [86, 18], "uv_size": [1.5, -1]}
							}
						}
					]
				},
				{
					"name": "bolthandle",
					"parent": "bolt",
					"pivot": [0, 21.6, -2.2712],
					"cubes": [
						{
							"origin": [-0.6, 21, -0.8],
							"size": [1.2, 1.1, 1],
							"uv": {
								"north": {"uv": [72, 67], "uv_size": [1, 1]},
								"east": {"uv": [76, 66], "uv_size": [1, 1]},
								"south": {"uv": [77, 40], "uv_size": [1, 1]},
								"west": {"uv": [77, 72], "uv_size": [1, 1]},
								"up": {"uv": [86, 60], "uv_size": [1, 1]},
								"down": {"uv": [61, 87], "uv_size": [1, -1]}
							}
						},
						{
							"origin": [-3.05, 18.25, -0.8],
							"size": [1, 1, 1],
							"pivot": [-2.55, 18.75, -0.3],
							"rotation": [0, 0, 35],
							"uv": {
								"north": {"uv": [86, 61], "uv_size": [1, 1]},
								"east": {"uv": [62, 86], "uv_size": [1, 1]},
								"south": {"uv": [63, 86], "uv_size": [1, 1]},
								"west": {"uv": [86, 63], "uv_size": [1, 1]},
								"up": {"uv": [64, 86], "uv_size": [1, 1]},
								"down": {"uv": [86, 65], "uv_size": [1, -1]}
							}
						},
						{
							"origin": [-1.17625, 18.90449, -0.7],
							"size": [0.35, 2, 0.8],
							"pivot": [-1.75125, 21.15449, -0.3],
							"rotation": [0, 0, 35],
							"uv": {
								"north": {"uv": [32, 87], "uv_size": [0.5, 2]},
								"east": {"uv": [70, 84], "uv_size": [1, 2]},
								"south": {"uv": [33, 87], "uv_size": [0.5, 2]},
								"west": {"uv": [84, 70], "uv_size": [1, 2]},
								"up": {"uv": [49, 89], "uv_size": [0.5, 1]},
								"down": {"uv": [89, 50], "uv_size": [0.5, -1]}
							}
						},
						{
							"origin": [-1.5193, 20.70887, -0.7],
							"size": [0.35, 0.75, 0.8],
							"pivot": [-2.0943, 20.45887, -0.3],
							"rotation": [0, 0, 17.5],
							"uv": {
								"north": {"uv": [55, 89], "uv_size": [0.5, 1]},
								"east": {"uv": [48, 87], "uv_size": [1, 1]},
								"south": {"uv": [89, 55], "uv_size": [0.5, 1]},
								"west": {"uv": [49, 87], "uv_size": [1, 1]},
								"up": {"uv": [56, 89], "uv_size": [0.5, 1]},
								"down": {"uv": [89, 57], "uv_size": [0.5, -1]}
							}
						},
						{
							"origin": [-1.05836, 20.79237, -0.7],
							"size": [0.85, 0.35, 0.8],
							"pivot": [-1.33336, 20.84237, -0.3],
							"rotation": [0, 0, -30],
							"uv": {
								"north": {"uv": [89, 44], "uv_size": [1, 0.5]},
								"east": {"uv": [89, 45], "uv_size": [1, 0.5]},
								"south": {"uv": [89, 47], "uv_size": [1, 0.5]},
								"west": {"uv": [89, 48], "uv_size": [1, 0.5]},
								"up": {"uv": [87, 30], "uv_size": [1, 1]},
								"down": {"uv": [31, 88], "uv_size": [1, -1]}
							}
						}
					]
				},
				{
					"name": "safetylever",
					"parent": "bolt",
					"pivot": [0, 22.4, 2.35],
					"cubes": [
						{
							"origin": [-0.1, 22.2, 2.1],
							"size": [1.15, 0.45, 0.4],
							"uv": {
								"north": {"uv": [60, 88], "uv_size": [1.5, 0.5]},
								"east": {"uv": [21, 90], "uv_size": [0.5, 0.5]},
								"south": {"uv": [88, 61], "uv_size": [1.5, 0.5]},
								"west": {"uv": [90, 21], "uv_size": [0.5, 0.5]},
								"up": {"uv": [62, 88], "uv_size": [1.5, 0.5]},
								"down": {"uv": [88, 62.5], "uv_size": [1.5, -0.5]}
							}
						},
						{
							"origin": [0.3, 22.2, 1.6],
							"size": [0.75, 0.45, 0.5],
							"uv": {
								"north": {"uv": [57, 89], "uv_size": [1, 0.5]},
								"east": {"uv": [33, 90], "uv_size": [0.5, 0.5]},
								"south": {"uv": [89, 57], "uv_size": [1, 0.5]},
								"west": {"uv": [90, 33], "uv_size": [0.5, 0.5]},
								"up": {"uv": [58, 89], "uv_size": [1, 0.5]},
								"down": {"uv": [89, 59.5], "uv_size": [1, -0.5]}
							}
						},
						{
							"origin": [-0.3, 22, 2],
							"size": [0.6, 0.7, 0.6],
							"pivot": [0, 22.35, 2.3],
							"rotation": [0, 0, 30],
							"uv": {
								"north": {"uv": [34, 90], "uv_size": [0.5, 0.5]},
								"east": {"uv": [90, 34], "uv_size": [0.5, 0.5]},
								"south": {"uv": [35, 90], "uv_size": [0.5, 0.5]},
								"west": {"uv": [90, 35], "uv_size": [0.5, 0.5]},
								"up": {"uv": [36, 90], "uv_size": [0.5, 0.5]},
								"down": {"uv": [90, 36.5], "uv_size": [0.5, -0.5]}
							}
						}
					]
				},
				{
					"name": "firingpin",
					"parent": "bolt",
					"pivot": [0, 0, 0],
					"cubes": [
						{
							"origin": [-0.3, 21.25, 2.6],
							"size": [0.6, 0.6, 2.35],
							"uv": {
								"north": {"uv": [22, 90], "uv_size": [0.5, 0.5]},
								"east": {"uv": [43, 86], "uv_size": [2.5, 0.5]},
								"south": {"uv": [90, 22], "uv_size": [0.5, 0.5]},
								"west": {"uv": [86, 43], "uv_size": [2.5, 0.5]},
								"up": {"uv": [36, 86], "uv_size": [0.5, 2.5]},
								"down": {"uv": [37, 88.5], "uv_size": [0.5, -2.5]}
							}
						},
						{
							"origin": [-0.55, 21, 4.95],
							"size": [1.1, 1.1, 0.3],
							"pivot": [0, 21.55, 5.1],
							"rotation": [0, 0, 45],
							"uv": {
								"north": {"uv": [50, 87], "uv_size": [1, 1]},
								"east": {"uv": [60, 89], "uv_size": [0.5, 1]},
								"south": {"uv": [51, 87], "uv_size": [1, 1]},
								"west": {"uv": [89, 60], "uv_size": [0.5, 1]},
								"up": {"uv": [61, 89], "uv_size": [1, 0.5]},
								"down": {"uv": [62, 89.5], "uv_size": [1, -0.5]}
							}
						},
						{
							"origin": [-0.45, 21.1, 4.65],
							"size": [0.9, 0.9, 0.3],
							"pivot": [0, 21.55, 4.8],
							"rotation": [0, 0, 45],
							"uv": {
								"north": {"uv": [54, 87], "uv_size": [1, 1]},
								"east": {"uv": [63, 89], "uv_size": [0.5, 1]},
								"south": {"uv": [55, 87], "uv_size": [1, 1]},
								"west": {"uv": [89, 63], "uv_size": [0.5, 1]},
								"up": {"uv": [89, 64], "uv_size": [1, 0.5]},
								"down": {"uv": [65, 89.5], "uv_size": [1, -0.5]}
							}
						}
					]
				},
				{
					"name": "clip",
					"parent": "main",
					"pivot": [0, 14, 30.5]
				},
				{
					"name": "strip",
					"parent": "clip",
					"pivot": [-0.5, 13.95368, 30.59799],
					"cubes": [
						{
							"origin": [-1.0225, 19.53988, 36.63917],
							"size": [1, 0.3, 2.15],
							"pivot": [-0.0225, 19.53988, 30.53917],
							"rotation": [-90, 0, 0],
							"uv": {
								"north": {"uv": [28, 89], "uv_size": [1, 0.5]},
								"east": {"uv": [65, 86], "uv_size": [2, 0.5]},
								"south": {"uv": [89, 28], "uv_size": [1, 0.5]},
								"west": {"uv": [86, 65], "uv_size": [2, 0.5]},
								"up": {"uv": [60, 84], "uv_size": [1, 2]},
								"down": {"uv": [66, 86], "uv_size": [1, -2]}
							}
						},
						{
							"origin": [-1.0225, 21.38329, 35.44306],
							"size": [1, 0.3, 2.4],
							"pivot": [-0.0225, 21.38329, 29.84306],
							"rotation": [-85, 0, 0],
							"uv": {
								"north": {"uv": [89, 29], "uv_size": [1, 0.5]},
								"east": {"uv": [40, 86], "uv_size": [2.5, 0.5]},
								"south": {"uv": [30, 89], "uv_size": [1, 0.5]},
								"west": {"uv": [86, 42], "uv_size": [2.5, 0.5]},
								"up": {"uv": [11, 84], "uv_size": [1, 2.5]},
								"down": {"uv": [12, 86.5], "uv_size": [1, -2.5]}
							}
						}
					]
				},
				{
					"name": "bullets",
					"parent": "clip",
					"pivot": [0, 0, 0]
				},
				{
					"name": "bulletloaded",
					"parent": "bullets",
					"pivot": [-0.515, 13.90072, 27.06026],
					"cubes": [
						{
							"origin": [-0.9225, 12.21738, 26.42417],
							"size": [0.77, 0.77, 4.2],
							"pivot": [-0.5375, 12.60238, 27.77417],
							"rotation": [0, 0, -30],
							"uv": {
								"north": {"uv": [86, 66], "uv_size": [1, 1]},
								"east": {"uv": [68, 64], "uv_size": [4, 1]},
								"south": {"uv": [67, 86], "uv_size": [1, 1]},
								"west": {"uv": [80, 29], "uv_size": [4, 1]},
								"up": {"uv": [50, 80], "uv_size": [1, 4]},
								"down": {"uv": [51, 84], "uv_size": [1, -4]}
							}
						},
						{
							"origin": [-0.8225, 12.31738, 24.92417],
							"size": [0.57, 0.57, 1.5],
							"pivot": [-0.5375, 12.60238, 23.57417],
							"rotation": [0, 0, -30],
							"uv": {
								"north": {"uv": [10, 90], "uv_size": [0.5, 0.5]},
								"east": {"uv": [88, 24], "uv_size": [1.5, 0.5]},
								"south": {"uv": [90, 10], "uv_size": [0.5, 0.5]},
								"west": {"uv": [25, 88], "uv_size": [1.5, 0.5]},
								"up": {"uv": [12, 88], "uv_size": [0.5, 1.5]},
								"down": {"uv": [88, 26.5], "uv_size": [0.5, -1.5]}
							}
						},
						{
							"origin": [-0.9225, 11.36738, 26.42417],
							"size": [0.77, 0.77, 4.2],
							"pivot": [-0.5375, 11.75238, 27.77417],
							"rotation": [0, 0, -27.5],
							"uv": {
								"north": {"uv": [86, 67], "uv_size": [1, 1]},
								"east": {"uv": [80, 30], "uv_size": [4, 1]},
								"south": {"uv": [68, 86], "uv_size": [1, 1]},
								"west": {"uv": [80, 38], "uv_size": [4, 1]},
								"up": {"uv": [52, 80], "uv_size": [1, 4]},
								"down": {"uv": [53, 84], "uv_size": [1, -4]}
							}
						},
						{
							"origin": [-0.8225, 11.46738, 24.92417],
							"size": [0.57, 0.57, 1.5],
							"pivot": [-0.5375, 11.75238, 23.57417],
							"rotation": [0, 0, -27.5],
							"uv": {
								"north": {"uv": [12, 90], "uv_size": [0.5, 0.5]},
								"east": {"uv": [27, 88], "uv_size": [1.5, 0.5]},
								"south": {"uv": [90, 12], "uv_size": [0.5, 0.5]},
								"west": {"uv": [88, 27], "uv_size": [1.5, 0.5]},
								"up": {"uv": [88, 28], "uv_size": [0.5, 1.5]},
								"down": {"uv": [29, 89.5], "uv_size": [0.5, -1.5]}
							}
						},
						{
							"origin": [-0.9225, 13.06738, 26.42417],
							"size": [0.77, 0.77, 4.2],
							"pivot": [-0.5375, 13.45238, 27.77417],
							"rotation": [0, 0, -30],
							"uv": {
								"north": {"uv": [69, 86], "uv_size": [1, 1]},
								"east": {"uv": [80, 39], "uv_size": [4, 1]},
								"south": {"uv": [70, 86], "uv_size": [1, 1]},
								"west": {"uv": [80, 47], "uv_size": [4, 1]},
								"up": {"uv": [74, 80], "uv_size": [1, 4]},
								"down": {"uv": [75, 84], "uv_size": [1, -4]}
							}
						},
						{
							"origin": [-0.8225, 13.16738, 24.92417],
							"size": [0.57, 0.57, 1.5],
							"pivot": [-0.5375, 13.45238, 23.57417],
							"rotation": [0, 0, -30],
							"uv": {
								"north": {"uv": [13, 90], "uv_size": [0.5, 0.5]},
								"east": {"uv": [30, 88], "uv_size": [1.5, 0.5]},
								"south": {"uv": [90, 13], "uv_size": [0.5, 0.5]},
								"west": {"uv": [88, 30], "uv_size": [1.5, 0.5]},
								"up": {"uv": [88, 32], "uv_size": [0.5, 1.5]},
								"down": {"uv": [35, 89.5], "uv_size": [0.5, -1.5]}
							}
						},
						{
							"origin": [-0.9225, 13.91738, 26.42417],
							"size": [0.77, 0.77, 4.2],
							"pivot": [-0.5375, 14.30238, 27.77417],
							"rotation": [2.16541, 1.2497, -29.97638],
							"uv": {
								"north": {"uv": [73, 86], "uv_size": [1, 1]},
								"east": {"uv": [76, 80], "uv_size": [4, 1]},
								"south": {"uv": [86, 73], "uv_size": [1, 1]},
								"west": {"uv": [80, 80], "uv_size": [4, 1]},
								"up": {"uv": [1, 81], "uv_size": [1, 4]},
								"down": {"uv": [2, 85], "uv_size": [1, -4]}
							}
						},
						{
							"origin": [-0.8225, 13.83418, 24.92817],
							"size": [0.57, 0.57, 1.5],
							"pivot": [-0.5375, 14.11918, 23.57817],
							"rotation": [2.16541, 1.2497, -29.97638],
							"uv": {
								"north": {"uv": [14, 90], "uv_size": [0.5, 0.5]},
								"east": {"uv": [88, 35], "uv_size": [1.5, 0.5]},
								"south": {"uv": [90, 14], "uv_size": [0.5, 0.5]},
								"west": {"uv": [88, 37], "uv_size": [1.5, 0.5]},
								"up": {"uv": [38, 88], "uv_size": [0.5, 1.5]},
								"down": {"uv": [39, 89.5], "uv_size": [0.5, -1.5]}
							}
						}
					]
				},
				{
					"name": "bulletreserve",
					"parent": "bullets",
					"pivot": [-0.5375, 15.12294, 27.09981],
					"cubes": [
						{
							"origin": [-0.9225, 14.76738, 26.42417],
							"size": [0.77, 0.77, 4.2],
							"pivot": [-0.5375, 15.15238, 27.77417],
							"rotation": [2.16541, 1.2497, -29.97638],
							"uv": {
								"north": {"uv": [86, 74], "uv_size": [1, 1]},
								"east": {"uv": [9, 81], "uv_size": [4, 1]},
								"south": {"uv": [86, 76], "uv_size": [1, 1]},
								"west": {"uv": [81, 12], "uv_size": [4, 1]},
								"up": {"uv": [3, 81], "uv_size": [1, 4]},
								"down": {"uv": [4, 85], "uv_size": [1, -4]}
							}
						},
						{
							"origin": [-0.8225, 14.68418, 24.92817],
							"size": [0.57, 0.57, 1.5],
							"pivot": [-0.5375, 14.96918, 23.57817],
							"rotation": [2.16541, 1.2497, -29.97638],
							"uv": {
								"north": {"uv": [90, 16], "uv_size": [0.5, 0.5]},
								"east": {"uv": [41, 88], "uv_size": [1.5, 0.5]},
								"south": {"uv": [17, 90], "uv_size": [0.5, 0.5]},
								"west": {"uv": [43, 88], "uv_size": [1.5, 0.5]},
								"up": {"uv": [45, 88], "uv_size": [0.5, 1.5]},
								"down": {"uv": [46, 89.5], "uv_size": [0.5, -1.5]}
							}
						}
					]
				},
				{
					"name": "scope",
					"parent": "main",
					"pivot": [0, 23.7, 5.25],
					"cubes": [
						{"origin": [-0.5, 23.2, 4.75], "size": [1, 1, 1], "inflate": -0.4, "uv": [32, 2]}
					]
				},
				{
					"name": "casing",
					"parent": "main",
					"pivot": [-0.515, 14.2125, 27.31],
					"rotation": [0, 0, -30],
					"cubes": [
						{
							"origin": [-1.14954, 13.44028, 26.67417],
							"size": [0.77, 0.77, 4.2],
							"uv": {
								"north": {"uv": [86, 77], "uv_size": [1, 1]},
								"east": {"uv": [13, 81], "uv_size": [4, 1]},
								"south": {"uv": [86, 78], "uv_size": [1, 1]},
								"west": {"uv": [81, 13], "uv_size": [4, 1]},
								"up": {"uv": [5, 81], "uv_size": [1, 4]},
								"down": {"uv": [81, 20], "uv_size": [1, -4]}
							}
						}
					]
				},
				{
					"name": "ironsights",
					"parent": "main",
					"pivot": [0, 0, 0],
					"cubes": [
						{
							"origin": [-0.75, 20.85, -61.05],
							"size": [1.5, 1.5, 1.5],
							"uv": {
								"north": {"uv": [34, 84], "uv_size": [1.5, 1.5]},
								"east": {"uv": [84, 34], "uv_size": [1.5, 1.5]},
								"south": {"uv": [36, 84], "uv_size": [1.5, 1.5]},
								"west": {"uv": [84, 38], "uv_size": [1.5, 1.5]},
								"up": {"uv": [40, 84], "uv_size": [1.5, 1.5]},
								"down": {"uv": [42, 85.5], "uv_size": [1.5, -1.5]}
							}
						},
						{
							"origin": [-0.1, 22.8, -60.55],
							"size": [0.2, 0.85, 0.4],
							"uv": {
								"north": {"uv": [89, 51], "uv_size": [0.5, 1]},
								"east": {"uv": [89, 52], "uv_size": [0.5, 1]},
								"south": {"uv": [53, 89], "uv_size": [0.5, 1]},
								"west": {"uv": [89, 53], "uv_size": [0.5, 1]},
								"up": {"uv": [26, 90], "uv_size": [0.5, 0.5]},
								"down": {"uv": [90, 26.5], "uv_size": [0.5, -0.5]}
							}
						},
						{
							"origin": [-0.1, 22.84257, -60.65277],
							"size": [0.2, 0.7, 0.7],
							"pivot": [0, 22.9875, -60.32751],
							"rotation": [45, 0, 0],
							"uv": {
								"north": {"uv": [23, 90], "uv_size": [0.5, 0.5]},
								"east": {"uv": [90, 23], "uv_size": [0.5, 0.5]},
								"south": {"uv": [24, 90], "uv_size": [0.5, 0.5]},
								"west": {"uv": [90, 24], "uv_size": [0.5, 0.5]},
								"up": {"uv": [25, 90], "uv_size": [0.5, 0.5]},
								"down": {"uv": [90, 25.5], "uv_size": [0.5, -0.5]}
							}
						},
						{
							"origin": [-0.1, 22.35, -60.95],
							"size": [0.2, 0.8, 1.3],
							"uv": {
								"north": {"uv": [50, 89], "uv_size": [0.5, 1]},
								"east": {"uv": [3, 86], "uv_size": [1.5, 1]},
								"south": {"uv": [89, 50], "uv_size": [0.5, 1]},
								"west": {"uv": [5, 86], "uv_size": [1.5, 1]},
								"up": {"uv": [88, 63], "uv_size": [0.5, 1.5]},
								"down": {"uv": [64, 89.5], "uv_size": [0.5, -1.5]}
							}
						},
						{
							"origin": [-0.2, 22.35, -61.05],
							"size": [0.4, 0.55, 1.5],
							"uv": {
								"north": {"uv": [50, 89], "uv_size": [0.5, 1]},
								"east": {"uv": [3, 86], "uv_size": [1.5, 1]},
								"south": {"uv": [89, 50], "uv_size": [0.5, 1]},
								"west": {"uv": [5, 86], "uv_size": [1.5, 1]},
								"up": {"uv": [88, 63], "uv_size": [0.5, 1.5]},
								"down": {"uv": [64, 89.5], "uv_size": [0.5, -1.5]}
							}
						},
						{
							"origin": [-0.975, 22.8, -2.4],
							"size": [1.95, 0.25, 1.7],
							"uv": {
								"north": {"uv": [88, 1], "uv_size": [2, 0.5]},
								"east": {"uv": [79, 88], "uv_size": [1.5, 0.5]},
								"south": {"uv": [2, 88], "uv_size": [2, 0.5]},
								"west": {"uv": [88, 80], "uv_size": [1.5, 0.5]},
								"up": {"uv": [84, 7], "uv_size": [2, 1.5]},
								"down": {"uv": [84, 10.5], "uv_size": [2, -1.5]}
							}
						},
						{
							"origin": [0.725, 23.05, -2.4],
							"size": [0.25, 0.3, 1.7],
							"uv": {
								"north": {"uv": [65, 90], "uv_size": [0.5, 0.5]},
								"east": {"uv": [81, 88], "uv_size": [1.5, 0.5]},
								"south": {"uv": [90, 65], "uv_size": [0.5, 0.5]},
								"west": {"uv": [88, 81], "uv_size": [1.5, 0.5]},
								"up": {"uv": [88, 82], "uv_size": [0.5, 1.5]},
								"down": {"uv": [83, 89.5], "uv_size": [0.5, -1.5]}
							}
						},
						{
							"origin": [-0.975, 23.05, -2.4],
							"size": [0.25, 0.3, 1.7],
							"uv": {
								"north": {"uv": [66, 90], "uv_size": [0.5, 0.5]},
								"east": {"uv": [84, 88], "uv_size": [1.5, 0.5]},
								"south": {"uv": [90, 66], "uv_size": [0.5, 0.5]},
								"west": {"uv": [88, 84], "uv_size": [1.5, 0.5]},
								"up": {"uv": [88, 85], "uv_size": [0.5, 1.5]},
								"down": {"uv": [86, 89.5], "uv_size": [0.5, -1.5]}
							}
						},
						{
							"origin": [0.725, 23.35, -1.15],
							"size": [0.25, 0.55, 0.45],
							"uv": {
								"north": {"uv": [70, 90], "uv_size": [0.5, 0.5]},
								"east": {"uv": [90, 70], "uv_size": [0.5, 0.5]},
								"south": {"uv": [71, 90], "uv_size": [0.5, 0.5]},
								"west": {"uv": [90, 71], "uv_size": [0.5, 0.5]},
								"up": {"uv": [72, 90], "uv_size": [0.5, 0.5]},
								"down": {"uv": [90, 72.5], "uv_size": [0.5, -0.5]}
							}
						},
						{
							"origin": [-0.975, 23.35, -1.15],
							"size": [0.25, 0.55, 0.45],
							"uv": {
								"north": {"uv": [67, 90], "uv_size": [0.5, 0.5]},
								"east": {"uv": [90, 67], "uv_size": [0.5, 0.5]},
								"south": {"uv": [68, 90], "uv_size": [0.5, 0.5]},
								"west": {"uv": [90, 68], "uv_size": [0.5, 0.5]},
								"up": {"uv": [69, 90], "uv_size": [0.5, 0.5]},
								"down": {"uv": [90, 69.5], "uv_size": [0.5, -0.5]}
							}
						},
						{
							"origin": [-1.375, 22.85, -1.75],
							"size": [0.4, 0.6, 0.6],
							"pivot": [-1.175, 23.15, -1.45],
							"rotation": [27.5, 0, 0],
							"uv": {
								"north": {"uv": [91, 1], "uv_size": [0.5, 0.5]},
								"east": {"uv": [2, 91], "uv_size": [0.5, 0.5]},
								"south": {"uv": [91, 2], "uv_size": [0.5, 0.5]},
								"west": {"uv": [3, 91], "uv_size": [0.5, 0.5]},
								"up": {"uv": [91, 3], "uv_size": [0.5, 0.5]},
								"down": {"uv": [4, 91.5], "uv_size": [0.5, -0.5]}
							}
						},
						{
							"origin": [-1.125, 23.1, -1.5],
							"size": [1.9, 0.1, 0.1],
							"pivot": [-1.175, 23.15, -1.45],
							"rotation": [27.5, 0, 0],
							"uv": {
								"north": {"uv": [4, 88], "uv_size": [2, 0.5]},
								"east": {"uv": [91, 4], "uv_size": [0.5, 0.5]},
								"south": {"uv": [88, 4], "uv_size": [2, 0.5]},
								"west": {"uv": [5, 91], "uv_size": [0.5, 0.5]},
								"up": {"uv": [88, 5], "uv_size": [2, 0.5]},
								"down": {"uv": [88, 6.5], "uv_size": [2, -0.5]}
							}
						},
						{
							"origin": [0.775, 23, -1.6],
							"size": [0.25, 0.3, 0.3],
							"pivot": [-0.925, 23.15, -1.45],
							"rotation": [27.5, 0, 0],
							"uv": {
								"north": {"uv": [91, 11], "uv_size": [0.5, 0.5]},
								"east": {"uv": [12, 91], "uv_size": [0.5, 0.5]},
								"south": {"uv": [91, 12], "uv_size": [0.5, 0.5]},
								"west": {"uv": [13, 91], "uv_size": [0.5, 0.5]},
								"up": {"uv": [91, 13], "uv_size": [0.5, 0.5]},
								"down": {"uv": [14, 91.5], "uv_size": [0.5, -0.5]}
							}
						},
						{
							"origin": [0.725, 23.28226, -2.3687],
							"size": [0.25, 0.55, 1.35],
							"pivot": [0, 23.55726, -1.2437],
							"rotation": [24, 0, 0],
							"uv": {
								"north": {"uv": [74, 90], "uv_size": [0.5, 0.5]},
								"east": {"uv": [89, 0], "uv_size": [1.5, 0.5]},
								"south": {"uv": [90, 74], "uv_size": [0.5, 0.5]},
								"west": {"uv": [2, 89], "uv_size": [1.5, 0.5]},
								"up": {"uv": [89, 2], "uv_size": [0.5, 1.5]},
								"down": {"uv": [4, 90.5], "uv_size": [0.5, -1.5]}
							}
						},
						{
							"origin": [-0.975, 23.28226, -2.3687],
							"size": [0.25, 0.55, 1.35],
							"pivot": [0, 23.55726, -1.2437],
							"rotation": [24, 0, 0],
							"uv": {
								"north": {"uv": [73, 90], "uv_size": [0.5, 0.5]},
								"east": {"uv": [87, 88], "uv_size": [1.5, 0.5]},
								"south": {"uv": [90, 73], "uv_size": [0.5, 0.5]},
								"west": {"uv": [88, 87], "uv_size": [1.5, 0.5]},
								"up": {"uv": [0, 89], "uv_size": [0.5, 1.5]},
								"down": {"uv": [1, 90.5], "uv_size": [0.5, -1.5]}
							}
						},
						{
							"origin": [-0.5, 23.3, -1.15],
							"size": [0.25, 0.5, 0.45],
							"uv": {
								"north": {"uv": [89, 90], "uv_size": [0.5, 0.5]},
								"east": {"uv": [90, 89], "uv_size": [0.5, 0.5]},
								"south": {"uv": [90, 90], "uv_size": [0.5, 0.5]},
								"west": {"uv": [0, 91], "uv_size": [0.5, 0.5]},
								"up": {"uv": [91, 0], "uv_size": [0.5, 0.5]},
								"down": {"uv": [1, 91.5], "uv_size": [0.5, -0.5]}
							}
						},
						{
							"origin": [-0.5, 23.18226, -2.3687],
							"size": [0.25, 0.55, 1.35],
							"pivot": [0.475, 23.45726, -1.2437],
							"rotation": [24, 0, 0],
							"uv": {
								"north": {"uv": [88, 90], "uv_size": [0.5, 0.5]},
								"east": {"uv": [89, 11], "uv_size": [1.5, 0.5]},
								"south": {"uv": [90, 88], "uv_size": [0.5, 0.5]},
								"west": {"uv": [13, 89], "uv_size": [1.5, 0.5]},
								"up": {"uv": [15, 89], "uv_size": [0.5, 1.5]},
								"down": {"uv": [16, 90.5], "uv_size": [0.5, -1.5]}
							}
						},
						{
							"origin": [-0.3, 23.39411, -2.12436],
							"size": [0.6, 0.1, 0.35],
							"pivot": [0, 23.44411, -1.94936],
							"rotation": [24, 0, 0],
							"uv": {
								"north": {"uv": [91, 8], "uv_size": [0.5, 0.5]},
								"east": {"uv": [9, 91], "uv_size": [0.5, 0.5]},
								"south": {"uv": [91, 9], "uv_size": [0.5, 0.5]},
								"west": {"uv": [10, 91], "uv_size": [0.5, 0.5]},
								"up": {"uv": [91, 10], "uv_size": [0.5, 0.5]},
								"down": {"uv": [11, 91.5], "uv_size": [0.5, -0.5]}
							}
						},
						{
							"origin": [0.25, 23.3, -1.15],
							"size": [0.25, 0.5, 0.45],
							"uv": {
								"north": {"uv": [85, 90], "uv_size": [0.5, 0.5]},
								"east": {"uv": [90, 85], "uv_size": [0.5, 0.5]},
								"south": {"uv": [86, 90], "uv_size": [0.5, 0.5]},
								"west": {"uv": [90, 86], "uv_size": [0.5, 0.5]},
								"up": {"uv": [87, 90], "uv_size": [0.5, 0.5]},
								"down": {"uv": [90, 87.5], "uv_size": [0.5, -0.5]}
							}
						},
						{
							"origin": [0.25, 23.18226, -2.3687],
							"size": [0.25, 0.55, 1.35],
							"pivot": [-0.475, 23.45726, -1.2437],
							"rotation": [24, 0, 0],
							"uv": {
								"north": {"uv": [84, 90], "uv_size": [0.5, 0.5]},
								"east": {"uv": [89, 8], "uv_size": [1.5, 0.5]},
								"south": {"uv": [90, 84], "uv_size": [0.5, 0.5]},
								"west": {"uv": [9, 89], "uv_size": [1.5, 0.5]},
								"up": {"uv": [5, 89], "uv_size": [0.5, 1.5]},
								"down": {"uv": [11, 90.5], "uv_size": [0.5, -1.5]}
							}
						},
						{
							"origin": [-0.5, 23.05, -2.4],
							"size": [1, 0.25, 1.7],
							"uv": {
								"north": {"uv": [79, 89], "uv_size": [1, 0.5]},
								"east": {"uv": [7, 89], "uv_size": [1.5, 0.5]},
								"south": {"uv": [89, 79], "uv_size": [1, 0.5]},
								"west": {"uv": [89, 7], "uv_size": [1.5, 0.5]},
								"up": {"uv": [86, 34], "uv_size": [1, 1.5]},
								"down": {"uv": [35, 87.5], "uv_size": [1, -1.5]}
							}
						},
						{
							"origin": [0.125, 23.53442, -1.82051],
							"size": [0.1, 0.25, 0.12],
							"uv": {
								"north": {"uv": [75, 90], "uv_size": [0.5, 0.5]},
								"east": {"uv": [90, 75], "uv_size": [0.5, 0.5]},
								"south": {"uv": [76, 90], "uv_size": [0.5, 0.5]},
								"west": {"uv": [90, 76], "uv_size": [0.5, 0.5]},
								"up": {"uv": [77, 90], "uv_size": [0.5, 0.5]},
								"down": {"uv": [90, 77.5], "uv_size": [0.5, -0.5]}
							}
						},
						{
							"origin": [-0.225, 23.78442, -1.82051],
							"size": [0.45, 0.1, 0.12],
							"uv": {
								"north": {"uv": [81, 90], "uv_size": [0.5, 0.5]},
								"east": {"uv": [90, 81], "uv_size": [0.5, 0.5]},
								"south": {"uv": [82, 90], "uv_size": [0.5, 0.5]},
								"west": {"uv": [90, 82], "uv_size": [0.5, 0.5]},
								"up": {"uv": [83, 90], "uv_size": [0.5, 0.5]},
								"down": {"uv": [90, 83.5], "uv_size": [0.5, -0.5]}
							}
						},
						{
							"origin": [-0.225, 23.43442, -1.82051],
							"size": [0.45, 0.1, 0.12],
							"uv": {
								"north": {"uv": [91, 5], "uv_size": [0.5, 0.5]},
								"east": {"uv": [6, 91], "uv_size": [0.5, 0.5]},
								"south": {"uv": [91, 6], "uv_size": [0.5, 0.5]},
								"west": {"uv": [7, 91], "uv_size": [0.5, 0.5]},
								"up": {"uv": [91, 7], "uv_size": [0.5, 0.5]},
								"down": {"uv": [8, 91.5], "uv_size": [0.5, -0.5]}
							}
						},
						{
							"origin": [-0.225, 23.53442, -1.82051],
							"size": [0.1, 0.25, 0.12],
							"uv": {
								"north": {"uv": [78, 90], "uv_size": [0.5, 0.5]},
								"east": {"uv": [90, 78], "uv_size": [0.5, 0.5]},
								"south": {"uv": [79, 90], "uv_size": [0.5, 0.5]},
								"west": {"uv": [90, 79], "uv_size": [0.5, 0.5]},
								"up": {"uv": [80, 90], "uv_size": [0.5, 0.5]},
								"down": {"uv": [90, 80.5], "uv_size": [0.5, -0.5]}
							}
						}
					]
				},
				{
					"name": "_cb_scope2",
					"parent": "main",
					"pivot": [0, 23.25, -10.75],
					"cubes": [
						{
							"origin": [-0.5, 22.75, -11.25],
							"size": [1, 1, 1],
							"uv": {
								"north": {"uv": [87, 35], "uv_size": [1, 1]},
								"east": {"uv": [87, 37], "uv_size": [1, 1]},
								"south": {"uv": [41, 87], "uv_size": [1, 1]},
								"west": {"uv": [42, 87], "uv_size": [1, 1]},
								"up": {"uv": [43, 87], "uv_size": [1, 1]},
								"down": {"uv": [44, 88], "uv_size": [1, -1]}
							}
						}
					]
				}
			]
		}
	]
}