{
	"format_version": "1.12.0",
	"minecraft:geometry": [
		{
			"description": {
				"identifier": "geometry.unknown",
				"texture_width": 128,
				"texture_height": 128,
				"visible_bounds_width": 9,
				"visible_bounds_height": 4,
				"visible_bounds_offset": [0, 1, 0]
			},
			"bones": [
				{
					"name": "main",
					"pivot": [0, 19, 2]
				},
				{
					"name": "leftarm",
					"parent": "main",
					"pivot": [10.7, 10.3, -6.6],
					"rotation": [-119.61483, 1.67666, -38.31282],
					"cubes": [
						{"origin": [5.7, -18.7, -5.6], "size": [8, 24, 8], "pivot": [12.7, -6.7, -4.6], "rotation": [0, 0, 7.5], "uv": [0, 0]}
					]
				},
				{
					"name": "rightarm",
					"parent": "main",
					"pivot": [-4.3, 7.8, 23.8],
					"rotation": [-101.81106, -12.40003, -2.46982],
					"cubes": [
						{"origin": [-8.3, -20.2, 17.8], "size": [8, 24, 8], "uv": [0, 32]}
					]
				},
				{
					"name": "muzzleflash",
					"parent": "main",
					"pivot": [0, 21.1, -80],
					"mirror": true,
					"cubes": [
						{"origin": [-0.45, 21.25, -79], "size": [1, 1, 1], "inflate": -0.4, "uv": [32, 0], "mirror": false}
					]
				},
				{
					"name": "gun",
					"parent": "main",
					"pivot": [0, 57.4436, -9.4458],
					"cubes": [
						{
							"origin": [-1.55, 17.5, -19.8],
							"size": [3.25, 2.75, 23.8],
							"uv": {
								"north": {"uv": [79, 6], "uv_size": [3.5, 3]},
								"east": {"uv": [52, 12], "uv_size": [24, 3]},
								"south": {"uv": [79, 9], "uv_size": [3.5, 3]},
								"west": {"uv": [52, 15], "uv_size": [24, 3]},
								"up": {"uv": [40, 6], "uv_size": [3.5, 24]},
								"down": {"uv": [40, 54], "uv_size": [3.5, -24]}
							}
						},
						{
							"origin": [-1.55, 17.5, 3.95],
							"size": [3.25, 3.5, 0.55],
							"uv": {
								"north": {"uv": [79, 6], "uv_size": [3.5, 3]},
								"east": {"uv": [52, 12], "uv_size": [24, 3]},
								"south": {"uv": [79, 9], "uv_size": [3.5, 3]},
								"west": {"uv": [52, 15], "uv_size": [24, 3]},
								"up": {"uv": [40, 6], "uv_size": [3.5, 24]},
								"down": {"uv": [40, 54], "uv_size": [3.5, -24]}
							}
						},
						{
							"origin": [1.7, 20.5, -13.05],
							"size": [0.5, 0.25, 14.05],
							"uv": {
								"north": {"uv": [99, 98], "uv_size": [0.5, 0.5]},
								"east": {"uv": [82, 41], "uv_size": [14, 0.5]},
								"south": {"uv": [99, 99], "uv_size": [0.5, 0.5]},
								"west": {"uv": [84, 74], "uv_size": [14, 0.5]},
								"up": {"uv": [5, 84], "uv_size": [0.5, 14]},
								"down": {"uv": [19, 99], "uv_size": [0.5, -14]}
							}
						},
						{
							"origin": [1.7, 19.25, -13.05],
							"size": [0.5, 0.25, 14.05],
							"uv": {
								"north": {"uv": [0, 100], "uv_size": [0.5, 0.5]},
								"east": {"uv": [85, 33], "uv_size": [14, 0.5]},
								"south": {"uv": [100, 0], "uv_size": [0.5, 0.5]},
								"west": {"uv": [85, 65], "uv_size": [14, 0.5]},
								"up": {"uv": [23, 85], "uv_size": [0.5, 14]},
								"down": {"uv": [24, 99], "uv_size": [0.5, -14]}
							}
						},
						{
							"origin": [-1.5, 16.5, 7.25],
							"size": [3.15, 2.1, 22.8],
							"uv": {
								"north": {"uv": [60, 68], "uv_size": [3.5, 2]},
								"east": {"uv": [59, 38], "uv_size": [23, 2]},
								"south": {"uv": [79, 85], "uv_size": [3.5, 2]},
								"west": {"uv": [59, 40], "uv_size": [23, 2]},
								"up": {"uv": [44, 6], "uv_size": [3.5, 23]},
								"down": {"uv": [44, 52], "uv_size": [3.5, -23]}
							}
						},
						{
							"origin": [-1.5, 15.25, 7.25],
							"size": [3.15, 1.25, 22.8],
							"uv": {
								"north": {"uv": [71, 87], "uv_size": [3.5, 1.5]},
								"east": {"uv": [63, 36], "uv_size": [23, 1.5]},
								"south": {"uv": [87, 71], "uv_size": [3.5, 1.5]},
								"west": {"uv": [64, 54], "uv_size": [23, 1.5]},
								"up": {"uv": [48, 6], "uv_size": [3.5, 23]},
								"down": {"uv": [48, 52], "uv_size": [3.5, -23]}
							}
						},
						{
							"origin": [-1.5, 14.3, 14.45],
							"size": [3.15, 0.95, 15.6],
							"uv": {
								"north": {"uv": [90, 76], "uv_size": [3.5, 1]},
								"east": {"uv": [71, 2], "uv_size": [15.5, 1]},
								"south": {"uv": [90, 77], "uv_size": [3.5, 1]},
								"west": {"uv": [71, 3], "uv_size": [15.5, 1]},
								"up": {"uv": [56, 54], "uv_size": [3.5, 15.5]},
								"down": {"uv": [59, 37.5], "uv_size": [3.5, -15.5]}
							}
						},
						{
							"origin": [-1.5, 12.45, 21.05],
							"size": [3.15, 0.95, 9],
							"uv": {
								"north": {"uv": [90, 78], "uv_size": [3.5, 1]},
								"east": {"uv": [81, 66], "uv_size": [9, 1]},
								"south": {"uv": [82, 90], "uv_size": [3.5, 1]},
								"west": {"uv": [82, 38], "uv_size": [9, 1]},
								"up": {"uv": [23, 64], "uv_size": [3.5, 9]},
								"down": {"uv": [27, 73], "uv_size": [3.5, -9]}
							}
						},
						{
							"origin": [-1.5, 11, 24.15],
							"size": [3.15, 1.45, 5.9],
							"uv": {
								"north": {"uv": [87, 54], "uv_size": [3.5, 1.5]},
								"east": {"uv": [82, 39], "uv_size": [6, 1.5]},
								"south": {"uv": [87, 57], "uv_size": [3.5, 1.5]},
								"west": {"uv": [71, 82], "uv_size": [6, 1.5]},
								"up": {"uv": [46, 66], "uv_size": [3.5, 6]},
								"down": {"uv": [67, 28], "uv_size": [3.5, -6]}
							}
						},
						{
							"origin": [-1.5, 13.4, 18.35],
							"size": [3.15, 0.9, 11.7],
							"uv": {
								"north": {"uv": [86, 90], "uv_size": [3.5, 1]},
								"east": {"uv": [78, 26], "uv_size": [11.5, 1]},
								"south": {"uv": [90, 89], "uv_size": [3.5, 1]},
								"west": {"uv": [78, 56], "uv_size": [11.5, 1]},
								"up": {"uv": [15, 64], "uv_size": [3.5, 11.5]},
								"down": {"uv": [19, 75.5], "uv_size": [3.5, -11.5]}
							}
						},
						{
							"origin": [-1.5, 8.1, 28.4],
							"size": [3.15, 2.9, 1.65],
							"uv": {
								"north": {"uv": [80, 69], "uv_size": [3.5, 3]},
								"east": {"uv": [33, 89], "uv_size": [1.5, 3]},
								"south": {"uv": [80, 72], "uv_size": [3.5, 3]},
								"west": {"uv": [35, 89], "uv_size": [1.5, 3]},
								"up": {"uv": [87, 2], "uv_size": [3.5, 1.5]},
								"down": {"uv": [87, 49.5], "uv_size": [3.5, -1.5]}
							}
						},
						{
							"origin": [-1.8, 18, -34.55],
							"size": [3.75, 1.5, 13.25],
							"uv": {
								"north": {"uv": [86, 36], "uv_size": [4, 1.5]},
								"east": {"uv": [66, 48], "uv_size": [13.5, 1.5]},
								"south": {"uv": [86, 42], "uv_size": [4, 1.5]},
								"west": {"uv": [67, 28], "uv_size": [13.5, 1.5]},
								"up": {"uv": [60, 54], "uv_size": [4, 13.5]},
								"down": {"uv": [63, 35.5], "uv_size": [4, -13.5]}
							}
						},
						{
							"origin": [-2.3, 19.75, -34.55],
							"size": [4.75, 1.25, 13.25],
							"uv": {
								"north": {"uv": [84, 46], "uv_size": [5, 1.5]},
								"east": {"uv": [67, 30], "uv_size": [13.5, 1.5]},
								"south": {"uv": [84, 69], "uv_size": [5, 1.5]},
								"west": {"uv": [67, 32], "uv_size": [13.5, 1.5]},
								"up": {"uv": [46, 52], "uv_size": [5, 13.5]},
								"down": {"uv": [54, 35.5], "uv_size": [5, -13.5]}
							}
						},
						{
							"origin": [-1.64467, 16.5, -21.675],
							"size": [0.5, 4.5, 0.5],
							"pivot": [-1.26967, 18.125, -21.3],
							"rotation": [0, 45, 0],
							"uv": {
								"north": {"uv": [65, 92], "uv_size": [0.5, 4.5]},
								"east": {"uv": [87, 92], "uv_size": [0.5, 4.5]},
								"south": {"uv": [4, 93], "uv_size": [0.5, 4.5]},
								"west": {"uv": [7, 93], "uv_size": [0.5, 4.5]},
								"up": {"uv": [99, 78], "uv_size": [0.5, 0.5]},
								"down": {"uv": [79, 99.5], "uv_size": [0.5, -0.5]}
							}
						},
						{
							"origin": [1.39822, 16.5, -21.675],
							"size": [0.5, 4.5, 0.5],
							"pivot": [1.77322, 18.125, -21.3],
							"rotation": [0, 45, 0],
							"uv": {
								"north": {"uv": [8, 93], "uv_size": [0.5, 4.5]},
								"east": {"uv": [10, 93], "uv_size": [0.5, 4.5]},
								"south": {"uv": [11, 93], "uv_size": [0.5, 4.5]},
								"west": {"uv": [12, 93], "uv_size": [0.5, 4.5]},
								"up": {"uv": [99, 79], "uv_size": [0.5, 0.5]},
								"down": {"uv": [80, 99.5], "uv_size": [0.5, -0.5]}
							}
						},
						{
							"origin": [-1.64467, 16.5, -34.925],
							"size": [0.5, 4.5, 0.5],
							"pivot": [-1.26967, 18.125, -34.55],
							"rotation": [0, 45, 0],
							"uv": {
								"north": {"uv": [21, 93], "uv_size": [0.5, 4.5]},
								"east": {"uv": [28, 93], "uv_size": [0.5, 4.5]},
								"south": {"uv": [29, 93], "uv_size": [0.5, 4.5]},
								"west": {"uv": [30, 93], "uv_size": [0.5, 4.5]},
								"up": {"uv": [99, 81], "uv_size": [0.5, 0.5]},
								"down": {"uv": [82, 99.5], "uv_size": [0.5, -0.5]}
							}
						},
						{
							"origin": [1.39822, 16.5, -34.925],
							"size": [0.5, 4.5, 0.5],
							"pivot": [1.77322, 18.125, -34.55],
							"rotation": [0, 45, 0],
							"uv": {
								"north": {"uv": [15, 93], "uv_size": [0.5, 4.5]},
								"east": {"uv": [17, 93], "uv_size": [0.5, 4.5]},
								"south": {"uv": [18, 93], "uv_size": [0.5, 4.5]},
								"west": {"uv": [20, 93], "uv_size": [0.5, 4.5]},
								"up": {"uv": [99, 80], "uv_size": [0.5, 0.5]},
								"down": {"uv": [81, 99.5], "uv_size": [0.5, -0.5]}
							}
						},
						{
							"origin": [-2.3, 16.5, -34.55],
							"size": [4.75, 1, 13.25],
							"uv": {
								"north": {"uv": [59, 49], "uv_size": [5, 1]},
								"east": {"uv": [74, 68], "uv_size": [13.5, 1]},
								"south": {"uv": [87, 73], "uv_size": [5, 1]},
								"west": {"uv": [9, 76], "uv_size": [13.5, 1]},
								"up": {"uv": [36, 54], "uv_size": [5, 13.5]},
								"down": {"uv": [54, 49.5], "uv_size": [5, -13.5]}
							}
						},
						{
							"origin": [1.03579, 16.60355, -34.55],
							"size": [0.75, 1, 13.25],
							"pivot": [1.03579, 17.85355, -35.05],
							"rotation": [0, 0, -45],
							"uv": {
								"north": {"uv": [4, 84], "uv_size": [1, 1]},
								"east": {"uv": [76, 12], "uv_size": [13.5, 1]},
								"south": {"uv": [62, 86], "uv_size": [1, 1]},
								"west": {"uv": [76, 13], "uv_size": [13.5, 1]},
								"up": {"uv": [30, 73], "uv_size": [1, 13.5]},
								"down": {"uv": [63, 86.5], "uv_size": [1, -13.5]}
							}
						},
						{
							"origin": [2.09645, 19.20711, -34.55],
							"size": [0.75, 1, 13.25],
							"pivot": [2.09645, 20.45711, -35.05],
							"rotation": [0, 0, 45],
							"uv": {
								"north": {"uv": [97, 25], "uv_size": [1, 1]},
								"east": {"uv": [9, 77], "uv_size": [13.5, 1]},
								"south": {"uv": [97, 31], "uv_size": [1, 1]},
								"west": {"uv": [77, 75], "uv_size": [13.5, 1]},
								"up": {"uv": [66, 76], "uv_size": [1, 13.5]},
								"down": {"uv": [70, 89.5], "uv_size": [1, -13.5]}
							}
						},
						{
							"origin": [-1.41612, 17.13388, -34.55],
							"size": [0.75, 1, 13.25],
							"pivot": [-1.41612, 18.38388, -35.05],
							"rotation": [0, 0, 45],
							"uv": {
								"north": {"uv": [87, 59], "uv_size": [1, 1]},
								"east": {"uv": [76, 14], "uv_size": [13.5, 1]},
								"south": {"uv": [53, 89], "uv_size": [1, 1]},
								"west": {"uv": [76, 15], "uv_size": [13.5, 1]},
								"up": {"uv": [40, 75], "uv_size": [1, 13.5]},
								"down": {"uv": [53, 88.5], "uv_size": [1, -13.5]}
							}
						},
						{
							"origin": [-2.47678, 18.67678, -34.55],
							"size": [0.75, 1, 13.25],
							"pivot": [-2.47678, 19.92678, -35.05],
							"rotation": [0, 0, -45],
							"uv": {
								"north": {"uv": [97, 22], "uv_size": [1, 1]},
								"east": {"uv": [76, 16], "uv_size": [13.5, 1]},
								"south": {"uv": [97, 23], "uv_size": [1, 1]},
								"west": {"uv": [76, 17], "uv_size": [13.5, 1]},
								"up": {"uv": [64, 76], "uv_size": [1, 13.5]},
								"down": {"uv": [65, 89.5], "uv_size": [1, -13.5]}
							}
						},
						{
							"origin": [-1.55, 17.5, -21.3],
							"size": [3.25, 3.5, 1.5],
							"uv": {
								"north": {"uv": [9, 78], "uv_size": [3.5, 3.5]},
								"east": {"uv": [75, 87], "uv_size": [1.5, 3.5]},
								"south": {"uv": [13, 78], "uv_size": [3.5, 3.5]},
								"west": {"uv": [77, 87], "uv_size": [1.5, 3.5]},
								"up": {"uv": [79, 87], "uv_size": [3.5, 1.5]},
								"down": {"uv": [83, 88.5], "uv_size": [3.5, -1.5]}
							}
						},
						{
							"origin": [-1.55, 16.5, -21.3],
							"size": [3.25, 1, 0.5],
							"uv": {
								"north": {"uv": [37, 91], "uv_size": [3.5, 1]},
								"east": {"uv": [86, 98], "uv_size": [0.5, 1]},
								"south": {"uv": [91, 38], "uv_size": [3.5, 1]},
								"west": {"uv": [98, 86], "uv_size": [0.5, 1]},
								"up": {"uv": [94, 79], "uv_size": [3.5, 0.5]},
								"down": {"uv": [94, 80.5], "uv_size": [3.5, -0.5]}
							}
						},
						{
							"origin": [-1.55, 16.5, -35.05],
							"size": [3.25, 4.5, 0.5],
							"uv": {
								"north": {"uv": [34, 73], "uv_size": [3.5, 4.5]},
								"east": {"uv": [13, 93], "uv_size": [0.5, 4.5]},
								"south": {"uv": [56, 73], "uv_size": [3.5, 4.5]},
								"west": {"uv": [14, 93], "uv_size": [0.5, 4.5]},
								"up": {"uv": [83, 94], "uv_size": [3.5, 0.5]},
								"down": {"uv": [94, 83.5], "uv_size": [3.5, -0.5]}
							}
						},
						{
							"origin": [-1.55, 17.5, -36.05],
							"size": [3.25, 3.5, 1],
							"uv": {
								"north": {"uv": [17, 78], "uv_size": [3.5, 3.5]},
								"east": {"uv": [50, 66], "uv_size": [1, 3.5]},
								"south": {"uv": [78, 22], "uv_size": [3.5, 3.5]},
								"west": {"uv": [37, 78], "uv_size": [1, 3.5]},
								"up": {"uv": [90, 90], "uv_size": [3.5, 1]},
								"down": {"uv": [91, 3], "uv_size": [3.5, -1]}
							}
						},
						{
							"origin": [-1.55, 18.67157, -33.22157],
							"size": [3.25, 0.75, 1.45],
							"pivot": [1.7, 21.5, -36.05],
							"rotation": [-45, 0, 0],
							"uv": {
								"north": {"uv": [91, 3], "uv_size": [3.5, 1]},
								"east": {"uv": [25, 95], "uv_size": [1.5, 1]},
								"south": {"uv": [91, 22], "uv_size": [3.5, 1]},
								"west": {"uv": [95, 28], "uv_size": [1.5, 1]},
								"up": {"uv": [87, 85], "uv_size": [3.5, 1.5]},
								"down": {"uv": [87, 88.5], "uv_size": [3.5, -1.5]}
							}
						},
						{
							"origin": [-1.55, 16.79289, -20.95711],
							"size": [3.25, 0.75, 1.45],
							"pivot": [1.7, 16.79289, -20.50711],
							"rotation": [45, 0, 0],
							"uv": {
								"north": {"uv": [91, 23], "uv_size": [3.5, 1]},
								"east": {"uv": [95, 29], "uv_size": [1.5, 1]},
								"south": {"uv": [91, 24], "uv_size": [3.5, 1]},
								"west": {"uv": [95, 30], "uv_size": [1.5, 1]},
								"up": {"uv": [88, 0], "uv_size": [3.5, 1.5]},
								"down": {"uv": [88, 28.5], "uv_size": [3.5, -1.5]}
							}
						},
						{
							"origin": [-1.5, 18.15, 3.82577],
							"size": [3.15, 2.8, 26.3],
							"pivot": [1.9965, 18.46248, 4.12827],
							"rotation": [-3.5, 0, 0],
							"uv": {
								"north": {"uv": [81, 76], "uv_size": [3.5, 3]},
								"east": {"uv": [52, 6], "uv_size": [26.5, 3]},
								"south": {"uv": [81, 79], "uv_size": [3.5, 3]},
								"west": {"uv": [52, 9], "uv_size": [26.5, 3]},
								"up": {"uv": [36, 0], "uv_size": [3.5, 26.5]},
								"down": {"uv": [36, 53.5], "uv_size": [3.5, -26.5]}
							}
						},
						{
							"origin": [-1.05, 20.95, 27.82577],
							"size": [0.25, 1.5, 2.3],
							"pivot": [1.9965, 18.46248, 4.12827],
							"rotation": [-3.5, 0, 0],
							"uv": {
								"north": {"uv": [67, 98], "uv_size": [0.5, 1.5]},
								"east": {"uv": [90, 16], "uv_size": [2.5, 1.5]},
								"south": {"uv": [69, 98], "uv_size": [0.5, 1.5]},
								"west": {"uv": [28, 90], "uv_size": [2.5, 1.5]},
								"up": {"uv": [36, 97], "uv_size": [0.5, 2.5]},
								"down": {"uv": [37, 99.5], "uv_size": [0.5, -2.5]}
							}
						},
						{
							"origin": [-0.8, 16.95, 30.07577],
							"size": [1.75, 5.5, 0.3],
							"pivot": [1.9965, 18.46248, 4.37827],
							"rotation": [-3.5, 0, 0],
							"uv": {
								"north": {"uv": [21, 78], "uv_size": [2, 5.5]},
								"east": {"uv": [77, 91], "uv_size": [0.5, 5.5]},
								"south": {"uv": [78, 69], "uv_size": [2, 5.5]},
								"west": {"uv": [78, 91], "uv_size": [0.5, 5.5]},
								"up": {"uv": [77, 97], "uv_size": [2, 0.5]},
								"down": {"uv": [79, 97.5], "uv_size": [2, -0.5]}
							}
						},
						{
							"origin": [-0.8, 21.2, 28.82577],
							"size": [1.75, 1.25, 1.25],
							"pivot": [1.9965, 18.46248, 4.37827],
							"rotation": [-3.5, 0, 0],
							"uv": {
								"north": {"uv": [7, 91], "uv_size": [2, 1.5]},
								"east": {"uv": [93, 30], "uv_size": [1.5, 1.5]},
								"south": {"uv": [17, 91], "uv_size": [2, 1.5]},
								"west": {"uv": [93, 36], "uv_size": [1.5, 1.5]},
								"up": {"uv": [56, 91], "uv_size": [2, 1.5]},
								"down": {"uv": [67, 92.5], "uv_size": [2, -1.5]}
							}
						},
						{
							"origin": [0.95, 20.95, 27.82577],
							"size": [0.25, 1.5, 2.3],
							"pivot": [1.9965, 18.46248, 4.12827],
							"rotation": [-3.5, 0, 0],
							"uv": {
								"north": {"uv": [98, 73], "uv_size": [0.5, 1.5]},
								"east": {"uv": [90, 36], "uv_size": [2.5, 1.5]},
								"south": {"uv": [75, 98], "uv_size": [0.5, 1.5]},
								"west": {"uv": [90, 42], "uv_size": [2.5, 1.5]},
								"up": {"uv": [97, 37], "uv_size": [0.5, 2.5]},
								"down": {"uv": [38, 99.5], "uv_size": [0.5, -2.5]}
							}
						},
						{
							"origin": [-1.55, 19.9333, 2.60064],
							"size": [3.25, 0.8, 1.55],
							"pivot": [0.075, 20.3333, 3.37564],
							"rotation": [19, 0, 0],
							"uv": {
								"north": {"uv": [50, 91], "uv_size": [3.5, 1]},
								"east": {"uv": [95, 37], "uv_size": [1.5, 1]},
								"south": {"uv": [91, 57], "uv_size": [3.5, 1]},
								"west": {"uv": [95, 38], "uv_size": [1.5, 1]},
								"up": {"uv": [88, 29], "uv_size": [3.5, 1.5]},
								"down": {"uv": [88, 32.5], "uv_size": [3.5, -1.5]}
							}
						},
						{
							"origin": [-1.5, 16.94998, -0.71173],
							"size": [3.15, 2.75, 30.5],
							"pivot": [1.7, 17.25248, 1.10327],
							"rotation": [-17.5, 0, 0],
							"uv": {
								"north": {"uv": [79, 60], "uv_size": [3.5, 3]},
								"east": {"uv": [40, 0], "uv_size": [30.5, 3]},
								"south": {"uv": [73, 79], "uv_size": [3.5, 3]},
								"west": {"uv": [40, 3], "uv_size": [30.5, 3]},
								"up": {"uv": [32, 4], "uv_size": [3.5, 30.5]},
								"down": {"uv": [32, 65.5], "uv_size": [3.5, -30.5]}
							}
						},
						{
							"origin": [-1.05, 22.5, -12.3],
							"size": [2.25, 0.5, 12.3],
							"uv": {
								"north": {"uv": [93, 95], "uv_size": [2.5, 0.5]},
								"east": {"uv": [86, 4], "uv_size": [12.5, 0.5]},
								"south": {"uv": [0, 96], "uv_size": [2.5, 0.5]},
								"west": {"uv": [86, 5], "uv_size": [12.5, 0.5]},
								"up": {"uv": [64, 56], "uv_size": [2.5, 12.5]},
								"down": {"uv": [31, 78.5], "uv_size": [2.5, -12.5]}
							}
						},
						{
							"origin": [0.0481, 23.65901, -7.3],
							"size": [0.7, 0.5, 7.3],
							"pivot": [1.2481, 21.40901, -12.8],
							"rotation": [0, 0, -45],
							"uv": {
								"north": {"uv": [99, 86], "uv_size": [0.5, 0.5]},
								"east": {"uv": [89, 25], "uv_size": [7.5, 0.5]},
								"south": {"uv": [87, 99], "uv_size": [0.5, 0.5]},
								"west": {"uv": [89, 81], "uv_size": [7.5, 0.5]},
								"up": {"uv": [69, 87], "uv_size": [0.5, 7.5]},
								"down": {"uv": [6, 95.5], "uv_size": [0.5, -7.5]}
							}
						},
						{
							"origin": [0.92071, 22.32574, -7.3],
							"size": [0.7, 0.5, 7.3],
							"pivot": [1.27071, 22.57574, -5.65],
							"rotation": [0, 0, 45],
							"uv": {
								"north": {"uv": [99, 87], "uv_size": [0.5, 0.5]},
								"east": {"uv": [82, 89], "uv_size": [7.5, 0.5]},
								"south": {"uv": [88, 99], "uv_size": [0.5, 0.5]},
								"west": {"uv": [89, 82], "uv_size": [7.5, 0.5]},
								"up": {"uv": [43, 88], "uv_size": [0.5, 7.5]},
								"down": {"uv": [27, 96.5], "uv_size": [0.5, -7.5]}
							}
						},
						{
							"origin": [-1.55, 20.25, -12.05],
							"size": [3.25, 2.25, 12.05],
							"uv": {
								"north": {"uv": [83, 6], "uv_size": [3.5, 2.5]},
								"east": {"uv": [66, 42], "uv_size": [12, 2.5]},
								"south": {"uv": [83, 9], "uv_size": [3.5, 2.5]},
								"west": {"uv": [66, 45], "uv_size": [12, 2.5]},
								"up": {"uv": [7, 64], "uv_size": [3.5, 12]},
								"down": {"uv": [11, 76], "uv_size": [3.5, -12]}
							}
						},
						{
							"origin": [-1.3, 23.2, -5.05],
							"size": [2.75, 0.15, 5.05],
							"uv": {
								"north": {"uv": [95, 24], "uv_size": [3, 0.5]},
								"east": {"uv": [91, 75], "uv_size": [5, 0.5]},
								"south": {"uv": [95, 27], "uv_size": [3, 0.5]},
								"west": {"uv": [83, 91], "uv_size": [5, 0.5]},
								"up": {"uv": [60, 73], "uv_size": [3, 5]},
								"down": {"uv": [75, 27], "uv_size": [3, -5]}
							}
						},
						{
							"origin": [-0.8, 22.95, -5.05],
							"size": [1.75, 0.25, 5.05],
							"uv": {
								"north": {"uv": [97, 81], "uv_size": [2, 0.5]},
								"east": {"uv": [92, 35], "uv_size": [5, 0.5]},
								"south": {"uv": [97, 82], "uv_size": [2, 0.5]},
								"west": {"uv": [92, 39], "uv_size": [5, 0.5]},
								"up": {"uv": [67, 79], "uv_size": [2, 5]},
								"down": {"uv": [23, 85], "uv_size": [2, -5]}
							}
						},
						{
							"origin": [-2.05, 23.45, -0.55],
							"size": [0.5, 0.75, 0.75],
							"pivot": [-1.8, 23.825, -0.175],
							"rotation": [45, 0, 0],
							"uv": {
								"north": {"uv": [96, 98], "uv_size": [0.5, 1]},
								"east": {"uv": [97, 53], "uv_size": [1, 1]},
								"south": {"uv": [97, 98], "uv_size": [0.5, 1]},
								"west": {"uv": [57, 97], "uv_size": [1, 1]},
								"up": {"uv": [98, 97], "uv_size": [0.5, 1]},
								"down": {"uv": [98, 99], "uv_size": [0.5, -1]}
							}
						},
						{
							"origin": [1.7, 23.45, -0.55],
							"size": [0.25, 0.75, 0.75],
							"pivot": [1.95, 23.825, -0.175],
							"rotation": [45, 0, 0],
							"uv": {
								"north": {"uv": [21, 99], "uv_size": [0.5, 1]},
								"east": {"uv": [97, 70], "uv_size": [1, 1]},
								"south": {"uv": [23, 99], "uv_size": [0.5, 1]},
								"west": {"uv": [97, 73], "uv_size": [1, 1]},
								"up": {"uv": [24, 99], "uv_size": [0.5, 1]},
								"down": {"uv": [25, 100], "uv_size": [0.5, -1]}
							}
						},
						{
							"origin": [0.6, 23.6, -4.3],
							"size": [0.35, 0.45, 3.75],
							"uv": {
								"north": {"uv": [8, 100], "uv_size": [0.5, 0.5]},
								"east": {"uv": [94, 45], "uv_size": [4, 0.5]},
								"south": {"uv": [100, 8], "uv_size": [0.5, 0.5]},
								"west": {"uv": [94, 46], "uv_size": [4, 0.5]},
								"up": {"uv": [70, 93], "uv_size": [0.5, 4]},
								"down": {"uv": [75, 97], "uv_size": [0.5, -4]}
							}
						},
						{
							"origin": [-0.8, 23.6, -4.3],
							"size": [0.35, 0.45, 3.75],
							"uv": {
								"north": {"uv": [10, 100], "uv_size": [0.5, 0.5]},
								"east": {"uv": [94, 47], "uv_size": [4, 0.5]},
								"south": {"uv": [100, 10], "uv_size": [0.5, 0.5]},
								"west": {"uv": [50, 94], "uv_size": [4, 0.5]},
								"up": {"uv": [76, 93], "uv_size": [0.5, 4]},
								"down": {"uv": [39, 98], "uv_size": [0.5, -4]}
							}
						},
						{
							"origin": [-0.8, 23.6, -0.55],
							"size": [1.75, 0.45, 0.75],
							"uv": {
								"north": {"uv": [0, 98], "uv_size": [2, 0.5]},
								"east": {"uv": [26, 99], "uv_size": [1, 0.5]},
								"south": {"uv": [4, 98], "uv_size": [2, 0.5]},
								"west": {"uv": [99, 27], "uv_size": [1, 0.5]},
								"up": {"uv": [50, 86], "uv_size": [2, 1]},
								"down": {"uv": [64, 91], "uv_size": [2, -1]}
							}
						},
						{
							"origin": [-0.8, 23.6, -4.8],
							"size": [1.75, 0.45, 0.5],
							"uv": {
								"north": {"uv": [90, 97], "uv_size": [2, 0.5]},
								"east": {"uv": [9, 100], "uv_size": [0.5, 0.5]},
								"south": {"uv": [92, 97], "uv_size": [2, 0.5]},
								"west": {"uv": [100, 9], "uv_size": [0.5, 0.5]},
								"up": {"uv": [94, 97], "uv_size": [2, 0.5]},
								"down": {"uv": [96, 97.5], "uv_size": [2, -0.5]}
							}
						},
						{
							"origin": [-0.45, 23.6, -2.3],
							"size": [1.05, 0.45, 0.25],
							"uv": {
								"north": {"uv": [99, 28], "uv_size": [1, 0.5]},
								"east": {"uv": [11, 100], "uv_size": [0.5, 0.5]},
								"south": {"uv": [99, 31], "uv_size": [1, 0.5]},
								"west": {"uv": [100, 11], "uv_size": [0.5, 0.5]},
								"up": {"uv": [32, 99], "uv_size": [1, 0.5]},
								"down": {"uv": [99, 32.5], "uv_size": [1, -0.5]}
							}
						},
						{
							"origin": [-0.45, 23.6, -1.8],
							"size": [1.05, 0.45, 0.25],
							"uv": {
								"north": {"uv": [33, 99], "uv_size": [1, 0.5]},
								"east": {"uv": [12, 100], "uv_size": [0.5, 0.5]},
								"south": {"uv": [99, 33], "uv_size": [1, 0.5]},
								"west": {"uv": [100, 12], "uv_size": [0.5, 0.5]},
								"up": {"uv": [99, 37], "uv_size": [1, 0.5]},
								"down": {"uv": [99, 38.5], "uv_size": [1, -0.5]}
							}
						},
						{
							"origin": [-0.45, 23.6, -2.05],
							"size": [0.4, 0.7, 0.25],
							"uv": {
								"north": {"uv": [13, 100], "uv_size": [0.5, 0.5]},
								"east": {"uv": [100, 13], "uv_size": [0.5, 0.5]},
								"south": {"uv": [14, 100], "uv_size": [0.5, 0.5]},
								"west": {"uv": [100, 14], "uv_size": [0.5, 0.5]},
								"up": {"uv": [15, 100], "uv_size": [0.5, 0.5]},
								"down": {"uv": [100, 15.5], "uv_size": [0.5, -0.5]}
							}
						},
						{
							"origin": [0.2, 23.6, -2.05],
							"size": [0.4, 0.7, 0.25],
							"uv": {
								"north": {"uv": [16, 100], "uv_size": [0.5, 0.5]},
								"east": {"uv": [100, 16], "uv_size": [0.5, 0.5]},
								"south": {"uv": [17, 100], "uv_size": [0.5, 0.5]},
								"west": {"uv": [100, 17], "uv_size": [0.5, 0.5]},
								"up": {"uv": [18, 100], "uv_size": [0.5, 0.5]},
								"down": {"uv": [100, 18.5], "uv_size": [0.5, -0.5]}
							}
						},
						{
							"origin": [-1.3, 23.65, -0.3],
							"size": [2.75, 0.3, 0.3],
							"uv": {
								"north": {"uv": [95, 71], "uv_size": [3, 0.5]},
								"east": {"uv": [7, 100], "uv_size": [0.5, 0.5]},
								"south": {"uv": [95, 72], "uv_size": [3, 0.5]},
								"west": {"uv": [100, 7], "uv_size": [0.5, 0.5]},
								"up": {"uv": [90, 95], "uv_size": [3, 0.5]},
								"down": {"uv": [95, 91.5], "uv_size": [3, -0.5]}
							}
						},
						{
							"origin": [-1.55, 23.2, -5.05],
							"size": [0.25, 1.25, 5.05],
							"uv": {
								"north": {"uv": [2, 98], "uv_size": [0.5, 1.5]},
								"east": {"uv": [83, 60], "uv_size": [5, 1.5]},
								"south": {"uv": [98, 27], "uv_size": [0.5, 1.5]},
								"west": {"uv": [9, 84], "uv_size": [5, 1.5]},
								"up": {"uv": [79, 91], "uv_size": [0.5, 5]},
								"down": {"uv": [80, 96], "uv_size": [0.5, -5]}
							}
						},
						{
							"origin": [1.45, 23.2, -5.05],
							"size": [0.25, 1.25, 5.05],
							"uv": {
								"north": {"uv": [28, 98], "uv_size": [0.5, 1.5]},
								"east": {"uv": [84, 34], "uv_size": [5, 1.5]},
								"south": {"uv": [29, 98], "uv_size": [0.5, 1.5]},
								"west": {"uv": [84, 44], "uv_size": [5, 1.5]},
								"up": {"uv": [81, 91], "uv_size": [0.5, 5]},
								"down": {"uv": [82, 96], "uv_size": [0.5, -5]}
							}
						},
						{
							"origin": [-1.55, 20.25, -19.8],
							"size": [2.5, 1.25, 7.8],
							"uv": {
								"north": {"uv": [79, 89], "uv_size": [2.5, 1.5]},
								"east": {"uv": [78, 4], "uv_size": [8, 1.5]},
								"south": {"uv": [89, 79], "uv_size": [2.5, 1.5]},
								"west": {"uv": [78, 42], "uv_size": [8, 1.5]},
								"up": {"uv": [67, 56], "uv_size": [2.5, 8]},
								"down": {"uv": [67, 72], "uv_size": [2.5, -8]}
							}
						},
						{
							"origin": [-1.55, 21.5, -19.8],
							"size": [3, 1.25, 0.8],
							"uv": {
								"north": {"uv": [88, 39], "uv_size": [3.5, 1.5]},
								"east": {"uv": [95, 50], "uv_size": [1, 1.5]},
								"south": {"uv": [88, 59], "uv_size": [3.5, 1.5]},
								"west": {"uv": [52, 95], "uv_size": [1, 1.5]},
								"up": {"uv": [62, 91], "uv_size": [3.5, 1]},
								"down": {"uv": [91, 63], "uv_size": [3.5, -1]}
							}
						},
						{
							"origin": [-1.55, 22.4, -13.05],
							"size": [3.25, 0.35, 1],
							"uv": {
								"north": {"uv": [92, 94], "uv_size": [3.5, 0.5]},
								"east": {"uv": [99, 4], "uv_size": [1, 0.5]},
								"south": {"uv": [94, 92], "uv_size": [3.5, 0.5]},
								"west": {"uv": [5, 99], "uv_size": [1, 0.5]},
								"up": {"uv": [91, 58], "uv_size": [3.5, 1]},
								"down": {"uv": [91, 62], "uv_size": [3.5, -1]}
							}
						},
						{
							"origin": [0.95, 20.25, -19.8],
							"size": [0.75, 2.5, 7.8],
							"uv": {
								"north": {"uv": [25, 92], "uv_size": [1, 2.5]},
								"east": {"uv": [56, 70], "uv_size": [8, 2.5]},
								"south": {"uv": [26, 92], "uv_size": [1, 2.5]},
								"west": {"uv": [70, 56], "uv_size": [8, 2.5]},
								"up": {"uv": [29, 78], "uv_size": [1, 8]},
								"down": {"uv": [52, 87], "uv_size": [1, -8]}
							}
						},
						{
							"origin": [-1.05, 22.75, -19.8],
							"size": [2.25, 0.5, 7.05],
							"uv": {
								"north": {"uv": [90, 96], "uv_size": [2.5, 0.5]},
								"east": {"uv": [91, 48], "uv_size": [7, 0.5]},
								"south": {"uv": [93, 96], "uv_size": [2.5, 0.5]},
								"west": {"uv": [91, 49], "uv_size": [7, 0.5]},
								"up": {"uv": [3, 71], "uv_size": [2.5, 7]},
								"down": {"uv": [46, 79], "uv_size": [2.5, -7]}
							}
						},
						{
							"origin": [-0.675, 21, -67.8],
							"size": [1.5, 1.5, 48.05],
							"uv": {
								"north": {"uv": [93, 42], "uv_size": [1.5, 1.5]},
								"east": {"uv": [52, 18], "uv_size": [48, 1.5]},
								"south": {"uv": [57, 93], "uv_size": [1.5, 1.5]},
								"west": {"uv": [52, 20], "uv_size": [48, 1.5]},
								"up": {"uv": [52, 22], "uv_size": [1.5, 48]},
								"down": {"uv": [44, 100], "uv_size": [1.5, -48]}
							}
						},
						{
							"origin": [-0.75, 20.9, -78.3],
							"size": [1.7, 1.7, 6.8],
							"uv": {
								"north": {"uv": [67, 93], "uv_size": [1.5, 1.5]},
								"east": {"uv": [80, 48], "uv_size": [7, 1.5]},
								"south": {"uv": [93, 71], "uv_size": [1.5, 1.5]},
								"west": {"uv": [9, 82], "uv_size": [7, 1.5]},
								"up": {"uv": [31, 79], "uv_size": [1.5, 7]},
								"down": {"uv": [50, 86], "uv_size": [1.5, -7]}
							}
						},
						{
							"origin": [-0.675, 18.5, -60.3],
							"size": [1.5, 1.5, 40.55],
							"uv": {
								"north": {"uv": [59, 93], "uv_size": [1.5, 1.5]},
								"east": {"uv": [54, 50], "uv_size": [40.5, 1.5]},
								"south": {"uv": [61, 93], "uv_size": [1.5, 1.5]},
								"west": {"uv": [54, 52], "uv_size": [40.5, 1.5]},
								"up": {"uv": [41, 54], "uv_size": [1.5, 40.5]},
								"down": {"uv": [54, 94.5], "uv_size": [1.5, -40.5]}
							}
						},
						{
							"origin": [0.95, 22.64645, -19.8],
							"size": [0.7, 0.5, 7.05],
							"pivot": [1.2, 22.89645, -16.275],
							"rotation": [0, 0, 45],
							"uv": {
								"north": {"uv": [99, 83], "uv_size": [0.5, 0.5]},
								"east": {"uv": [91, 54], "uv_size": [7, 0.5]},
								"south": {"uv": [84, 99], "uv_size": [0.5, 0.5]},
								"west": {"uv": [91, 55], "uv_size": [7, 0.5]},
								"up": {"uv": [16, 90], "uv_size": [0.5, 7]},
								"down": {"uv": [22, 97], "uv_size": [0.5, -7]}
							}
						},
						{
							"origin": [-1.5, 22.64645, -19.8],
							"size": [0.7, 0.5, 0.8],
							"pivot": [-1.05, 22.89645, -16.275],
							"rotation": [0, 0, -45],
							"uv": {
								"north": {"uv": [99, 82], "uv_size": [0.5, 0.5]},
								"east": {"uv": [98, 87], "uv_size": [1, 0.5]},
								"south": {"uv": [83, 99], "uv_size": [0.5, 0.5]},
								"west": {"uv": [88, 98], "uv_size": [1, 0.5]},
								"up": {"uv": [98, 88], "uv_size": [0.5, 1]},
								"down": {"uv": [89, 99], "uv_size": [0.5, -1]}
							}
						},
						{
							"origin": [-1.25, 22.64645, -19],
							"size": [0.45, 0.5, 5.95],
							"pivot": [-1.05, 22.89645, -16.275],
							"rotation": [0, 0, -45],
							"uv": {
								"north": {"uv": [99, 97], "uv_size": [0.5, 0.5]},
								"east": {"uv": [91, 69], "uv_size": [6, 0.5]},
								"south": {"uv": [98, 99], "uv_size": [0.5, 0.5]},
								"west": {"uv": [91, 70], "uv_size": [6, 0.5]},
								"up": {"uv": [48, 90], "uv_size": [0.5, 6]},
								"down": {"uv": [66, 96], "uv_size": [0.5, -6]}
							}
						},
						{
							"origin": [-1.5, 22.64645, -13.05],
							"size": [0.7, 0.5, 0.8],
							"pivot": [-1.05, 22.89645, -15.775],
							"rotation": [0, 0, -45],
							"uv": {
								"north": {"uv": [99, 96], "uv_size": [0.5, 0.5]},
								"east": {"uv": [0, 99], "uv_size": [1, 0.5]},
								"south": {"uv": [97, 99], "uv_size": [0.5, 0.5]},
								"west": {"uv": [1, 99], "uv_size": [1, 0.5]},
								"up": {"uv": [3, 99], "uv_size": [0.5, 1]},
								"down": {"uv": [4, 100], "uv_size": [0.5, -1]}
							}
						},
						{
							"origin": [-1.05, 20.5, -22.8],
							"size": [2.25, 2.25, 3.05],
							"uv": {
								"north": {"uv": [34, 86], "uv_size": [2.5, 2.5]},
								"east": {"uv": [20, 84], "uv_size": [3, 2.5]},
								"south": {"uv": [37, 86], "uv_size": [2.5, 2.5]},
								"west": {"uv": [67, 84], "uv_size": [3, 2.5]},
								"up": {"uv": [71, 84], "uv_size": [2.5, 3]},
								"down": {"uv": [84, 74], "uv_size": [2.5, -3]}
							}
						},
						{
							"origin": [-3.2, 19, -69.55],
							"size": [0.75, 0.75, 16.3],
							"pivot": [-2.825, 19.375, -59.65],
							"rotation": [-7.50238, -2.49762, 0.10912],
							"uv": {
								"north": {"uv": [97, 57], "uv_size": [1, 1]},
								"east": {"uv": [67, 34], "uv_size": [16.5, 1]},
								"south": {"uv": [58, 97], "uv_size": [1, 1]},
								"west": {"uv": [67, 35], "uv_size": [16.5, 1]},
								"up": {"uv": [51, 52], "uv_size": [1, 16.5]},
								"down": {"uv": [43, 70.5], "uv_size": [1, -16.5]}
							}
						},
						{
							"origin": [2.55, 19.25, -69.55],
							"size": [0.75, 0.75, 16.3],
							"pivot": [2.925, 19.625, -59.65],
							"rotation": [-5, 2.5, 0],
							"uv": {
								"north": {"uv": [97, 58], "uv_size": [1, 1]},
								"east": {"uv": [71, 0], "uv_size": [16.5, 1]},
								"south": {"uv": [59, 97], "uv_size": [1, 1]},
								"west": {"uv": [71, 1], "uv_size": [16.5, 1]},
								"up": {"uv": [6, 71], "uv_size": [1, 16.5]},
								"down": {"uv": [43, 87.5], "uv_size": [1, -16.5]}
							}
						},
						{
							"origin": [-3.7, 18.25, -53.3],
							"size": [1.5, 2.25, 0.3],
							"pivot": [-3.075, 19.375, -59.65],
							"rotation": [-7.50238, -2.49762, 0.10912],
							"uv": {
								"north": {"uv": [14, 90], "uv_size": [1.5, 2.5]},
								"east": {"uv": [71, 96], "uv_size": [0.5, 2.5]},
								"south": {"uv": [20, 90], "uv_size": [1.5, 2.5]},
								"west": {"uv": [72, 96], "uv_size": [0.5, 2.5]},
								"up": {"uv": [98, 53], "uv_size": [1.5, 0.5]},
								"down": {"uv": [98, 54.5], "uv_size": [1.5, -0.5]}
							}
						},
						{
							"origin": [2.05, 18.5, -53.3],
							"size": [1.5, 2.25, 0.3],
							"pivot": [2.675, 19.625, -59.65],
							"rotation": [-5, 2.5, 0],
							"uv": {
								"north": {"uv": [90, 10], "uv_size": [1.5, 2.5]},
								"east": {"uv": [54, 96], "uv_size": [0.5, 2.5]},
								"south": {"uv": [90, 13], "uv_size": [1.5, 2.5]},
								"west": {"uv": [64, 96], "uv_size": [0.5, 2.5]},
								"up": {"uv": [98, 49], "uv_size": [1.5, 0.5]},
								"down": {"uv": [98, 52.5], "uv_size": [1.5, -0.5]}
							}
						},
						{
							"origin": [2.05, 19.9812, -52.61426],
							"size": [1.5, 1, 0.3],
							"pivot": [2.675, 21.1062, -58.96426],
							"rotation": [-27.5, 2.5, 0],
							"uv": {
								"north": {"uv": [59, 95], "uv_size": [1.5, 1]},
								"east": {"uv": [12, 99], "uv_size": [0.5, 1]},
								"south": {"uv": [61, 95], "uv_size": [1.5, 1]},
								"west": {"uv": [13, 99], "uv_size": [0.5, 1]},
								"up": {"uv": [59, 98], "uv_size": [1.5, 0.5]},
								"down": {"uv": [98, 59.5], "uv_size": [1.5, -0.5]}
							}
						},
						{
							"origin": [-3.7, 19.7312, -52.61426],
							"size": [1.5, 1, 0.3],
							"pivot": [-3.075, 20.8562, -58.96426],
							"rotation": [-30.00238, -2.49762, 0.10912],
							"uv": {
								"north": {"uv": [95, 57], "uv_size": [1.5, 1]},
								"east": {"uv": [10, 99], "uv_size": [0.5, 1]},
								"south": {"uv": [95, 58], "uv_size": [1.5, 1]},
								"west": {"uv": [11, 99], "uv_size": [0.5, 1]},
								"up": {"uv": [98, 57], "uv_size": [1.5, 0.5]},
								"down": {"uv": [98, 58.5], "uv_size": [1.5, -0.5]}
							}
						},
						{
							"origin": [2.05, 18.11437, -53.25777],
							"size": [1.5, 1, 0.3],
							"pivot": [2.675, 19.23937, -59.60777],
							"rotation": [17.5, 2.5, 0],
							"uv": {
								"north": {"uv": [95, 53], "uv_size": [1.5, 1]},
								"east": {"uv": [7, 99], "uv_size": [0.5, 1]},
								"south": {"uv": [57, 95], "uv_size": [1.5, 1]},
								"west": {"uv": [8, 99], "uv_size": [0.5, 1]},
								"up": {"uv": [98, 56], "uv_size": [1.5, 0.5]},
								"down": {"uv": [57, 98.5], "uv_size": [1.5, -0.5]}
							}
						},
						{
							"origin": [-3.7, 17.86437, -53.25777],
							"size": [1.5, 1, 0.3],
							"pivot": [-3.075, 18.98937, -59.60777],
							"rotation": [14.99762, -2.49762, 0.10912],
							"uv": {
								"north": {"uv": [95, 52], "uv_size": [1.5, 1]},
								"east": {"uv": [99, 5], "uv_size": [0.5, 1]},
								"south": {"uv": [53, 95], "uv_size": [1.5, 1]},
								"west": {"uv": [6, 99], "uv_size": [0.5, 1]},
								"up": {"uv": [55, 98], "uv_size": [1.5, 0.5]},
								"down": {"uv": [98, 55.5], "uv_size": [1.5, -0.5]}
							}
						},
						{
							"origin": [-0.75, 20.9, -69.25],
							"size": [1.7, 1.7, 1.5],
							"uv": {
								"north": {"uv": [92, 59], "uv_size": [1.5, 1.5]},
								"east": {"uv": [63, 92], "uv_size": [1.5, 1.5]},
								"south": {"uv": [71, 92], "uv_size": [1.5, 1.5]},
								"west": {"uv": [73, 92], "uv_size": [1.5, 1.5]},
								"up": {"uv": [92, 79], "uv_size": [1.5, 1.5]},
								"down": {"uv": [83, 93.5], "uv_size": [1.5, -1.5]}
							}
						},
						{
							"origin": [-0.475, 22.6, -69.25],
							"size": [1.1, 1.2, 1.5],
							"uv": {
								"north": {"uv": [97, 40], "uv_size": [1, 1]},
								"east": {"uv": [95, 31], "uv_size": [1.5, 1]},
								"south": {"uv": [41, 97], "uv_size": [1, 1]},
								"west": {"uv": [95, 34], "uv_size": [1.5, 1]},
								"up": {"uv": [40, 89], "uv_size": [1, 1.5]},
								"down": {"uv": [64, 95.5], "uv_size": [1, -1.5]}
							}
						},
						{
							"origin": [-0.475, 24.75, -69.25],
							"size": [1.1, 0.2, 1.5],
							"uv": {
								"north": {"uv": [94, 98], "uv_size": [1, 0.5]},
								"east": {"uv": [98, 40], "uv_size": [1.5, 0.5]},
								"south": {"uv": [95, 98], "uv_size": [1, 0.5]},
								"west": {"uv": [98, 46], "uv_size": [1.5, 0.5]},
								"up": {"uv": [31, 95], "uv_size": [1, 1.5]},
								"down": {"uv": [38, 96.5], "uv_size": [1, -1.5]}
							}
						},
						{
							"origin": [-0.025, 23.8, -69],
							"size": [0.2, 0.45, 1.25],
							"uv": {
								"north": {"uv": [99, 77], "uv_size": [0.5, 0.5]},
								"east": {"uv": [98, 29], "uv_size": [1.5, 0.5]},
								"south": {"uv": [78, 99], "uv_size": [0.5, 0.5]},
								"west": {"uv": [98, 30], "uv_size": [1.5, 0.5]},
								"up": {"uv": [30, 98], "uv_size": [0.5, 1.5]},
								"down": {"uv": [98, 32.5], "uv_size": [0.5, -1.5]}
							}
						},
						{
							"origin": [-0.475, 23.8, -69.25],
							"size": [0.2, 0.95, 1.5],
							"uv": {
								"north": {"uv": [98, 91], "uv_size": [0.5, 1]},
								"east": {"uv": [41, 95], "uv_size": [1.5, 1]},
								"south": {"uv": [92, 98], "uv_size": [0.5, 1]},
								"west": {"uv": [95, 42], "uv_size": [1.5, 1]},
								"up": {"uv": [98, 42], "uv_size": [0.5, 1.5]},
								"down": {"uv": [43, 99.5], "uv_size": [0.5, -1.5]}
							}
						},
						{
							"origin": [0.425, 23.8, -69.25],
							"size": [0.2, 0.95, 1.5],
							"uv": {
								"north": {"uv": [98, 92], "uv_size": [0.5, 1]},
								"east": {"uv": [95, 43], "uv_size": [1.5, 1]},
								"south": {"uv": [93, 98], "uv_size": [0.5, 1]},
								"west": {"uv": [50, 95], "uv_size": [1.5, 1]},
								"up": {"uv": [98, 44], "uv_size": [0.5, 1.5]},
								"down": {"uv": [46, 99.5], "uv_size": [0.5, -1.5]}
							}
						},
						{
							"origin": [-1.8, 20.65, -71.55],
							"size": [3.7, 2.2, 2.3],
							"uv": {
								"north": {"uv": [83, 85], "uv_size": [3.5, 2]},
								"east": {"uv": [88, 63], "uv_size": [2.5, 2]},
								"south": {"uv": [85, 83], "uv_size": [3.5, 2]},
								"west": {"uv": [88, 67], "uv_size": [2.5, 2]},
								"up": {"uv": [83, 57], "uv_size": [3.5, 2.5]},
								"down": {"uv": [59, 85.5], "uv_size": [3.5, -2.5]}
							}
						},
						{
							"origin": [0.84126, 20.81618, -71.55],
							"size": [3.2, 1.7, 2.3],
							"pivot": [1.69126, 21.66618, -70.4],
							"rotation": [0, 0, 55],
							"uv": {
								"north": {"uv": [89, 34], "uv_size": [3, 1.5]},
								"east": {"uv": [89, 83], "uv_size": [2.5, 1.5]},
								"south": {"uv": [37, 89], "uv_size": [3, 1.5]},
								"west": {"uv": [0, 90], "uv_size": [2.5, 1.5]},
								"up": {"uv": [74, 84], "uv_size": [3, 2.5]},
								"down": {"uv": [85, 29.5], "uv_size": [3, -2.5]}
							}
						},
						{
							"origin": [2.4593, 21.02317, -70.8],
							"size": [1.7, 0.5, 0.55],
							"pivot": [3.3093, 21.27317, -70.525],
							"rotation": [0, 22.5, 55],
							"uv": {
								"north": {"uv": [98, 60], "uv_size": [1.5, 0.5]},
								"east": {"uv": [5, 100], "uv_size": [0.5, 0.5]},
								"south": {"uv": [98, 66], "uv_size": [1.5, 0.5]},
								"west": {"uv": [100, 5], "uv_size": [0.5, 0.5]},
								"up": {"uv": [98, 67], "uv_size": [1.5, 0.5]},
								"down": {"uv": [98, 68.5], "uv_size": [1.5, -0.5]}
							}
						},
						{
							"origin": [-3.94126, 20.81618, -71.55],
							"size": [3.2, 1.7, 2.3],
							"pivot": [-1.59126, 21.66618, -70.4],
							"rotation": [0, 0, -55],
							"uv": {
								"north": {"uv": [89, 44], "uv_size": [3, 1.5]},
								"east": {"uv": [90, 6], "uv_size": [2.5, 1.5]},
								"south": {"uv": [89, 46], "uv_size": [3, 1.5]},
								"west": {"uv": [90, 8], "uv_size": [2.5, 1.5]},
								"up": {"uv": [85, 30], "uv_size": [3, 2.5]},
								"down": {"uv": [46, 87.5], "uv_size": [3, -2.5]}
							}
						},
						{
							"origin": [-4.0593, 21.02317, -70.8],
							"size": [1.7, 0.5, 0.55],
							"pivot": [-3.2093, 21.27317, -70.525],
							"rotation": [0, -25, -55],
							"uv": {
								"north": {"uv": [98, 70], "uv_size": [1.5, 0.5]},
								"east": {"uv": [6, 100], "uv_size": [0.5, 0.5]},
								"south": {"uv": [98, 71], "uv_size": [1.5, 0.5]},
								"west": {"uv": [100, 6], "uv_size": [0.5, 0.5]},
								"up": {"uv": [98, 72], "uv_size": [1.5, 0.5]},
								"down": {"uv": [73, 98.5], "uv_size": [1.5, -0.5]}
							}
						},
						{
							"origin": [-0.475, 18.75, -61.3],
							"size": [1, 1, 1.8],
							"pivot": [0.05, 19.25, -60.4],
							"rotation": [0, 0, 45],
							"uv": {
								"north": {"uv": [97, 34], "uv_size": [1, 1]},
								"east": {"uv": [64, 49], "uv_size": [2, 1]},
								"south": {"uv": [97, 35], "uv_size": [1, 1]},
								"west": {"uv": [83, 62], "uv_size": [2, 1]},
								"up": {"uv": [31, 64], "uv_size": [1, 2]},
								"down": {"uv": [78, 59], "uv_size": [1, -2]}
							}
						},
						{
							"origin": [-0.775, 18.4, -58.65],
							"size": [1.7, 4.2, 2],
							"uv": {
								"north": {"uv": [3, 87], "uv_size": [1.5, 4]},
								"east": {"uv": [7, 83], "uv_size": [2, 4]},
								"south": {"uv": [7, 87], "uv_size": [1.5, 4]},
								"west": {"uv": [77, 83], "uv_size": [2, 4]},
								"up": {"uv": [46, 90], "uv_size": [1.5, 2]},
								"down": {"uv": [3, 93], "uv_size": [1.5, -2]}
							}
						},
						{
							"origin": [-1.55, 22.5, -12.25],
							"size": [3.25, 0.4, 4.25],
							"uv": {
								"north": {"uv": [94, 60], "uv_size": [3.5, 0.5]},
								"east": {"uv": [92, 40], "uv_size": [4.5, 0.5]},
								"south": {"uv": [94, 66], "uv_size": [3.5, 0.5]},
								"west": {"uv": [58, 92], "uv_size": [4.5, 0.5]},
								"up": {"uv": [71, 22], "uv_size": [3.5, 4.5]},
								"down": {"uv": [26, 77.5], "uv_size": [3.5, -4.5]}
							}
						},
						{
							"origin": [-1.55, 22.9, -12],
							"size": [3.25, 0.5, 4],
							"uv": {
								"north": {"uv": [94, 84], "uv_size": [3.5, 0.5]},
								"east": {"uv": [94, 26], "uv_size": [4, 0.5]},
								"south": {"uv": [94, 85], "uv_size": [3.5, 0.5]},
								"west": {"uv": [94, 44], "uv_size": [4, 0.5]},
								"up": {"uv": [49, 75], "uv_size": [3.5, 4]},
								"down": {"uv": [73, 79], "uv_size": [3.5, -4]}
							}
						},
						{
							"origin": [-1.05, 23.9, -12.25],
							"size": [2.25, 0.1, 4.25],
							"uv": {
								"north": {"uv": [97, 14], "uv_size": [2.5, 0.5]},
								"east": {"uv": [93, 17], "uv_size": [4.5, 0.5]},
								"south": {"uv": [97, 15], "uv_size": [2.5, 0.5]},
								"west": {"uv": [93, 32], "uv_size": [4.5, 0.5]},
								"up": {"uv": [56, 78], "uv_size": [2.5, 4.5]},
								"down": {"uv": [59, 82.5], "uv_size": [2.5, -4.5]}
							}
						},
						{
							"origin": [-1.5, 23.29645, -12.25],
							"size": [0.7, 0.5, 4.25],
							"pivot": [-1.05, 23.54645, -10.125],
							"rotation": [0, 0, -45],
							"uv": {
								"north": {"uv": [99, 89], "uv_size": [0.5, 0.5]},
								"east": {"uv": [93, 7], "uv_size": [4.5, 0.5]},
								"south": {"uv": [90, 99], "uv_size": [0.5, 0.5]},
								"west": {"uv": [93, 8], "uv_size": [4.5, 0.5]},
								"up": {"uv": [32, 93], "uv_size": [0.5, 4.5]},
								"down": {"uv": [33, 97.5], "uv_size": [0.5, -4.5]}
							}
						},
						{
							"origin": [0.95, 23.29645, -12.25],
							"size": [0.7, 0.5, 4.25],
							"pivot": [1.2, 23.54645, -10],
							"rotation": [0, 0, 45],
							"uv": {
								"north": {"uv": [99, 94], "uv_size": [0.5, 0.5]},
								"east": {"uv": [93, 9], "uv_size": [4.5, 0.5]},
								"south": {"uv": [95, 99], "uv_size": [0.5, 0.5]},
								"west": {"uv": [93, 16], "uv_size": [4.5, 0.5]},
								"up": {"uv": [34, 93], "uv_size": [0.5, 4.5]},
								"down": {"uv": [56, 97.5], "uv_size": [0.5, -4.5]}
							}
						},
						{
							"origin": [1.45, 24.0222, -0.4278],
							"size": [0.25, 0.605, 0.605],
							"pivot": [1.9965, 24.0222, -0.4278],
							"rotation": [-45, 0, 0],
							"uv": {
								"north": {"uv": [99, 45], "uv_size": [0.5, 0.5]},
								"east": {"uv": [48, 99], "uv_size": [0.5, 0.5]},
								"south": {"uv": [49, 99], "uv_size": [0.5, 0.5]},
								"west": {"uv": [50, 99], "uv_size": [0.5, 0.5]},
								"up": {"uv": [99, 50], "uv_size": [0.5, 0.5]},
								"down": {"uv": [51, 99.5], "uv_size": [0.5, -0.5]}
							}
						},
						{
							"origin": [1.45, 23.6592, 0.1253],
							"size": [0.25, 0.363, 0.3025],
							"uv": {
								"north": {"uv": [58, 99], "uv_size": [0.5, 0.5]},
								"east": {"uv": [59, 99], "uv_size": [0.5, 0.5]},
								"south": {"uv": [60, 99], "uv_size": [0.5, 0.5]},
								"west": {"uv": [99, 61], "uv_size": [0.5, 0.5]},
								"up": {"uv": [62, 99], "uv_size": [0.5, 0.5]},
								"down": {"uv": [99, 62.5], "uv_size": [0.5, -0.5]}
							}
						},
						{
							"origin": [1.45, 23.6592, -0.4278],
							"size": [0.25, 0.605, 0.605],
							"pivot": [1.9965, 23.6592, -0.4278],
							"rotation": [-45, 0, 0],
							"uv": {
								"north": {"uv": [99, 51], "uv_size": [0.5, 0.5]},
								"east": {"uv": [53, 99], "uv_size": [0.5, 0.5]},
								"south": {"uv": [54, 99], "uv_size": [0.5, 0.5]},
								"west": {"uv": [55, 99], "uv_size": [0.5, 0.5]},
								"up": {"uv": [56, 99], "uv_size": [0.5, 0.5]},
								"down": {"uv": [57, 99.5], "uv_size": [0.5, -0.5]}
							}
						},
						{
							"origin": [-1.55, 24.0222, -0.4278],
							"size": [0.25, 0.605, 0.605],
							"pivot": [-1.331, 24.0222, -0.4278],
							"rotation": [-45, 0, 0],
							"uv": {
								"north": {"uv": [74, 99], "uv_size": [0.5, 0.5]},
								"east": {"uv": [99, 74], "uv_size": [0.5, 0.5]},
								"south": {"uv": [99, 75], "uv_size": [0.5, 0.5]},
								"west": {"uv": [76, 99], "uv_size": [0.5, 0.5]},
								"up": {"uv": [99, 76], "uv_size": [0.5, 0.5]},
								"down": {"uv": [77, 99.5], "uv_size": [0.5, -0.5]}
							}
						},
						{
							"origin": [-1.55, 23.6592, 0.1253],
							"size": [0.25, 0.363, 0.3025],
							"uv": {
								"north": {"uv": [99, 69], "uv_size": [0.5, 0.5]},
								"east": {"uv": [70, 99], "uv_size": [0.5, 0.5]},
								"south": {"uv": [71, 99], "uv_size": [0.5, 0.5]},
								"west": {"uv": [72, 99], "uv_size": [0.5, 0.5]},
								"up": {"uv": [73, 99], "uv_size": [0.5, 0.5]},
								"down": {"uv": [99, 73.5], "uv_size": [0.5, -0.5]}
							}
						},
						{
							"origin": [-1.55, 23.6592, -0.4278],
							"size": [0.25, 0.605, 0.605],
							"pivot": [-1.331, 23.6592, -0.4278],
							"rotation": [-45, 0, 0],
							"uv": {
								"north": {"uv": [99, 63], "uv_size": [0.5, 0.5]},
								"east": {"uv": [64, 99], "uv_size": [0.5, 0.5]},
								"south": {"uv": [99, 64], "uv_size": [0.5, 0.5]},
								"west": {"uv": [65, 99], "uv_size": [0.5, 0.5]},
								"up": {"uv": [99, 65], "uv_size": [0.5, 0.5]},
								"down": {"uv": [68, 99.5], "uv_size": [0.5, -0.5]}
							}
						},
						{
							"origin": [-1.54, 22.41508, -12.46212],
							"size": [3.23, 0.4, 1.05],
							"pivot": [2.0025, 22.41506, -12.46212],
							"rotation": [45, 0, 0],
							"uv": {
								"north": {"uv": [71, 94], "uv_size": [3.5, 0.5]},
								"east": {"uv": [78, 98], "uv_size": [1, 0.5]},
								"south": {"uv": [94, 76], "uv_size": [3.5, 0.5]},
								"west": {"uv": [98, 78], "uv_size": [1, 0.5]},
								"up": {"uv": [90, 26], "uv_size": [3.5, 1]},
								"down": {"uv": [50, 91], "uv_size": [3.5, -1]}
							}
						},
						{
							"origin": [-1.05, 22.41508, -12.46212],
							"size": [2.25, 0.9, 1.2],
							"pivot": [2.0025, 22.41506, -12.46212],
							"rotation": [45, 0, 0],
							"uv": {
								"north": {"uv": [0, 92], "uv_size": [2.5, 1]},
								"east": {"uv": [42, 97], "uv_size": [1, 1]},
								"south": {"uv": [92, 1], "uv_size": [2.5, 1]},
								"west": {"uv": [97, 42], "uv_size": [1, 1]},
								"up": {"uv": [92, 10], "uv_size": [2.5, 1]},
								"down": {"uv": [92, 12], "uv_size": [2.5, -1]}
							}
						},
						{
							"origin": [0.80858, 23.17574, -13.17426],
							"size": [0.7, 0.4, 1.45],
							"pivot": [1.05858, 23.12574, -12.32426],
							"rotation": [35.26439, -30, 35.26439],
							"uv": {
								"north": {"uv": [99, 95], "uv_size": [0.5, 0.5]},
								"east": {"uv": [98, 47], "uv_size": [1.5, 0.5]},
								"south": {"uv": [96, 99], "uv_size": [0.5, 0.5]},
								"west": {"uv": [98, 48], "uv_size": [1.5, 0.5]},
								"up": {"uv": [47, 98], "uv_size": [0.5, 1.5]},
								"down": {"uv": [52, 99.5], "uv_size": [0.5, -1.5]}
							}
						},
						{
							"origin": [-1.34864, 23.25273, -12.94977],
							"size": [0.7, 0.65, 1.1],
							"pivot": [0.15386, 23.00271, -13.04977],
							"rotation": [35.26439, 30, -35.26439],
							"uv": {
								"north": {"uv": [99, 88], "uv_size": [0.5, 0.5]},
								"east": {"uv": [98, 89], "uv_size": [1, 0.5]},
								"south": {"uv": [89, 99], "uv_size": [0.5, 0.5]},
								"west": {"uv": [90, 98], "uv_size": [1, 0.5]},
								"up": {"uv": [98, 90], "uv_size": [0.5, 1]},
								"down": {"uv": [91, 99], "uv_size": [0.5, -1]}
							}
						},
						{
							"origin": [-1.05, 19.42653, -0.25408],
							"size": [2.25, 0.9, 0.75],
							"pivot": [2.0025, 18.82153, -5.24158],
							"rotation": [112.5, 0, 0],
							"uv": {
								"north": {"uv": [92, 12], "uv_size": [2.5, 1]},
								"east": {"uv": [43, 97], "uv_size": [1, 1]},
								"south": {"uv": [92, 13], "uv_size": [2.5, 1]},
								"west": {"uv": [97, 43], "uv_size": [1, 1]},
								"up": {"uv": [92, 14], "uv_size": [2.5, 1]},
								"down": {"uv": [92, 16], "uv_size": [2.5, -1]}
							}
						},
						{
							"origin": [-1.54, 22.66233, 2.96236],
							"size": [3.23, 0.4075, 0.8675],
							"pivot": [2.0025, 21.55733, -2.16764],
							"rotation": [157.5, 0, 0],
							"uv": {
								"north": {"uv": [94, 77], "uv_size": [3.5, 0.5]},
								"east": {"uv": [79, 98], "uv_size": [1, 0.5]},
								"south": {"uv": [94, 78], "uv_size": [3.5, 0.5]},
								"west": {"uv": [98, 79], "uv_size": [1, 0.5]},
								"up": {"uv": [90, 56], "uv_size": [3.5, 1]},
								"down": {"uv": [90, 67], "uv_size": [3.5, -1]}
							}
						},
						{
							"origin": [-1.05, 22.16233, 2.96236],
							"size": [2.25, 0.9075, 1.1175],
							"pivot": [2.0025, 21.55733, -2.16764],
							"rotation": [157.5, 0, 0],
							"uv": {
								"north": {"uv": [92, 27], "uv_size": [2.5, 1]},
								"east": {"uv": [52, 97], "uv_size": [1, 1]},
								"south": {"uv": [28, 92], "uv_size": [2.5, 1]},
								"west": {"uv": [97, 52], "uv_size": [1, 1]},
								"up": {"uv": [92, 28], "uv_size": [2.5, 1]},
								"down": {"uv": [92, 30], "uv_size": [2.5, -1]}
							}
						},
						{
							"origin": [-1.50341, 22.56203, -8.37299],
							"size": [0.7, 0.4075, 1.3675],
							"pivot": [-1.15341, 22.76578, -7.68924],
							"rotation": [163.67505, -15.69986, -42.73421],
							"uv": {
								"north": {"uv": [99, 85], "uv_size": [0.5, 0.5]},
								"east": {"uv": [39, 98], "uv_size": [1.5, 0.5]},
								"south": {"uv": [86, 99], "uv_size": [0.5, 0.5]},
								"west": {"uv": [98, 39], "uv_size": [1.5, 0.5]},
								"up": {"uv": [41, 98], "uv_size": [0.5, 1.5]},
								"down": {"uv": [42, 99.5], "uv_size": [0.5, -1.5]}
							}
						},
						{
							"origin": [0.9827, 22.62736, -8.34593],
							"size": [0.7, 0.4075, 1.3675],
							"pivot": [1.2327, 22.83111, -7.66218],
							"rotation": [163.67505, 15.69986, 42.73421],
							"uv": {
								"north": {"uv": [99, 84], "uv_size": [0.5, 0.5]},
								"east": {"uv": [98, 35], "uv_size": [1.5, 0.5]},
								"south": {"uv": [85, 99], "uv_size": [0.5, 0.5]},
								"west": {"uv": [98, 36], "uv_size": [1.5, 0.5]},
								"up": {"uv": [34, 98], "uv_size": [0.5, 1.5]},
								"down": {"uv": [98, 38.5], "uv_size": [0.5, -1.5]}
							}
						},
						{
							"origin": [-1.55, 19.07742, 0.2433],
							"size": [3.25, 2.3, 3.525],
							"pivot": [1.9965, 19.07742, 0.4933],
							"rotation": [-15, 0, 0],
							"uv": {
								"north": {"uv": [0, 82], "uv_size": [3.5, 2.5]},
								"east": {"uv": [16, 82], "uv_size": [3.5, 2.5]},
								"south": {"uv": [46, 82], "uv_size": [3.5, 2.5]},
								"west": {"uv": [81, 82], "uv_size": [3.5, 2.5]},
								"up": {"uv": [77, 76], "uv_size": [3.5, 3.5]},
								"down": {"uv": [0, 81.5], "uv_size": [3.5, -3.5]}
							}
						},
						{
							"origin": [-1.05, 20.81756, 1.09102],
							"size": [2.25, 0.55, 3.275],
							"pivot": [0.075, 21.09256, 2.72852],
							"rotation": [-15, 0, 0],
							"uv": {
								"north": {"uv": [96, 95], "uv_size": [2.5, 0.5]},
								"east": {"uv": [94, 86], "uv_size": [3.5, 0.5]},
								"south": {"uv": [96, 96], "uv_size": [2.5, 0.5]},
								"west": {"uv": [94, 87], "uv_size": [3.5, 0.5]},
								"up": {"uv": [37, 82], "uv_size": [2.5, 3.5]},
								"down": {"uv": [56, 86.5], "uv_size": [2.5, -3.5]}
							}
						},
						{
							"origin": [-1.05, 21.568, -0.59316],
							"size": [2.25, 0.55, 2.7225],
							"pivot": [0.075, 21.843, 0.76809],
							"rotation": [-45, 0, 0],
							"uv": {
								"north": {"uv": [35, 96], "uv_size": [2.5, 0.5]},
								"east": {"uv": [41, 96], "uv_size": [2.5, 0.5]},
								"south": {"uv": [96, 41], "uv_size": [2.5, 0.5]},
								"west": {"uv": [96, 50], "uv_size": [2.5, 0.5]},
								"up": {"uv": [25, 86], "uv_size": [2.5, 2.5]},
								"down": {"uv": [31, 88.5], "uv_size": [2.5, -2.5]}
							}
						},
						{
							"origin": [1.1886, 21.93745, -0.2237],
							"size": [0.7, 0.55, 2.7225],
							"pivot": [0.5636, 22.21245, 1.13755],
							"rotation": [-35.26439, 30, 35.26439],
							"uv": {
								"north": {"uv": [99, 91], "uv_size": [0.5, 0.5]},
								"east": {"uv": [0, 97], "uv_size": [2.5, 0.5]},
								"south": {"uv": [92, 99], "uv_size": [0.5, 0.5]},
								"west": {"uv": [97, 0], "uv_size": [2.5, 0.5]},
								"up": {"uv": [48, 96], "uv_size": [0.5, 2.5]},
								"down": {"uv": [50, 98.5], "uv_size": [0.5, -2.5]}
							}
						},
						{
							"origin": [1.1886, 21.32225, 1.22625],
							"size": [0.7, 0.55, 3.275],
							"pivot": [0.5636, 21.59725, 2.86375],
							"rotation": [-10.72858, 10.54529, 44.00703],
							"uv": {
								"north": {"uv": [99, 90], "uv_size": [0.5, 0.5]},
								"east": {"uv": [88, 94], "uv_size": [3.5, 0.5]},
								"south": {"uv": [91, 99], "uv_size": [0.5, 0.5]},
								"west": {"uv": [94, 88], "uv_size": [3.5, 0.5]},
								"up": {"uv": [40, 94], "uv_size": [0.5, 3.5]},
								"down": {"uv": [46, 97.5], "uv_size": [0.5, -3.5]}
							}
						},
						{
							"origin": [-1.22604, 21.06245, -1.0987],
							"size": [0.7, 0.55, 2.7225],
							"pivot": [-1.65104, 21.33745, 0.26255],
							"rotation": [-35.26439, -30, -35.26439],
							"uv": {
								"north": {"uv": [99, 93], "uv_size": [0.5, 0.5]},
								"east": {"uv": [97, 1], "uv_size": [2.5, 0.5]},
								"south": {"uv": [94, 99], "uv_size": [0.5, 0.5]},
								"west": {"uv": [97, 2], "uv_size": [2.5, 0.5]},
								"up": {"uv": [51, 96], "uv_size": [0.5, 2.5]},
								"down": {"uv": [53, 98.5], "uv_size": [0.5, -2.5]}
							}
						},
						{
							"origin": [-1.22604, 20.12697, 0.90598],
							"size": [0.7, 0.55, 3.275],
							"pivot": [-1.65104, 20.40197, 2.54348],
							"rotation": [-10.72858, -10.54529, -44.00703],
							"uv": {
								"north": {"uv": [99, 92], "uv_size": [0.5, 0.5]},
								"east": {"uv": [94, 89], "uv_size": [3.5, 0.5]},
								"south": {"uv": [93, 99], "uv_size": [0.5, 0.5]},
								"west": {"uv": [94, 90], "uv_size": [3.5, 0.5]},
								"up": {"uv": [47, 94], "uv_size": [0.5, 3.5]},
								"down": {"uv": [63, 97.5], "uv_size": [0.5, -3.5]}
							}
						},
						{
							"origin": [-1.55, 0.82311, -11.89723],
							"size": [3.25, 2.3, 2.2225],
							"pivot": [3.50295, -1.65322, 17.19136],
							"rotation": [-45, 0, 0],
							"uv": {
								"north": {"uv": [25, 83], "uv_size": [3.5, 2.5]},
								"east": {"uv": [88, 76], "uv_size": [2, 2.5]},
								"south": {"uv": [33, 83], "uv_size": [3.5, 2.5]},
								"west": {"uv": [89, 22], "uv_size": [2, 2.5]},
								"up": {"uv": [85, 79], "uv_size": [3.5, 2]},
								"down": {"uv": [85, 83], "uv_size": [3.5, -2]}
							}
						},
						{
							"origin": [-1.5, 18.06691, 0.39107],
							"size": [3.15, 2.75, 4.8],
							"pivot": [1.694, 18.06693, 0.39102],
							"rotation": [-45, 0, 0],
							"uv": {
								"north": {"uv": [77, 80], "uv_size": [3.5, 3]},
								"east": {"uv": [73, 69], "uv_size": [5, 3]},
								"south": {"uv": [81, 28], "uv_size": [3.5, 3]},
								"west": {"uv": [73, 72], "uv_size": [5, 3]},
								"up": {"uv": [34, 68], "uv_size": [3.5, 5]},
								"down": {"uv": [50, 75], "uv_size": [3.5, -5]}
							}
						},
						{
							"origin": [-1.5, 13.91675, 3.92544],
							"size": [3.15, 2.75, 4.8],
							"pivot": [1.694, 13.91678, 1.50538],
							"rotation": [17.5, 0, 0],
							"uv": {
								"north": {"uv": [81, 31], "uv_size": [3.5, 3]},
								"east": {"uv": [74, 59], "uv_size": [5, 3]},
								"south": {"uv": [81, 63], "uv_size": [3.5, 3]},
								"west": {"uv": [74, 62], "uv_size": [5, 3]},
								"up": {"uv": [70, 59], "uv_size": [3.5, 5]},
								"down": {"uv": [70, 69], "uv_size": [3.5, -5]}
							}
						},
						{
							"origin": [-0.7744, 16.32175, -4.76135],
							"size": [1.4883, 1.72425, 0.86212],
							"uv": {
								"north": {"uv": [39, 92], "uv_size": [1.5, 1.5]},
								"east": {"uv": [69, 82], "uv_size": [1, 1.5]},
								"south": {"uv": [92, 44], "uv_size": [1.5, 1.5]},
								"west": {"uv": [58, 87], "uv_size": [1, 1.5]},
								"up": {"uv": [94, 93], "uv_size": [1.5, 1]},
								"down": {"uv": [0, 96], "uv_size": [1.5, -1]}
							}
						},
						{
							"origin": [-0.7744, 14.88986, -6.21228],
							"size": [1.4883, 1.03455, 0.86213],
							"pivot": [3.267, 12.47591, -3.62591],
							"rotation": [-22.5, 0, 0],
							"uv": {
								"north": {"uv": [95, 1], "uv_size": [1.5, 1]},
								"east": {"uv": [51, 69], "uv_size": [1, 1]},
								"south": {"uv": [2, 95], "uv_size": [1.5, 1]},
								"west": {"uv": [33, 82], "uv_size": [1, 1]},
								"up": {"uv": [95, 2], "uv_size": [1.5, 1]},
								"down": {"uv": [95, 4], "uv_size": [1.5, -1]}
							}
						},
						{
							"origin": [-0.7, 14.8, -11],
							"size": [1.5, 2.75, 3.5],
							"uv": {
								"north": {"uv": [25, 89], "uv_size": [1.5, 3]},
								"east": {"uv": [46, 79], "uv_size": [3.5, 3]},
								"south": {"uv": [31, 89], "uv_size": [1.5, 3]},
								"west": {"uv": [79, 57], "uv_size": [3.5, 3]},
								"up": {"uv": [17, 87], "uv_size": [1.5, 3.5]},
								"down": {"uv": [56, 90.5], "uv_size": [1.5, -3.5]}
							}
						},
						{
							"origin": [-1.2, 14.8, -11.5],
							"size": [2.5, 2.75, 0.5],
							"uv": {
								"north": {"uv": [85, 62], "uv_size": [2.5, 3]},
								"east": {"uv": [55, 95], "uv_size": [0.5, 3]},
								"south": {"uv": [85, 76], "uv_size": [2.5, 3]},
								"west": {"uv": [69, 95], "uv_size": [0.5, 3]},
								"up": {"uv": [97, 3], "uv_size": [2.5, 0.5]},
								"down": {"uv": [97, 10.5], "uv_size": [2.5, -0.5]}
							}
						},
						{
							"origin": [-1.10849, 14.8, -11.15849],
							"size": [0.5, 2.75, 1],
							"pivot": [-0.85849, 16.175, -10.90849],
							"rotation": [0, 30, 0],
							"uv": {
								"north": {"uv": [85, 95], "uv_size": [0.5, 3]},
								"east": {"uv": [33, 79], "uv_size": [1, 3]},
								"south": {"uv": [86, 95], "uv_size": [0.5, 3]},
								"west": {"uv": [69, 79], "uv_size": [1, 3]},
								"up": {"uv": [17, 99], "uv_size": [0.5, 1]},
								"down": {"uv": [18, 100], "uv_size": [0.5, -1]}
							}
						},
						{
							"origin": [0.70849, 14.8, -11.15849],
							"size": [0.5, 2.75, 1],
							"pivot": [0.95849, 16.175, -10.90849],
							"rotation": [0, -30, 0],
							"uv": {
								"north": {"uv": [88, 95], "uv_size": [0.5, 3]},
								"east": {"uv": [25, 80], "uv_size": [1, 3]},
								"south": {"uv": [89, 95], "uv_size": [0.5, 3]},
								"west": {"uv": [70, 90], "uv_size": [1, 3]},
								"up": {"uv": [19, 99], "uv_size": [0.5, 1]},
								"down": {"uv": [20, 100], "uv_size": [0.5, -1]}
							}
						},
						{
							"origin": [1.2, 14.8, -13],
							"size": [0.1, 2.75, 1.5],
							"uv": {
								"north": {"uv": [73, 95], "uv_size": [0.5, 3]},
								"east": {"uv": [58, 89], "uv_size": [1.5, 3]},
								"south": {"uv": [74, 95], "uv_size": [0.5, 3]},
								"west": {"uv": [60, 89], "uv_size": [1.5, 3]},
								"up": {"uv": [61, 98], "uv_size": [0.5, 1.5]},
								"down": {"uv": [63, 99.5], "uv_size": [0.5, -1.5]}
							}
						},
						{
							"origin": [1.3, 14.8, -13],
							"size": [0.25, 0.5, 2],
							"uv": {
								"north": {"uv": [2, 100], "uv_size": [0.5, 0.5]},
								"east": {"uv": [97, 61], "uv_size": [2, 0.5]},
								"south": {"uv": [100, 2], "uv_size": [0.5, 0.5]},
								"west": {"uv": [97, 62], "uv_size": [2, 0.5]},
								"up": {"uv": [62, 97], "uv_size": [0.5, 2]},
								"down": {"uv": [65, 99], "uv_size": [0.5, -2]}
							}
						},
						{
							"origin": [1.3, 15.3, -13],
							"size": [0.25, 2.25, 0.5],
							"uv": {
								"north": {"uv": [82, 96], "uv_size": [0.5, 2.5]},
								"east": {"uv": [97, 11], "uv_size": [0.5, 2.5]},
								"south": {"uv": [16, 97], "uv_size": [0.5, 2.5]},
								"west": {"uv": [22, 97], "uv_size": [0.5, 2.5]},
								"up": {"uv": [1, 100], "uv_size": [0.5, 0.5]},
								"down": {"uv": [100, 1.5], "uv_size": [0.5, -0.5]}
							}
						},
						{
							"origin": [-1.45, 14.8, -13],
							"size": [0.25, 0.5, 2],
							"uv": {
								"north": {"uv": [4, 100], "uv_size": [0.5, 0.5]},
								"east": {"uv": [66, 97], "uv_size": [2, 0.5]},
								"south": {"uv": [100, 4], "uv_size": [0.5, 0.5]},
								"west": {"uv": [97, 69], "uv_size": [2, 0.5]},
								"up": {"uv": [68, 97], "uv_size": [0.5, 2]},
								"down": {"uv": [70, 99], "uv_size": [0.5, -2]}
							}
						},
						{
							"origin": [-1.45, 15.3, -13],
							"size": [0.25, 2.25, 0.5],
							"uv": {
								"north": {"uv": [27, 97], "uv_size": [0.5, 2.5]},
								"east": {"uv": [97, 28], "uv_size": [0.5, 2.5]},
								"south": {"uv": [31, 97], "uv_size": [0.5, 2.5]},
								"west": {"uv": [35, 97], "uv_size": [0.5, 2.5]},
								"up": {"uv": [3, 100], "uv_size": [0.5, 0.5]},
								"down": {"uv": [100, 3.5], "uv_size": [0.5, -0.5]}
							}
						},
						{
							"origin": [-1.2, 14.8, -13],
							"size": [0.1, 2.75, 1.5],
							"uv": {
								"north": {"uv": [83, 95], "uv_size": [0.5, 3]},
								"east": {"uv": [71, 89], "uv_size": [1.5, 3]},
								"south": {"uv": [84, 95], "uv_size": [0.5, 3]},
								"west": {"uv": [73, 89], "uv_size": [1.5, 3]},
								"up": {"uv": [98, 63], "uv_size": [0.5, 1.5]},
								"down": {"uv": [66, 99.5], "uv_size": [0.5, -1.5]}
							}
						},
						{
							"origin": [-0.7, 14.8, -7.5],
							"size": [1.5, 0.484, 3.6905],
							"uv": {
								"north": {"uv": [98, 6], "uv_size": [1.5, 0.5]},
								"east": {"uv": [94, 56], "uv_size": [3.5, 0.5]},
								"south": {"uv": [7, 98], "uv_size": [1.5, 0.5]},
								"west": {"uv": [94, 59], "uv_size": [3.5, 0.5]},
								"up": {"uv": [62, 87], "uv_size": [1.5, 3.5]},
								"down": {"uv": [67, 90.5], "uv_size": [1.5, -3.5]}
							}
						},
						{
							"origin": [-0.7, 15.83825, -8.00866],
							"size": [1.5, 0.484, 0.6655],
							"pivot": [0.8, 15.83825, -7.94816],
							"rotation": [-67.5, 0, 0],
							"uv": {
								"north": {"uv": [98, 9], "uv_size": [1.5, 0.5]},
								"east": {"uv": [99, 43], "uv_size": [0.5, 0.5]},
								"south": {"uv": [10, 98], "uv_size": [1.5, 0.5]},
								"west": {"uv": [99, 44], "uv_size": [0.5, 0.5]},
								"up": {"uv": [98, 11], "uv_size": [1.5, 0.5]},
								"down": {"uv": [12, 98.5], "uv_size": [1.5, -0.5]}
							}
						},
						{
							"origin": [-0.7, 15.03152, -7.70188],
							"size": [1.5, 0.484, 0.818],
							"pivot": [0.8, 15.03152, -7.48888],
							"rotation": [-22.5, 0, 0],
							"uv": {
								"north": {"uv": [98, 12], "uv_size": [1.5, 0.5]},
								"east": {"uv": [76, 98], "uv_size": [1, 0.5]},
								"south": {"uv": [98, 13], "uv_size": [1.5, 0.5]},
								"west": {"uv": [98, 76], "uv_size": [1, 0.5]},
								"up": {"uv": [95, 10], "uv_size": [1.5, 1]},
								"down": {"uv": [95, 12], "uv_size": [1.5, -1]}
							}
						},
						{
							"origin": [-0.7, 15.2674, -2.78485],
							"size": [1.5, 0.605, 0.7865],
							"pivot": [0.8, 15.3884, -2.72435],
							"rotation": [67.5, 0, 0],
							"uv": {
								"north": {"uv": [20, 98], "uv_size": [1.5, 0.5]},
								"east": {"uv": [77, 98], "uv_size": [1, 0.5]},
								"south": {"uv": [98, 22], "uv_size": [1.5, 0.5]},
								"west": {"uv": [98, 77], "uv_size": [1, 0.5]},
								"up": {"uv": [95, 12], "uv_size": [1.5, 1]},
								"down": {"uv": [95, 14], "uv_size": [1.5, -1]}
							}
						},
						{
							"origin": [-0.7, 17.44797, -2.26081],
							"size": [1.5, 0.605, 0.7865],
							"pivot": [0.8, 17.14117, -1.77251],
							"rotation": [45, 0, 0],
							"uv": {
								"north": {"uv": [98, 23], "uv_size": [1.5, 0.5]},
								"east": {"uv": [80, 98], "uv_size": [1, 0.5]},
								"south": {"uv": [98, 24], "uv_size": [1.5, 0.5]},
								"west": {"uv": [98, 80], "uv_size": [1, 0.5]},
								"up": {"uv": [95, 14], "uv_size": [1.5, 1]},
								"down": {"uv": [95, 16], "uv_size": [1.5, -1]}
							}
						},
						{
							"origin": [-0.7, 17.27685, -2.7159],
							"size": [1.5, 0.605, 0.7865],
							"pivot": [0.8, 17.39785, -2.6554],
							"rotation": [135, 0, 0],
							"uv": {
								"north": {"uv": [98, 25], "uv_size": [1.5, 0.5]},
								"east": {"uv": [83, 98], "uv_size": [1, 0.5]},
								"south": {"uv": [98, 26], "uv_size": [1.5, 0.5]},
								"west": {"uv": [98, 83], "uv_size": [1, 0.5]},
								"up": {"uv": [95, 22], "uv_size": [1.5, 1]},
								"down": {"uv": [95, 24], "uv_size": [1.5, -1]}
							}
						},
						{
							"origin": [-0.7, 15.54814, -3.75209],
							"size": [1.5, 0.484, 1.2705],
							"pivot": [0.8, 15.54814, -3.26809],
							"rotation": [-157.5, 0, 0],
							"uv": {
								"north": {"uv": [14, 98], "uv_size": [1.5, 0.5]},
								"east": {"uv": [98, 16], "uv_size": [1.5, 0.5]},
								"south": {"uv": [17, 98], "uv_size": [1.5, 0.5]},
								"west": {"uv": [98, 17], "uv_size": [1.5, 0.5]},
								"up": {"uv": [50, 92], "uv_size": [1.5, 1.5]},
								"down": {"uv": [52, 93.5], "uv_size": [1.5, -1.5]}
							}
						},
						{
							"origin": [-0.7, 16.01283, -2.95486],
							"size": [1.5, 1.72425, 0.62012],
							"uv": {
								"north": {"uv": [46, 92], "uv_size": [1.5, 1.5]},
								"east": {"uv": [81, 97], "uv_size": [0.5, 1.5]},
								"south": {"uv": [92, 46], "uv_size": [1.5, 1.5]},
								"west": {"uv": [87, 97], "uv_size": [0.5, 1.5]},
								"up": {"uv": [98, 7], "uv_size": [1.5, 0.5]},
								"down": {"uv": [98, 8.5], "uv_size": [1.5, -0.5]}
							}
						}
					]
				},
				{
					"name": "magazine",
					"parent": "main",
					"pivot": [3.63, -3.25, -1]
				},
				{
					"name": "mag",
					"parent": "magazine",
					"pivot": [3.63, -3.25, -1],
					"cubes": [
						{
							"origin": [-1.05, 11, -18.55],
							"size": [2.25, 6.5, 7.05],
							"uv": {
								"north": {"uv": [67, 72], "uv_size": [2.5, 6.5]},
								"east": {"uv": [59, 42], "uv_size": [7, 6.5]},
								"south": {"uv": [23, 73], "uv_size": [2.5, 6.5]},
								"west": {"uv": [0, 64], "uv_size": [7, 6.5]},
								"up": {"uv": [38, 68], "uv_size": [2.5, 7]},
								"down": {"uv": [64, 76], "uv_size": [2.5, -7]}
							}
						},
						{
							"origin": [-1.05, 9.85, -11.95],
							"size": [2.25, 1.15, 0.45],
							"uv": {
								"north": {"uv": [91, 85], "uv_size": [2.5, 1]},
								"east": {"uv": [84, 98], "uv_size": [0.5, 1]},
								"south": {"uv": [91, 86], "uv_size": [2.5, 1]},
								"west": {"uv": [98, 84], "uv_size": [0.5, 1]},
								"up": {"uv": [96, 51], "uv_size": [2.5, 0.5]},
								"down": {"uv": [57, 96.5], "uv_size": [2.5, -0.5]}
							}
						},
						{
							"origin": [-1.05, 11, -18.55],
							"size": [2.25, 1.75, 6.8],
							"pivot": [1.2, 11, -18.55],
							"rotation": [-10, 0, 0],
							"uv": {
								"north": {"uv": [46, 88], "uv_size": [2.5, 2]},
								"east": {"uv": [71, 4], "uv_size": [7, 2]},
								"south": {"uv": [88, 61], "uv_size": [2.5, 2]},
								"west": {"uv": [74, 65], "uv_size": [7, 2]},
								"up": {"uv": [70, 69], "uv_size": [2.5, 7]},
								"down": {"uv": [0, 78], "uv_size": [2.5, -7]}
							}
						}
					]
				},
				{
					"name": "bulletloaded",
					"parent": "magazine",
					"pivot": [0.075, 17.4, -15.025],
					"cubes": [
						{
							"origin": [0.05, 17.25, -18.3],
							"size": [0.75, 0.5, 6.55],
							"uv": {
								"north": {"uv": [39, 99], "uv_size": [1, 0.5]},
								"east": {"uv": [91, 63], "uv_size": [6.5, 0.5]},
								"south": {"uv": [40, 99], "uv_size": [1, 0.5]},
								"west": {"uv": [91, 64], "uv_size": [6.5, 0.5]},
								"up": {"uv": [10, 86], "uv_size": [1, 6.5]},
								"down": {"uv": [11, 92.5], "uv_size": [1, -6.5]}
							}
						},
						{
							"origin": [-0.7, 17.05, -18.3],
							"size": [0.75, 0.5, 6.55],
							"uv": {
								"north": {"uv": [99, 41], "uv_size": [1, 0.5]},
								"east": {"uv": [91, 67], "uv_size": [6.5, 0.5]},
								"south": {"uv": [99, 42], "uv_size": [1, 0.5]},
								"west": {"uv": [91, 68], "uv_size": [6.5, 0.5]},
								"up": {"uv": [12, 86], "uv_size": [1, 6.5]},
								"down": {"uv": [13, 92.5], "uv_size": [1, -6.5]}
							}
						}
					]
				},
				{
					"name": "handle",
					"parent": "main",
					"pivot": [0.075, 21.625, -33.275],
					"rotation": [0, 0, -10],
					"cubes": [
						{
							"origin": [-7.55, 20.5, -30.8],
							"size": [2.25, 2.25, 0.55],
							"pivot": [-6.425, 21.625, -31.525],
							"rotation": [0, 0, -45],
							"uv": {
								"north": {"uv": [87, 6], "uv_size": [2.5, 2.5]},
								"east": {"uv": [3, 96], "uv_size": [0.5, 2.5]},
								"south": {"uv": [87, 9], "uv_size": [2.5, 2.5]},
								"west": {"uv": [6, 96], "uv_size": [0.5, 2.5]},
								"up": {"uv": [60, 96], "uv_size": [2.5, 0.5]},
								"down": {"uv": [66, 96.5], "uv_size": [2.5, -0.5]}
							}
						},
						{
							"origin": [-7.3, 20.75, -29.5],
							"size": [1.75, 1.75, 5.8],
							"pivot": [-6.425, 21.625, -30.975],
							"rotation": [0, 0, -45],
							"uv": {
								"north": {"uv": [34, 66], "uv_size": [2, 2]},
								"east": {"uv": [78, 44], "uv_size": [6, 2]},
								"south": {"uv": [79, 63], "uv_size": [2, 2]},
								"west": {"uv": [78, 46], "uv_size": [6, 2]},
								"up": {"uv": [71, 76], "uv_size": [2, 6]},
								"down": {"uv": [4, 84], "uv_size": [2, -6]}
							}
						},
						{
							"origin": [-7.05, 21, -23.7],
							"size": [1.25, 1.25, 1.55],
							"pivot": [-6.425, 21.625, -24.425],
							"rotation": [0, 0, -45],
							"uv": {
								"north": {"uv": [92, 83], "uv_size": [1.5, 1.5]},
								"east": {"uv": [85, 92], "uv_size": [1.5, 1.5]},
								"south": {"uv": [90, 92], "uv_size": [1.5, 1.5]},
								"west": {"uv": [92, 92], "uv_size": [1.5, 1.5]},
								"up": {"uv": [0, 93], "uv_size": [1.5, 1.5]},
								"down": {"uv": [2, 94.5], "uv_size": [1.5, -1.5]}
							}
						},
						{
							"origin": [-7.3, 20.75, -22.15],
							"size": [1.75, 1.75, 0.8],
							"pivot": [-6.425, 21.625, -22.875],
							"rotation": [0, 0, -45],
							"uv": {
								"north": {"uv": [79, 83], "uv_size": [2, 2]},
								"east": {"uv": [62, 81], "uv_size": [1, 2]},
								"south": {"uv": [89, 69], "uv_size": [2, 2]},
								"west": {"uv": [20, 82], "uv_size": [1, 2]},
								"up": {"uv": [14, 84], "uv_size": [2, 1]},
								"down": {"uv": [28, 87], "uv_size": [2, -1]}
							}
						},
						{
							"origin": [-7.55, 20.5, -30.25],
							"size": [2.25, 2.25, 0.75],
							"pivot": [-6.425, 21.625, -31.025],
							"rotation": [0, 0, -45],
							"uv": {
								"north": {"uv": [14, 87], "uv_size": [2.5, 2.5]},
								"east": {"uv": [25, 96], "uv_size": [0.5, 2.5]},
								"south": {"uv": [20, 87], "uv_size": [2.5, 2.5]},
								"west": {"uv": [26, 96], "uv_size": [0.5, 2.5]},
								"up": {"uv": [96, 75], "uv_size": [2.5, 0.5]},
								"down": {"uv": [79, 96.5], "uv_size": [2.5, -0.5]}
							}
						},
						{
							"origin": [-2.05, 21.45, -33.8],
							"size": [1, 0.35, 3.05],
							"uv": {
								"north": {"uv": [85, 98], "uv_size": [1, 0.5]},
								"east": {"uv": [35, 95], "uv_size": [3, 0.5]},
								"south": {"uv": [98, 85], "uv_size": [1, 0.5]},
								"west": {"uv": [95, 36], "uv_size": [3, 0.5]},
								"up": {"uv": [49, 72], "uv_size": [1, 3]},
								"down": {"uv": [62, 81], "uv_size": [1, -3]}
							}
						},
						{
							"origin": [-6.8, 21.45, -32.3],
							"size": [4.75, 0.35, 1.55],
							"uv": {
								"north": {"uv": [90, 91], "uv_size": [5, 0.5]},
								"east": {"uv": [32, 98], "uv_size": [1.5, 0.5]},
								"south": {"uv": [92, 0], "uv_size": [5, 0.5]},
								"west": {"uv": [98, 34], "uv_size": [1.5, 0.5]},
								"up": {"uv": [0, 85], "uv_size": [5, 1.5]},
								"down": {"uv": [14, 86.5], "uv_size": [5, -1.5]}
							}
						},
						{
							"origin": [-1.05, 20.5, -33.8],
							"size": [2.25, 2.25, 1.05],
							"uv": {
								"north": {"uv": [59, 86], "uv_size": [2.5, 2.5]},
								"east": {"uv": [88, 91], "uv_size": [1, 2.5]},
								"south": {"uv": [0, 87], "uv_size": [2.5, 2.5]},
								"west": {"uv": [89, 91], "uv_size": [1, 2.5]},
								"up": {"uv": [91, 87], "uv_size": [2.5, 1]},
								"down": {"uv": [91, 89], "uv_size": [2.5, -1]}
							}
						},
						{
							"origin": [-1.05, 20.5, -31.8],
							"size": [2.25, 2.25, 1.05],
							"uv": {
								"north": {"uv": [28, 87], "uv_size": [2.5, 2.5]},
								"east": {"uv": [92, 30], "uv_size": [1, 2.5]},
								"south": {"uv": [50, 87], "uv_size": [2.5, 2.5]},
								"west": {"uv": [31, 92], "uv_size": [1, 2.5]},
								"up": {"uv": [32, 92], "uv_size": [2.5, 1]},
								"down": {"uv": [92, 35], "uv_size": [2.5, -1]}
							}
						},
						{
							"origin": [-1.05, 20.5, -32.75],
							"size": [0.75, 2.25, 0.95],
							"uv": {
								"north": {"uv": [35, 92], "uv_size": [1, 2.5]},
								"east": {"uv": [36, 92], "uv_size": [1, 2.5]},
								"south": {"uv": [37, 92], "uv_size": [1, 2.5]},
								"west": {"uv": [38, 92], "uv_size": [1, 2.5]},
								"up": {"uv": [75, 97], "uv_size": [1, 1]},
								"down": {"uv": [76, 98], "uv_size": [1, -1]}
							}
						}
					]
				},
				{
					"name": "scope",
					"parent": "main",
					"pivot": [0.05, 24.35, 5.95],
					"cubes": [
						{"origin": [-0.425, 23.85, 2.45], "size": [1, 1, 1], "inflate": -0.4, "uv": [32, 2]}
					]
				},
				{
					"name": "bolt",
					"parent": "main",
					"pivot": [0.075, 22.125, -8.525]
				},
				{
					"name": "boltmain",
					"parent": "bolt",
					"pivot": [0, 0, 0],
					"cubes": [
						{
							"origin": [-0.8, 21.5, -12.05],
							"size": [1.75, 1.25, 7.05],
							"uv": {
								"north": {"uv": [91, 71], "uv_size": [2, 1.5]},
								"east": {"uv": [82, 22], "uv_size": [7, 1.5]},
								"south": {"uv": [75, 91], "uv_size": [2, 1.5]},
								"west": {"uv": [82, 24], "uv_size": [7, 1.5]},
								"up": {"uv": [38, 75], "uv_size": [2, 7]},
								"down": {"uv": [7, 83], "uv_size": [2, -7]}
							}
						}
					]
				},
				{
					"name": "bolthandle",
					"parent": "bolt",
					"pivot": [0, 0, 0],
					"cubes": [
						{
							"origin": [1.95, 19.5, -11.05],
							"size": [1.5, 1, 0.8],
							"uv": {
								"north": {"uv": [95, 61], "uv_size": [1.5, 1]},
								"east": {"uv": [60, 97], "uv_size": [1, 1]},
								"south": {"uv": [95, 62], "uv_size": [1.5, 1]},
								"west": {"uv": [61, 97], "uv_size": [1, 1]},
								"up": {"uv": [67, 95], "uv_size": [1.5, 1]},
								"down": {"uv": [71, 96], "uv_size": [1.5, -1]}
							}
						},
						{
							"origin": [1.7, 19.5, -13.05],
							"size": [0.25, 1, 14.05],
							"uv": {
								"north": {"uv": [14, 99], "uv_size": [0.5, 1]},
								"east": {"uv": [71, 27], "uv_size": [14, 1]},
								"south": {"uv": [15, 99], "uv_size": [0.5, 1]},
								"west": {"uv": [74, 67], "uv_size": [14, 1]},
								"up": {"uv": [49, 85], "uv_size": [0.5, 14]},
								"down": {"uv": [9, 100], "uv_size": [0.5, -14]}
							}
						}
					]
				}
			]
		}
	]
}