{
	"format_version": "1.21.20",
	"minecraft:geometry": [
		{
			"description": {
				"identifier": "geometry.unknown",
				"texture_width": 120,
				"texture_height": 120,
				"visible_bounds_width": 8,
				"visible_bounds_height": 4,
				"visible_bounds_offset": [0, 1, 0]
			},
			"bones": [
				{
					"name": "main",
					"pivot": [0, 20, 0]
				},
				{
					"name": "gun",
					"parent": "main",
					"pivot": [1, 11, -1],
					"cubes": [
						{"origin": [-1.65, 5.075, -2.5], "size": [3.3, 13.4, 4.75], "pivot": [1.35, 19.075, -2.5], "rotation": [17.25, 0, 0], "uv": [0, 26]},
						{"origin": [-0.65, 6.15, 2], "size": [3, 12.65, 2.5], "inflate": 0.001, "pivot": [2.35, 6.15, 4.5], "rotation": [16.17444, 12.9841, 3.72853], "uv": [32, 68]},
						{"origin": [-0.65, 6.15, 4.5], "size": [3, 12.65, 2.5], "pivot": [2.35, 6.15, 4.5], "rotation": [16.22407, -13.70433, -3.94357], "uv": [22, 68]},
						{"origin": [-2.35, 6.15, 2], "size": [3, 12.65, 2.5], "inflate": 0.001, "pivot": [-2.35, 6.15, 4.5], "rotation": [16.17444, -12.9841, -3.72853], "uv": [0, 68]},
						{"origin": [-2.35, 6.15, 4.5], "size": [3, 12.65, 2.5], "pivot": [-2.35, 6.15, 4.5], "rotation": [16.22407, 13.70433, 3.94357], "uv": [10, 68]},
						{"origin": [-0.05, 15.05, -1.875], "size": [1, 3.65, 1], "pivot": [0.95, 15.05, -1.875], "rotation": [21.8169, 42.12569, 15.03019], "uv": [27, 6]},
						{"origin": [-0.95, 15.05, -1.875], "size": [1, 3.65, 1], "pivot": [-0.95, 15.05, -1.875], "rotation": [21.8169, -42.12569, -15.03019], "uv": [0, 26]},
						{"origin": [-0.95, 15.05, -1.875], "size": [1.9, 3.65, 1], "pivot": [-1.2, 15.05, -1.875], "rotation": [16.0002, 0, 0], "uv": [27, 0]},
						{"origin": [-0.95, 17.3, -2.35], "size": [1.9, 1.65, 1], "pivot": [-1.2, 17.3, -2.35], "rotation": [59.5002, 0, 0], "uv": [38, 44]},
						{"origin": [-1.65, 14.175, -2.25], "size": [3.3, 1, 1.25], "inflate": 0.001, "pivot": [1.35, 15.175, -2.25], "rotation": [15.75, 0, 0], "uv": [35, 23]},
						{"origin": [0.8, 13.95, -2.025], "size": [1, 1, 1], "inflate": 0.001, "pivot": [1.5, 14.95, -2.025], "rotation": [48, 0, 0], "uv": [30, 44]},
						{"origin": [1.325, 18.825, -3.125], "size": [1, 1, 2], "inflate": 0.001, "pivot": [2.325, 18.825, -3.125], "rotation": [4.40897, 2.34623, -31.4854], "uv": [14, 30]},
						{"origin": [1.325, 18.95, 3.025], "size": [1, 1.25, 1.75], "inflate": -0.2, "pivot": [2.325, 18.95, 3.025], "rotation": [-22.75, 0, 0], "uv": [26, 44]},
						{"origin": [0.775, 16.05, 2.825], "size": [1, 1, 2.5], "inflate": 0.001, "pivot": [1.775, 17.05, 5.325], "rotation": [-69.5, 0, 0], "uv": [18, 22]},
						{"origin": [0.775, 16.05, 3.575], "size": [1, 1, 1.75], "pivot": [1.775, 17.05, 5.325], "rotation": [-125.5, 0, 0], "uv": [15, 44]},
						{"origin": [0.775, 17.075, 4.3], "size": [1, 1, 1.1], "inflate": -0.001, "pivot": [1.775, 18.075, 5.3], "rotation": [-105.25, 0, 0], "uv": [11, 44]},
						{"origin": [1.325, 18.975, -1.425], "size": [1, 1, 5.25], "inflate": -0.2, "pivot": [2.325, 18.975, -1.425], "rotation": [0, 0, -19.75], "uv": [27, 6]},
						{"origin": [2.05, 19.4, -6.15], "size": [1, 1, 3], "inflate": 0.001, "pivot": [2.325, 18.825, -3.125], "rotation": [0.66282, 2.70497, -86.58156], "uv": [11, 40]},
						{"origin": [-1.65, 12.2, -1.975], "size": [3.3, 2, 1.25], "inflate": -0.001, "pivot": [1.35, 14.2, -1.975], "rotation": [59.25, 0, 0], "uv": [0, 50]},
						{"origin": [-1.65, 16.55, -3.525], "size": [3.3, 2, 1.25], "inflate": -0.001, "pivot": [1.35, 18.55, -3.525], "rotation": [59.25, 0, 0], "uv": [0, 47]},
						{"origin": [-1.65, 14.175, -2.25], "size": [3.3, 1, 2.25], "inflate": -0.001, "pivot": [1.35, 15.175, -2.25], "rotation": [70.5, 0, 0], "uv": [0, 22]},
						{"origin": [-1.65, 18.975, -15], "size": [3.3, 1, 20.7], "inflate": 0.002, "uv": [0, 26]},
						{"origin": [-1.175, 22.35, -8.35], "size": [2, 1, 4.9], "inflate": 0.002, "pivot": [0.825, 23.35, -8.35], "rotation": [0, 0, -15.5], "uv": [39, 26]},
						{"origin": [-1.425, 21.15, -21.625], "size": [2, 2, 18], "inflate": -0.3, "pivot": [0.575, 23.15, -21.625], "rotation": [0, 0, -20.75], "uv": [64, 71]},
						{"origin": [0.65, 17.975, -15], "size": [1, 1, 20.7], "inflate": -0.001, "pivot": [1.65, 18.975, -15], "rotation": [0, 0, 33], "uv": [22, 69]},
						{"origin": [-1.65, 17.975, -15], "size": [1, 1, 20.7], "inflate": -0.001, "pivot": [-1.65, 18.975, -15], "rotation": [0, 0, -33], "uv": [0, 68]},
						{"origin": [-1.15, 18.125, -15], "size": [2.25, 1, 20.7], "uv": [0, 47]},
						{"origin": [-1.65, 18.975, 5.7], "size": [3.3, 1, 1.7], "inflate": 0.003, "pivot": [1.35, 19.975, 5.7], "rotation": [-66, 0, 0], "uv": [27, 23]},
						{"origin": [-0.65, 19.475, 3.3], "size": [1.3, 3, 1.2], "inflate": 0.003, "uv": [0, 0]},
						{"origin": [-0.775, 21.025, 3.825], "size": [1, 1, 1], "inflate": -0.2, "pivot": [0.225, 21.025, 3.825], "rotation": [0, 0, 26.25], "uv": [8, 43]},
						{"origin": [-0.6, 18.3, 5.95], "size": [1.2, 1, 2.7], "inflate": 0.001, "pivot": [0.6, 19.3, 5.95], "rotation": [-13.75, 0, 0], "uv": [34, 0]},
						{"origin": [-0.6, 17.325, 5.575], "size": [1.2, 1, 2.7], "pivot": [0.6, 17.325, 5.575], "rotation": [9.25, 0, 0], "uv": [14, 33]},
						{"origin": [-1.65, 18.375, -7.85], "size": [3.3, 1, 13.7], "inflate": 0.001, "uv": [68, 47]},
						{"origin": [0.85, 17.575, -8.05], "size": [1, 1, 6], "inflate": -0.2, "pivot": [1.65, 18.375, -7.85], "rotation": [0, 0, 65.75], "uv": [86, 74]},
						{"origin": [-1.85, 17.575, -8.05], "size": [1, 1, 6], "inflate": -0.2, "pivot": [-1.65, 18.375, -7.85], "rotation": [0, 0, -65.75], "uv": [86, 15]},
						{"origin": [-1.65, 18.375, -7.85], "size": [3.3, 2, 1], "pivot": [1.35, 18.375, -7.85], "rotation": [65.25, 0, 0], "uv": [10, 22]},
						{"origin": [-1.65, 17.875, 3.325], "size": [3.3, 1, 4], "inflate": -0.002, "pivot": [1.35, 18.875, 7.325], "rotation": [16.5, 0, 0], "uv": [22, 82]},
						{"origin": [-1.65, 17.875, 1.425], "size": [3.3, 3, 4], "inflate": -0.001, "pivot": [1.35, 18.875, 5.425], "rotation": [61, 0, 0], "uv": [14, 90]},
						{"origin": [-1.25, 16.875, 1.35], "size": [2.5, 1.25, 4], "pivot": [0.95, 17.875, 5.35], "rotation": [65.5, 0, 0], "uv": [56, 5]},
						{"origin": [-1.25, 15.375, 0.3], "size": [2.5, 1.25, 4], "inflate": -0.001, "pivot": [0.95, 16.375, 4.3], "rotation": [112.75, 0, 0], "uv": [56, 0]},
						{"origin": [-1.25, 11.3, -0.525], "size": [2.5, 1.5, 6], "pivot": [0.95, 12.3, 5.475], "rotation": [119.5, 0, 0], "uv": [0, 56]},
						{"origin": [-1.65, 17.875, 3.325], "size": [3.3, 1, 4], "inflate": -0.003, "pivot": [1.35, 18.875, 7.325], "rotation": [-16, 0, 0], "uv": [0, 82]},
						{"origin": [-1.65, 5.05, 1.6], "size": [3.3, 1.5, 5.25], "inflate": -0.001, "pivot": [1.35, 6.05, 1.6], "rotation": [10.25, 0, 0], "uv": [76, 61]},
						{"origin": [-1.65, 5.575, 1.45], "size": [3.3, 14, 1.75], "pivot": [1.35, 19.575, 3.2], "rotation": [20.75, 0, 0], "uv": [16, 0]},
						{"origin": [-0.5, 15, -3.4], "size": [1, 4, 2], "inflate": -0.1, "pivot": [0.5, 15, -2.4], "rotation": [5.25, 0, 0], "uv": [26, 26]},
						{"origin": [-1.25, 14.05, -6.5], "size": [2.5, 1, 4.75], "inflate": -0.201, "uv": [70, 0]},
						{"origin": [-1.25, 14.05, -8.1], "size": [2.5, 1, 2], "inflate": -0.2, "pivot": [1.25, 14.25, -6.3], "rotation": [-41.5, 0, 0], "uv": [24, 47]},
						{"origin": [-1.25, 15.125, -10.3], "size": [2.5, 1, 3], "inflate": -0.201, "pivot": [1.25, 15.325, -7.5], "rotation": [-87, 0, 0], "uv": [10, 26]},
						{"origin": [-1.25, 16.8, -10.3], "size": [2.5, 2.75, 3], "inflate": -0.2, "pivot": [1.25, 17, -7.5], "rotation": [-47.25, 0, 0], "uv": [10, 47]}
					]
				},
				{
					"name": "hammer",
					"parent": "gun",
					"pivot": [0, 19.5, 5.3],
					"rotation": [1.5, 0, 0],
					"cubes": [
						{"origin": [-0.5, 19.16057, 5.1658], "size": [1, 1.45, 3.25], "inflate": 0.001, "pivot": [0.5, 19.95, 6.5], "rotation": [19, 0, 0], "uv": [26, 39]},
						{"origin": [-0.5, 19.15211, 6.01019], "size": [1, 1.2, 3.25], "pivot": [0.5, 19.95, 6.5], "rotation": [-14.5, 0, 0], "uv": [26, 35]},
						{"origin": [-0.5, 21.23081, 8.10781], "size": [1, 1, 1], "inflate": 0.001, "pivot": [0.5, 19.95, 6.5], "rotation": [-61.25, 0, 0], "uv": [42, 37]},
						{"origin": [-0.5, 20.7036, 8.77738], "size": [1, 1, 1], "inflate": -0.001, "pivot": [0.5, 21.275, 7.35], "rotation": [-149.25, 0, 0], "uv": [34, 44]}
					]
				},
				{
					"name": "slide",
					"parent": "gun",
					"pivot": [0, 22, 0],
					"cubes": [
						{"origin": [-1.75, 19.875, -15.5], "size": [3.5, 2.4, 7.15], "uv": [26, 26]},
						{"origin": [-1.75, 19.875, -8.35], "size": [1, 2.2, 4.35], "uv": [36, 35]},
						{"origin": [-1.75, 19.875, -4], "size": [1, 2.4, 9.05], "uv": [5, 11]},
						{"origin": [0.75, 19.875, -8.35], "size": [1, 2.4, 13.4], "uv": [69, 0]},
						{"origin": [-2.798, 15.9, -5.3], "size": [8.55, 10.35, 13], "inflate": -4, "uv": [33, 34]},
						{"origin": [-5.752, 15.9, -5.3], "size": [8.55, 10.35, 13], "inflate": -4, "uv": [27, 0]},
						{"origin": [-1.75, 20, -15.5], "size": [3.5, 2.25, 1.2], "inflate": -0.001, "pivot": [1.25, 19.975, -15.5], "rotation": [65.75, 0, 0], "uv": [0, 43]},
						{"origin": [-0.25, 22.275, -21], "size": [1, 1.2, 12.65], "inflate": 0.001, "uv": [86, 61]},
						{"origin": [0.05, 22.775, -8.7], "size": [1, 1, 5.55], "inflate": -0.3, "uv": [27, 0]},
						{"origin": [-0.75, 22.225, -21], "size": [1, 1.25, 12.65], "uv": [84, 0]},
						{"origin": [-0.75, 22.275, -3.5], "size": [1, 1.2, 8.15], "uv": [26, 35]},
						{"origin": [-1, 22.375, 2.65], "size": [2, 1.2, 1], "inflate": 0.001, "uv": [34, 9]},
						{"origin": [-1.2, 22.775, 2.85], "size": [1.15, 1, 1], "inflate": -0.2, "pivot": [-1, 23.575, 3.65], "rotation": [-79.25, 0, 0], "uv": [42, 35]},
						{"origin": [-0.65, 22.975, 3], "size": [1.3, 1, 1.05], "inflate": -0.4, "pivot": [-1, 23.575, 3.65], "rotation": [-79.25, 0, 0], "uv": [39, 31]},
						{"origin": [-0.65, 22.975, 2.25], "size": [1.3, 1, 1.05], "inflate": -0.4, "pivot": [-1, 23.575, 2.65], "rotation": [79.25, 0, 0], "uv": [39, 28]},
						{"origin": [-1.2, 22.775, 2.45], "size": [1.15, 1, 1], "inflate": -0.201, "pivot": [-1, 23.575, 2.65], "rotation": [79.25, 0, 0], "uv": [36, 41]},
						{"origin": [0.05, 22.775, 2.45], "size": [1.15, 1, 1], "inflate": -0.201, "pivot": [1, 23.575, 2.65], "rotation": [79.25, 0, 0], "uv": [16, 41]},
						{"origin": [0.05, 23.375, 2.575], "size": [1.15, 1, 1.15], "inflate": -0.202, "uv": [39, 26]},
						{"origin": [-1.2, 23.375, 2.575], "size": [1.15, 1, 1.15], "inflate": -0.202, "uv": [16, 39]},
						{"origin": [-0.5, 22.475, -19.825], "size": [1, 2, 2.4], "inflate": -0.3, "pivot": [0.2, 24.175, -19.525], "rotation": [-24.75, 0, 0], "uv": [9, 0]},
						{"origin": [-0.5, 22.475, -21.075], "size": [1, 2, 1.85], "inflate": -0.301, "pivot": [0.2, 24.175, -19.525], "rotation": [42.5, 0, 0], "uv": [21, 15]},
						{"origin": [-0.6, 23.025, 2.5], "size": [1.15, 1, 1.3], "inflate": -0.202, "uv": [36, 37]},
						{"origin": [0.05, 22.775, 2.85], "size": [1.15, 1, 1], "inflate": -0.2, "pivot": [1, 23.575, 3.65], "rotation": [-79.25, 0, 0], "uv": [40, 41]},
						{"origin": [-0.25, 22.275, -3.5], "size": [1, 1.2, 8.15], "inflate": 0.001, "uv": [44, 23]},
						{"origin": [0.5, 22.475, 5.95], "size": [1.25, 1, 2.25], "inflate": 0.001, "pivot": [0.75, 23.475, 4.65], "rotation": [-71, 0, 0], "uv": [14, 36]},
						{"origin": [-1.75, 22.475, 5.95], "size": [1.25, 1, 2.25], "inflate": 0.001, "pivot": [-0.75, 23.475, 4.65], "rotation": [-71, 0, 0], "uv": [34, 6]},
						{"origin": [-1.4, 22.575, 5.35], "size": [1, 1, 1.15], "inflate": -0.101, "pivot": [-0.75, 23.475, 4.65], "rotation": [-71, 0, 0], "uv": [14, 52]},
						{"origin": [-1.2, 22.775, 4.55], "size": [1, 1, 1.45], "inflate": -0.299, "pivot": [-0.75, 23.475, 4.65], "rotation": [-71, 0, 0], "uv": [10, 52]},
						{"origin": [-1.15, 22.875, 4.25], "size": [1.05, 1, 1.45], "inflate": -0.4, "pivot": [-0.75, 23.475, 4.65], "rotation": [-71, 0, 0], "uv": [47, 26]},
						{"origin": [0.1, 22.875, 4.25], "size": [1.05, 1, 1.45], "inflate": -0.4, "pivot": [0.75, 23.475, 4.65], "rotation": [-71, 0, 0], "uv": [47, 23]},
						{"origin": [-1.05, 22.775, 4.55], "size": [1, 1, 1.95], "inflate": -0.3, "pivot": [-0.75, 23.475, 4.65], "rotation": [-74.86873, -11.62804, 36.70036], "uv": [28, 50]},
						{"origin": [0.4, 22.575, 5.35], "size": [1, 1, 1.15], "inflate": -0.101, "pivot": [0.75, 23.475, 4.65], "rotation": [-71, 0, 0], "uv": [47, 28]},
						{"origin": [0.05, 22.775, 4.55], "size": [1, 1, 1.95], "inflate": -0.3, "pivot": [0.75, 23.475, 4.65], "rotation": [-74.86873, 11.62804, -36.70036], "uv": [24, 50]},
						{"origin": [0.15, 22.875, 4.25], "size": [1, 1, 1.2], "inflate": -0.401, "pivot": [0.75, 23.475, 4.65], "rotation": [-74.86873, 11.62804, -36.70036], "uv": [46, 32]},
						{"origin": [-1.15, 22.875, 4.25], "size": [1, 1, 1.2], "inflate": -0.401, "pivot": [-0.75, 23.475, 4.65], "rotation": [-74.86873, -11.62804, 36.70036], "uv": [42, 44]},
						{"origin": [0.2, 22.775, 4.55], "size": [1, 1, 1.45], "inflate": -0.299, "pivot": [0.75, 23.475, 4.65], "rotation": [-71, 0, 0], "uv": [50, 32]},
						{"origin": [-1.75, 20.725, -21], "size": [3.5, 1.55, 5.5], "inflate": 0.001, "uv": [34, 57]},
						{"origin": [-1.25, 19.375, -21], "size": [2.5, 1.35, 6], "uv": [24, 57]},
						{"origin": [0.25, 18.275, -21], "size": [1, 1.1, 6], "inflate": -0.001, "pivot": [1.25, 19.375, -21], "rotation": [0, 0, 26.25], "uv": [87, 47]},
						{"origin": [-1.25, 18.275, -21], "size": [1, 1.1, 6], "inflate": -0.001, "pivot": [-1.25, 19.375, -21], "rotation": [0, 0, -26.25], "uv": [86, 81]},
						{"origin": [-0.75, 18.375, -21], "size": [1.5, 1, 6], "uv": [0, 89]},
						{"origin": [0.2, 21.275, -21], "size": [1.55, 1, 25.65], "inflate": -0.001, "pivot": [1.75, 22.275, -21], "rotation": [0, 0, 50], "uv": [0, 0]},
						{"origin": [-1.75, 21.275, -3.5], "size": [1.55, 1, 8.15], "inflate": -0.001, "pivot": [-1.75, 22.275, -21], "rotation": [0, 0, -50], "uv": [0, 47]},
						{"origin": [-1.75, 21.275, -4], "size": [1.3, 1, 1], "inflate": -0.002, "pivot": [-1.75, 22.275, -21], "rotation": [0, 0, -50], "uv": [43, 23]},
						{"origin": [-1.75, 21.275, -21], "size": [1.55, 1, 12.65], "inflate": -0.001, "pivot": [-1.75, 22.275, -21], "rotation": [0, 0, -50], "uv": [56, 0]}
					]
				},
				{
					"name": "_cb_scope",
					"parent": "slide",
					"pivot": [0, 25.4, 11.95],
					"cubes": [
						{"origin": [-0.5, 22.825, -0.175], "size": [1, 1, 1], "uv": [27, 9]}
					]
				},
				{
					"name": "magazine",
					"parent": "gun",
					"pivot": [0, 5, 4],
					"cubes": [
						{"origin": [-1.4, 3.875, -1.75], "size": [2.8, 15.4, 5.25], "pivot": [1.6, 17.875, -1.75], "rotation": [17.25, 0, 0], "uv": [0, 0]},
						{"origin": [-1.4, 3.775, -1.65], "size": [2.8, 1.075, 1.6], "inflate": -0.2, "pivot": [1.6, 17.775, -1.65], "rotation": [11.25, 0, 0], "uv": [34, 3]}
					]
				},
				{
					"name": "bullet",
					"parent": "magazine",
					"pivot": [-0.6, 19, -0.85],
					"rotation": [5.35987, 1.23543, -12.94217],
					"cubes": [
						{"origin": [-0.6, 18.5, -1.85], "size": [1.5, 1.5, 3.5], "uv": [16, 15]}
					]
				},
				{
					"name": "_cb_suppressor",
					"parent": "gun",
					"pivot": [0, 23.925, -8.875],
					"cubes": [
						{"origin": [-0.5, 21.35, -21], "size": [1, 1, 1], "uv": [27, 9]}
					]
				},
				{
					"name": "rightarm",
					"parent": "main",
					"pivot": [-4.8, 8.525, 20.9],
					"rotation": [-104.56106, -12.40003, -2.46982],
					"cubes": [
						{"origin": [-8.8, -15.475, 16.9], "size": [8, 24, 8], "uv": [62, 15]}
					]
				},
				{
					"name": "leftarm",
					"parent": "main",
					"pivot": [20.2, 2, 19.4],
					"rotation": [1.04168, 6.70101, -29.35181],
					"cubes": [
						{"origin": [16.2, -22, 15.4], "size": [8, 24, 8], "uv": [44, 57]}
					]
				},
				{
					"name": "muzzleflash",
					"parent": "main",
					"pivot": [0, 21.9, -21.75],
					"cubes": [
						{"origin": [-0.5, 21.4, -22.05], "size": [1, 1, 1], "inflate": -0.4, "uv": [36, 35]}
					]
				},
				{
					"name": "scope",
					"parent": "main",
					"pivot": [0, 24.175, 22.75],
					"cubes": [
						{"origin": [-0.5, 23.675, 22.45], "size": [1, 1, 1], "inflate": -0.4, "uv": [0, 20]}
					]
				}
			]
		}
	]
}