{
	"format_version": "1.12.0",
	"minecraft:geometry": [
		{
			"description": {
				"identifier": "geometry.unknown",
				"texture_width": 128,
				"texture_height": 128,
				"visible_bounds_width": 8,
				"visible_bounds_height": 4,
				"visible_bounds_offset": [0, 1, 0]
			},
			"bones": [
				{
					"name": "main",
					"pivot": [0, 19, 4]
				},
				{
					"name": "magazine",
					"parent": "main",
					"pivot": [0.5, 5.75, -6.25],
					"cubes": [
						{
							"origin": [-1.25, -3, -9.55],
							"size": [2.5, 26, 3.75],
							"uv": {
								"north": {"uv": [22, 37], "uv_size": [2.5, 23.5]},
								"east": {"uv": [25, 23], "uv_size": [4, 23.5]},
								"south": {"uv": [41, 25], "uv_size": [2.5, 23.5]},
								"west": {"uv": [29, 23], "uv_size": [4, 23.5]},
								"up": {"uv": [14, 75], "uv_size": [2.5, 4]},
								"down": {"uv": [37, 79], "uv_size": [2.5, -4]}
							}
						},
						{
							"origin": [-0.75, -3, -5.8],
							"size": [1.5, 26, 1.05],
							"uv": {
								"north": {"uv": [6, 55], "uv_size": [1.5, 23.5]},
								"east": {"uv": [13, 56], "uv_size": [1, 23.5]},
								"south": {"uv": [55, 49], "uv_size": [1.5, 23.5]},
								"west": {"uv": [36, 57], "uv_size": [1, 23.5]},
								"up": {"uv": [85, 31], "uv_size": [1.5, 1]},
								"down": {"uv": [85, 48], "uv_size": [1.5, -1]}
							}
						}
					]
				},
				{
					"name": "bullets",
					"parent": "magazine",
					"pivot": [0, 22.725, -7.675],
					"cubes": [
						{
							"origin": [0, 22.35, -9.3],
							"size": [0.75, 1, 3.25],
							"uv": {
								"north": {"uv": [3, 0], "uv_size": [1, 1]},
								"east": {"uv": [89, 7], "uv_size": [3.5, 1]},
								"south": {"uv": [3, 2], "uv_size": [1, 1]},
								"west": {"uv": [89, 17], "uv_size": [3.5, 1]},
								"up": {"uv": [13, 89], "uv_size": [1, 3.5]},
								"down": {"uv": [14, 92.5], "uv_size": [1, -3.5]}
							}
						},
						{
							"origin": [-0.75, 22.1, -9.3],
							"size": [0.75, 1, 3.25],
							"uv": {
								"north": {"uv": [3, 0], "uv_size": [1, 1]},
								"east": {"uv": [89, 7], "uv_size": [3.5, 1]},
								"south": {"uv": [3, 2], "uv_size": [1, 1]},
								"west": {"uv": [89, 17], "uv_size": [3.5, 1]},
								"up": {"uv": [13, 89], "uv_size": [1, 3.5]},
								"down": {"uv": [14, 92.5], "uv_size": [1, -3.5]}
							}
						}
					]
				},
				{
					"name": "rightarm",
					"parent": "main",
					"pivot": [-4.3, 7.8, 25.8],
					"rotation": [-101.81106, -12.40003, -2.46982],
					"cubes": [
						{"origin": [-9.3, -17.2, 21.8], "size": [8, 24, 8], "uv": [89, 64]}
					]
				},
				{
					"name": "leftarm",
					"parent": "main",
					"pivot": [10.7, 10.3, -4.6],
					"rotation": [-119.61483, 1.67666, -38.31282],
					"cubes": [
						{"origin": [5.7, -11.7, -8.6], "size": [8, 24, 8], "uv": [89, 32]}
					]
				},
				{
					"name": "muzzleflash",
					"parent": "main",
					"pivot": [0, 22.35, -49.25],
					"mirror": true,
					"cubes": [
						{"origin": [-0.5, 22.35, -49.55], "size": [1, 1, 1], "inflate": -0.4, "uv": [0, 0], "mirror": false}
					]
				},
				{
					"name": "scope",
					"parent": "main",
					"pivot": [0, 26.05, 21.75],
					"cubes": [
						{"origin": [-0.5, 25.55, 21.45], "size": [1, 1, 1], "inflate": -0.4, "uv": [0, 2]}
					]
				},
				{
					"name": "gun",
					"parent": "main",
					"pivot": [0, 44, -7],
					"cubes": [
						{
							"origin": [-2.25, 20, -4.75],
							"size": [4.5, 4.5, 24.75],
							"uv": {
								"north": {"uv": [60, 64], "uv_size": [4.5, 4.5]},
								"east": {"uv": [0, 4], "uv_size": [25, 4.5]},
								"south": {"uv": [44, 65], "uv_size": [4.5, 4.5]},
								"west": {"uv": [0, 9], "uv_size": [25, 4.5]},
								"up": {"uv": [0, 14], "uv_size": [4.5, 25]},
								"down": {"uv": [5, 39], "uv_size": [4.5, -25]}
							}
						},
						{
							"origin": [-1.5, 6.46826, 4.51591],
							"size": [3, 9, 3.3],
							"pivot": [0, 10.96826, 6.01591],
							"rotation": [22.5, 0, 0],
							"uv": {
								"north": {"uv": [59, 31], "uv_size": [3, 9]},
								"east": {"uv": [25, 59], "uv_size": [3.5, 9]},
								"south": {"uv": [60, 14], "uv_size": [3, 9]},
								"west": {"uv": [29, 59], "uv_size": [3.5, 9]},
								"up": {"uv": [41, 73], "uv_size": [3, 3.5]},
								"down": {"uv": [73, 53.5], "uv_size": [3, -3.5]}
							}
						},
						{
							"origin": [-1.5, 6.23678, 5.60217],
							"size": [3, 2.25, 0.75],
							"uv": {
								"north": {"uv": [44, 77], "uv_size": [3, 2.5]},
								"east": {"uv": [21, 64], "uv_size": [1, 2.5]},
								"south": {"uv": [47, 77], "uv_size": [3, 2.5]},
								"west": {"uv": [49, 65], "uv_size": [1, 2.5]},
								"up": {"uv": [57, 18], "uv_size": [3, 1]},
								"down": {"uv": [76, 28], "uv_size": [3, -1]}
							}
						},
						{
							"origin": [-1.5, 7.53921, 8.62798],
							"size": [3, 3, 2.25],
							"pivot": [0, 10.53921, 9.75298],
							"rotation": [-22.5, 0, 0],
							"uv": {
								"north": {"uv": [22, 0], "uv_size": [3, 3]},
								"east": {"uv": [29, 80], "uv_size": [2, 3]},
								"south": {"uv": [75, 54], "uv_size": [3, 3]},
								"west": {"uv": [64, 80], "uv_size": [2, 3]},
								"up": {"uv": [30, 21], "uv_size": [3, 2]},
								"down": {"uv": [34, 21], "uv_size": [3, -2]}
							}
						},
						{
							"origin": [-1.5, 9.35, 4.4],
							"size": [3, 2.25, 0.75],
							"uv": {
								"north": {"uv": [58, 77], "uv_size": [3, 2.5]},
								"east": {"uv": [16, 85], "uv_size": [1, 2.5]},
								"south": {"uv": [61, 77], "uv_size": [3, 2.5]},
								"west": {"uv": [17, 85], "uv_size": [1, 2.5]},
								"up": {"uv": [70, 80], "uv_size": [3, 1]},
								"down": {"uv": [0, 82], "uv_size": [3, -1]}
							}
						},
						{
							"origin": [-1.5, 7.77834, 8.07686],
							"size": [3, 3, 3],
							"pivot": [0.75, 8.22834, 5.07686],
							"rotation": [22.5, 0, 0],
							"uv": {
								"north": {"uv": [55, 75], "uv_size": [3, 3]},
								"east": {"uv": [75, 73], "uv_size": [3, 3]},
								"south": {"uv": [17, 76], "uv_size": [3, 3]},
								"west": {"uv": [20, 76], "uv_size": [3, 3]},
								"up": {"uv": [76, 21], "uv_size": [3, 3]},
								"down": {"uv": [23, 79], "uv_size": [3, -3]}
							}
						},
						{
							"origin": [-1.5, 11.15, 7.1],
							"size": [3, 3.75, 1.5],
							"pivot": [0.75, 12.35, 2.75],
							"rotation": [22.5, 0, 0],
							"uv": {
								"north": {"uv": [72, 73], "uv_size": [3, 3.5]},
								"east": {"uv": [20, 82], "uv_size": [1.5, 3.5]},
								"south": {"uv": [8, 74], "uv_size": [3, 3.5]},
								"west": {"uv": [22, 82], "uv_size": [1.5, 3.5]},
								"up": {"uv": [82, 60], "uv_size": [3, 1.5]},
								"down": {"uv": [82, 76.5], "uv_size": [3, -1.5]}
							}
						},
						{
							"origin": [-1.5, 7.85, 5.75],
							"size": [3, 3, 2.25],
							"pivot": [0.75, 12.35, 2.75],
							"rotation": [45, 0, 0],
							"uv": {
								"north": {"uv": [76, 24], "uv_size": [3, 3]},
								"east": {"uv": [64, 77], "uv_size": [2.5, 3]},
								"south": {"uv": [76, 50], "uv_size": [3, 3]},
								"west": {"uv": [67, 77], "uv_size": [2.5, 3]},
								"up": {"uv": [70, 77], "uv_size": [3, 2.5]},
								"down": {"uv": [0, 80.5], "uv_size": [3, -2.5]}
							}
						},
						{
							"origin": [-1.5, 13.7, 1.80698],
							"size": [3, 0.75, 3],
							"pivot": [0, 15.13033, 2.18198],
							"rotation": [-22.5, 0, 0],
							"uv": {
								"north": {"uv": [84, 49], "uv_size": [3, 1]},
								"east": {"uv": [84, 50], "uv_size": [3, 1]},
								"south": {"uv": [84, 51], "uv_size": [3, 1]},
								"west": {"uv": [84, 56], "uv_size": [3, 1]},
								"up": {"uv": [76, 57], "uv_size": [3, 3]},
								"down": {"uv": [76, 67], "uv_size": [3, -3]}
							}
						},
						{
							"origin": [-2.25, 20, -37.75],
							"size": [4.5, 3.2, 22.5],
							"uv": {
								"north": {"uv": [70, 42], "uv_size": [4.5, 3]},
								"east": {"uv": [37, 19], "uv_size": [22.5, 3]},
								"south": {"uv": [70, 55], "uv_size": [4.5, 3]},
								"west": {"uv": [37, 22], "uv_size": [22.5, 3]},
								"up": {"uv": [20, 14], "uv_size": [4.5, 22.5]},
								"down": {"uv": [25, 22.5], "uv_size": [4.5, -22.5]}
							}
						},
						{
							"origin": [-2.25, 18.80362, -37.74735],
							"size": [4.5, 1.45, 22.5],
							"pivot": [3, 19.05362, -26.49735],
							"rotation": [-1, 0, 0],
							"uv": {
								"north": {"uv": [78, 34], "uv_size": [4.5, 1.5]},
								"east": {"uv": [58, 0], "uv_size": [22.5, 1.5]},
								"south": {"uv": [80, 28], "uv_size": [4.5, 1.5]},
								"west": {"uv": [58, 2], "uv_size": [22.5, 1.5]},
								"up": {"uv": [10, 14], "uv_size": [4.5, 22.5]},
								"down": {"uv": [15, 36.5], "uv_size": [4.5, -22.5]}
							}
						},
						{
							"origin": [-1.95, 17, 14],
							"size": [3.9, 3, 8.4],
							"uv": {
								"north": {"uv": [17, 71], "uv_size": [4, 3]},
								"east": {"uv": [59, 40], "uv_size": [8.5, 3]},
								"south": {"uv": [71, 18], "uv_size": [4, 3]},
								"west": {"uv": [61, 43], "uv_size": [8.5, 3]},
								"up": {"uv": [57, 43], "uv_size": [4, 8.5]},
								"down": {"uv": [57, 60.5], "uv_size": [4, -8.5]}
							}
						},
						{
							"origin": [-1.95, 2.95659, 43.9255],
							"size": [3.9, 14.35, 2.3],
							"uv": {
								"north": {"uv": [42, 0], "uv_size": [4, 14.5]},
								"east": {"uv": [0, 55], "uv_size": [2.5, 14.5]},
								"south": {"uv": [33, 42], "uv_size": [4, 14.5]},
								"west": {"uv": [3, 55], "uv_size": [2.5, 14.5]},
								"up": {"uv": [74, 32], "uv_size": [4, 2.5]},
								"down": {"uv": [60, 76.5], "uv_size": [4, -2.5]}
							}
						},
						{
							"origin": [-1.95, 17.08937, 28.46126],
							"size": [3.9, 2.25, 17.75],
							"pivot": [0, 18.21437, 30.71126],
							"rotation": [-7.5, 0, 0],
							"uv": {
								"north": {"uv": [64, 74], "uv_size": [4, 2.5]},
								"east": {"uv": [4, 0], "uv_size": [18, 2.5]},
								"south": {"uv": [68, 74], "uv_size": [4, 2.5]},
								"west": {"uv": [42, 15], "uv_size": [18, 2.5]},
								"up": {"uv": [14, 37], "uv_size": [4, 18]},
								"down": {"uv": [18, 55], "uv_size": [4, -18]}
							}
						},
						{
							"origin": [-1.95, 15.67597, 14.93582],
							"size": [3.9, 1.35, 3.15],
							"uv": {
								"north": {"uv": [80, 44], "uv_size": [4, 1.5]},
								"east": {"uv": [82, 77], "uv_size": [3, 1.5]},
								"south": {"uv": [80, 62], "uv_size": [4, 1.5]},
								"west": {"uv": [78, 82], "uv_size": [3, 1.5]},
								"up": {"uv": [72, 21], "uv_size": [4, 3]},
								"down": {"uv": [28, 75], "uv_size": [4, -3]}
							}
						},
						{
							"origin": [-1.95, 15.2, 17.45],
							"size": [3.9, 1.8, 4.65],
							"uv": {
								"north": {"uv": [48, 37], "uv_size": [4, 2]},
								"east": {"uv": [75, 44], "uv_size": [4.5, 2]},
								"south": {"uv": [76, 71], "uv_size": [4, 2]},
								"west": {"uv": [76, 8], "uv_size": [4.5, 2]},
								"up": {"uv": [65, 64], "uv_size": [4, 4.5]},
								"down": {"uv": [66, 29.5], "uv_size": [4, -4.5]}
							}
						},
						{
							"origin": [-1.95, 14.75, 24.05],
							"size": [3.9, 1.5, 20.25],
							"uv": {
								"north": {"uv": [66, 80], "uv_size": [4, 1.5]},
								"east": {"uv": [58, 4], "uv_size": [20.5, 1.5]},
								"south": {"uv": [80, 71], "uv_size": [4, 1.5]},
								"west": {"uv": [58, 6], "uv_size": [20.5, 1.5]},
								"up": {"uv": [30, 0], "uv_size": [4, 20.5]},
								"down": {"uv": [33, 41.5], "uv_size": [4, -20.5]}
							}
						},
						{
							"origin": [-1.95, 14, 26.3],
							"size": [3.9, 0.75, 18.25],
							"uv": {
								"north": {"uv": [38, 17], "uv_size": [4, 1]},
								"east": {"uv": [4, 3], "uv_size": [18.5, 1]},
								"south": {"uv": [52, 38], "uv_size": [4, 1]},
								"west": {"uv": [38, 18], "uv_size": [18.5, 1]},
								"up": {"uv": [34, 0], "uv_size": [4, 18.5]},
								"down": {"uv": [10, 55.5], "uv_size": [4, -18.5]}
							}
						},
						{
							"origin": [-1.95, 13.25, 28.3],
							"size": [3.9, 0.75, 16.25],
							"uv": {
								"north": {"uv": [74, 35], "uv_size": [4, 1]},
								"east": {"uv": [62, 39], "uv_size": [16.5, 1]},
								"south": {"uv": [75, 13], "uv_size": [4, 1]},
								"west": {"uv": [68, 36], "uv_size": [16.5, 1]},
								"up": {"uv": [37, 25], "uv_size": [4, 16.5]},
								"down": {"uv": [38, 16.5], "uv_size": [4, -16.5]}
							}
						},
						{
							"origin": [-1.95, 11.75, 29.3],
							"size": [3.9, 1.5, 15.25],
							"uv": {
								"north": {"uv": [81, 0], "uv_size": [4, 1.5]},
								"east": {"uv": [57, 62], "uv_size": [15.5, 1.5]},
								"south": {"uv": [81, 2], "uv_size": [4, 1.5]},
								"west": {"uv": [63, 14], "uv_size": [15.5, 1.5]},
								"up": {"uv": [0, 39], "uv_size": [4, 15.5]},
								"down": {"uv": [4, 54.5], "uv_size": [4, -15.5]}
							}
						},
						{
							"origin": [-1.95, 10.25, 32.8],
							"size": [3.9, 1.5, 11.75],
							"uv": {
								"north": {"uv": [81, 7], "uv_size": [4, 1.5]},
								"east": {"uv": [65, 60], "uv_size": [12, 1.5]},
								"south": {"uv": [81, 30], "uv_size": [4, 1.5]},
								"west": {"uv": [67, 16], "uv_size": [12, 1.5]},
								"up": {"uv": [25, 47], "uv_size": [4, 12]},
								"down": {"uv": [29, 59], "uv_size": [4, -12]}
							}
						},
						{
							"origin": [-1.95, 8.75, 35.55],
							"size": [3.9, 1.5, 9],
							"uv": {
								"north": {"uv": [81, 37], "uv_size": [4, 1.5]},
								"east": {"uv": [68, 37], "uv_size": [9, 1.5]},
								"south": {"uv": [81, 39], "uv_size": [4, 1.5]},
								"west": {"uv": [68, 40], "uv_size": [9, 1.5]},
								"up": {"uv": [14, 55], "uv_size": [4, 9]},
								"down": {"uv": [18, 64], "uv_size": [4, -9]}
							}
						},
						{
							"origin": [-1.95, 7.25, 37.8],
							"size": [3.9, 1.5, 6.5],
							"uv": {
								"north": {"uv": [49, 81], "uv_size": [4, 1.5]},
								"east": {"uv": [75, 42], "uv_size": [6.5, 1.5]},
								"south": {"uv": [81, 52], "uv_size": [4, 1.5]},
								"west": {"uv": [44, 75], "uv_size": [6.5, 1.5]},
								"up": {"uv": [52, 31], "uv_size": [4, 6.5]},
								"down": {"uv": [40, 67.5], "uv_size": [4, -6.5]}
							}
						},
						{
							"origin": [-1.95, 5.75, 41.55],
							"size": [3.9, 1.5, 2.75],
							"uv": {
								"north": {"uv": [81, 54], "uv_size": [4, 1.5]},
								"east": {"uv": [82, 79], "uv_size": [3, 1.5]},
								"south": {"uv": [70, 81], "uv_size": [4, 1.5]},
								"west": {"uv": [81, 82], "uv_size": [3, 1.5]},
								"up": {"uv": [37, 72], "uv_size": [4, 3]},
								"down": {"uv": [47, 75], "uv_size": [4, -3]}
							}
						},
						{
							"origin": [-1.95, 16.25, 26.3],
							"size": [3.9, 1.5, 11.25],
							"uv": {
								"north": {"uv": [81, 73], "uv_size": [4, 1.5]},
								"east": {"uv": [67, 46], "uv_size": [11.5, 1.5]},
								"south": {"uv": [74, 81], "uv_size": [4, 1.5]},
								"west": {"uv": [67, 48], "uv_size": [11.5, 1.5]},
								"up": {"uv": [45, 49], "uv_size": [4, 11.5]},
								"down": {"uv": [49, 60.5], "uv_size": [4, -11.5]}
							}
						},
						{
							"origin": [-1.95, -2.62214, 21.98832],
							"size": [3.9, 3, 5.25],
							"pivot": [3, -1.87214, 43.43832],
							"rotation": [-45, 0, 0],
							"uv": {
								"north": {"uv": [72, 64], "uv_size": [4, 3]},
								"east": {"uv": [68, 30], "uv_size": [5.5, 3]},
								"south": {"uv": [72, 67], "uv_size": [4, 3]},
								"west": {"uv": [68, 33], "uv_size": [5.5, 3]},
								"up": {"uv": [63, 16], "uv_size": [4, 5.5]},
								"down": {"uv": [14, 69.5], "uv_size": [4, -5.5]}
							}
						},
						{
							"origin": [-1.95, 5.3, 17.45],
							"size": [3.9, 1.95, 12],
							"pivot": [3, 5, 44.15],
							"rotation": [-22.5, 0, 0],
							"uv": {
								"north": {"uv": [75, 76], "uv_size": [4, 2]},
								"east": {"uv": [58, 8], "uv_size": [12, 2]},
								"south": {"uv": [77, 37], "uv_size": [4, 2]},
								"west": {"uv": [60, 23], "uv_size": [12, 2]},
								"up": {"uv": [48, 25], "uv_size": [4, 12]},
								"down": {"uv": [41, 61], "uv_size": [4, -12]}
							}
						},
						{
							"origin": [-1.95, 6.10624, 31.46523],
							"size": [3.9, 3, 13.85],
							"pivot": [0, 7.60624, 37.84023],
							"rotation": [-26, 0, 0],
							"uv": {
								"north": {"uv": [72, 70], "uv_size": [4, 3]},
								"east": {"uv": [52, 25], "uv_size": [14, 3]},
								"south": {"uv": [24, 73], "uv_size": [4, 3]},
								"west": {"uv": [52, 28], "uv_size": [14, 3]},
								"up": {"uv": [37, 42], "uv_size": [4, 14]},
								"down": {"uv": [44, 39], "uv_size": [4, -14]}
							}
						},
						{
							"origin": [-1.95, 16.25, 13.55],
							"size": [3.9, 3.75, 2],
							"pivot": [0, 16.25, 13.55],
							"rotation": [22.5, 0, 0],
							"uv": {
								"north": {"uv": [28, 68], "uv_size": [4, 4]},
								"east": {"uv": [11, 74], "uv_size": [2, 4]},
								"south": {"uv": [37, 68], "uv_size": [4, 4]},
								"west": {"uv": [4, 75], "uv_size": [2, 4]},
								"up": {"uv": [40, 77], "uv_size": [4, 2]},
								"down": {"uv": [77, 42], "uv_size": [4, -2]}
							}
						},
						{
							"origin": [-1.95, 15.96299, 13.49291],
							"size": [3.9, 1.5, 1.5],
							"pivot": [0, 15.96299, 14.24291],
							"rotation": [-22.5, 0, 0],
							"uv": {
								"north": {"uv": [0, 82], "uv_size": [4, 1.5]},
								"east": {"uv": [58, 75], "uv_size": [1.5, 1.5]},
								"south": {"uv": [82, 4], "uv_size": [4, 1.5]},
								"west": {"uv": [26, 76], "uv_size": [1.5, 1.5]},
								"up": {"uv": [82, 9], "uv_size": [4, 1.5]},
								"down": {"uv": [82, 12.5], "uv_size": [4, -1.5]}
							}
						},
						{
							"origin": [-1.95, 14.70076, 22.68857],
							"size": [3.9, 3.75, 6],
							"pivot": [0, 19.95076, 26.43857],
							"rotation": [-22.5, 0, 0],
							"uv": {
								"north": {"uv": [49, 68], "uv_size": [4, 4]},
								"east": {"uv": [44, 61], "uv_size": [6, 4]},
								"south": {"uv": [32, 69], "uv_size": [4, 4]},
								"west": {"uv": [61, 46], "uv_size": [6, 4]},
								"up": {"uv": [61, 50], "uv_size": [4, 6]},
								"down": {"uv": [61, 62], "uv_size": [4, -6]}
							}
						},
						{
							"origin": [-1.95, 16.95293, 28.14252],
							"size": [3.9, 2.25, 2.25],
							"pivot": [0, 18.82793, 28.89252],
							"rotation": [-45, 0, 0],
							"uv": {
								"north": {"uv": [0, 75], "uv_size": [4, 2.5]},
								"east": {"uv": [43, 80], "uv_size": [2.5, 2.5]},
								"south": {"uv": [75, 10], "uv_size": [4, 2.5]},
								"west": {"uv": [46, 80], "uv_size": [2.5, 2.5]},
								"up": {"uv": [75, 18], "uv_size": [4, 2.5]},
								"down": {"uv": [28, 77.5], "uv_size": [4, -2.5]}
							}
						},
						{
							"origin": [-1.5, 20, -15.25],
							"size": [3, 4.5, 4.5],
							"uv": {
								"north": {"uv": [66, 69], "uv_size": [3, 4.5]},
								"east": {"uv": [65, 50], "uv_size": [4.5, 4.5]},
								"south": {"uv": [69, 69], "uv_size": [3, 4.5]},
								"west": {"uv": [65, 55], "uv_size": [4.5, 4.5]},
								"up": {"uv": [0, 70], "uv_size": [3, 4.5]},
								"down": {"uv": [3, 74.5], "uv_size": [3, -4.5]}
							}
						},
						{
							"origin": [-1.5, 13.85, 1.25],
							"size": [3, 3.75, 6],
							"uv": {
								"north": {"uv": [57, 71], "uv_size": [3, 4]},
								"east": {"uv": [62, 31], "uv_size": [6, 4]},
								"south": {"uv": [73, 24], "uv_size": [3, 4]},
								"west": {"uv": [62, 35], "uv_size": [6, 4]},
								"up": {"uv": [8, 68], "uv_size": [3, 6]},
								"down": {"uv": [21, 74], "uv_size": [3, -6]}
							}
						},
						{
							"origin": [-0.75, 20, 20],
							"size": [1.5, 4.5, 1.2],
							"uv": {
								"north": {"uv": [34, 79], "uv_size": [1.5, 4.5]},
								"east": {"uv": [33, 82], "uv_size": [1, 4.5]},
								"south": {"uv": [12, 80], "uv_size": [1.5, 4.5]},
								"west": {"uv": [68, 82], "uv_size": [1, 4.5]},
								"up": {"uv": [76, 53], "uv_size": [1.5, 1]},
								"down": {"uv": [73, 78], "uv_size": [1.5, -1]}
							}
						},
						{
							"origin": [-1.45, 18.6, 6],
							"size": [2.9, 1.5, 1.25],
							"pivot": [0.75, 18.35, 6.5],
							"rotation": [-45, 0, 0],
							"uv": {
								"north": {"uv": [6, 83], "uv_size": [3, 1.5]},
								"east": {"uv": [85, 29], "uv_size": [1.5, 1.5]},
								"south": {"uv": [9, 83], "uv_size": [3, 1.5]},
								"west": {"uv": [31, 85], "uv_size": [1.5, 1.5]},
								"up": {"uv": [26, 83], "uv_size": [3, 1.5]},
								"down": {"uv": [83, 33.5], "uv_size": [3, -1.5]}
							}
						},
						{
							"origin": [-1.45, 13.85, -4.75],
							"size": [2.9, 6.75, 1.2],
							"uv": {
								"north": {"uv": [22, 61], "uv_size": [3, 7]},
								"east": {"uv": [56, 78], "uv_size": [1, 7]},
								"south": {"uv": [50, 61], "uv_size": [3, 7]},
								"west": {"uv": [57, 78], "uv_size": [1, 7]},
								"up": {"uv": [84, 57], "uv_size": [3, 1]},
								"down": {"uv": [84, 59], "uv_size": [3, -1]}
							}
						},
						{
							"origin": [-0.5, 15.85, -0.35],
							"size": [1, 1, 0.6],
							"uv": {
								"north": {"uv": [49, 80], "uv_size": [1, 1]},
								"east": {"uv": [59, 88], "uv_size": [0.5, 1]},
								"south": {"uv": [81, 9], "uv_size": [1, 1]},
								"west": {"uv": [60, 88], "uv_size": [0.5, 1]},
								"up": {"uv": [61, 88], "uv_size": [1, 0.5]},
								"down": {"uv": [88, 61.5], "uv_size": [1, -0.5]}
							}
						},
						{
							"origin": [-0.25, 16.6, -0.25],
							"size": [0.5, 1, 0.5],
							"uv": {
								"north": {"uv": [88, 73], "uv_size": [0.5, 1]},
								"east": {"uv": [74, 88], "uv_size": [0.5, 1]},
								"south": {"uv": [88, 74], "uv_size": [0.5, 1]},
								"west": {"uv": [75, 88], "uv_size": [0.5, 1]},
								"up": {"uv": [89, 3], "uv_size": [0.5, 0.5]},
								"down": {"uv": [4, 89.5], "uv_size": [0.5, -0.5]}
							}
						},
						{
							"origin": [-0.25, 16.59372, 0.01517],
							"size": [0.5, 1.25, 0.75],
							"pivot": [0, 17.21872, 0.51517],
							"rotation": [-45, 0, 0],
							"uv": {
								"north": {"uv": [26, 88], "uv_size": [0.5, 1.5]},
								"east": {"uv": [86, 4], "uv_size": [1, 1.5]},
								"south": {"uv": [27, 88], "uv_size": [0.5, 1.5]},
								"west": {"uv": [15, 86], "uv_size": [1, 1.5]},
								"up": {"uv": [88, 75], "uv_size": [0.5, 1]},
								"down": {"uv": [76, 89], "uv_size": [0.5, -1]}
							}
						},
						{
							"origin": [-0.5, 15.27524, -0.50401],
							"size": [1, 0.75, 0.6],
							"pivot": [0, 15.65024, -0.15401],
							"rotation": [-30, 0, 0],
							"uv": {
								"north": {"uv": [87, 75], "uv_size": [1, 1]},
								"east": {"uv": [88, 71], "uv_size": [0.5, 1]},
								"south": {"uv": [87, 76], "uv_size": [1, 1]},
								"west": {"uv": [72, 88], "uv_size": [0.5, 1]},
								"up": {"uv": [88, 72], "uv_size": [1, 0.5]},
								"down": {"uv": [73, 88.5], "uv_size": [1, -0.5]}
							}
						},
						{
							"origin": [-0.5, 16.67476, -0.50401],
							"size": [1, 0.75, 0.6],
							"pivot": [0, 17.04976, -0.15401],
							"rotation": [30, 0, 0],
							"uv": {
								"north": {"uv": [81, 41], "uv_size": [1, 1]},
								"east": {"uv": [62, 88], "uv_size": [0.5, 1]},
								"south": {"uv": [81, 75], "uv_size": [1, 1]},
								"west": {"uv": [88, 62], "uv_size": [0.5, 1]},
								"up": {"uv": [63, 88], "uv_size": [1, 0.5]},
								"down": {"uv": [88, 63.5], "uv_size": [1, -0.5]}
							}
						},
						{
							"origin": [-0.5, 17.09551, -0.92476],
							"size": [1, 0.75, 0.6],
							"pivot": [0, 17.47051, -0.57476],
							"rotation": [60, 0, 0],
							"uv": {
								"north": {"uv": [78, 81], "uv_size": [1, 1]},
								"east": {"uv": [88, 64], "uv_size": [0.5, 1]},
								"south": {"uv": [87, 65], "uv_size": [1, 1]},
								"west": {"uv": [88, 65], "uv_size": [0.5, 1]},
								"up": {"uv": [66, 88], "uv_size": [1, 0.5]},
								"down": {"uv": [67, 88.5], "uv_size": [1, -0.5]}
							}
						},
						{
							"origin": [-0.5, 17.35509, -1.55145],
							"size": [1, 1.75, 0.6],
							"pivot": [0, 17.73009, -1.20145],
							"rotation": [75, 0, 0],
							"uv": {
								"north": {"uv": [51, 85], "uv_size": [1, 2]},
								"east": {"uv": [87, 71], "uv_size": [0.5, 2]},
								"south": {"uv": [85, 52], "uv_size": [1, 2]},
								"west": {"uv": [87, 73], "uv_size": [0.5, 2]},
								"up": {"uv": [88, 69], "uv_size": [1, 0.5]},
								"down": {"uv": [88, 70.5], "uv_size": [1, -0.5]}
							}
						},
						{
							"origin": [-1.45, 18.95, 7.25],
							"size": [2.9, 4.5, 11.25],
							"uv": {
								"north": {"uv": [14, 70], "uv_size": [3, 4.5]},
								"east": {"uv": [44, 39], "uv_size": [11.5, 4.5]},
								"south": {"uv": [70, 25], "uv_size": [3, 4.5]},
								"west": {"uv": [44, 44], "uv_size": [11.5, 4.5]},
								"up": {"uv": [10, 56], "uv_size": [3, 11.5]},
								"down": {"uv": [56, 42.5], "uv_size": [3, -11.5]}
							}
						},
						{
							"origin": [-1.45, 17.6, -4.15],
							"size": [2.9, 4.65, 11.4],
							"uv": {
								"north": {"uv": [44, 70], "uv_size": [3, 4.5]},
								"east": {"uv": [46, 0], "uv_size": [11.5, 4.5]},
								"south": {"uv": [70, 50], "uv_size": [3, 4.5]},
								"west": {"uv": [46, 5], "uv_size": [11.5, 4.5]},
								"up": {"uv": [37, 56], "uv_size": [3, 11.5]},
								"down": {"uv": [33, 68.5], "uv_size": [3, -11.5]}
							}
						},
						{
							"origin": [1.3, 19.1, 6.6],
							"size": [0.9, 0.75, 0.75],
							"pivot": [1.75, 19.475, 6.975],
							"rotation": [-45, 0, 0],
							"uv": {
								"north": {"uv": [87, 84], "uv_size": [1, 1]},
								"east": {"uv": [85, 87], "uv_size": [1, 1]},
								"south": {"uv": [87, 85], "uv_size": [1, 1]},
								"west": {"uv": [86, 87], "uv_size": [1, 1]},
								"up": {"uv": [87, 86], "uv_size": [1, 1]},
								"down": {"uv": [87, 88], "uv_size": [1, -1]}
							}
						},
						{
							"origin": [1.3, 18.35, 2.1],
							"size": [0.9, 0.75, 0.75],
							"pivot": [1.75, 18.725, 2.475],
							"rotation": [-45, 0, 0],
							"uv": {
								"north": {"uv": [88, 0], "uv_size": [1, 1]},
								"east": {"uv": [88, 1], "uv_size": [1, 1]},
								"south": {"uv": [88, 2], "uv_size": [1, 1]},
								"west": {"uv": [88, 3], "uv_size": [1, 1]},
								"up": {"uv": [88, 4], "uv_size": [1, 1]},
								"down": {"uv": [88, 6], "uv_size": [1, -1]}
							}
						},
						{
							"origin": [1.55, 17.35, 2.35],
							"size": [0.4, 1.5, 0.25],
							"pivot": [1.75, 18.725, 2.475],
							"rotation": [-90, 0, 0],
							"uv": {
								"north": {"uv": [88, 27], "uv_size": [0.5, 1.5]},
								"east": {"uv": [28, 88], "uv_size": [0.5, 1.5]},
								"south": {"uv": [29, 88], "uv_size": [0.5, 1.5]},
								"west": {"uv": [30, 88], "uv_size": [0.5, 1.5]},
								"up": {"uv": [89, 4], "uv_size": [0.5, 0.5]},
								"down": {"uv": [5, 89.5], "uv_size": [0.5, -0.5]}
							}
						},
						{
							"origin": [1.55, 17.6, 6.85],
							"size": [0.4, 2, 0.25],
							"pivot": [1.75, 19.475, 6.975],
							"rotation": [-90, 0, 0],
							"uv": {
								"north": {"uv": [88, 6], "uv_size": [0.5, 2]},
								"east": {"uv": [15, 88], "uv_size": [0.5, 2]},
								"south": {"uv": [16, 88], "uv_size": [0.5, 2]},
								"west": {"uv": [17, 88], "uv_size": [0.5, 2]},
								"up": {"uv": [89, 5], "uv_size": [0.5, 0.5]},
								"down": {"uv": [6, 89.5], "uv_size": [0.5, -0.5]}
							}
						},
						{
							"origin": [-1.45, 17.04017, -5.37583],
							"size": [2.9, 0.75, 1.45],
							"pivot": [0, 18.91517, -4.12583],
							"rotation": [45, 0, 0],
							"uv": {
								"north": {"uv": [84, 59], "uv_size": [3, 1]},
								"east": {"uv": [6, 79], "uv_size": [1.5, 1]},
								"south": {"uv": [84, 69], "uv_size": [3, 1]},
								"west": {"uv": [79, 7], "uv_size": [1.5, 1]},
								"up": {"uv": [83, 34], "uv_size": [3, 1.5]},
								"down": {"uv": [43, 84.5], "uv_size": [3, -1.5]}
							}
						},
						{
							"origin": [-1.45, 13.74017, -2.92583],
							"size": [2.9, 0.75, 1.05],
							"pivot": [0, 15.61517, -2.32583],
							"rotation": [-45, 0, 0],
							"uv": {
								"north": {"uv": [84, 71], "uv_size": [3, 1]},
								"east": {"uv": [21, 67], "uv_size": [1, 1]},
								"south": {"uv": [84, 72], "uv_size": [3, 1]},
								"west": {"uv": [32, 68], "uv_size": [1, 1]},
								"up": {"uv": [79, 84], "uv_size": [3, 1]},
								"down": {"uv": [82, 85], "uv_size": [3, -1]}
							}
						},
						{
							"origin": [-1.45, 13.74017, -0.42583],
							"size": [2.9, 0.75, 1.05],
							"pivot": [0, 15.61517, 0.17417],
							"rotation": [45, 0, 0],
							"uv": {
								"north": {"uv": [4, 85], "uv_size": [3, 1]},
								"east": {"uv": [87, 82], "uv_size": [1, 1]},
								"south": {"uv": [7, 85], "uv_size": [3, 1]},
								"west": {"uv": [87, 83], "uv_size": [1, 1]},
								"up": {"uv": [85, 7], "uv_size": [3, 1]},
								"down": {"uv": [85, 9], "uv_size": [3, -1]}
							}
						},
						{
							"origin": [-1.45, 17.22735, 0.87343],
							"size": [2.9, 0.75, 1.25],
							"pivot": [0, 19.10235, 1.62343],
							"rotation": [-22.5, 0, 0],
							"uv": {
								"north": {"uv": [84, 82], "uv_size": [3, 1]},
								"east": {"uv": [79, 39], "uv_size": [1.5, 1]},
								"south": {"uv": [84, 83], "uv_size": [3, 1]},
								"west": {"uv": [79, 52], "uv_size": [1.5, 1]},
								"up": {"uv": [46, 83], "uv_size": [3, 1.5]},
								"down": {"uv": [49, 84.5], "uv_size": [3, -1.5]}
							}
						},
						{
							"origin": [-1.45, 13.85, -3.85],
							"size": [2.9, 0.75, 5.1],
							"uv": {
								"north": {"uv": [85, 0], "uv_size": [3, 1]},
								"east": {"uv": [70, 45], "uv_size": [5, 1]},
								"south": {"uv": [85, 1], "uv_size": [3, 1]},
								"west": {"uv": [79, 59], "uv_size": [5, 1]},
								"up": {"uv": [41, 68], "uv_size": [3, 5]},
								"down": {"uv": [60, 74], "uv_size": [3, -5]}
							}
						},
						{
							"origin": [-1.5, 24.5, 12.8],
							"size": [3, 0.75, 6.75],
							"uv": {
								"north": {"uv": [85, 2], "uv_size": [3, 1]},
								"east": {"uv": [46, 14], "uv_size": [7, 1]},
								"south": {"uv": [85, 3], "uv_size": [3, 1]},
								"west": {"uv": [53, 14], "uv_size": [7, 1]},
								"up": {"uv": [18, 64], "uv_size": [3, 7]},
								"down": {"uv": [57, 71], "uv_size": [3, -7]}
							}
						},
						{
							"origin": [-0.9, 25.25, 13.55],
							"size": [1.8, 0.45, 5.25],
							"uv": {
								"north": {"uv": [36, 87], "uv_size": [2, 0.5]},
								"east": {"uv": [10, 85], "uv_size": [5.5, 0.5]},
								"south": {"uv": [87, 36], "uv_size": [2, 0.5]},
								"west": {"uv": [85, 16], "uv_size": [5.5, 0.5]},
								"up": {"uv": [11, 68], "uv_size": [2, 5.5]},
								"down": {"uv": [51, 77.5], "uv_size": [2, -5.5]}
							}
						},
						{
							"origin": [1.5, 25.75, 12.8],
							"size": [0.45, 0.55, 6.75],
							"uv": {
								"north": {"uv": [86, 88], "uv_size": [0.5, 0.5]},
								"east": {"uv": [82, 81], "uv_size": [7, 0.5]},
								"south": {"uv": [88, 86], "uv_size": [0.5, 0.5]},
								"west": {"uv": [84, 13], "uv_size": [7, 0.5]},
								"up": {"uv": [0, 84], "uv_size": [0.5, 7]},
								"down": {"uv": [1, 91], "uv_size": [0.5, -7]}
							}
						},
						{
							"origin": [1.5, 24.5, 12.8],
							"size": [0.45, 0.55, 6.75],
							"uv": {
								"north": {"uv": [88, 88], "uv_size": [0.5, 0.5]},
								"east": {"uv": [84, 23], "uv_size": [7, 0.5]},
								"south": {"uv": [89, 0], "uv_size": [0.5, 0.5]},
								"west": {"uv": [84, 24], "uv_size": [7, 0.5]},
								"up": {"uv": [53, 84], "uv_size": [0.5, 7]},
								"down": {"uv": [54, 91], "uv_size": [0.5, -7]}
							}
						},
						{
							"origin": [1.5, 23.74023, 18.86581],
							"size": [0.45, 1.8, 1],
							"pivot": [0, 24.11523, 15.36581],
							"rotation": [10, 0, 0],
							"uv": {
								"north": {"uv": [33, 87], "uv_size": [0.5, 2]},
								"east": {"uv": [44, 85], "uv_size": [1, 2]},
								"south": {"uv": [40, 87], "uv_size": [0.5, 2]},
								"west": {"uv": [45, 85], "uv_size": [1, 2]},
								"up": {"uv": [46, 88], "uv_size": [0.5, 1]},
								"down": {"uv": [47, 89], "uv_size": [0.5, -1]}
							}
						},
						{
							"origin": [-1.95, 23.74023, 18.86581],
							"size": [0.45, 1.8, 1],
							"pivot": [-3.45, 24.11523, 15.36581],
							"rotation": [10, 0, 0],
							"uv": {
								"north": {"uv": [58, 87], "uv_size": [0.5, 2]},
								"east": {"uv": [85, 45], "uv_size": [1, 2]},
								"south": {"uv": [87, 61], "uv_size": [0.5, 2]},
								"west": {"uv": [46, 85], "uv_size": [1, 2]},
								"up": {"uv": [48, 88], "uv_size": [0.5, 1]},
								"down": {"uv": [88, 49], "uv_size": [0.5, -1]}
							}
						},
						{
							"origin": [-1.95, 24.47026, 12.63992],
							"size": [0.45, 1.8, 1],
							"pivot": [0, 25.37026, 12.88992],
							"rotation": [-10, 0, 0],
							"uv": {
								"north": {"uv": [69, 87], "uv_size": [0.5, 2]},
								"east": {"uv": [49, 85], "uv_size": [1, 2]},
								"south": {"uv": [87, 69], "uv_size": [0.5, 2]},
								"west": {"uv": [50, 85], "uv_size": [1, 2]},
								"up": {"uv": [51, 88], "uv_size": [0.5, 1]},
								"down": {"uv": [52, 89], "uv_size": [0.5, -1]}
							}
						},
						{
							"origin": [1.5, 24.47026, 12.63992],
							"size": [0.45, 1.8, 1],
							"pivot": [0, 25.37026, 12.88992],
							"rotation": [-10, 0, 0],
							"uv": {
								"north": {"uv": [87, 63], "uv_size": [0.5, 2]},
								"east": {"uv": [47, 85], "uv_size": [1, 2]},
								"south": {"uv": [68, 87], "uv_size": [0.5, 2]},
								"west": {"uv": [48, 85], "uv_size": [1, 2]},
								"up": {"uv": [49, 88], "uv_size": [0.5, 1]},
								"down": {"uv": [50, 89], "uv_size": [0.5, -1]}
							}
						},
						{
							"origin": [-1.95, 25.75, 12.8],
							"size": [0.45, 0.55, 6.75],
							"uv": {
								"north": {"uv": [87, 88], "uv_size": [0.5, 0.5]},
								"east": {"uv": [84, 14], "uv_size": [7, 0.5]},
								"south": {"uv": [88, 87], "uv_size": [0.5, 0.5]},
								"west": {"uv": [84, 15], "uv_size": [7, 0.5]},
								"up": {"uv": [2, 84], "uv_size": [0.5, 7]},
								"down": {"uv": [3, 91], "uv_size": [0.5, -7]}
							}
						},
						{
							"origin": [-1.95, 24.5, 12.8],
							"size": [0.45, 0.55, 6.75],
							"uv": {
								"north": {"uv": [89, 1], "uv_size": [0.5, 0.5]},
								"east": {"uv": [84, 25], "uv_size": [7, 0.5]},
								"south": {"uv": [89, 2], "uv_size": [0.5, 0.5]},
								"west": {"uv": [84, 26], "uv_size": [7, 0.5]},
								"up": {"uv": [84, 62], "uv_size": [0.5, 7]},
								"down": {"uv": [78, 91], "uv_size": [0.5, -7]}
							}
						},
						{
							"origin": [1.5, 24.5, 12.8],
							"size": [0.35, 1.7, 6.75],
							"uv": {
								"north": {"uv": [24, 88], "uv_size": [0.5, 1.5]},
								"east": {"uv": [17, 74], "uv_size": [7, 1.5]},
								"south": {"uv": [25, 88], "uv_size": [0.5, 1.5]},
								"west": {"uv": [74, 30], "uv_size": [7, 1.5]},
								"up": {"uv": [35, 84], "uv_size": [0.5, 7]},
								"down": {"uv": [84, 48], "uv_size": [0.5, -7]}
							}
						},
						{
							"origin": [-1.85, 24.5, 12.8],
							"size": [0.35, 1.7, 6.75],
							"uv": {
								"north": {"uv": [19, 88], "uv_size": [0.5, 1.5]},
								"east": {"uv": [73, 28], "uv_size": [7, 1.5]},
								"south": {"uv": [23, 88], "uv_size": [0.5, 1.5]},
								"west": {"uv": [73, 62], "uv_size": [7, 1.5]},
								"up": {"uv": [84, 16], "uv_size": [0.5, 7]},
								"down": {"uv": [34, 91], "uv_size": [0.5, -7]}
							}
						},
						{
							"origin": [-1.5, 23, -9.55],
							"size": [3, 1.5, 4.8],
							"uv": {
								"north": {"uv": [58, 83], "uv_size": [3, 1.5]},
								"east": {"uv": [77, 60], "uv_size": [5, 1.5]},
								"south": {"uv": [61, 83], "uv_size": [3, 1.5]},
								"west": {"uv": [8, 78], "uv_size": [5, 1.5]},
								"up": {"uv": [63, 69], "uv_size": [3, 5]},
								"down": {"uv": [69, 69], "uv_size": [3, -5]}
							}
						},
						{
							"origin": [-3.27917, 23.05553, -9.55],
							"size": [0.75, 1.5, 4.8],
							"pivot": [-2.52917, 20.05553, -16.75],
							"rotation": [0, 0, 22.5],
							"uv": {
								"north": {"uv": [85, 54], "uv_size": [1, 1.5]},
								"east": {"uv": [26, 78], "uv_size": [5, 1.5]},
								"south": {"uv": [58, 85], "uv_size": [1, 1.5]},
								"west": {"uv": [78, 32], "uv_size": [5, 1.5]},
								"up": {"uv": [40, 56], "uv_size": [1, 5]},
								"down": {"uv": [55, 86], "uv_size": [1, -5]}
							}
						},
						{
							"origin": [-2.25, 20, -10.75],
							"size": [3.75, 4.5, 1.2],
							"uv": {
								"north": {"uv": [67, 18], "uv_size": [4, 4.5]},
								"east": {"uv": [69, 82], "uv_size": [1, 4.5]},
								"south": {"uv": [24, 68], "uv_size": [4, 4.5]},
								"west": {"uv": [29, 83], "uv_size": [1, 4.5]},
								"up": {"uv": [57, 61], "uv_size": [4, 1]},
								"down": {"uv": [63, 23], "uv_size": [4, -1]}
							}
						},
						{
							"origin": [5.33399, 20, -4.35937],
							"size": [0.55, 4.5, 1.1],
							"pivot": [10.58399, 17, -16.15937],
							"rotation": [0, -45, 0],
							"uv": {
								"north": {"uv": [85, 40], "uv_size": [0.5, 4.5]},
								"east": {"uv": [30, 83], "uv_size": [1, 4.5]},
								"south": {"uv": [41, 85], "uv_size": [0.5, 4.5]},
								"west": {"uv": [52, 83], "uv_size": [1, 4.5]},
								"up": {"uv": [44, 88], "uv_size": [0.5, 1]},
								"down": {"uv": [45, 89], "uv_size": [0.5, -1]}
							}
						},
						{
							"origin": [-0.8, 22.45, -41.25],
							"size": [1.6, 1.35, 28.25],
							"uv": {
								"north": {"uv": [85, 36], "uv_size": [1.5, 1.5]},
								"east": {"uv": [46, 10], "uv_size": [28.5, 1.5]},
								"south": {"uv": [37, 85], "uv_size": [1.5, 1.5]},
								"west": {"uv": [46, 12], "uv_size": [28.5, 1.5]},
								"up": {"uv": [8, 39], "uv_size": [1.5, 28.5]},
								"down": {"uv": [53, 77.5], "uv_size": [1.5, -28.5]}
							}
						},
						{
							"origin": [-1.1, 21.85, -48],
							"size": [2.2, 2.2, 5.25],
							"pivot": [0, 22.975, -43.6875],
							"rotation": [0, 0, -45],
							"uv": {
								"north": {"uv": [47, 70], "uv_size": [2, 2]},
								"east": {"uv": [70, 8], "uv_size": [5.5, 2]},
								"south": {"uv": [55, 73], "uv_size": [2, 2]},
								"west": {"uv": [70, 58], "uv_size": [5.5, 2]},
								"up": {"uv": [32, 73], "uv_size": [2, 5.5]},
								"down": {"uv": [34, 78.5], "uv_size": [2, -5.5]}
							}
						},
						{
							"origin": [-1.25, 21.55, -16.4],
							"size": [2.5, 2.75, 0.4],
							"uv": {
								"north": {"uv": [50, 78], "uv_size": [2.5, 3]},
								"east": {"uv": [59, 85], "uv_size": [0.5, 3]},
								"south": {"uv": [53, 78], "uv_size": [2.5, 3]},
								"west": {"uv": [60, 85], "uv_size": [0.5, 3]},
								"up": {"uv": [21, 86], "uv_size": [2.5, 0.5]},
								"down": {"uv": [26, 86.5], "uv_size": [2.5, -0.5]}
							}
						},
						{
							"origin": [-1.25, 21.55, -15.65],
							"size": [2.5, 2.75, 0.4],
							"uv": {
								"north": {"uv": [9, 80], "uv_size": [2.5, 3]},
								"east": {"uv": [20, 86], "uv_size": [0.5, 3]},
								"south": {"uv": [26, 80], "uv_size": [2.5, 3]},
								"west": {"uv": [86, 20], "uv_size": [0.5, 3]},
								"up": {"uv": [87, 30], "uv_size": [2.5, 0.5]},
								"down": {"uv": [87, 31.5], "uv_size": [2.5, -0.5]}
							}
						},
						{
							"origin": [-1.25, 21.55, -19.4],
							"size": [2.5, 2.75, 0.4],
							"uv": {
								"north": {"uv": [78, 53], "uv_size": [2.5, 3]},
								"east": {"uv": [85, 60], "uv_size": [0.5, 3]},
								"south": {"uv": [73, 78], "uv_size": [2.5, 3]},
								"west": {"uv": [61, 85], "uv_size": [0.5, 3]},
								"up": {"uv": [86, 32], "uv_size": [2.5, 0.5]},
								"down": {"uv": [86, 33.5], "uv_size": [2.5, -0.5]}
							}
						},
						{
							"origin": [-1.25, 21.55, -22.4],
							"size": [2.5, 2.75, 0.4],
							"uv": {
								"north": {"uv": [78, 73], "uv_size": [2.5, 3]},
								"east": {"uv": [62, 85], "uv_size": [0.5, 3]},
								"south": {"uv": [76, 78], "uv_size": [2.5, 3]},
								"west": {"uv": [63, 85], "uv_size": [0.5, 3]},
								"up": {"uv": [86, 34], "uv_size": [2.5, 0.5]},
								"down": {"uv": [86, 35.5], "uv_size": [2.5, -0.5]}
							}
						},
						{
							"origin": [-1.25, 21.55, -17.9],
							"size": [2.5, 2.75, 0.4],
							"uv": {
								"north": {"uv": [3, 79], "uv_size": [2.5, 3]},
								"east": {"uv": [85, 63], "uv_size": [0.5, 3]},
								"south": {"uv": [79, 4], "uv_size": [2.5, 3]},
								"west": {"uv": [66, 85], "uv_size": [0.5, 3]},
								"up": {"uv": [86, 40], "uv_size": [2.5, 0.5]},
								"down": {"uv": [86, 41.5], "uv_size": [2.5, -0.5]}
							}
						},
						{
							"origin": [-1.25, 21.55, -20.9],
							"size": [2.5, 2.75, 0.4],
							"uv": {
								"north": {"uv": [79, 10], "uv_size": [2.5, 3]},
								"east": {"uv": [85, 66], "uv_size": [0.5, 3]},
								"south": {"uv": [79, 13], "uv_size": [2.5, 3]},
								"west": {"uv": [67, 85], "uv_size": [0.5, 3]},
								"up": {"uv": [86, 42], "uv_size": [2.5, 0.5]},
								"down": {"uv": [86, 43.5], "uv_size": [2.5, -0.5]}
							}
						},
						{
							"origin": [-1.25, 21.55, -25.4],
							"size": [2.5, 2.75, 0.4],
							"uv": {
								"north": {"uv": [14, 79], "uv_size": [2.5, 3]},
								"east": {"uv": [72, 85], "uv_size": [0.5, 3]},
								"south": {"uv": [79, 16], "uv_size": [2.5, 3]},
								"west": {"uv": [73, 85], "uv_size": [0.5, 3]},
								"up": {"uv": [86, 44], "uv_size": [2.5, 0.5]},
								"down": {"uv": [86, 45.5], "uv_size": [2.5, -0.5]}
							}
						},
						{
							"origin": [-0.95, 21.4, -26.9],
							"size": [1.9, 2.75, 0.4],
							"uv": {
								"north": {"uv": [53, 81], "uv_size": [2, 3]},
								"east": {"uv": [85, 73], "uv_size": [0.5, 3]},
								"south": {"uv": [4, 82], "uv_size": [2, 3]},
								"west": {"uv": [74, 85], "uv_size": [0.5, 3]},
								"up": {"uv": [87, 37], "uv_size": [2, 0.5]},
								"down": {"uv": [38, 87.5], "uv_size": [2, -0.5]}
							}
						},
						{
							"origin": [-0.95, 21.4, -28.4],
							"size": [1.9, 2.75, 0.4],
							"uv": {
								"north": {"uv": [82, 13], "uv_size": [2, 3]},
								"east": {"uv": [75, 85], "uv_size": [0.5, 3]},
								"south": {"uv": [14, 82], "uv_size": [2, 3]},
								"west": {"uv": [76, 85], "uv_size": [0.5, 3]},
								"up": {"uv": [87, 38], "uv_size": [2, 0.5]},
								"down": {"uv": [87, 39.5], "uv_size": [2, -0.5]}
							}
						},
						{
							"origin": [-0.95, 21.55, -29.9],
							"size": [1.9, 2.45, 0.4],
							"uv": {
								"north": {"uv": [82, 22], "uv_size": [2, 2.5]},
								"east": {"uv": [86, 52], "uv_size": [0.5, 2.5]},
								"south": {"uv": [24, 82], "uv_size": [2, 2.5]},
								"west": {"uv": [55, 86], "uv_size": [0.5, 2.5]},
								"up": {"uv": [44, 87], "uv_size": [2, 0.5]},
								"down": {"uv": [46, 87.5], "uv_size": [2, -0.5]}
							}
						},
						{
							"origin": [-0.95, 21.55, -31.4],
							"size": [1.9, 2.45, 0.4],
							"uv": {
								"north": {"uv": [82, 25], "uv_size": [2, 2.5]},
								"east": {"uv": [86, 60], "uv_size": [0.5, 2.5]},
								"south": {"uv": [31, 82], "uv_size": [2, 2.5]},
								"west": {"uv": [86, 63], "uv_size": [0.5, 2.5]},
								"up": {"uv": [87, 47], "uv_size": [2, 0.5]},
								"down": {"uv": [48, 87.5], "uv_size": [2, -0.5]}
							}
						},
						{
							"origin": [-0.95, 21.55, -32.9],
							"size": [1.9, 2.45, 0.4],
							"uv": {
								"north": {"uv": [37, 82], "uv_size": [2, 2.5]},
								"east": {"uv": [64, 86], "uv_size": [0.5, 2.5]},
								"south": {"uv": [39, 82], "uv_size": [2, 2.5]},
								"west": {"uv": [65, 86], "uv_size": [0.5, 2.5]},
								"up": {"uv": [87, 49], "uv_size": [2, 0.5]},
								"down": {"uv": [50, 87.5], "uv_size": [2, -0.5]}
							}
						},
						{
							"origin": [-1.25, 21.55, -23.9],
							"size": [2.5, 2.75, 0.4],
							"uv": {
								"north": {"uv": [17, 79], "uv_size": [2.5, 3]},
								"east": {"uv": [85, 76], "uv_size": [0.5, 3]},
								"south": {"uv": [79, 19], "uv_size": [2.5, 3]},
								"west": {"uv": [77, 85], "uv_size": [0.5, 3]},
								"up": {"uv": [86, 46], "uv_size": [2.5, 0.5]},
								"down": {"uv": [86, 55.5], "uv_size": [2.5, -0.5]}
							}
						},
						{
							"origin": [-1.25, 21.55, -17.15],
							"size": [2.5, 2.75, 0.4],
							"uv": {
								"north": {"uv": [79, 79], "uv_size": [2.5, 3]},
								"east": {"uv": [13, 86], "uv_size": [0.5, 3]},
								"south": {"uv": [6, 80], "uv_size": [2.5, 3]},
								"west": {"uv": [14, 86], "uv_size": [0.5, 3]},
								"up": {"uv": [26, 87], "uv_size": [2.5, 0.5]},
								"down": {"uv": [87, 29.5], "uv_size": [2.5, -0.5]}
							}
						},
						{
							"origin": [-1.25, 21.55, -20.15],
							"size": [2.5, 2.75, 0.4],
							"uv": {
								"north": {"uv": [79, 64], "uv_size": [2.5, 3]},
								"east": {"uv": [11, 86], "uv_size": [0.5, 3]},
								"south": {"uv": [79, 76], "uv_size": [2.5, 3]},
								"west": {"uv": [12, 86], "uv_size": [0.5, 3]},
								"up": {"uv": [87, 21], "uv_size": [2.5, 0.5]},
								"down": {"uv": [87, 22.5], "uv_size": [2.5, -0.5]}
							}
						},
						{
							"origin": [-1.25, 21.55, -23.15],
							"size": [2.5, 2.75, 0.4],
							"uv": {
								"north": {"uv": [79, 49], "uv_size": [2.5, 3]},
								"east": {"uv": [86, 9], "uv_size": [0.5, 3]},
								"south": {"uv": [79, 56], "uv_size": [2.5, 3]},
								"west": {"uv": [10, 86], "uv_size": [0.5, 3]},
								"up": {"uv": [87, 20], "uv_size": [2.5, 0.5]},
								"down": {"uv": [21, 87.5], "uv_size": [2.5, -0.5]}
							}
						},
						{
							"origin": [-1.25, 21.55, -18.65],
							"size": [2.5, 2.75, 0.4],
							"uv": {
								"north": {"uv": [40, 79], "uv_size": [2.5, 3]},
								"east": {"uv": [8, 86], "uv_size": [0.5, 3]},
								"south": {"uv": [79, 46], "uv_size": [2.5, 3]},
								"west": {"uv": [9, 86], "uv_size": [0.5, 3]},
								"up": {"uv": [87, 10], "uv_size": [2.5, 0.5]},
								"down": {"uv": [87, 11.5], "uv_size": [2.5, -0.5]}
							}
						},
						{
							"origin": [-1.25, 21.55, -21.65],
							"size": [2.5, 2.75, 0.4],
							"uv": {
								"north": {"uv": [31, 79], "uv_size": [2.5, 3]},
								"east": {"uv": [6, 86], "uv_size": [0.5, 3]},
								"south": {"uv": [37, 79], "uv_size": [2.5, 3]},
								"west": {"uv": [7, 86], "uv_size": [0.5, 3]},
								"up": {"uv": [86, 80], "uv_size": [2.5, 0.5]},
								"down": {"uv": [87, 9.5], "uv_size": [2.5, -0.5]}
							}
						},
						{
							"origin": [-1.25, 21.55, -26.15],
							"size": [2.5, 2.75, 0.4],
							"uv": {
								"north": {"uv": [23, 79], "uv_size": [2.5, 3]},
								"east": {"uv": [4, 86], "uv_size": [0.5, 3]},
								"south": {"uv": [79, 25], "uv_size": [2.5, 3]},
								"west": {"uv": [5, 86], "uv_size": [0.5, 3]},
								"up": {"uv": [86, 68], "uv_size": [2.5, 0.5]},
								"down": {"uv": [86, 79.5], "uv_size": [2.5, -0.5]}
							}
						},
						{
							"origin": [-0.95, 21.4, -27.65],
							"size": [1.9, 2.75, 0.4],
							"uv": {
								"north": {"uv": [18, 82], "uv_size": [2, 3]},
								"east": {"uv": [84, 85], "uv_size": [0.5, 3]},
								"south": {"uv": [82, 19], "uv_size": [2, 3]},
								"west": {"uv": [85, 84], "uv_size": [0.5, 3]},
								"up": {"uv": [87, 59], "uv_size": [2, 0.5]},
								"down": {"uv": [87, 60.5], "uv_size": [2, -0.5]}
							}
						},
						{
							"origin": [-0.95, 21.4, -29.15],
							"size": [1.9, 2.75, 0.4],
							"uv": {
								"north": {"uv": [16, 82], "uv_size": [2, 3]},
								"east": {"uv": [82, 85], "uv_size": [0.5, 3]},
								"south": {"uv": [82, 16], "uv_size": [2, 3]},
								"west": {"uv": [83, 85], "uv_size": [0.5, 3]},
								"up": {"uv": [87, 57], "uv_size": [2, 0.5]},
								"down": {"uv": [87, 58.5], "uv_size": [2, -0.5]}
							}
						},
						{
							"origin": [-0.95, 21.55, -30.65],
							"size": [1.9, 2.45, 0.4],
							"uv": {
								"north": {"uv": [66, 82], "uv_size": [2, 2.5]},
								"east": {"uv": [86, 84], "uv_size": [0.5, 2.5]},
								"south": {"uv": [82, 67], "uv_size": [2, 2.5]},
								"west": {"uv": [87, 4], "uv_size": [0.5, 2.5]},
								"up": {"uv": [87, 54], "uv_size": [2, 0.5]},
								"down": {"uv": [87, 56.5], "uv_size": [2, -0.5]}
							}
						},
						{
							"origin": [-0.95, 21.55, -32.15],
							"size": [1.9, 2.45, 0.4],
							"uv": {
								"north": {"uv": [82, 56], "uv_size": [2, 2.5]},
								"east": {"uv": [86, 73], "uv_size": [0.5, 2.5]},
								"south": {"uv": [82, 64], "uv_size": [2, 2.5]},
								"west": {"uv": [86, 76], "uv_size": [0.5, 2.5]},
								"up": {"uv": [87, 52], "uv_size": [2, 0.5]},
								"down": {"uv": [87, 53.5], "uv_size": [2, -0.5]}
							}
						},
						{
							"origin": [-0.95, 21.55, -33.65],
							"size": [1.9, 2.45, 0.4],
							"uv": {
								"north": {"uv": [82, 46], "uv_size": [2, 2.5]},
								"east": {"uv": [70, 86], "uv_size": [0.5, 2.5]},
								"south": {"uv": [82, 49], "uv_size": [2, 2.5]},
								"west": {"uv": [71, 86], "uv_size": [0.5, 2.5]},
								"up": {"uv": [87, 50], "uv_size": [2, 0.5]},
								"down": {"uv": [87, 51.5], "uv_size": [2, -0.5]}
							}
						},
						{
							"origin": [-1.25, 21.55, -24.65],
							"size": [2.5, 2.75, 0.4],
							"uv": {
								"north": {"uv": [20, 79], "uv_size": [2.5, 3]},
								"east": {"uv": [80, 85], "uv_size": [0.5, 3]},
								"south": {"uv": [79, 22], "uv_size": [2.5, 3]},
								"west": {"uv": [81, 85], "uv_size": [0.5, 3]},
								"up": {"uv": [86, 66], "uv_size": [2.5, 0.5]},
								"down": {"uv": [86, 67.5], "uv_size": [2.5, -0.5]}
							}
						},
						{
							"origin": [-0.6, 21.25, -43.65],
							"size": [1.2, 2.25, 1.95],
							"pivot": [0, 25, -45.75],
							"rotation": [22.5, 0, 0],
							"uv": {
								"north": {"uv": [85, 17], "uv_size": [1, 2.5]},
								"east": {"uv": [41, 82], "uv_size": [2, 2.5]},
								"south": {"uv": [18, 85], "uv_size": [1, 2.5]},
								"west": {"uv": [82, 41], "uv_size": [2, 2.5]},
								"up": {"uv": [71, 21], "uv_size": [1, 2]},
								"down": {"uv": [40, 77], "uv_size": [1, -2]}
							}
						},
						{
							"origin": [-0.375, 24.25, -42.45],
							"size": [0.75, 2.25, 1.2],
							"uv": {
								"north": {"uv": [19, 85], "uv_size": [1, 2.5]},
								"east": {"uv": [85, 20], "uv_size": [1, 2.5]},
								"south": {"uv": [24, 85], "uv_size": [1, 2.5]},
								"west": {"uv": [25, 85], "uv_size": [1, 2.5]},
								"up": {"uv": [17, 70], "uv_size": [1, 1]},
								"down": {"uv": [72, 25], "uv_size": [1, -1]}
							}
						},
						{
							"origin": [-1.3, 21.7, -42.75],
							"size": [2.6, 2.6, 1.5],
							"pivot": [0, 22.975, -43.6875],
							"rotation": [0, 0, -45],
							"uv": {
								"north": {"uv": [58, 80], "uv_size": [2.5, 2.5]},
								"east": {"uv": [64, 83], "uv_size": [1.5, 2.5]},
								"south": {"uv": [61, 80], "uv_size": [2.5, 2.5]},
								"west": {"uv": [70, 83], "uv_size": [1.5, 2.5]},
								"up": {"uv": [72, 83], "uv_size": [2.5, 1.5]},
								"down": {"uv": [75, 84.5], "uv_size": [2.5, -1.5]}
							}
						},
						{
							"origin": [-0.45, 22.55, 21.2],
							"size": [0.9, 0.9, 0.9],
							"pivot": [0, 23, 21.95],
							"rotation": [0, 0, -45],
							"uv": {
								"north": {"uv": [75, 57], "uv_size": [1, 1]},
								"east": {"uv": [50, 77], "uv_size": [1, 1]},
								"south": {"uv": [3, 78], "uv_size": [1, 1]},
								"west": {"uv": [31, 78], "uv_size": [1, 1]},
								"up": {"uv": [78, 56], "uv_size": [1, 1]},
								"down": {"uv": [43, 80], "uv_size": [1, -1]}
							}
						},
						{
							"origin": [2.52917, 23.05553, -10.8],
							"size": [0.75, 1.5, 6.05],
							"pivot": [2.52917, 20.05553, -16.75],
							"rotation": [0, 0, -22.5],
							"uv": {
								"north": {"uv": [79, 85], "uv_size": [1, 1.5]},
								"east": {"uv": [76, 67], "uv_size": [6, 1.5]},
								"south": {"uv": [85, 79], "uv_size": [1, 1.5]},
								"west": {"uv": [76, 69], "uv_size": [6, 1.5]},
								"up": {"uv": [56, 43], "uv_size": [1, 6]},
								"down": {"uv": [36, 87], "uv_size": [1, -6]}
							}
						},
						{
							"origin": [1.81556, 23.16358, -9.55],
							"size": [0.25, 1, 4.3],
							"pivot": [1.44056, 23.66358, -7.775],
							"rotation": [0, 0, -22.5],
							"uv": {
								"north": {"uv": [82, 88], "uv_size": [0.5, 1]},
								"east": {"uv": [82, 6], "uv_size": [4.5, 1]},
								"south": {"uv": [88, 82], "uv_size": [0.5, 1]},
								"west": {"uv": [82, 70], "uv_size": [4.5, 1]},
								"up": {"uv": [42, 85], "uv_size": [0.5, 4.5]},
								"down": {"uv": [43, 89.5], "uv_size": [0.5, -4.5]}
							}
						}
					]
				},
				{
					"name": "bolt",
					"parent": "main",
					"pivot": [0, 19, 4],
					"cubes": [
						{
							"origin": [0.45, 25.1, 3.95],
							"size": [0.3, 0.9, 1.5],
							"uv": {
								"north": {"uv": [84, 88], "uv_size": [0.5, 1]},
								"east": {"uv": [86, 18], "uv_size": [1.5, 1]},
								"south": {"uv": [88, 84], "uv_size": [0.5, 1]},
								"west": {"uv": [86, 19], "uv_size": [1.5, 1]},
								"up": {"uv": [38, 88], "uv_size": [0.5, 1.5]},
								"down": {"uv": [39, 89.5], "uv_size": [0.5, -1.5]}
							}
						},
						{
							"origin": [-0.75, 24.5, 3.95],
							"size": [1.5, 0.6, 1.5],
							"uv": {
								"north": {"uv": [88, 8], "uv_size": [1.5, 0.5]},
								"east": {"uv": [88, 12], "uv_size": [1.5, 0.5]},
								"south": {"uv": [88, 19], "uv_size": [1.5, 0.5]},
								"west": {"uv": [21, 88], "uv_size": [1.5, 0.5]},
								"up": {"uv": [85, 38], "uv_size": [1.5, 1.5]},
								"down": {"uv": [39, 86.5], "uv_size": [1.5, -1.5]}
							}
						},
						{
							"origin": [-0.75, 25.1, 3.95],
							"size": [0.3, 0.9, 1.5],
							"uv": {
								"north": {"uv": [83, 88], "uv_size": [0.5, 1]},
								"east": {"uv": [86, 12], "uv_size": [1.5, 1]},
								"south": {"uv": [88, 83], "uv_size": [0.5, 1]},
								"west": {"uv": [86, 17], "uv_size": [1.5, 1]},
								"up": {"uv": [36, 88], "uv_size": [0.5, 1.5]},
								"down": {"uv": [37, 89.5], "uv_size": [0.5, -1.5]}
							}
						}
					]
				},
				{
					"name": "magrelease",
					"parent": "main",
					"pivot": [1.5, 16.42892, -3.90503],
					"cubes": [
						{
							"origin": [1.25, 17.42138, 0.85146],
							"size": [0.5, 0.75, 2.25],
							"pivot": [0, 19.29638, 1.60146],
							"rotation": [-22.5, 0, 0],
							"uv": {
								"north": {"uv": [80, 88], "uv_size": [0.5, 1]},
								"east": {"uv": [26, 85], "uv_size": [2.5, 1]},
								"south": {"uv": [81, 88], "uv_size": [0.5, 1]},
								"west": {"uv": [85, 28], "uv_size": [2.5, 1]},
								"up": {"uv": [31, 87], "uv_size": [0.5, 2.5]},
								"down": {"uv": [32, 89.5], "uv_size": [0.5, -2.5]}
							}
						},
						{
							"origin": [1.25, 17.79402, -3.12197],
							"size": [0.5, 0.75, 3.6],
							"uv": {
								"north": {"uv": [88, 77], "uv_size": [0.5, 1]},
								"east": {"uv": [84, 27], "uv_size": [3.5, 1]},
								"south": {"uv": [88, 78], "uv_size": [0.5, 1]},
								"west": {"uv": [84, 48], "uv_size": [3.5, 1]},
								"up": {"uv": [56, 85], "uv_size": [0.5, 3.5]},
								"down": {"uv": [57, 88.5], "uv_size": [0.5, -3.5]}
							}
						},
						{
							"origin": [1.25, 17.14632, -5.73566],
							"size": [0.5, 0.75, 1.95],
							"pivot": [0, 19.02132, -4.23566],
							"rotation": [45, 0, 0],
							"uv": {
								"north": {"uv": [88, 76], "uv_size": [0.5, 1]},
								"east": {"uv": [23, 3], "uv_size": [2, 1]},
								"south": {"uv": [77, 88], "uv_size": [0.5, 1]},
								"west": {"uv": [66, 30], "uv_size": [2, 1]},
								"up": {"uv": [87, 77], "uv_size": [0.5, 2]},
								"down": {"uv": [79, 89], "uv_size": [0.5, -2]}
							}
						},
						{
							"origin": [1.25, 14.84017, -7.12583],
							"size": [0.5, 0.75, 1.95],
							"pivot": [0, 16.71517, -5.62583],
							"rotation": [90, 0, 0],
							"uv": {
								"north": {"uv": [85, 88], "uv_size": [0.5, 1]},
								"east": {"uv": [68, 42], "uv_size": [2, 1]},
								"south": {"uv": [88, 85], "uv_size": [0.5, 1]},
								"west": {"uv": [73, 54], "uv_size": [2, 1]},
								"up": {"uv": [88, 17], "uv_size": [0.5, 2]},
								"down": {"uv": [18, 90], "uv_size": [0.5, -2]}
							}
						}
					]
				}
			]
		}
	]
}