{
	"format_version": "1.12.0",
	"minecraft:geometry": [
		{
			"description": {
				"identifier": "geometry.unknown",
				"texture_width": 128,
				"texture_height": 128,
				"visible_bounds_width": 8,
				"visible_bounds_height": 4,
				"visible_bounds_offset": [0, 1, 0]
			},
			"bones": [
				{
					"name": "main",
					"pivot": [0, 19, 4]
				},
				{
					"name": "magazine",
					"parent": "main",
					"pivot": [0.5, 5.75, -6.25],
					"cubes": [
						{
							"origin": [-1.25, -3, -9.05],
							"size": [2.5, 26, 3.75],
							"uv": {
								"north": {"uv": [59, 40], "uv_size": [2.5, 26]},
								"east": {"uv": [32, 14], "uv_size": [4, 26]},
								"south": {"uv": [42, 60], "uv_size": [2.5, 26]},
								"west": {"uv": [36, 14], "uv_size": [4, 26]},
								"up": {"uv": [62, 88], "uv_size": [2.5, 4]},
								"down": {"uv": [65, 92], "uv_size": [2.5, -4]}
							}
						},
						{
							"origin": [-0.75, -3, -5.3],
							"size": [1.5, 26, 1.05],
							"uv": {
								"north": {"uv": [40, 63], "uv_size": [1.5, 26]},
								"east": {"uv": [23, 69], "uv_size": [1, 26]},
								"south": {"uv": [49, 64], "uv_size": [1.5, 26]},
								"west": {"uv": [68, 73], "uv_size": [1, 26]},
								"up": {"uv": [96, 18], "uv_size": [1.5, 1]},
								"down": {"uv": [96, 23], "uv_size": [1.5, -1]}
							}
						}
					]
				},
				{
					"name": "bullets",
					"parent": "magazine",
					"pivot": [0, 22.725, -7.675],
					"cubes": [
						{
							"origin": [0, 22.35, -9.3],
							"size": [0.75, 1, 3.25],
							"uv": {
								"north": {"uv": [96, 74], "uv_size": [1, 1]},
								"east": {"uv": [94, 32], "uv_size": [3.5, 1]},
								"south": {"uv": [75, 96], "uv_size": [1, 1]},
								"west": {"uv": [37, 94], "uv_size": [3.5, 1]},
								"up": {"uv": [61, 81], "uv_size": [1, 3.5]},
								"down": {"uv": [27, 97.5], "uv_size": [1, -3.5]}
							}
						},
						{
							"origin": [-0.75, 22.1, -9.3],
							"size": [0.75, 1, 3.25],
							"uv": {
								"north": {"uv": [96, 75], "uv_size": [1, 1]},
								"east": {"uv": [50, 94], "uv_size": [3.5, 1]},
								"south": {"uv": [76, 96], "uv_size": [1, 1]},
								"west": {"uv": [59, 94], "uv_size": [3.5, 1]},
								"up": {"uv": [63, 94], "uv_size": [1, 3.5]},
								"down": {"uv": [64, 97.5], "uv_size": [1, -3.5]}
							}
						}
					]
				},
				{
					"name": "rightarm",
					"parent": "main",
					"pivot": [-4.3, 7.8, 25.8],
					"rotation": [-101.81106, -12.40003, -2.46982],
					"cubes": [
						{"origin": [-9.3, -17.2, 21.8], "size": [8, 24, 8], "uv": [0, 32]}
					]
				},
				{
					"name": "leftarm",
					"parent": "main",
					"pivot": [10.7, 10.3, -4.6],
					"rotation": [-119.61483, 1.67666, -38.31282],
					"cubes": [
						{"origin": [5.7, -11.7, -8.6], "size": [8, 24, 8], "uv": [0, 0]}
					]
				},
				{
					"name": "muzzleflash",
					"parent": "main",
					"pivot": [0, 22.35, -44.75],
					"mirror": true,
					"cubes": [
						{"origin": [-0.5, 22.35, -45.05], "size": [1, 1, 1], "inflate": -0.4, "uv": [32, 0], "mirror": false}
					]
				},
				{
					"name": "scope",
					"parent": "main",
					"pivot": [0, 26.05, 21.75],
					"cubes": [
						{"origin": [-0.5, 25.55, 21.45], "size": [1, 1, 1], "inflate": -0.4, "uv": [32, 2]}
					]
				},
				{
					"name": "gun",
					"parent": "main",
					"pivot": [0, 44, -7],
					"cubes": [
						{
							"origin": [-2, 20, -4.75],
							"size": [4, 4.5, 24.75],
							"uv": {
								"north": {"uv": [74, 79], "uv_size": [4, 4.5]},
								"east": {"uv": [32, 4], "uv_size": [25, 4.5]},
								"south": {"uv": [64, 80], "uv_size": [4, 4.5]},
								"west": {"uv": [32, 9], "uv_size": [25, 4.5]},
								"up": {"uv": [47, 14], "uv_size": [4, 25]},
								"down": {"uv": [47, 64], "uv_size": [4, -25]}
							}
						},
						{
							"origin": [-1.5, 6.46826, 4.51591],
							"size": [3, 9, 3.3],
							"pivot": [0, 10.96826, 6.01591],
							"rotation": [22.5, 0, 0],
							"uv": {
								"north": {"uv": [71, 8], "uv_size": [3, 9]},
								"east": {"uv": [19, 69], "uv_size": [3.5, 9]},
								"south": {"uv": [71, 24], "uv_size": [3, 9]},
								"west": {"uv": [70, 51], "uv_size": [3.5, 9]},
								"up": {"uv": [86, 76], "uv_size": [3, 3.5]},
								"down": {"uv": [86, 88.5], "uv_size": [3, -3.5]}
							}
						},
						{
							"origin": [-1.5, 6.23678, 5.60217],
							"size": [3, 2.25, 0.75],
							"uv": {
								"north": {"uv": [90, 33], "uv_size": [3, 2.5]},
								"east": {"uv": [18, 81], "uv_size": [1, 2.5]},
								"south": {"uv": [90, 36], "uv_size": [3, 2.5]},
								"west": {"uv": [31, 83], "uv_size": [1, 2.5]},
								"up": {"uv": [63, 39], "uv_size": [3, 1]},
								"down": {"uv": [89, 80], "uv_size": [3, -1]}
							}
						},
						{
							"origin": [-1.5, 7.53921, 8.62798],
							"size": [3, 3, 2.25],
							"pivot": [0, 10.53921, 9.75298],
							"rotation": [-22.5, 0, 0],
							"uv": {
								"north": {"uv": [0, 89], "uv_size": [3, 3]},
								"east": {"uv": [40, 37], "uv_size": [2, 3]},
								"south": {"uv": [24, 89], "uv_size": [3, 3]},
								"west": {"uv": [45, 60], "uv_size": [2, 3]},
								"up": {"uv": [91, 68], "uv_size": [3, 2]},
								"down": {"uv": [92, 4], "uv_size": [3, -2]}
							}
						},
						{
							"origin": [-1.5, 9.35, 4.4],
							"size": [3, 2.25, 0.75],
							"uv": {
								"north": {"uv": [90, 39], "uv_size": [3, 2.5]},
								"east": {"uv": [84, 8], "uv_size": [1, 2.5]},
								"south": {"uv": [41, 90], "uv_size": [3, 2.5]},
								"west": {"uv": [13, 86], "uv_size": [1, 2.5]},
								"up": {"uv": [94, 68], "uv_size": [3, 1]},
								"down": {"uv": [69, 95], "uv_size": [3, -1]}
							}
						},
						{
							"origin": [-1.5, 7.77834, 8.07686],
							"size": [3, 3, 3],
							"pivot": [0.75, 8.22834, 5.07686],
							"rotation": [22.5, 0, 0],
							"uv": {
								"north": {"uv": [27, 89], "uv_size": [3, 3]},
								"east": {"uv": [38, 89], "uv_size": [3, 3]},
								"south": {"uv": [89, 46], "uv_size": [3, 3]},
								"west": {"uv": [51, 89], "uv_size": [3, 3]},
								"up": {"uv": [89, 51], "uv_size": [3, 3]},
								"down": {"uv": [59, 92], "uv_size": [3, -3]}
							}
						},
						{
							"origin": [-1.5, 11.15, 7.1],
							"size": [3, 3.75, 1.5],
							"pivot": [0.75, 12.35, 2.75],
							"rotation": [22.5, 0, 0],
							"uv": {
								"north": {"uv": [32, 87], "uv_size": [3, 3.5]},
								"east": {"uv": [28, 92], "uv_size": [1.5, 3.5]},
								"south": {"uv": [35, 87], "uv_size": [3, 3.5]},
								"west": {"uv": [92, 76], "uv_size": [1.5, 3.5]},
								"up": {"uv": [93, 22], "uv_size": [3, 1.5]},
								"down": {"uv": [32, 94.5], "uv_size": [3, -1.5]}
							}
						},
						{
							"origin": [-1.5, 7.85, 5.75],
							"size": [3, 3, 2.25],
							"pivot": [0.75, 12.35, 2.75],
							"rotation": [45, 0, 0],
							"uv": {
								"north": {"uv": [69, 89], "uv_size": [3, 3]},
								"east": {"uv": [44, 90], "uv_size": [2.5, 3]},
								"south": {"uv": [72, 89], "uv_size": [3, 3]},
								"west": {"uv": [47, 90], "uv_size": [2.5, 3]},
								"up": {"uv": [90, 70], "uv_size": [3, 2.5]},
								"down": {"uv": [90, 75.5], "uv_size": [3, -2.5]}
							}
						},
						{
							"origin": [-1.5, 13.7, 1.80698],
							"size": [3, 0.75, 3],
							"pivot": [0, 15.13033, 2.18198],
							"rotation": [-22.5, 0, 0],
							"uv": {
								"north": {"uv": [94, 69], "uv_size": [3, 1]},
								"east": {"uv": [72, 94], "uv_size": [3, 1]},
								"south": {"uv": [94, 76], "uv_size": [3, 1]},
								"west": {"uv": [94, 77], "uv_size": [3, 1]},
								"up": {"uv": [75, 89], "uv_size": [3, 3]},
								"down": {"uv": [89, 79], "uv_size": [3, -3]}
							}
						},
						{
							"origin": [-2.25, 20, -37.75],
							"size": [4.5, 3.2, 22.5],
							"uv": {
								"north": {"uv": [85, 36], "uv_size": [4.5, 3]},
								"east": {"uv": [36, 0], "uv_size": [22.5, 3]},
								"south": {"uv": [85, 39], "uv_size": [4.5, 3]},
								"west": {"uv": [57, 3], "uv_size": [22.5, 3]},
								"up": {"uv": [37, 40], "uv_size": [4.5, 22.5]},
								"down": {"uv": [42, 59.5], "uv_size": [4.5, -22.5]}
							}
						},
						{
							"origin": [-2.25, 18.80362, -37.74735],
							"size": [4.5, 1.45, 22.5],
							"pivot": [3, 19.05362, -26.49735],
							"rotation": [-1, 0, 0],
							"uv": {
								"north": {"uv": [91, 62], "uv_size": [4.5, 1.5]},
								"east": {"uv": [67, 33], "uv_size": [22.5, 1.5]},
								"south": {"uv": [91, 66], "uv_size": [4.5, 1.5]},
								"west": {"uv": [70, 49], "uv_size": [22.5, 1.5]},
								"up": {"uv": [40, 14], "uv_size": [4.5, 22.5]},
								"down": {"uv": [32, 62.5], "uv_size": [4.5, -22.5]}
							}
						},
						{
							"origin": [-1.95, 17, 14],
							"size": [3.9, 3, 5.9],
							"uv": {
								"north": {"uv": [85, 46], "uv_size": [4, 3]},
								"east": {"uv": [12, 81], "uv_size": [6, 3]},
								"south": {"uv": [85, 51], "uv_size": [4, 3]},
								"west": {"uv": [81, 17], "uv_size": [6, 3]},
								"up": {"uv": [24, 77], "uv_size": [4, 6]},
								"down": {"uv": [28, 83], "uv_size": [4, -6]}
							}
						},
						{
							"origin": [-1.95, 2.95659, 43.9255],
							"size": [3.9, 13.35, 2.3],
							"uv": {
								"north": {"uv": [63, 6], "uv_size": [4, 14.5]},
								"east": {"uv": [59, 66], "uv_size": [2.5, 14.5]},
								"south": {"uv": [63, 21], "uv_size": [4, 14.5]},
								"west": {"uv": [0, 69], "uv_size": [2.5, 14.5]},
								"up": {"uv": [87, 17], "uv_size": [4, 2.5]},
								"down": {"uv": [45, 89.5], "uv_size": [4, -2.5]}
							}
						},
						{
							"origin": [-1.95, 16.83811, 24.62292],
							"size": [3.9, 2.25, 21.6],
							"pivot": [0, 17.96311, 30.62292],
							"rotation": [-10, 0, 0],
							"uv": {
								"north": {"uv": [87, 58], "uv_size": [4, 2.5]},
								"east": {"uv": [59, 0], "uv_size": [21.5, 2.5]},
								"south": {"uv": [87, 61], "uv_size": [4, 2.5]},
								"west": {"uv": [63, 36], "uv_size": [21.5, 2.5]},
								"up": {"uv": [51, 14], "uv_size": [4, 21.5]},
								"down": {"uv": [51, 57.5], "uv_size": [4, -21.5]}
							}
						},
						{
							"origin": [-1.95, 14.75, 24.05],
							"size": [3.9, 1.5, 20.25],
							"uv": {
								"north": {"uv": [92, 8], "uv_size": [4, 1.5]},
								"east": {"uv": [70, 66], "uv_size": [20.5, 1.5]},
								"south": {"uv": [9, 92], "uv_size": [4, 1.5]},
								"west": {"uv": [70, 68], "uv_size": [20.5, 1.5]},
								"up": {"uv": [55, 14], "uv_size": [4, 20.5]},
								"down": {"uv": [55, 55.5], "uv_size": [4, -20.5]}
							}
						},
						{
							"origin": [-1.95, 14, 26.3],
							"size": [3.9, 0.75, 18.25],
							"uv": {
								"north": {"uv": [78, 30], "uv_size": [4, 1]},
								"east": {"uv": [36, 3], "uv_size": [18.5, 1]},
								"south": {"uv": [84, 11], "uv_size": [4, 1]},
								"west": {"uv": [67, 35], "uv_size": [18.5, 1]},
								"up": {"uv": [55, 56], "uv_size": [4, 18.5]},
								"down": {"uv": [51, 76.5], "uv_size": [4, -18.5]}
							}
						},
						{
							"origin": [-1.95, 13.25, 28.3],
							"size": [3.9, 0.75, 16.25],
							"uv": {
								"north": {"uv": [86, 35], "uv_size": [4, 1]},
								"east": {"uv": [78, 14], "uv_size": [16.5, 1]},
								"south": {"uv": [93, 57], "uv_size": [4, 1]},
								"west": {"uv": [80, 5], "uv_size": [16.5, 1]},
								"up": {"uv": [59, 6], "uv_size": [4, 16.5]},
								"down": {"uv": [59, 39.5], "uv_size": [4, -16.5]}
							}
						},
						{
							"origin": [-1.95, 11.75, 29.3],
							"size": [3.9, 1.5, 15.25],
							"uv": {
								"north": {"uv": [92, 10], "uv_size": [4, 1.5]},
								"east": {"uv": [74, 15], "uv_size": [15.5, 1.5]},
								"south": {"uv": [13, 92], "uv_size": [4, 1.5]},
								"west": {"uv": [74, 31], "uv_size": [15.5, 1.5]},
								"up": {"uv": [62, 40], "uv_size": [4, 15.5]},
								"down": {"uv": [62, 71.5], "uv_size": [4, -15.5]}
							}
						},
						{
							"origin": [-1.95, 10.25, 32.8],
							"size": [3.9, 1.5, 11.75],
							"uv": {
								"north": {"uv": [17, 92], "uv_size": [4, 1.5]},
								"east": {"uv": [81, 20], "uv_size": [12, 1.5]},
								"south": {"uv": [24, 92], "uv_size": [4, 1.5]},
								"west": {"uv": [81, 22], "uv_size": [12, 1.5]},
								"up": {"uv": [45, 64], "uv_size": [4, 12]},
								"down": {"uv": [66, 61], "uv_size": [4, -12]}
							}
						},
						{
							"origin": [-1.95, 8.75, 35.55],
							"size": [3.9, 1.5, 9],
							"uv": {
								"north": {"uv": [92, 28], "uv_size": [4, 1.5]},
								"east": {"uv": [83, 64], "uv_size": [9, 1.5]},
								"south": {"uv": [37, 92], "uv_size": [4, 1.5]},
								"west": {"uv": [5, 84], "uv_size": [9, 1.5]},
								"up": {"uv": [67, 24], "uv_size": [4, 9]},
								"down": {"uv": [3, 78], "uv_size": [4, -9]}
							}
						},
						{
							"origin": [-1.95, 7.25, 37.8],
							"size": [3.9, 1.5, 6.5],
							"uv": {
								"north": {"uv": [92, 42], "uv_size": [4, 1.5]},
								"east": {"uv": [85, 42], "uv_size": [6.5, 1.5]},
								"south": {"uv": [92, 46], "uv_size": [4, 1.5]},
								"west": {"uv": [85, 54], "uv_size": [6.5, 1.5]},
								"up": {"uv": [70, 72], "uv_size": [4, 6.5]},
								"down": {"uv": [64, 79.5], "uv_size": [4, -6.5]}
							}
						},
						{
							"origin": [-1.95, 5.75, 41.55],
							"size": [3.9, 1.5, 2.75],
							"uv": {
								"north": {"uv": [50, 92], "uv_size": [4, 1.5]},
								"east": {"uv": [93, 37], "uv_size": [3, 1.5]},
								"south": {"uv": [92, 51], "uv_size": [4, 1.5]},
								"west": {"uv": [93, 39], "uv_size": [3, 1.5]},
								"up": {"uv": [78, 85], "uv_size": [4, 3]},
								"down": {"uv": [82, 88], "uv_size": [4, -3]}
							}
						},
						{
							"origin": [-1.95, 16.25, 26.3],
							"size": [3.9, 1.5, 11.25],
							"uv": {
								"north": {"uv": [92, 53], "uv_size": [4, 1.5]},
								"east": {"uv": [81, 44], "uv_size": [11.5, 1.5]},
								"south": {"uv": [59, 92], "uv_size": [4, 1.5]},
								"west": {"uv": [81, 56], "uv_size": [11.5, 1.5]},
								"up": {"uv": [66, 61], "uv_size": [4, 11.5]},
								"down": {"uv": [67, 17.5], "uv_size": [4, -11.5]}
							}
						},
						{
							"origin": [-1.95, 15.5, 19.8],
							"size": [3.9, 3, 6.5],
							"uv": {
								"north": {"uv": [86, 70], "uv_size": [4, 3]},
								"east": {"uv": [78, 46], "uv_size": [6.5, 3]},
								"south": {"uv": [86, 73], "uv_size": [4, 3]},
								"west": {"uv": [5, 81], "uv_size": [6.5, 3]},
								"up": {"uv": [74, 8], "uv_size": [4, 6.5]},
								"down": {"uv": [74, 30.5], "uv_size": [4, -6.5]}
							}
						},
						{
							"origin": [-1.95, -2.62214, 21.98832],
							"size": [3.9, 3, 5.25],
							"pivot": [3, -1.87214, 43.43832],
							"rotation": [-45, 0, 0],
							"uv": {
								"north": {"uv": [85, 82], "uv_size": [4, 3]},
								"east": {"uv": [82, 28], "uv_size": [5.5, 3]},
								"south": {"uv": [86, 0], "uv_size": [4, 3]},
								"west": {"uv": [55, 82], "uv_size": [5.5, 3]},
								"up": {"uv": [19, 78], "uv_size": [4, 5.5]},
								"down": {"uv": [78, 29.5], "uv_size": [4, -5.5]}
							}
						},
						{
							"origin": [-1.95, 4.55, 16.95],
							"size": [3.9, 2.7, 12.5],
							"pivot": [3, 5, 44.15],
							"rotation": [-22.5, 0, 0],
							"uv": {
								"north": {"uv": [88, 6], "uv_size": [4, 2.5]},
								"east": {"uv": [70, 60], "uv_size": [12.5, 2.5]},
								"south": {"uv": [88, 9], "uv_size": [4, 2.5]},
								"west": {"uv": [70, 63], "uv_size": [12.5, 2.5]},
								"up": {"uv": [24, 64], "uv_size": [4, 12.5]},
								"down": {"uv": [28, 76.5], "uv_size": [4, -12.5]}
							}
						},
						{
							"origin": [-1.95, 14.02068, 15.05023],
							"size": [3.9, 2.7, 6.25],
							"pivot": [0, 15.37068, 22.55023],
							"rotation": [-12.5, 0, 0],
							"uv": {
								"north": {"uv": [13, 89], "uv_size": [4, 2.5]},
								"east": {"uv": [78, 82], "uv_size": [6.5, 2.5]},
								"south": {"uv": [17, 89], "uv_size": [4, 2.5]},
								"west": {"uv": [24, 83], "uv_size": [6.5, 2.5]},
								"up": {"uv": [74, 51], "uv_size": [4, 6.5]},
								"down": {"uv": [74, 78.5], "uv_size": [4, -6.5]}
							}
						},
						{
							"origin": [-1.95, 6.10624, 31.46523],
							"size": [3.9, 3, 13.85],
							"pivot": [0, 7.60624, 37.84023],
							"rotation": [-26, 0, 0],
							"uv": {
								"north": {"uv": [5, 86], "uv_size": [4, 3]},
								"east": {"uv": [67, 18], "uv_size": [14, 3]},
								"south": {"uv": [9, 86], "uv_size": [4, 3]},
								"west": {"uv": [67, 21], "uv_size": [14, 3]},
								"up": {"uv": [32, 63], "uv_size": [4, 14]},
								"down": {"uv": [36, 77], "uv_size": [4, -14]}
							}
						},
						{
							"origin": [-1.95, 16.25, 13.55],
							"size": [3.9, 3.75, 2],
							"pivot": [0, 16.25, 13.55],
							"rotation": [22.5, 0, 0],
							"uv": {
								"north": {"uv": [45, 83], "uv_size": [4, 4]},
								"east": {"uv": [45, 28], "uv_size": [2, 4]},
								"south": {"uv": [83, 60], "uv_size": [4, 4]},
								"west": {"uv": [45, 32], "uv_size": [2, 4]},
								"up": {"uv": [86, 89], "uv_size": [4, 2]},
								"down": {"uv": [89, 88], "uv_size": [4, -2]}
							}
						},
						{
							"origin": [-1.95, 15.96299, 13.49291],
							"size": [3.9, 1.5, 1.5],
							"pivot": [0, 15.96299, 14.24291],
							"rotation": [-22.5, 0, 0],
							"uv": {
								"north": {"uv": [63, 92], "uv_size": [4, 1.5]},
								"east": {"uv": [95, 83], "uv_size": [1.5, 1.5]},
								"south": {"uv": [92, 64], "uv_size": [4, 1.5]},
								"west": {"uv": [84, 95], "uv_size": [1.5, 1.5]},
								"up": {"uv": [69, 92], "uv_size": [4, 1.5]},
								"down": {"uv": [73, 93.5], "uv_size": [4, -1.5]}
							}
						},
						{
							"origin": [-1.95, 16.65845, 24.28243],
							"size": [3.9, 3, 2.25],
							"pivot": [0, 19.28345, 25.03243],
							"rotation": [-55, 0, 0],
							"uv": {
								"north": {"uv": [24, 86], "uv_size": [4, 3]},
								"east": {"uv": [90, 88], "uv_size": [2.5, 3]},
								"south": {"uv": [28, 86], "uv_size": [4, 3]},
								"west": {"uv": [91, 17], "uv_size": [2.5, 3]},
								"up": {"uv": [88, 28], "uv_size": [4, 2.5]},
								"down": {"uv": [55, 90.5], "uv_size": [4, -2.5]}
							}
						},
						{
							"origin": [-1.95, 16.26884, 19.9455],
							"size": [3.9, 2.25, 2.25],
							"pivot": [0, 18.14384, 20.6955],
							"rotation": [-135, 0, 0],
							"uv": {
								"north": {"uv": [78, 88], "uv_size": [4, 2.5]},
								"east": {"uv": [90, 91], "uv_size": [2.5, 2.5]},
								"south": {"uv": [82, 88], "uv_size": [4, 2.5]},
								"west": {"uv": [0, 92], "uv_size": [2.5, 2.5]},
								"up": {"uv": [5, 89], "uv_size": [4, 2.5]},
								"down": {"uv": [9, 91.5], "uv_size": [4, -2.5]}
							}
						},
						{
							"origin": [-2.05, 16.51884, 16.9455],
							"size": [4.1, 2, 2],
							"pivot": [0, 18.14384, 17.4455],
							"rotation": [-135, 0, 0],
							"uv": {
								"north": {"uv": [90, 0], "uv_size": [4, 2]},
								"east": {"uv": [17, 94], "uv_size": [2, 2]},
								"south": {"uv": [90, 12], "uv_size": [4, 2]},
								"west": {"uv": [94, 17], "uv_size": [2, 2]},
								"up": {"uv": [90, 15], "uv_size": [4, 2]},
								"down": {"uv": [90, 33], "uv_size": [4, -2]}
							}
						},
						{
							"origin": [-1.5, 20, -15.25],
							"size": [3, 4.5, 4.5],
							"uv": {
								"north": {"uv": [0, 84], "uv_size": [3, 4.5]},
								"east": {"uv": [78, 72], "uv_size": [4.5, 4.5]},
								"south": {"uv": [14, 84], "uv_size": [3, 4.5]},
								"west": {"uv": [78, 77], "uv_size": [4.5, 4.5]},
								"up": {"uv": [17, 84], "uv_size": [3, 4.5]},
								"down": {"uv": [20, 88.5], "uv_size": [3, -4.5]}
							}
						},
						{
							"origin": [-1.5, 13.85, 1.25],
							"size": [3, 3.75, 6],
							"uv": {
								"north": {"uv": [59, 85], "uv_size": [3, 4]},
								"east": {"uv": [32, 77], "uv_size": [6, 4]},
								"south": {"uv": [42, 86], "uv_size": [3, 4]},
								"west": {"uv": [78, 8], "uv_size": [6, 4]},
								"up": {"uv": [32, 81], "uv_size": [3, 6]},
								"down": {"uv": [35, 87], "uv_size": [3, -6]}
							}
						},
						{
							"origin": [-0.8, 20, 20],
							"size": [1.6, 4.5, 1.2],
							"uv": {
								"north": {"uv": [21, 89], "uv_size": [1.5, 4.5]},
								"east": {"uv": [77, 92], "uv_size": [1, 4.5]},
								"south": {"uv": [3, 90], "uv_size": [1.5, 4.5]},
								"west": {"uv": [41, 93], "uv_size": [1, 4.5]},
								"up": {"uv": [64, 72], "uv_size": [1.5, 1]},
								"down": {"uv": [59, 82], "uv_size": [1.5, -1]}
							}
						},
						{
							"origin": [3.6916, 20, 19.45926],
							"size": [1.7, 4.5, 1.2],
							"pivot": [1.6416, 17, 13.45926],
							"rotation": [0, -45, 0],
							"uv": {
								"north": {"uv": [35, 91], "uv_size": [1.5, 4.5]},
								"east": {"uv": [93, 86], "uv_size": [1, 4.5]},
								"south": {"uv": [78, 91], "uv_size": [1.5, 4.5]},
								"west": {"uv": [93, 91], "uv_size": [1, 4.5]},
								"up": {"uv": [96, 23], "uv_size": [1.5, 1]},
								"down": {"uv": [25, 97], "uv_size": [1.5, -1]}
							}
						},
						{
							"origin": [-3.64889, 20, 23.66655],
							"size": [1.7, 4.5, 1.2],
							"pivot": [-5.84889, 17, 17.66655],
							"rotation": [0, 45, 0],
							"uv": {
								"north": {"uv": [80, 91], "uv_size": [1.5, 4.5]},
								"east": {"uv": [5, 94], "uv_size": [1, 4.5]},
								"south": {"uv": [82, 91], "uv_size": [1.5, 4.5]},
								"west": {"uv": [6, 94], "uv_size": [1, 4.5]},
								"up": {"uv": [28, 96], "uv_size": [1.5, 1]},
								"down": {"uv": [96, 29], "uv_size": [1.5, -1]}
							}
						},
						{
							"origin": [-1.45, 18.6, 6],
							"size": [2.9, 1.5, 1.25],
							"pivot": [0.75, 18.35, 6.5],
							"rotation": [-45, 0, 0],
							"uv": {
								"north": {"uv": [42, 93], "uv_size": [3, 1.5]},
								"east": {"uv": [86, 95], "uv_size": [1.5, 1.5]},
								"south": {"uv": [93, 44], "uv_size": [3, 1.5]},
								"west": {"uv": [88, 95], "uv_size": [1.5, 1.5]},
								"up": {"uv": [45, 93], "uv_size": [3, 1.5]},
								"down": {"uv": [93, 49.5], "uv_size": [3, -1.5]}
							}
						},
						{
							"origin": [-1.45, 13.85, -4.75],
							"size": [2.9, 6.75, 1.2],
							"uv": {
								"north": {"uv": [78, 39], "uv_size": [3, 7]},
								"east": {"uv": [57, 6], "uv_size": [1, 7]},
								"south": {"uv": [78, 51], "uv_size": [3, 7]},
								"west": {"uv": [58, 6], "uv_size": [1, 7]},
								"up": {"uv": [94, 78], "uv_size": [3, 1]},
								"down": {"uv": [94, 80], "uv_size": [3, -1]}
							}
						},
						{
							"origin": [-0.5, 15.85, -0.35],
							"size": [1, 1, 0.6],
							"uv": {
								"north": {"uv": [96, 49], "uv_size": [1, 1]},
								"east": {"uv": [33, 97], "uv_size": [0.5, 1]},
								"south": {"uv": [96, 51], "uv_size": [1, 1]},
								"west": {"uv": [97, 33], "uv_size": [0.5, 1]},
								"up": {"uv": [97, 34], "uv_size": [1, 0.5]},
								"down": {"uv": [97, 35.5], "uv_size": [1, -0.5]}
							}
						},
						{
							"origin": [-0.25, 16.6, -0.25],
							"size": [0.5, 1, 0.5],
							"uv": {
								"north": {"uv": [97, 49], "uv_size": [0.5, 1]},
								"east": {"uv": [97, 51], "uv_size": [0.5, 1]},
								"south": {"uv": [52, 97], "uv_size": [0.5, 1]},
								"west": {"uv": [97, 52], "uv_size": [0.5, 1]},
								"up": {"uv": [66, 97], "uv_size": [0.5, 0.5]},
								"down": {"uv": [97, 66.5], "uv_size": [0.5, -0.5]}
							}
						},
						{
							"origin": [-0.25, 16.59372, 0.01517],
							"size": [0.5, 1.25, 0.75],
							"pivot": [0, 17.21872, 0.51517],
							"rotation": [-45, 0, 0],
							"uv": {
								"north": {"uv": [96, 93], "uv_size": [0.5, 1.5]},
								"east": {"uv": [18, 96], "uv_size": [1, 1.5]},
								"south": {"uv": [96, 95], "uv_size": [0.5, 1.5]},
								"west": {"uv": [24, 96], "uv_size": [1, 1.5]},
								"up": {"uv": [53, 97], "uv_size": [0.5, 1]},
								"down": {"uv": [97, 54], "uv_size": [0.5, -1]}
							}
						},
						{
							"origin": [-0.5, 15.27524, -0.50401],
							"size": [1, 0.75, 0.6],
							"pivot": [0, 15.65024, -0.15401],
							"rotation": [-30, 0, 0],
							"uv": {
								"north": {"uv": [55, 96], "uv_size": [1, 1]},
								"east": {"uv": [97, 45], "uv_size": [0.5, 1]},
								"south": {"uv": [96, 56], "uv_size": [1, 1]},
								"west": {"uv": [97, 46], "uv_size": [0.5, 1]},
								"up": {"uv": [97, 47], "uv_size": [1, 0.5]},
								"down": {"uv": [97, 48.5], "uv_size": [1, -0.5]}
							}
						},
						{
							"origin": [-0.5, 16.67476, -0.50401],
							"size": [1, 0.75, 0.6],
							"pivot": [0, 17.04976, -0.15401],
							"rotation": [30, 0, 0],
							"uv": {
								"north": {"uv": [52, 96], "uv_size": [1, 1]},
								"east": {"uv": [97, 36], "uv_size": [0.5, 1]},
								"south": {"uv": [96, 52], "uv_size": [1, 1]},
								"west": {"uv": [37, 97], "uv_size": [0.5, 1]},
								"up": {"uv": [97, 37], "uv_size": [1, 0.5]},
								"down": {"uv": [38, 97.5], "uv_size": [1, -0.5]}
							}
						},
						{
							"origin": [-0.5, 17.09551, -0.92476],
							"size": [1, 0.75, 0.6],
							"pivot": [0, 17.47051, -0.57476],
							"rotation": [60, 0, 0],
							"uv": {
								"north": {"uv": [53, 96], "uv_size": [1, 1]},
								"east": {"uv": [97, 38], "uv_size": [0.5, 1]},
								"south": {"uv": [96, 53], "uv_size": [1, 1]},
								"west": {"uv": [97, 39], "uv_size": [0.5, 1]},
								"up": {"uv": [97, 40], "uv_size": [1, 0.5]},
								"down": {"uv": [97, 42.5], "uv_size": [1, -0.5]}
							}
						},
						{
							"origin": [-0.5, 17.35509, -1.55145],
							"size": [1, 1.75, 0.6],
							"pivot": [0, 17.73009, -1.20145],
							"rotation": [75, 0, 0],
							"uv": {
								"north": {"uv": [54, 89], "uv_size": [1, 2]},
								"east": {"uv": [54, 96], "uv_size": [0.5, 2]},
								"south": {"uv": [50, 90], "uv_size": [1, 2]},
								"west": {"uv": [96, 54], "uv_size": [0.5, 2]},
								"up": {"uv": [97, 43], "uv_size": [1, 0.5]},
								"down": {"uv": [97, 44.5], "uv_size": [1, -0.5]}
							}
						},
						{
							"origin": [-1.45, 18.95, 7.25],
							"size": [2.9, 4.5, 11.25],
							"uv": {
								"north": {"uv": [69, 84], "uv_size": [3, 4.5]},
								"east": {"uv": [0, 64], "uv_size": [11.5, 4.5]},
								"south": {"uv": [72, 84], "uv_size": [3, 4.5]},
								"west": {"uv": [12, 64], "uv_size": [11.5, 4.5]},
								"up": {"uv": [7, 69], "uv_size": [3, 11.5]},
								"down": {"uv": [10, 80.5], "uv_size": [3, -11.5]}
							}
						},
						{
							"origin": [-1.45, 17.6, -4.15],
							"size": [2.9, 4.65, 11.4],
							"uv": {
								"north": {"uv": [75, 84], "uv_size": [3, 4.5]},
								"east": {"uv": [66, 39], "uv_size": [11.5, 4.5]},
								"south": {"uv": [85, 6], "uv_size": [3, 4.5]},
								"west": {"uv": [66, 44], "uv_size": [11.5, 4.5]},
								"up": {"uv": [13, 69], "uv_size": [3, 11.5]},
								"down": {"uv": [16, 80.5], "uv_size": [3, -11.5]}
							}
						},
						{
							"origin": [1.3, 19.1, 6.6],
							"size": [0.9, 0.75, 0.75],
							"pivot": [1.75, 19.475, 6.975],
							"rotation": [-45, 0, 0],
							"uv": {
								"north": {"uv": [61, 96], "uv_size": [1, 1]},
								"east": {"uv": [96, 61], "uv_size": [1, 1]},
								"south": {"uv": [96, 62], "uv_size": [1, 1]},
								"west": {"uv": [96, 63], "uv_size": [1, 1]},
								"up": {"uv": [96, 64], "uv_size": [1, 1]},
								"down": {"uv": [65, 97], "uv_size": [1, -1]}
							}
						},
						{
							"origin": [1.3, 18.35, 2.1],
							"size": [0.9, 0.75, 0.75],
							"pivot": [1.75, 18.725, 2.475],
							"rotation": [-45, 0, 0],
							"uv": {
								"north": {"uv": [96, 65], "uv_size": [1, 1]},
								"east": {"uv": [66, 96], "uv_size": [1, 1]},
								"south": {"uv": [96, 66], "uv_size": [1, 1]},
								"west": {"uv": [96, 67], "uv_size": [1, 1]},
								"up": {"uv": [69, 96], "uv_size": [1, 1]},
								"down": {"uv": [70, 97], "uv_size": [1, -1]}
							}
						},
						{
							"origin": [1.55, 17.35, 2.35],
							"size": [0.4, 1.5, 0.25],
							"pivot": [1.75, 18.725, 2.475],
							"rotation": [-90, 0, 0],
							"uv": {
								"north": {"uv": [0, 97], "uv_size": [0.5, 1.5]},
								"east": {"uv": [97, 0], "uv_size": [0.5, 1.5]},
								"south": {"uv": [1, 97], "uv_size": [0.5, 1.5]},
								"west": {"uv": [97, 4], "uv_size": [0.5, 1.5]},
								"up": {"uv": [67, 97], "uv_size": [0.5, 0.5]},
								"down": {"uv": [97, 67.5], "uv_size": [0.5, -0.5]}
							}
						},
						{
							"origin": [1.55, 17.6, 6.85],
							"size": [0.4, 2, 0.25],
							"pivot": [1.75, 19.475, 6.975],
							"rotation": [-90, 0, 0],
							"uv": {
								"north": {"uv": [96, 70], "uv_size": [0.5, 2]},
								"east": {"uv": [71, 96], "uv_size": [0.5, 2]},
								"south": {"uv": [72, 96], "uv_size": [0.5, 2]},
								"west": {"uv": [96, 72], "uv_size": [0.5, 2]},
								"up": {"uv": [97, 68], "uv_size": [0.5, 0.5]},
								"down": {"uv": [69, 97.5], "uv_size": [0.5, -0.5]}
							}
						},
						{
							"origin": [-1.45, 17.04017, -5.37583],
							"size": [2.9, 0.75, 1.45],
							"pivot": [0, 18.91517, -4.12583],
							"rotation": [45, 0, 0],
							"uv": {
								"north": {"uv": [84, 94], "uv_size": [3, 1]},
								"east": {"uv": [90, 2], "uv_size": [1.5, 1]},
								"south": {"uv": [94, 86], "uv_size": [3, 1]},
								"west": {"uv": [96, 11], "uv_size": [1.5, 1]},
								"up": {"uv": [54, 93], "uv_size": [3, 1.5]},
								"down": {"uv": [93, 56.5], "uv_size": [3, -1.5]}
							}
						},
						{
							"origin": [-1.45, 13.74017, -2.92583],
							"size": [2.9, 0.75, 1.05],
							"pivot": [0, 15.61517, -2.32583],
							"rotation": [-45, 0, 0],
							"uv": {
								"north": {"uv": [87, 94], "uv_size": [3, 1]},
								"east": {"uv": [69, 78], "uv_size": [1, 1]},
								"south": {"uv": [94, 87], "uv_size": [3, 1]},
								"west": {"uv": [41, 89], "uv_size": [1, 1]},
								"up": {"uv": [94, 88], "uv_size": [3, 1]},
								"down": {"uv": [94, 90], "uv_size": [3, -1]}
							}
						},
						{
							"origin": [-1.45, 13.74017, -0.42583],
							"size": [2.9, 0.75, 1.05],
							"pivot": [0, 15.61517, 0.17417],
							"rotation": [45, 0, 0],
							"uv": {
								"north": {"uv": [2, 95], "uv_size": [3, 1]},
								"east": {"uv": [60, 96], "uv_size": [1, 1]},
								"south": {"uv": [95, 2], "uv_size": [3, 1]},
								"west": {"uv": [96, 60], "uv_size": [1, 1]},
								"up": {"uv": [95, 3], "uv_size": [3, 1]},
								"down": {"uv": [95, 15], "uv_size": [3, -1]}
							}
						},
						{
							"origin": [-1.45, 17.22735, 0.87343],
							"size": [2.9, 0.75, 1.25],
							"pivot": [0, 19.10235, 1.62343],
							"rotation": [-22.5, 0, 0],
							"uv": {
								"north": {"uv": [90, 94], "uv_size": [3, 1]},
								"east": {"uv": [96, 12], "uv_size": [1.5, 1]},
								"south": {"uv": [94, 90], "uv_size": [3, 1]},
								"west": {"uv": [96, 13], "uv_size": [1.5, 1]},
								"up": {"uv": [93, 70], "uv_size": [3, 1.5]},
								"down": {"uv": [93, 73.5], "uv_size": [3, -1.5]}
							}
						},
						{
							"origin": [-1.45, 13.85, -3.85],
							"size": [2.9, 0.75, 5.1],
							"uv": {
								"north": {"uv": [94, 91], "uv_size": [3, 1]},
								"east": {"uv": [71, 17], "uv_size": [5, 1]},
								"south": {"uv": [94, 92], "uv_size": [3, 1]},
								"west": {"uv": [76, 17], "uv_size": [5, 1]},
								"up": {"uv": [83, 72], "uv_size": [3, 5]},
								"down": {"uv": [83, 82], "uv_size": [3, -5]}
							}
						},
						{
							"origin": [-1.85, 24.4, 13.3],
							"size": [3.7, 0.55, 5.75],
							"uv": {
								"north": {"uv": [95, 85], "uv_size": [3.5, 0.5]},
								"east": {"uv": [94, 19], "uv_size": [7, 0.5]},
								"south": {"uv": [96, 10], "uv_size": [3.5, 0.5]},
								"west": {"uv": [94, 26], "uv_size": [7, 0.5]},
								"up": {"uv": [55, 75], "uv_size": [3.5, 7]},
								"down": {"uv": [45, 83], "uv_size": [3.5, -7]}
							}
						},
						{
							"origin": [-0.65, 24.75, 17.05],
							"size": [1.3, 1.05, 0.25],
							"uv": {
								"north": {"uv": [15, 96], "uv_size": [1.5, 1]},
								"east": {"uv": [29, 97], "uv_size": [0.5, 1]},
								"south": {"uv": [96, 15], "uv_size": [1.5, 1]},
								"west": {"uv": [97, 29], "uv_size": [0.5, 1]},
								"up": {"uv": [78, 96], "uv_size": [1.5, 0.5]},
								"down": {"uv": [80, 96.5], "uv_size": [1.5, -0.5]}
							}
						},
						{
							"origin": [0.25, 25.8, 17.05],
							"size": [0.4, 0.75, 0.25],
							"uv": {
								"north": {"uv": [97, 69], "uv_size": [0.5, 0.5]},
								"east": {"uv": [70, 97], "uv_size": [0.5, 0.5]},
								"south": {"uv": [97, 70], "uv_size": [0.5, 0.5]},
								"west": {"uv": [97, 71], "uv_size": [0.5, 0.5]},
								"up": {"uv": [97, 72], "uv_size": [0.5, 0.5]},
								"down": {"uv": [97, 73.5], "uv_size": [0.5, -0.5]}
							}
						},
						{
							"origin": [-0.65, 25.8, 17.05],
							"size": [0.4, 0.75, 0.25],
							"uv": {
								"north": {"uv": [97, 74], "uv_size": [0.5, 0.5]},
								"east": {"uv": [75, 97], "uv_size": [0.5, 0.5]},
								"south": {"uv": [97, 75], "uv_size": [0.5, 0.5]},
								"west": {"uv": [76, 97], "uv_size": [0.5, 0.5]},
								"up": {"uv": [97, 76], "uv_size": [0.5, 0.5]},
								"down": {"uv": [77, 97.5], "uv_size": [0.5, -0.5]}
							}
						},
						{
							"origin": [0.15, 26.3, 17.05],
							"size": [0.25, 0.5, 0.25],
							"uv": {
								"north": {"uv": [97, 79], "uv_size": [0.5, 0.5]},
								"east": {"uv": [80, 97], "uv_size": [0.5, 0.5]},
								"south": {"uv": [97, 80], "uv_size": [0.5, 0.5]},
								"west": {"uv": [81, 97], "uv_size": [0.5, 0.5]},
								"up": {"uv": [97, 81], "uv_size": [0.5, 0.5]},
								"down": {"uv": [97, 83.5], "uv_size": [0.5, -0.5]}
							}
						},
						{
							"origin": [0.15628, 26.46161, 17.05],
							"size": [0.35355, 0.25, 0.25],
							"pivot": [0.38483, 26.46161, 17.175],
							"rotation": [0, 0, 45],
							"uv": {
								"north": {"uv": [0, 0], "uv_size": [0.5, 0.5]},
								"east": {"uv": [0, 1], "uv_size": [0.5, 0.5]},
								"south": {"uv": [1, 0], "uv_size": [0.5, 0.5]},
								"west": {"uv": [1, 1], "uv_size": [0.5, 0.5]},
								"up": {"uv": [0.5, 2.5], "uv_size": [-0.5, -0.5]},
								"down": {"uv": [2.5, 0.5], "uv_size": [-0.5, -0.5]}
							}
						},
						{
							"origin": [-0.54017, 26.53484, 17.05],
							"size": [0.35356, 0.25, 0.25],
							"pivot": [-0.31161, 26.53484, 17.175],
							"rotation": [0, 0, -45],
							"uv": {
								"north": {"uv": [1, 2], "uv_size": [0.5, 0.5]},
								"east": {"uv": [2, 1], "uv_size": [0.5, 0.5]},
								"south": {"uv": [2, 2], "uv_size": [0.5, 0.5]},
								"west": {"uv": [0, 3], "uv_size": [0.5, 0.5]},
								"up": {"uv": [3, 0], "uv_size": [0.5, 0.5]},
								"down": {"uv": [1, 3.5], "uv_size": [0.5, -0.5]}
							}
						},
						{
							"origin": [-0.15, 26.3, 17.05],
							"size": [0.3, 0.25, 0.25],
							"uv": {
								"north": {"uv": [97, 87], "uv_size": [0.5, 0.5]},
								"east": {"uv": [88, 97], "uv_size": [0.5, 0.5]},
								"south": {"uv": [97, 88], "uv_size": [0.5, 0.5]},
								"west": {"uv": [89, 97], "uv_size": [0.5, 0.5]},
								"up": {"uv": [97, 89], "uv_size": [0.5, 0.5]},
								"down": {"uv": [90, 97.5], "uv_size": [0.5, -0.5]}
							}
						},
						{
							"origin": [-0.4, 26.3, 17.05],
							"size": [0.25, 0.5, 0.25],
							"uv": {
								"north": {"uv": [84, 97], "uv_size": [0.5, 0.5]},
								"east": {"uv": [97, 84], "uv_size": [0.5, 0.5]},
								"south": {"uv": [85, 97], "uv_size": [0.5, 0.5]},
								"west": {"uv": [86, 97], "uv_size": [0.5, 0.5]},
								"up": {"uv": [97, 86], "uv_size": [0.5, 0.5]},
								"down": {"uv": [87, 97.5], "uv_size": [0.5, -0.5]}
							}
						},
						{
							"origin": [1.6, 24.53912, 13.75483],
							"size": [0.25, 1.42499, 4.57344],
							"pivot": [0, 24.66412, 15.50483],
							"rotation": [30, 0, 0],
							"uv": {
								"north": {"uv": [83, 96], "uv_size": [0.5, 1.5]},
								"east": {"uv": [89, 82], "uv_size": [5.5, 1.5]},
								"south": {"uv": [93, 96], "uv_size": [0.5, 1.5]},
								"west": {"uv": [89, 84], "uv_size": [5.5, 1.5]},
								"up": {"uv": [39, 95], "uv_size": [0.5, 5.5]},
								"down": {"uv": [40, 100.5], "uv_size": [0.5, -5.5]}
							}
						},
						{
							"origin": [-1.85, 24.53912, 13.75483],
							"size": [0.25, 1.42499, 4.57344],
							"pivot": [-0.1, 24.66412, 15.50483],
							"rotation": [30, 0, 0],
							"uv": {
								"north": {"uv": [96, 80], "uv_size": [0.5, 1.5]},
								"east": {"uv": [86, 3], "uv_size": [5.5, 1.5]},
								"south": {"uv": [82, 96], "uv_size": [0.5, 1.5]},
								"west": {"uv": [86, 80], "uv_size": [5.5, 1.5]},
								"up": {"uv": [23, 95], "uv_size": [0.5, 5.5]},
								"down": {"uv": [34, 100.5], "uv_size": [0.5, -5.5]}
							}
						},
						{
							"origin": [1.6, 25.75166, 17.3],
							"size": [0.25, 1.45, 0.45],
							"uv": {
								"north": {"uv": [97, 24], "uv_size": [0.5, 1.5]},
								"east": {"uv": [25, 97], "uv_size": [0.5, 1.5]},
								"south": {"uv": [26, 97], "uv_size": [0.5, 1.5]},
								"west": {"uv": [28, 97], "uv_size": [0.5, 1.5]},
								"up": {"uv": [97, 78], "uv_size": [0.5, 0.5]},
								"down": {"uv": [79, 97.5], "uv_size": [0.5, -0.5]}
							}
						},
						{
							"origin": [-1.85, 25.75166, 17.3],
							"size": [0.25, 1.45, 0.45],
							"uv": {
								"north": {"uv": [20, 97], "uv_size": [0.5, 1.5]},
								"east": {"uv": [97, 20], "uv_size": [0.5, 1.5]},
								"south": {"uv": [21, 97], "uv_size": [0.5, 1.5]},
								"west": {"uv": [22, 97], "uv_size": [0.5, 1.5]},
								"up": {"uv": [97, 77], "uv_size": [0.5, 0.5]},
								"down": {"uv": [78, 97.5], "uv_size": [0.5, -0.5]}
							}
						},
						{
							"origin": [-1.85, 24.925, 16.09663],
							"size": [0.25, 1.2, 1.45],
							"uv": {
								"north": {"uv": [97, 63], "uv_size": [0.5, 1]},
								"east": {"uv": [72, 95], "uv_size": [2.5, 1]},
								"south": {"uv": [97, 64], "uv_size": [0.5, 1]},
								"west": {"uv": [95, 82], "uv_size": [2.5, 1]},
								"up": {"uv": [50, 96], "uv_size": [0.5, 2.5]},
								"down": {"uv": [51, 98.5], "uv_size": [0.5, -2.5]}
							}
						},
						{
							"origin": [1.6, 24.925, 16.09663],
							"size": [0.25, 1.2, 1.45],
							"uv": {
								"north": {"uv": [97, 61], "uv_size": [0.5, 1]},
								"east": {"uv": [59, 95], "uv_size": [2.5, 1]},
								"south": {"uv": [97, 62], "uv_size": [0.5, 1]},
								"west": {"uv": [69, 95], "uv_size": [2.5, 1]},
								"up": {"uv": [96, 42], "uv_size": [0.5, 2.5]},
								"down": {"uv": [96, 47.5], "uv_size": [0.5, -2.5]}
							}
						},
						{
							"origin": [1.6, 25.24503, 15.92752],
							"size": [0.25, 1.45, 2.6],
							"pivot": [0, 25.37003, 17.27752],
							"rotation": [-60, 0, 0],
							"uv": {
								"north": {"uv": [97, 16], "uv_size": [0.5, 1.5]},
								"east": {"uv": [7, 94], "uv_size": [3, 1.5]},
								"south": {"uv": [19, 97], "uv_size": [0.5, 1.5]},
								"west": {"uv": [10, 94], "uv_size": [3, 1.5]},
								"up": {"uv": [96, 33], "uv_size": [0.5, 3]},
								"down": {"uv": [35, 99], "uv_size": [0.5, -3]}
							}
						},
						{
							"origin": [-1.85, 25.24503, 15.92752],
							"size": [0.25, 1.45, 2.6],
							"pivot": [-0.1, 25.37003, 17.27752],
							"rotation": [-60, 0, 0],
							"uv": {
								"north": {"uv": [15, 97], "uv_size": [0.5, 1.5]},
								"east": {"uv": [93, 74], "uv_size": [3, 1.5]},
								"south": {"uv": [16, 97], "uv_size": [0.5, 1.5]},
								"west": {"uv": [94, 0], "uv_size": [3, 1.5]},
								"up": {"uv": [30, 96], "uv_size": [0.5, 3]},
								"down": {"uv": [31, 99], "uv_size": [0.5, -3]}
							}
						},
						{
							"origin": [-1.5, 22, -9.55],
							"size": [3.5, 2.5, 4.8],
							"uv": {
								"north": {"uv": [0, 37], "uv_size": [3.5, 2.5]},
								"east": {"uv": [24, 32], "uv_size": [5, 2.5]},
								"south": {"uv": [4, 37], "uv_size": [3.5, 2.5]},
								"west": {"uv": [24, 35], "uv_size": [5, 2.5]},
								"up": {"uv": [0, 32], "uv_size": [3.5, 5]},
								"down": {"uv": [4, 37], "uv_size": [3.5, -5]}
							}
						},
						{
							"origin": [-2, 22, -9.55],
							"size": [0.5, 1.25, 4.8],
							"uv": {
								"north": {"uv": [30, 4], "uv_size": [0.5, 1.5]},
								"east": {"uv": [24, 38], "uv_size": [5, 1.5]},
								"south": {"uv": [30, 6], "uv_size": [0.5, 1.5]},
								"west": {"uv": [30, 91], "uv_size": [5, 1.5]},
								"up": {"uv": [31, 0], "uv_size": [0.5, 5]},
								"down": {"uv": [29, 37], "uv_size": [0.5, -5]}
							}
						},
						{
							"origin": [-2.5, 20, -4.75],
							"size": [5, 1.5, 24.25],
							"uv": {
								"north": {"uv": [24, 3], "uv_size": [5, 1.5]},
								"east": {"uv": [98, 0], "uv_size": [24.5, 1.5]},
								"south": {"uv": [24, 5], "uv_size": [5, 1.5]},
								"west": {"uv": [98, 2], "uv_size": [24.5, 1.5]},
								"up": {"uv": [97, 90], "uv_size": [5, 24.5]},
								"down": {"uv": [98, 51.5], "uv_size": [5, -24.5]}
							}
						},
						{
							"origin": [1.89645, 20, 19.25],
							"size": [0.5, 1.5, 0.70711],
							"pivot": [2.14645, 20.625, 19.5],
							"rotation": [0, -45, 0],
							"uv": {
								"north": {"uv": [3, 1], "uv_size": [0.5, 1.5]},
								"east": {"uv": [28, 0], "uv_size": [0.5, 1.5]},
								"south": {"uv": [29, 0], "uv_size": [0.5, 1.5]},
								"west": {"uv": [29, 2], "uv_size": [0.5, 1.5]},
								"up": {"uv": [2, 3], "uv_size": [0.5, 0.5]},
								"down": {"uv": [3, 3.5], "uv_size": [0.5, -0.5]}
							}
						},
						{
							"origin": [-2.39644, 20, 19.25],
							"size": [0.5, 1.5, 0.70711],
							"pivot": [-2.14645, 20.625, 19.5],
							"rotation": [0, 45, 0],
							"uv": {
								"north": {"uv": [29, 4], "uv_size": [0.5, 1.5]},
								"east": {"uv": [29, 6], "uv_size": [0.5, 1.5]},
								"south": {"uv": [30, 0], "uv_size": [0.5, 1.5]},
								"west": {"uv": [30, 2], "uv_size": [0.5, 1.5]},
								"up": {"uv": [0, 4], "uv_size": [0.5, 0.5]},
								"down": {"uv": [4, 0.5], "uv_size": [0.5, -0.5]}
							}
						},
						{
							"origin": [-3.27917, 23.05553, -9.55],
							"size": [0.75, 1.5, 4.8],
							"pivot": [-2.52917, 20.05553, -16.75],
							"rotation": [0, 0, 22.5],
							"uv": {
								"north": {"uv": [96, 16], "uv_size": [1, 1.5]},
								"east": {"uv": [91, 58], "uv_size": [5, 1.5]},
								"south": {"uv": [17, 96], "uv_size": [1, 1.5]},
								"west": {"uv": [91, 60], "uv_size": [5, 1.5]},
								"up": {"uv": [69, 73], "uv_size": [1, 5]},
								"down": {"uv": [67, 97], "uv_size": [1, -5]}
							}
						},
						{
							"origin": [-2.25, 20, -10.75],
							"size": [4.25, 4.5, 1.2],
							"uv": {
								"north": {"uv": [69, 79], "uv_size": [4.5, 4.5]},
								"east": {"uv": [48, 93], "uv_size": [1, 4.5]},
								"south": {"uv": [81, 0], "uv_size": [4.5, 4.5]},
								"west": {"uv": [49, 93], "uv_size": [1, 4.5]},
								"up": {"uv": [92, 4], "uv_size": [4.5, 1]},
								"down": {"uv": [92, 31], "uv_size": [4.5, -1]}
							}
						},
						{
							"origin": [5.33399, 20, -4.35937],
							"size": [0.55, 4.5, 1.1],
							"pivot": [10.58399, 17, -16.15937],
							"rotation": [0, -45, 0],
							"uv": {
								"north": {"uv": [56, 95], "uv_size": [0.5, 4.5]},
								"east": {"uv": [57, 93], "uv_size": [1, 4.5]},
								"south": {"uv": [62, 95], "uv_size": [0.5, 4.5]},
								"west": {"uv": [58, 93], "uv_size": [1, 4.5]},
								"up": {"uv": [97, 30], "uv_size": [0.5, 1]},
								"down": {"uv": [32, 98], "uv_size": [0.5, -1]}
							}
						},
						{
							"origin": [1.14164, 20, -11.49445],
							"size": [0.55, 4.5, 1.1],
							"pivot": [1.41664, 22.25, -10.94445],
							"rotation": [0, 45, 0],
							"uv": {
								"north": {"uv": [9, 96], "uv_size": [0.5, 4.5]},
								"east": {"uv": [13, 94], "uv_size": [1, 4.5]},
								"south": {"uv": [10, 96], "uv_size": [0.5, 4.5]},
								"west": {"uv": [14, 94], "uv_size": [1, 4.5]},
								"up": {"uv": [65, 97], "uv_size": [0.5, 1]},
								"down": {"uv": [97, 66], "uv_size": [0.5, -1]}
							}
						},
						{
							"origin": [-1, 21.95, -41.25],
							"size": [2, 1.85, 14],
							"uv": {
								"north": {"uv": [84, 70], "uv_size": [2, 2]},
								"east": {"uv": [70, 70], "uv_size": [14, 2]},
								"south": {"uv": [62, 86], "uv_size": [2, 2]},
								"west": {"uv": [71, 6], "uv_size": [14, 2]},
								"up": {"uv": [45, 14], "uv_size": [2, 14]},
								"down": {"uv": [62, 86], "uv_size": [2, -14]}
							}
						},
						{
							"origin": [-1, 22.45, -23.25],
							"size": [2, 1.9, 10.25],
							"uv": {
								"north": {"uv": [15, 94], "uv_size": [2, 2]},
								"east": {"uv": [74, 58], "uv_size": [11.5, 2]},
								"south": {"uv": [94, 15], "uv_size": [2, 2]},
								"west": {"uv": [78, 12], "uv_size": [11.5, 2]},
								"up": {"uv": [53, 77], "uv_size": [2, 11.5]},
								"down": {"uv": [3, 89.5], "uv_size": [2, -11.5]}
							}
						},
						{
							"origin": [-1, 22.63457, -34.45508],
							"size": [2, 1.35, 11.25],
							"pivot": [0, 23.30957, -30.20508],
							"rotation": [3, 0, 0],
							"uv": {
								"north": {"uv": [32, 95], "uv_size": [2, 1.5]},
								"east": {"uv": [82, 24], "uv_size": [11.5, 1.5]},
								"south": {"uv": [37, 95], "uv_size": [2, 1.5]},
								"west": {"uv": [82, 26], "uv_size": [11.5, 1.5]},
								"up": {"uv": [38, 77], "uv_size": [2, 11.5]},
								"down": {"uv": [51, 88.5], "uv_size": [2, -11.5]}
							}
						},
						{
							"origin": [-1.1, 21.85, -43],
							"size": [2.2, 2.2, 1.25],
							"pivot": [0, 22.975, -42.6875],
							"rotation": [0, 0, -90],
							"uv": {
								"north": {"uv": [30, 89], "uv_size": [2, 2]},
								"east": {"uv": [65, 94], "uv_size": [1.5, 2]},
								"south": {"uv": [94, 12], "uv_size": [2, 2]},
								"west": {"uv": [75, 94], "uv_size": [1.5, 2]},
								"up": {"uv": [94, 93], "uv_size": [2, 1.5]},
								"down": {"uv": [0, 96.5], "uv_size": [2, -1.5]}
							}
						},
						{
							"origin": [-0.6, 20.9, -43.4],
							"size": [1.2, 2.25, 1.95],
							"pivot": [0, 24.65, -45.5],
							"rotation": [22.5, 0, 0],
							"uv": {
								"north": {"uv": [42, 95], "uv_size": [1, 2.5]},
								"east": {"uv": [5, 78], "uv_size": [2, 2.5]},
								"south": {"uv": [43, 95], "uv_size": [1, 2.5]},
								"west": {"uv": [30, 93], "uv_size": [2, 2.5]},
								"up": {"uv": [80, 3], "uv_size": [1, 2]},
								"down": {"uv": [86, 60], "uv_size": [1, -2]}
							}
						},
						{
							"origin": [-0.375, 24.25, -42.45],
							"size": [0.75, 2.25, 1.2],
							"uv": {
								"north": {"uv": [44, 95], "uv_size": [1, 2.5]},
								"east": {"uv": [45, 95], "uv_size": [1, 2.5]},
								"south": {"uv": [46, 95], "uv_size": [1, 2.5]},
								"west": {"uv": [47, 95], "uv_size": [1, 2.5]},
								"up": {"uv": [89, 88], "uv_size": [1, 1]},
								"down": {"uv": [37, 92], "uv_size": [1, -1]}
							}
						},
						{
							"origin": [-1.3, 21.7, -42.5],
							"size": [2.6, 2.6, 1.5],
							"pivot": [0, 22.975, -43.4375],
							"rotation": [0, 0, -90],
							"uv": {
								"north": {"uv": [84, 91], "uv_size": [2.5, 2.5]},
								"east": {"uv": [19, 94], "uv_size": [1.5, 2.5]},
								"south": {"uv": [87, 91], "uv_size": [2.5, 2.5]},
								"west": {"uv": [21, 94], "uv_size": [1.5, 2.5]},
								"up": {"uv": [24, 94], "uv_size": [2.5, 1.5]},
								"down": {"uv": [94, 25.5], "uv_size": [2.5, -1.5]}
							}
						},
						{
							"origin": [-0.45, 22.55, 21.2],
							"size": [0.9, 0.9, 0.9],
							"pivot": [0, 23, 21.95],
							"rotation": [0, 0, -45],
							"uv": {
								"north": {"uv": [92, 48], "uv_size": [1, 1]},
								"east": {"uv": [92, 55], "uv_size": [1, 1]},
								"south": {"uv": [96, 29], "uv_size": [1, 1]},
								"west": {"uv": [96, 39], "uv_size": [1, 1]},
								"up": {"uv": [96, 40], "uv_size": [1, 1]},
								"down": {"uv": [96, 49], "uv_size": [1, -1]}
							}
						},
						{
							"origin": [1.81556, 23.16358, -9.55],
							"size": [0.25, 1, 4.3],
							"uv": {
								"north": {"uv": [97, 59], "uv_size": [0.5, 1]},
								"east": {"uv": [93, 41], "uv_size": [4.5, 1]},
								"south": {"uv": [60, 97], "uv_size": [0.5, 1]},
								"west": {"uv": [93, 50], "uv_size": [4.5, 1]},
								"up": {"uv": [92, 95], "uv_size": [0.5, 4.5]},
								"down": {"uv": [4, 100.5], "uv_size": [0.5, -4.5]}
							}
						}
					]
				},
				{
					"name": "bone",
					"parent": "gun",
					"pivot": [3, 16.25, -26.5]
				},
				{
					"name": "bone2",
					"parent": "gun",
					"pivot": [3, 17.25, -0.75]
				},
				{
					"name": "bolt",
					"parent": "main",
					"pivot": [0, 19, 6],
					"cubes": [
						{
							"origin": [-3.5, 21.75, 5.95],
							"size": [1.5, 1.5, 1.5],
							"uv": {
								"north": {"uv": [90, 95], "uv_size": [1.5, 1.5]},
								"east": {"uv": [94, 95], "uv_size": [1.5, 1.5]},
								"south": {"uv": [2, 96], "uv_size": [1.5, 1.5]},
								"west": {"uv": [96, 6], "uv_size": [1.5, 1.5]},
								"up": {"uv": [7, 96], "uv_size": [1.5, 1.5]},
								"down": {"uv": [96, 9.5], "uv_size": [1.5, -1.5]}
							}
						}
					]
				},
				{
					"name": "magrelease",
					"parent": "main",
					"pivot": [1.5, 16.42892, -3.90503],
					"cubes": [
						{
							"origin": [1.25, 17.42138, 0.85146],
							"size": [0.5, 0.75, 2.25],
							"pivot": [0, 19.29638, 1.60146],
							"rotation": [-22.5, 0, 0],
							"uv": {
								"north": {"uv": [97, 57], "uv_size": [0.5, 1]},
								"east": {"uv": [50, 95], "uv_size": [2.5, 1]},
								"south": {"uv": [97, 58], "uv_size": [0.5, 1]},
								"west": {"uv": [53, 95], "uv_size": [2.5, 1]},
								"up": {"uv": [36, 96], "uv_size": [0.5, 2.5]},
								"down": {"uv": [96, 38.5], "uv_size": [0.5, -2.5]}
							}
						},
						{
							"origin": [1.25, 17.79402, -3.12197],
							"size": [0.5, 0.75, 3.6],
							"uv": {
								"north": {"uv": [97, 55], "uv_size": [0.5, 1]},
								"east": {"uv": [94, 27], "uv_size": [3.5, 1]},
								"south": {"uv": [97, 56], "uv_size": [0.5, 1]},
								"west": {"uv": [94, 31], "uv_size": [3.5, 1]},
								"up": {"uv": [11, 96], "uv_size": [0.5, 3.5]},
								"down": {"uv": [12, 99.5], "uv_size": [0.5, -3.5]}
							}
						},
						{
							"origin": [1.25, 17.14632, -5.73566],
							"size": [0.5, 0.75, 1.95],
							"pivot": [0, 19.02132, -4.23566],
							"rotation": [45, 0, 0],
							"uv": {
								"north": {"uv": [97, 54], "uv_size": [0.5, 1]},
								"east": {"uv": [45, 36], "uv_size": [2, 1]},
								"south": {"uv": [55, 97], "uv_size": [0.5, 1]},
								"west": {"uv": [55, 3], "uv_size": [2, 1]},
								"up": {"uv": [96, 58], "uv_size": [0.5, 2]},
								"down": {"uv": [59, 98], "uv_size": [0.5, -2]}
							}
						},
						{
							"origin": [1.25, 14.84017, -7.12583],
							"size": [0.5, 0.75, 1.95],
							"pivot": [0, 16.71517, -5.62583],
							"rotation": [90, 0, 0],
							"uv": {
								"north": {"uv": [97, 60], "uv_size": [0.5, 1]},
								"east": {"uv": [57, 13], "uv_size": [2, 1]},
								"south": {"uv": [61, 97], "uv_size": [0.5, 1]},
								"west": {"uv": [45, 63], "uv_size": [2, 1]},
								"up": {"uv": [73, 96], "uv_size": [0.5, 2]},
								"down": {"uv": [74, 98], "uv_size": [0.5, -2]}
							}
						}
					]
				},
				{
					"name": "slingswivel",
					"parent": "main",
					"pivot": [0, 18.925, -36.5],
					"cubes": [
						{
							"origin": [-1.75, 18.4, -36.65],
							"size": [3.5, 0.3, 0.3],
							"uv": {
								"north": {"uv": [1, 5], "uv_size": [3.5, 0.5]},
								"east": {"uv": [5, 0], "uv_size": [0.5, 0.5]},
								"south": {"uv": [0, 6], "uv_size": [3.5, 0.5]},
								"west": {"uv": [5, 3], "uv_size": [0.5, 0.5]},
								"up": {"uv": [4, 6], "uv_size": [3.5, 0.5]},
								"down": {"uv": [0, 7.5], "uv_size": [3.5, -0.5]}
							}
						},
						{
							"origin": [-0.75, 18.7, -36.65],
							"size": [1.5, 0.45, 0.3],
							"uv": {
								"north": {"uv": [1, 4], "uv_size": [1.5, 0.5]},
								"east": {"uv": [4, 3], "uv_size": [0.5, 0.5]},
								"south": {"uv": [4, 1], "uv_size": [1.5, 0.5]},
								"west": {"uv": [0, 5], "uv_size": [0.5, 0.5]},
								"up": {"uv": [4, 2], "uv_size": [1.5, 0.5]},
								"down": {"uv": [3, 4.5], "uv_size": [1.5, -0.5]}
							}
						},
						{
							"origin": [-1.75, 17.15, -36.65],
							"size": [3.5, 0.3, 0.3],
							"uv": {
								"north": {"uv": [4, 7], "uv_size": [3.5, 0.5]},
								"east": {"uv": [7, 4], "uv_size": [0.5, 0.5]},
								"south": {"uv": [24, 0], "uv_size": [3.5, 0.5]},
								"west": {"uv": [7, 5], "uv_size": [0.5, 0.5]},
								"up": {"uv": [24, 1], "uv_size": [3.5, 0.5]},
								"down": {"uv": [24, 2.5], "uv_size": [3.5, -0.5]}
							}
						},
						{
							"origin": [1.45, 17.45, -36.65],
							"size": [0.3, 0.95, 0.3],
							"uv": {
								"north": {"uv": [5, 4], "uv_size": [0.5, 1]},
								"east": {"uv": [5, 5], "uv_size": [0.5, 1]},
								"south": {"uv": [6, 0], "uv_size": [0.5, 1]},
								"west": {"uv": [6, 1], "uv_size": [0.5, 1]},
								"up": {"uv": [6, 2], "uv_size": [0.5, 0.5]},
								"down": {"uv": [6, 3.5], "uv_size": [0.5, -0.5]}
							}
						},
						{
							"origin": [-1.75, 17.45, -36.65],
							"size": [0.3, 0.95, 0.3],
							"uv": {
								"north": {"uv": [6, 4], "uv_size": [0.5, 1]},
								"east": {"uv": [6, 5], "uv_size": [0.5, 1]},
								"south": {"uv": [7, 0], "uv_size": [0.5, 1]},
								"west": {"uv": [7, 1], "uv_size": [0.5, 1]},
								"up": {"uv": [7, 2], "uv_size": [0.5, 0.5]},
								"down": {"uv": [7, 3.5], "uv_size": [0.5, -0.5]}
							}
						}
					]
				}
			]
		}
	]
}