{
	"format_version": "1.12.0",
	"minecraft:geometry": [
		{
			"description": {
				"identifier": "geometry.unknown",
				"texture_width": 128,
				"texture_height": 128,
				"visible_bounds_width": 9,
				"visible_bounds_height": 4,
				"visible_bounds_offset": [0, 1, 0]
			},
			"bones": [
				{
					"name": "main",
					"pivot": [0, 19, 4]
				},
				{
					"name": "rightarm",
					"parent": "main",
					"pivot": [-4.3, 7.8, 25.8],
					"rotation": [-101.81106, -12.40003, -2.46982],
					"cubes": [
						{"origin": [-8.3, -17.2, 19.8], "size": [8, 24, 8], "uv": [0, 32]}
					]
				},
				{
					"name": "leftarm",
					"parent": "main",
					"pivot": [10.7, 10.3, -4.6],
					"rotation": [-119.61483, 1.67666, -38.31282],
					"cubes": [
						{"origin": [5.7, -11.7, -8.6], "size": [8, 24, 8], "uv": [0, 0]}
					]
				},
				{
					"name": "muzzleflash",
					"parent": "main",
					"pivot": [0, 22.6, -66.75],
					"mirror": true,
					"cubes": [
						{"origin": [-0.5, 20.75, -49.55], "size": [1, 1, 1], "inflate": -0.4, "uv": [32, 0], "mirror": false}
					]
				},
				{
					"name": "gun",
					"parent": "main",
					"pivot": [0, 50.16, -6.98],
					"cubes": [
						{
							"origin": [-1.6025, 17.42094, -14.87162],
							"size": [3.25, 3.75, 18.5],
							"uv": {
								"north": {"uv": [4, 67], "uv_size": [3.5, 4]},
								"east": {"uv": [32, 4], "uv_size": [18.5, 4]},
								"south": {"uv": [8, 67], "uv_size": [3.5, 4]},
								"west": {"uv": [32, 8], "uv_size": [18.5, 4]},
								"up": {"uv": [36, 12], "uv_size": [3.5, 18.5]},
								"down": {"uv": [36, 49.5], "uv_size": [3.5, -18.5]}
							}
						},
						{
							"origin": [-0.6025, 21.42094, -28.87162],
							"size": [1.25, 1.1, 18],
							"uv": {
								"north": {"uv": [85, 35], "uv_size": [1.5, 1]},
								"east": {"uv": [54, 53], "uv_size": [18, 1]},
								"south": {"uv": [45, 85], "uv_size": [1.5, 1]},
								"west": {"uv": [55, 44], "uv_size": [18, 1]},
								"up": {"uv": [32, 54], "uv_size": [1.5, 18]},
								"down": {"uv": [34, 72], "uv_size": [1.5, -18]}
							}
						},
						{
							"origin": [-1.6025, 19.67094, -28.87162],
							"size": [3.25, 1.5, 14],
							"uv": {
								"north": {"uv": [77, 64], "uv_size": [3.5, 1.5]},
								"east": {"uv": [59, 9], "uv_size": [14, 1.5]},
								"south": {"uv": [77, 66], "uv_size": [3.5, 1.5]},
								"west": {"uv": [59, 11], "uv_size": [14, 1.5]},
								"up": {"uv": [43, 12], "uv_size": [3.5, 14]},
								"down": {"uv": [43, 40], "uv_size": [3.5, -14]}
							}
						},
						{
							"origin": [-1.6025, 18.67094, -28.87162],
							"size": [3.25, 1, 1.25],
							"uv": {
								"north": {"uv": [81, 46], "uv_size": [3.5, 1]},
								"east": {"uv": [4, 86], "uv_size": [1.5, 1]},
								"south": {"uv": [47, 81], "uv_size": [3.5, 1]},
								"west": {"uv": [86, 4], "uv_size": [1.5, 1]},
								"up": {"uv": [78, 60], "uv_size": [3.5, 1.5]},
								"down": {"uv": [78, 69.5], "uv_size": [3.5, -1.5]}
							}
						},
						{
							"origin": [-1.1025, 21.17094, -28.87162],
							"size": [2.75, 0.75, 18],
							"uv": {
								"north": {"uv": [51, 45], "uv_size": [3, 1]},
								"east": {"uv": [57, 25], "uv_size": [18, 1]},
								"south": {"uv": [81, 77], "uv_size": [3, 1]},
								"west": {"uv": [61, 21], "uv_size": [18, 1]},
								"up": {"uv": [40, 12], "uv_size": [3, 18]},
								"down": {"uv": [40, 48], "uv_size": [3, -18]}
							}
						},
						{
							"origin": [-1.6025, 21.17094, -28.87162],
							"size": [0.5, 0.75, 9.85],
							"uv": {
								"north": {"uv": [6, 89], "uv_size": [0.5, 1]},
								"east": {"uv": [68, 23], "uv_size": [10, 1]},
								"south": {"uv": [8, 89], "uv_size": [0.5, 1]},
								"west": {"uv": [68, 24], "uv_size": [10, 1]},
								"up": {"uv": [64, 76], "uv_size": [0.5, 10]},
								"down": {"uv": [65, 86], "uv_size": [0.5, -10]}
							}
						},
						{
							"origin": [-3.78481, 21.79837, -28.87162],
							"size": [0.75, 1.25, 18],
							"pivot": [-1.53731, 18.98087, -8.94662],
							"rotation": [0, 0, 67.5],
							"uv": {
								"north": {"uv": [39, 85], "uv_size": [1, 1.5]},
								"east": {"uv": [54, 45], "uv_size": [18, 1.5]},
								"south": {"uv": [85, 40], "uv_size": [1, 1.5]},
								"west": {"uv": [54, 47], "uv_size": [18, 1.5]},
								"up": {"uv": [47, 61], "uv_size": [1, 18]},
								"down": {"uv": [48, 79], "uv_size": [1, -18]}
							}
						},
						{
							"origin": [-1.04104, 21.19608, -28.87162],
							"size": [0.75, 1.25, 18],
							"pivot": [0.95646, 18.37858, -8.94662],
							"rotation": [0, 0, 22.5],
							"uv": {
								"north": {"uv": [85, 42], "uv_size": [1, 1.5]},
								"east": {"uv": [54, 51], "uv_size": [18, 1.5]},
								"south": {"uv": [43, 85], "uv_size": [1, 1.5]},
								"west": {"uv": [55, 36], "uv_size": [18, 1.5]},
								"up": {"uv": [58, 61], "uv_size": [1, 18]},
								"down": {"uv": [59, 79], "uv_size": [1, -18]}
							}
						},
						{
							"origin": [2.42835, 24.47433, -28.87162],
							"size": [0.75, 0.5, 18],
							"pivot": [4.42585, 20.90683, -8.94662],
							"rotation": [0, 0, -45],
							"uv": {
								"north": {"uv": [89, 18], "uv_size": [1, 0.5]},
								"east": {"uv": [71, 70], "uv_size": [18, 0.5]},
								"south": {"uv": [19, 89], "uv_size": [1, 0.5]},
								"west": {"uv": [71, 71], "uv_size": [18, 0.5]},
								"up": {"uv": [41, 63], "uv_size": [1, 18]},
								"down": {"uv": [42, 81], "uv_size": [1, -18]}
							}
						},
						{
							"origin": [0.76796, 25.2583, -28.87162],
							"size": [0.75, 1.25, 18],
							"pivot": [3.01546, 22.4408, -8.94662],
							"rotation": [0, 0, -67.5],
							"uv": {
								"north": {"uv": [41, 85], "uv_size": [1, 1.5]},
								"east": {"uv": [54, 49], "uv_size": [18, 1.5]},
								"south": {"uv": [42, 85], "uv_size": [1, 1.5]},
								"west": {"uv": [50, 54], "uv_size": [18, 1.5]},
								"up": {"uv": [49, 61], "uv_size": [1, 18]},
								"down": {"uv": [57, 79], "uv_size": [1, -18]}
							}
						},
						{
							"origin": [0.05097, 22.62923, -28.87162],
							"size": [0.75, 1.25, 18],
							"pivot": [2.54847, 19.81173, -8.94662],
							"rotation": [0, 0, -22.5],
							"uv": {
								"north": {"uv": [44, 85], "uv_size": [1, 1.5]},
								"east": {"uv": [55, 38], "uv_size": [18, 1.5]},
								"south": {"uv": [85, 44], "uv_size": [1, 1.5]},
								"west": {"uv": [55, 40], "uv_size": [18, 1.5]},
								"up": {"uv": [60, 61], "uv_size": [1, 18]},
								"down": {"uv": [61, 79], "uv_size": [1, -18]}
							}
						},
						{
							"origin": [-4.23024, 21.07621, -28.87162],
							"size": [0.75, 1.25, 18],
							"pivot": [-1.73274, 18.25871, -8.94662],
							"rotation": [0, 0, 45],
							"uv": {
								"north": {"uv": [85, 55], "uv_size": [1, 1.5]},
								"east": {"uv": [55, 42], "uv_size": [18, 1.5]},
								"south": {"uv": [85, 60], "uv_size": [1, 1.5]},
								"west": {"uv": [56, 4], "uv_size": [18, 1.5]},
								"up": {"uv": [62, 61], "uv_size": [1, 18]},
								"down": {"uv": [40, 81], "uv_size": [1, -18]}
							}
						},
						{
							"origin": [-1.6025, 17.16399, -26.19563],
							"size": [3.25, 2.25, 11.25],
							"pivot": [2.895, 15.59649, -9.02063],
							"rotation": [-2.5, 0, 0],
							"uv": {
								"north": {"uv": [72, 45], "uv_size": [3.5, 2.5]},
								"east": {"uv": [53, 26], "uv_size": [11.5, 2.5]},
								"south": {"uv": [72, 48], "uv_size": [3.5, 2.5]},
								"west": {"uv": [53, 29], "uv_size": [11.5, 2.5]},
								"up": {"uv": [43, 40], "uv_size": [3.5, 11.5]},
								"down": {"uv": [47, 23.5], "uv_size": [3.5, -11.5]}
							}
						},
						{
							"origin": [-1.6025, 16.43157, -29.4685],
							"size": [3.25, 2.25, 2.75],
							"pivot": [2.895, 14.86407, -20.7935],
							"rotation": [-15, 0, 0],
							"uv": {
								"north": {"uv": [50, 72], "uv_size": [3.5, 2.5]},
								"east": {"uv": [73, 42], "uv_size": [3, 2.5]},
								"south": {"uv": [72, 51], "uv_size": [3.5, 2.5]},
								"west": {"uv": [4, 74], "uv_size": [3, 2.5]},
								"up": {"uv": [71, 13], "uv_size": [3.5, 3]},
								"down": {"uv": [71, 19], "uv_size": [3.5, -3]}
							}
						},
						{
							"origin": [-1.1025, 18.92094, -31.87162],
							"size": [2.25, 2.25, 1.75],
							"uv": {
								"north": {"uv": [71, 75], "uv_size": [2.5, 2.5]},
								"east": {"uv": [33, 77], "uv_size": [2, 2.5]},
								"south": {"uv": [75, 72], "uv_size": [2.5, 2.5]},
								"west": {"uv": [4, 78], "uv_size": [2, 2.5]},
								"up": {"uv": [64, 19], "uv_size": [2.5, 2]},
								"down": {"uv": [50, 68], "uv_size": [2.5, -2]}
							}
						},
						{
							"origin": [-1.1025, 19.42094, -32.37162],
							"size": [2.25, 1.75, 0.5],
							"uv": {
								"north": {"uv": [54, 78], "uv_size": [2.5, 2]},
								"east": {"uv": [33, 87], "uv_size": [0.5, 2]},
								"south": {"uv": [71, 78], "uv_size": [2.5, 2]},
								"west": {"uv": [34, 87], "uv_size": [0.5, 2]},
								"up": {"uv": [86, 77], "uv_size": [2.5, 0.5]},
								"down": {"uv": [86, 83.5], "uv_size": [2.5, -0.5]}
							}
						},
						{
							"origin": [-1.1025, 15.84946, -37.05639],
							"size": [2.25, 0.5, 0.75],
							"pivot": [2.895, 12.03196, -30.38139],
							"rotation": [-45, 0, 0],
							"uv": {
								"north": {"uv": [86, 84], "uv_size": [2.5, 0.5]},
								"east": {"uv": [9, 89], "uv_size": [1, 0.5]},
								"south": {"uv": [85, 86], "uv_size": [2.5, 0.5]},
								"west": {"uv": [10, 89], "uv_size": [1, 0.5]},
								"up": {"uv": [48, 82], "uv_size": [2.5, 1]},
								"down": {"uv": [82, 55], "uv_size": [2.5, -1]}
							}
						},
						{
							"origin": [-0.9, 21.42094, -2.87162],
							"size": [1.8, 0.85, 5.6],
							"uv": {
								"north": {"uv": [84, 4], "uv_size": [2, 1]},
								"east": {"uv": [76, 32], "uv_size": [5.5, 1]},
								"south": {"uv": [84, 5], "uv_size": [2, 1]},
								"west": {"uv": [76, 33], "uv_size": [5.5, 1]},
								"up": {"uv": [37, 66], "uv_size": [2, 5.5]},
								"down": {"uv": [12, 72.5], "uv_size": [2, -5.5]}
							}
						},
						{
							"origin": [-1.42217, 20.89062, -2.87162],
							"size": [2.85, 0.85, 5.6],
							"uv": {
								"north": {"uv": [82, 17], "uv_size": [3, 1]},
								"east": {"uv": [0, 77], "uv_size": [5.5, 1]},
								"south": {"uv": [82, 18], "uv_size": [3, 1]},
								"west": {"uv": [77, 6], "uv_size": [5.5, 1]},
								"up": {"uv": [64, 13], "uv_size": [3, 5.5]},
								"down": {"uv": [14, 69.5], "uv_size": [3, -5.5]}
							}
						},
						{
							"origin": [-0.8525, 21.5222, 2.6789],
							"size": [1.75, 0.5, 0.65],
							"uv": {
								"north": {"uv": [87, 46], "uv_size": [2, 0.5]},
								"east": {"uv": [89, 74], "uv_size": [0.5, 0.5]},
								"south": {"uv": [48, 87], "uv_size": [2, 0.5]},
								"west": {"uv": [75, 89], "uv_size": [0.5, 0.5]},
								"up": {"uv": [53, 87], "uv_size": [2, 0.5]},
								"down": {"uv": [87, 54.5], "uv_size": [2, -0.5]}
							}
						},
						{
							"origin": [-0.9, 21.38335, 2.97145],
							"size": [1.8, 1.05, 0.35],
							"pivot": [0, 21.90835, 3.14645],
							"rotation": [67.5, 0, 0],
							"uv": {
								"north": {"uv": [21, 84], "uv_size": [2, 1]},
								"east": {"uv": [89, 20], "uv_size": [0.5, 1]},
								"south": {"uv": [34, 84], "uv_size": [2, 1]},
								"west": {"uv": [21, 89], "uv_size": [0.5, 1]},
								"up": {"uv": [44, 87], "uv_size": [2, 0.5]},
								"down": {"uv": [46, 87.5], "uv_size": [2, -0.5]}
							}
						},
						{
							"origin": [-1.42217, 20.8934, 2.4685],
							"size": [2.85, 1.05, 0.65],
							"pivot": [1.52783, 21.4184, 2.9435],
							"rotation": [67.5, 0, 0],
							"uv": {
								"north": {"uv": [82, 2], "uv_size": [3, 1]},
								"east": {"uv": [89, 36], "uv_size": [0.5, 1]},
								"south": {"uv": [82, 16], "uv_size": [3, 1]},
								"west": {"uv": [37, 89], "uv_size": [0.5, 1]},
								"up": {"uv": [86, 18], "uv_size": [3, 0.5]},
								"down": {"uv": [86, 19.5], "uv_size": [3, -0.5]}
							}
						},
						{
							"origin": [0.66392, 21.18573, 2.88959],
							"size": [0.75, 1.05, 0.35],
							"pivot": [1.03892, 21.71073, 3.06459],
							"rotation": [73.67505, 15.69986, 42.73421],
							"uv": {
								"north": {"uv": [87, 69], "uv_size": [1, 1]},
								"east": {"uv": [89, 32], "uv_size": [0.5, 1]},
								"south": {"uv": [72, 87], "uv_size": [1, 1]},
								"west": {"uv": [33, 89], "uv_size": [0.5, 1]},
								"up": {"uv": [89, 33], "uv_size": [1, 0.5]},
								"down": {"uv": [34, 89.5], "uv_size": [1, -0.5]}
							}
						},
						{
							"origin": [-1.41642, 21.18573, 2.88959],
							"size": [0.75, 1.05, 0.35],
							"pivot": [-1.04142, 21.71073, 3.06459],
							"rotation": [73.67505, -15.69986, -42.73421],
							"uv": {
								"north": {"uv": [87, 72], "uv_size": [1, 1]},
								"east": {"uv": [89, 34], "uv_size": [0.5, 1]},
								"south": {"uv": [73, 87], "uv_size": [1, 1]},
								"west": {"uv": [35, 89], "uv_size": [0.5, 1]},
								"up": {"uv": [89, 35], "uv_size": [1, 0.5]},
								"down": {"uv": [36, 89.5], "uv_size": [1, -0.5]}
							}
						},
						{
							"origin": [-0.3525, 32.18703, -3.48896],
							"size": [0.75, 1.25, 0.35],
							"pivot": [2.895, 32.76953, 8.93604],
							"rotation": [67.5, 0, 0],
							"uv": {
								"north": {"uv": [6, 86], "uv_size": [1, 1.5]},
								"east": {"uv": [18, 88], "uv_size": [0.5, 1.5]},
								"south": {"uv": [86, 7], "uv_size": [1, 1.5]},
								"west": {"uv": [22, 88], "uv_size": [0.5, 1.5]},
								"up": {"uv": [89, 30], "uv_size": [1, 0.5]},
								"down": {"uv": [31, 89.5], "uv_size": [1, -0.5]}
							}
						},
						{
							"origin": [-0.2025, 21.25928, 4.45684],
							"size": [0.5, 0.5, 0.1],
							"pivot": [0.0225, 21.53428, 4.50684],
							"rotation": [42.73421, -58.60029, 42.73421],
							"uv": {
								"north": {"uv": [20, 90], "uv_size": [0.5, 0.5]},
								"east": {"uv": [90, 20], "uv_size": [0.5, 0.5]},
								"south": {"uv": [21, 90], "uv_size": [0.5, 0.5]},
								"west": {"uv": [90, 21], "uv_size": [0.5, 0.5]},
								"up": {"uv": [22, 90], "uv_size": [0.5, 0.5]},
								"down": {"uv": [90, 22.5], "uv_size": [0.5, -0.5]}
							}
						},
						{
							"origin": [-0.9, 21.31714, -3.40113],
							"size": [1.8, 0.5, 1.1],
							"pivot": [0.025, 21.56714, -2.85113],
							"rotation": [67.5, 0, 0],
							"uv": {
								"north": {"uv": [35, 87], "uv_size": [2, 0.5]},
								"east": {"uv": [11, 89], "uv_size": [1, 0.5]},
								"south": {"uv": [87, 35], "uv_size": [2, 0.5]},
								"west": {"uv": [89, 11], "uv_size": [1, 0.5]},
								"up": {"uv": [12, 84], "uv_size": [2, 1]},
								"down": {"uv": [19, 85], "uv_size": [2, -1]}
							}
						},
						{
							"origin": [0.6, 21.17094, -8.62162],
							"size": [0.3, 0.5, 5.75],
							"uv": {
								"north": {"uv": [89, 60], "uv_size": [0.5, 0.5]},
								"east": {"uv": [81, 73], "uv_size": [6, 0.5]},
								"south": {"uv": [61, 89], "uv_size": [0.5, 0.5]},
								"west": {"uv": [81, 74], "uv_size": [6, 0.5]},
								"up": {"uv": [74, 81], "uv_size": [0.5, 6]},
								"down": {"uv": [75, 87], "uv_size": [0.5, -6]}
							}
						},
						{
							"origin": [0.8475, 21.17094, -10.87162],
							"size": [0.55, 0.25, 2.25],
							"uv": {
								"north": {"uv": [89, 62], "uv_size": [0.5, 0.5]},
								"east": {"uv": [86, 40], "uv_size": [2.5, 0.5]},
								"south": {"uv": [63, 89], "uv_size": [0.5, 0.5]},
								"west": {"uv": [86, 41], "uv_size": [2.5, 0.5]},
								"up": {"uv": [8, 86], "uv_size": [0.5, 2.5]},
								"down": {"uv": [9, 88.5], "uv_size": [0.5, -2.5]}
							}
						},
						{
							"origin": [1.00829, 22.24758, -10.87162],
							"size": [0.55, 0.5, 2.25],
							"pivot": [3.55579, 21.43008, 7.30338],
							"rotation": [0, 0, -22.5],
							"uv": {
								"north": {"uv": [89, 64], "uv_size": [0.5, 0.5]},
								"east": {"uv": [86, 44], "uv_size": [2.5, 0.5]},
								"south": {"uv": [65, 89], "uv_size": [0.5, 0.5]},
								"west": {"uv": [45, 86], "uv_size": [2.5, 0.5]},
								"up": {"uv": [20, 86], "uv_size": [0.5, 2.5]},
								"down": {"uv": [21, 88.5], "uv_size": [0.5, -2.5]}
							}
						},
						{
							"origin": [0.64916, 23.53477, -10.87162],
							"size": [0.55, 0.5, 2.25],
							"pivot": [3.19666, 22.71727, 7.30338],
							"rotation": [0, 0, -45],
							"uv": {
								"north": {"uv": [89, 66], "uv_size": [0.5, 0.5]},
								"east": {"uv": [86, 55], "uv_size": [2.5, 0.5]},
								"south": {"uv": [67, 89], "uv_size": [0.5, 0.5]},
								"west": {"uv": [86, 56], "uv_size": [2.5, 0.5]},
								"up": {"uv": [51, 86], "uv_size": [0.5, 2.5]},
								"down": {"uv": [52, 88.5], "uv_size": [0.5, -2.5]}
							}
						},
						{
							"origin": [-2.48536, 20.32097, -10.87162],
							"size": [0.55, 0.5, 2.25],
							"pivot": [0.06214, 19.50347, 7.30338],
							"rotation": [0, 0, 45],
							"uv": {
								"north": {"uv": [89, 69], "uv_size": [0.5, 0.5]},
								"east": {"uv": [86, 65], "uv_size": [2.5, 0.5]},
								"south": {"uv": [70, 89], "uv_size": [0.5, 0.5]},
								"west": {"uv": [67, 86], "uv_size": [2.5, 0.5]},
								"up": {"uv": [86, 67], "uv_size": [0.5, 2.5]},
								"down": {"uv": [70, 88.5], "uv_size": [0.5, -2.5]}
							}
						},
						{
							"origin": [-0.17521, 24.58654, -10.87162],
							"size": [0.55, 0.5, 2.25],
							"pivot": [2.37229, 23.76904, 7.30338],
							"rotation": [0, 0, -67.5],
							"uv": {
								"north": {"uv": [89, 67], "uv_size": [0.5, 0.5]},
								"east": {"uv": [86, 60], "uv_size": [2.5, 0.5]},
								"south": {"uv": [68, 89], "uv_size": [0.5, 0.5]},
								"west": {"uv": [86, 61], "uv_size": [2.5, 0.5]},
								"up": {"uv": [55, 86], "uv_size": [0.5, 2.5]},
								"down": {"uv": [56, 88.5], "uv_size": [0.5, -2.5]}
							}
						},
						{
							"origin": [-3.13549, 20.38751, -10.87162],
							"size": [0.55, 0.5, 2.25],
							"pivot": [-0.58799, 19.57001, 7.30338],
							"rotation": [0, 0, 67.5],
							"uv": {
								"north": {"uv": [89, 68], "uv_size": [0.5, 0.5]},
								"east": {"uv": [64, 86], "uv_size": [2.5, 0.5]},
								"south": {"uv": [69, 89], "uv_size": [0.5, 0.5]},
								"west": {"uv": [86, 64], "uv_size": [2.5, 0.5]},
								"up": {"uv": [59, 86], "uv_size": [0.5, 2.5]},
								"down": {"uv": [60, 88.5], "uv_size": [0.5, -2.5]}
							}
						},
						{
							"origin": [-3.72433, 20.69778, -10.87162],
							"size": [0.55, 0.75, 2.25],
							"pivot": [-1.17683, 19.88028, 7.30338],
							"rotation": [0, 0, 90],
							"uv": {
								"north": {"uv": [87, 88], "uv_size": [0.5, 1]},
								"east": {"uv": [82, 32], "uv_size": [2.5, 1]},
								"south": {"uv": [88, 87], "uv_size": [0.5, 1]},
								"west": {"uv": [82, 33], "uv_size": [2.5, 1]},
								"up": {"uv": [71, 86], "uv_size": [0.5, 2.5]},
								"down": {"uv": [78, 88.5], "uv_size": [0.5, -2.5]}
							}
						},
						{
							"origin": [-1.85926, 20.50829, -10.87162],
							"size": [0.55, 0.5, 2.25],
							"pivot": [0.68824, 19.69079, 7.30338],
							"rotation": [0, 0, 22.5],
							"uv": {
								"north": {"uv": [89, 65], "uv_size": [0.5, 0.5]},
								"east": {"uv": [86, 45], "uv_size": [2.5, 0.5]},
								"south": {"uv": [66, 89], "uv_size": [0.5, 0.5]},
								"west": {"uv": [48, 86], "uv_size": [2.5, 0.5]},
								"up": {"uv": [23, 86], "uv_size": [0.5, 2.5]},
								"down": {"uv": [40, 88.5], "uv_size": [0.5, -2.5]}
							}
						},
						{
							"origin": [-0.9, 21.17094, -8.62162],
							"size": [0.3, 0.5, 5.75],
							"uv": {
								"north": {"uv": [89, 61], "uv_size": [0.5, 0.5]},
								"east": {"uv": [81, 75], "uv_size": [6, 0.5]},
								"south": {"uv": [62, 89], "uv_size": [0.5, 0.5]},
								"west": {"uv": [81, 76], "uv_size": [6, 0.5]},
								"up": {"uv": [76, 81], "uv_size": [0.5, 6]},
								"down": {"uv": [77, 87], "uv_size": [0.5, -6]}
							}
						},
						{
							"origin": [-1.3525, 21.17094, -10.87162],
							"size": [0.55, 0.25, 2.25],
							"uv": {
								"north": {"uv": [89, 63], "uv_size": [0.5, 0.5]},
								"east": {"uv": [86, 42], "uv_size": [2.5, 0.5]},
								"south": {"uv": [64, 89], "uv_size": [0.5, 0.5]},
								"west": {"uv": [86, 43], "uv_size": [2.5, 0.5]},
								"up": {"uv": [14, 86], "uv_size": [0.5, 2.5]},
								"down": {"uv": [15, 88.5], "uv_size": [0.5, -2.5]}
							}
						},
						{
							"origin": [-0.6525, 22.17094, -1.12162],
							"size": [1.3, 0.5, 0.4],
							"uv": {
								"north": {"uv": [86, 87], "uv_size": [1.5, 0.5]},
								"east": {"uv": [89, 45], "uv_size": [0.5, 0.5]},
								"south": {"uv": [0, 88], "uv_size": [1.5, 0.5]},
								"west": {"uv": [46, 89], "uv_size": [0.5, 0.5]},
								"up": {"uv": [88, 0], "uv_size": [1.5, 0.5]},
								"down": {"uv": [88, 1.5], "uv_size": [1.5, -0.5]}
							}
						},
						{
							"origin": [-0.65, 22.17094, 0.07838],
							"size": [1.3, 0.5, 0.4],
							"uv": {
								"north": {"uv": [88, 14], "uv_size": [1.5, 0.5]},
								"east": {"uv": [89, 75], "uv_size": [0.5, 0.5]},
								"south": {"uv": [88, 15], "uv_size": [1.5, 0.5]},
								"west": {"uv": [76, 89], "uv_size": [0.5, 0.5]},
								"up": {"uv": [16, 88], "uv_size": [1.5, 0.5]},
								"down": {"uv": [88, 21.5], "uv_size": [1.5, -0.5]}
							}
						},
						{
							"origin": [-0.6025, 22.17094, -0.82162],
							"size": [1.2, 0.65, 1],
							"uv": {
								"north": {"uv": [88, 72], "uv_size": [1, 0.5]},
								"east": {"uv": [73, 88], "uv_size": [1, 0.5]},
								"south": {"uv": [88, 73], "uv_size": [1, 0.5]},
								"west": {"uv": [88, 74], "uv_size": [1, 0.5]},
								"up": {"uv": [30, 87], "uv_size": [1, 1]},
								"down": {"uv": [87, 31], "uv_size": [1, -1]}
							}
						},
						{
							"origin": [0.3975, 22.82094, -0.82162],
							"size": [0.2, 0.35, 1],
							"uv": {
								"north": {"uv": [89, 82], "uv_size": [0.5, 0.5]},
								"east": {"uv": [89, 26], "uv_size": [1, 0.5]},
								"south": {"uv": [83, 89], "uv_size": [0.5, 0.5]},
								"west": {"uv": [27, 89], "uv_size": [1, 0.5]},
								"up": {"uv": [89, 27], "uv_size": [0.5, 1]},
								"down": {"uv": [28, 90], "uv_size": [0.5, -1]}
							}
						},
						{
							"origin": [-0.6025, 22.82094, -0.82162],
							"size": [0.2, 0.35, 1],
							"uv": {
								"north": {"uv": [89, 83], "uv_size": [0.5, 0.5]},
								"east": {"uv": [89, 28], "uv_size": [1, 0.5]},
								"south": {"uv": [84, 89], "uv_size": [0.5, 0.5]},
								"west": {"uv": [29, 89], "uv_size": [1, 0.5]},
								"up": {"uv": [89, 29], "uv_size": [0.5, 1]},
								"down": {"uv": [30, 90], "uv_size": [0.5, -1]}
							}
						},
						{
							"origin": [-0.65, 21.94365, 0.17712],
							"size": [1.3, 0.5, 0.85],
							"pivot": [-0.0025, 22.19365, 0.60212],
							"rotation": [-45, 0, 0],
							"uv": {
								"north": {"uv": [88, 2], "uv_size": [1.5, 0.5]},
								"east": {"uv": [88, 68], "uv_size": [1, 0.5]},
								"south": {"uv": [3, 88], "uv_size": [1.5, 0.5]},
								"west": {"uv": [69, 88], "uv_size": [1, 0.5]},
								"up": {"uv": [85, 46], "uv_size": [1.5, 1]},
								"down": {"uv": [47, 86], "uv_size": [1.5, -1]}
							}
						},
						{
							"origin": [-0.6525, 29.82738, -3.63735],
							"size": [1.3, 0.5, 0.85],
							"pivot": [2.895, 28.50988, 7.28765],
							"rotation": [45, 0, 0],
							"uv": {
								"north": {"uv": [88, 3], "uv_size": [1.5, 0.5]},
								"east": {"uv": [88, 69], "uv_size": [1, 0.5]},
								"south": {"uv": [88, 4], "uv_size": [1.5, 0.5]},
								"west": {"uv": [72, 88], "uv_size": [1, 0.5]},
								"up": {"uv": [49, 85], "uv_size": [1.5, 1]},
								"down": {"uv": [51, 86], "uv_size": [1.5, -1]}
							}
						},
						{
							"origin": [0.5225, 21.36562, -2.87162],
							"size": [0.75, 0.75, 5.6],
							"pivot": [0.8975, 21.74062, -0.07162],
							"rotation": [0, 0, 45],
							"uv": {
								"north": {"uv": [22, 87], "uv_size": [1, 1]},
								"east": {"uv": [75, 25], "uv_size": [5.5, 1]},
								"south": {"uv": [87, 29], "uv_size": [1, 1]},
								"west": {"uv": [76, 2], "uv_size": [5.5, 1]},
								"up": {"uv": [76, 42], "uv_size": [1, 5.5]},
								"down": {"uv": [76, 53.5], "uv_size": [1, -5.5]}
							}
						},
						{
							"origin": [0.43033, 21.95127, -8.62162],
							"size": [0.75, 0.25, 5.75],
							"pivot": [0.025, 21.36916, -5.74662],
							"rotation": [0, 0, 45],
							"uv": {
								"north": {"uv": [17, 89], "uv_size": [1, 0.5]},
								"east": {"uv": [81, 78], "uv_size": [6, 0.5]},
								"south": {"uv": [89, 17], "uv_size": [1, 0.5]},
								"west": {"uv": [81, 79], "uv_size": [6, 0.5]},
								"up": {"uv": [37, 76], "uv_size": [1, 6]},
								"down": {"uv": [38, 82], "uv_size": [1, -6]}
							}
						},
						{
							"origin": [-1.18033, 21.95127, -8.62162],
							"size": [0.75, 0.25, 5.75],
							"pivot": [-0.025, 21.36916, -5.74662],
							"rotation": [0, 0, -45],
							"uv": {
								"north": {"uv": [88, 67], "uv_size": [1, 0.5]},
								"east": {"uv": [81, 59], "uv_size": [6, 0.5]},
								"south": {"uv": [68, 88], "uv_size": [1, 0.5]},
								"west": {"uv": [81, 72], "uv_size": [6, 0.5]},
								"up": {"uv": [27, 76], "uv_size": [1, 6]},
								"down": {"uv": [28, 82], "uv_size": [1, -6]}
							}
						},
						{
							"origin": [-1.21245, 24.5996, -2.87162],
							"size": [0.75, 0.75, 5.6],
							"pivot": [3.03505, 23.2821, 9.55338],
							"rotation": [0, 0, -45],
							"uv": {
								"north": {"uv": [37, 87], "uv_size": [1, 1]},
								"east": {"uv": [76, 34], "uv_size": [5.5, 1]},
								"south": {"uv": [38, 87], "uv_size": [1, 1]},
								"west": {"uv": [76, 54], "uv_size": [5.5, 1]},
								"up": {"uv": [76, 62], "uv_size": [1, 5.5]},
								"down": {"uv": [63, 81.5], "uv_size": [1, -5.5]}
							}
						},
						{
							"origin": [-0.64, 15.925, 1.49],
							"size": [1.23, 1.675, 0.7125],
							"uv": {
								"north": {"uv": [59, 84], "uv_size": [1, 1.5]},
								"east": {"uv": [87, 73], "uv_size": [0.5, 1.5]},
								"south": {"uv": [60, 84], "uv_size": [1, 1.5]},
								"west": {"uv": [74, 87], "uv_size": [0.5, 1.5]},
								"up": {"uv": [24, 88], "uv_size": [1, 0.5]},
								"down": {"uv": [25, 88.5], "uv_size": [1, -0.5]}
							}
						},
						{
							"origin": [-0.64, 15.92778, -2.27029],
							"size": [1.23, 1.925, 0.7125],
							"uv": {
								"north": {"uv": [16, 70], "uv_size": [1, 2]},
								"east": {"uv": [87, 0], "uv_size": [0.5, 2]},
								"south": {"uv": [31, 70], "uv_size": [1, 2]},
								"west": {"uv": [2, 87], "uv_size": [0.5, 2]},
								"up": {"uv": [49, 88], "uv_size": [1, 0.5]},
								"down": {"uv": [88, 49.5], "uv_size": [1, -0.5]}
							}
						},
						{
							"origin": [-0.54, 16.42778, -4.77029],
							"size": [1.03, 1.425, 3.2125],
							"uv": {
								"north": {"uv": [22, 85], "uv_size": [1, 1.5]},
								"east": {"uv": [79, 29], "uv_size": [3, 1.5]},
								"south": {"uv": [27, 85], "uv_size": [1, 1.5]},
								"west": {"uv": [47, 79], "uv_size": [3, 1.5]},
								"up": {"uv": [20, 72], "uv_size": [1, 3]},
								"down": {"uv": [42, 84], "uv_size": [1, -3]}
							}
						},
						{
							"origin": [-0.64, 16.28771, -1.34235],
							"size": [1.23, 0.675, 0.7125],
							"pivot": [2.7, 14.11271, 0.79515],
							"rotation": [22.5, 0, 0],
							"uv": {
								"north": {"uv": [50, 88], "uv_size": [1, 0.5]},
								"east": {"uv": [89, 40], "uv_size": [0.5, 0.5]},
								"south": {"uv": [88, 50], "uv_size": [1, 0.5]},
								"west": {"uv": [41, 89], "uv_size": [0.5, 0.5]},
								"up": {"uv": [88, 51], "uv_size": [1, 0.5]},
								"down": {"uv": [88, 52.5], "uv_size": [1, -0.5]}
							}
						},
						{
							"origin": [-0.64, 14.74162, 0.29088],
							"size": [1.23, 0.855, 0.7125],
							"pivot": [2.7, 12.74662, 2.42838],
							"rotation": [-22.5, 0, 0],
							"uv": {
								"north": {"uv": [56, 16], "uv_size": [1, 1]},
								"east": {"uv": [26, 88], "uv_size": [0.5, 1]},
								"south": {"uv": [66, 60], "uv_size": [1, 1]},
								"west": {"uv": [27, 88], "uv_size": [0.5, 1]},
								"up": {"uv": [28, 88], "uv_size": [1, 0.5]},
								"down": {"uv": [88, 28.5], "uv_size": [1, -0.5]}
							}
						},
						{
							"origin": [-0.39, 16.175, 0.065],
							"size": [0.73, 1.425, 0.7125],
							"uv": {
								"north": {"uv": [75, 87], "uv_size": [0.5, 1.5]},
								"east": {"uv": [87, 75], "uv_size": [0.5, 1.5]},
								"south": {"uv": [76, 87], "uv_size": [0.5, 1.5]},
								"west": {"uv": [77, 87], "uv_size": [0.5, 1.5]},
								"up": {"uv": [89, 37], "uv_size": [0.5, 0.5]},
								"down": {"uv": [38, 89.5], "uv_size": [0.5, -0.5]}
							}
						},
						{
							"origin": [-0.39, 14.99162, -1.13412],
							"size": [0.73, 0.855, 0.7125],
							"pivot": [2.7, 12.99662, 1.00338],
							"rotation": [-22.5, 0, 0],
							"uv": {
								"north": {"uv": [29, 88], "uv_size": [0.5, 1]},
								"east": {"uv": [88, 29], "uv_size": [0.5, 1]},
								"south": {"uv": [30, 88], "uv_size": [0.5, 1]},
								"west": {"uv": [88, 30], "uv_size": [0.5, 1]},
								"up": {"uv": [89, 38], "uv_size": [0.5, 0.5]},
								"down": {"uv": [39, 89.5], "uv_size": [0.5, -0.5]}
							}
						},
						{
							"origin": [-0.64, 14.94437, 0.91652],
							"size": [1.23, 0.7125, 0.855],
							"pivot": [-0.15, 15.30062, 1.34402],
							"rotation": [22.5, 0, 0],
							"uv": {
								"north": {"uv": [31, 88], "uv_size": [1, 0.5]},
								"east": {"uv": [32, 88], "uv_size": [1, 0.5]},
								"south": {"uv": [88, 32], "uv_size": [1, 0.5]},
								"west": {"uv": [88, 33], "uv_size": [1, 0.5]},
								"up": {"uv": [11, 74], "uv_size": [1, 1]},
								"down": {"uv": [56, 78], "uv_size": [1, -1]}
							}
						},
						{
							"origin": [-0.64, 15.11344, -1.90819],
							"size": [1.23, 0.7125, 0.855],
							"pivot": [-0.15, 15.46969, -1.48069],
							"rotation": [-22.5, 0, 0],
							"uv": {
								"north": {"uv": [53, 88], "uv_size": [1, 0.5]},
								"east": {"uv": [88, 53], "uv_size": [1, 0.5]},
								"south": {"uv": [54, 88], "uv_size": [1, 0.5]},
								"west": {"uv": [57, 88], "uv_size": [1, 0.5]},
								"up": {"uv": [87, 2], "uv_size": [1, 1]},
								"down": {"uv": [87, 4], "uv_size": [1, -1]}
							}
						},
						{
							"origin": [-0.64, 14.80789, -1.19211],
							"size": [1.23, 0.67, 2.2775],
							"pivot": [-0.15, 15.23539, 0.72914],
							"rotation": [-5, 0, 0],
							"uv": {
								"north": {"uv": [88, 34], "uv_size": [1, 0.5]},
								"east": {"uv": [30, 86], "uv_size": [2.5, 0.5]},
								"south": {"uv": [35, 88], "uv_size": [1, 0.5]},
								"west": {"uv": [33, 86], "uv_size": [2.5, 0.5]},
								"up": {"uv": [15, 82], "uv_size": [1, 2.5]},
								"down": {"uv": [27, 84.5], "uv_size": [1, -2.5]}
							}
						},
						{
							"origin": [-1.6025, 17.80082, 6.46809],
							"size": [3.25, 4.6625, 1.425],
							"pivot": [2.85, 19.22582, 13.59309],
							"rotation": [45, 0, 0],
							"uv": {
								"north": {"uv": [25, 64], "uv_size": [3.5, 4.5]},
								"east": {"uv": [54, 73], "uv_size": [1.5, 4.5]},
								"south": {"uv": [65, 26], "uv_size": [3.5, 4.5]},
								"west": {"uv": [19, 75], "uv_size": [1.5, 4.5]},
								"up": {"uv": [77, 7], "uv_size": [3.5, 1.5]},
								"down": {"uv": [77, 10.5], "uv_size": [3.5, -1.5]}
							}
						},
						{
							"origin": [-1.6025, 15.81047, 5.59533],
							"size": [3.25, 1.425, 3.8125],
							"pivot": [2.85, 22.93547, 8.87033],
							"rotation": [-22.5, 0, 0],
							"uv": {
								"north": {"uv": [11, 77], "uv_size": [3.5, 1.5]},
								"east": {"uv": [74, 75], "uv_size": [4, 1.5]},
								"south": {"uv": [15, 77], "uv_size": [3.5, 1.5]},
								"west": {"uv": [76, 0], "uv_size": [4, 1.5]},
								"up": {"uv": [67, 13], "uv_size": [3.5, 4]},
								"down": {"uv": [67, 21], "uv_size": [3.5, -4]}
							}
						},
						{
							"origin": [-1.6, 13.53557, 28.1515],
							"size": [3.25, 0.65, 3.3],
							"pivot": [2.8525, 12.94357, 45.8165],
							"rotation": [-7.5, 0, 0],
							"uv": {
								"north": {"uv": [41, 84], "uv_size": [3.5, 0.5]},
								"east": {"uv": [45, 84], "uv_size": [3.5, 0.5]},
								"south": {"uv": [49, 84], "uv_size": [3.5, 0.5]},
								"west": {"uv": [53, 84], "uv_size": [3.5, 0.5]},
								"up": {"uv": [50, 68], "uv_size": [3.5, 3.5]},
								"down": {"uv": [68, 57.5], "uv_size": [3.5, -3.5]}
							}
						},
						{
							"origin": [-1.6, 11.78557, 24.5015],
							"size": [3.25, 2.4, 3.7],
							"pivot": [2.8525, 12.94357, 45.8165],
							"rotation": [-7.5, 0, 0],
							"uv": {
								"north": {"uv": [72, 65], "uv_size": [3.5, 2.5]},
								"east": {"uv": [67, 72], "uv_size": [3.5, 2.5]},
								"south": {"uv": [71, 72], "uv_size": [3.5, 2.5]},
								"west": {"uv": [73, 6], "uv_size": [3.5, 2.5]},
								"up": {"uv": [67, 68], "uv_size": [3.5, 3.5]},
								"down": {"uv": [25, 72.5], "uv_size": [3.5, -3.5]}
							}
						},
						{
							"origin": [-1.6, 11.53557, 16.0015],
							"size": [3.25, 2.65, 8.7],
							"pivot": [2.8525, 12.94357, 45.8165],
							"rotation": [-7.5, 0, 0],
							"uv": {
								"north": {"uv": [73, 9], "uv_size": [3.5, 2.5]},
								"east": {"uv": [57, 58], "uv_size": [8.5, 2.5]},
								"south": {"uv": [25, 73], "uv_size": [3.5, 2.5]},
								"west": {"uv": [59, 6], "uv_size": [8.5, 2.5]},
								"up": {"uv": [51, 36], "uv_size": [3.5, 8.5]},
								"down": {"uv": [53, 25.5], "uv_size": [3.5, -8.5]}
							}
						},
						{
							"origin": [-1.08033, 14.13678, 16.3296],
							"size": [2.2, 0.55, 15.9],
							"pivot": [2.82217, 16.19478, 46.1446],
							"rotation": [-7.5, 0, 0],
							"uv": {
								"north": {"uv": [27, 87], "uv_size": [2, 0.5]},
								"east": {"uv": [72, 57], "uv_size": [16, 0.5]},
								"south": {"uv": [87, 27], "uv_size": [2, 0.5]},
								"west": {"uv": [73, 12], "uv_size": [16, 0.5]},
								"up": {"uv": [51, 4], "uv_size": [2, 16]},
								"down": {"uv": [51, 36], "uv_size": [2, -16]}
							}
						},
						{
							"origin": [1.02833, 10.92795, 15.90715],
							"size": [0.75, 0.55, 15.9],
							"pivot": [4.98083, 12.98595, 45.72215],
							"rotation": [-5.31847, 5.29571, 44.75386],
							"uv": {
								"north": {"uv": [65, 88], "uv_size": [1, 0.5]},
								"east": {"uv": [73, 36], "uv_size": [16, 0.5]},
								"south": {"uv": [66, 88], "uv_size": [1, 0.5]},
								"west": {"uv": [73, 37], "uv_size": [16, 0.5]},
								"up": {"uv": [21, 64], "uv_size": [1, 16]},
								"down": {"uv": [22, 80], "uv_size": [1, -16]}
							}
						},
						{
							"origin": [-3.38464, 14.89243, 16.42908],
							"size": [0.75, 0.55, 15.9],
							"pivot": [-0.93214, 16.95043, 46.24408],
							"rotation": [-5.31847, -5.29571, -44.75386],
							"uv": {
								"north": {"uv": [88, 66], "uv_size": [1, 0.5]},
								"east": {"uv": [73, 38], "uv_size": [16, 0.5]},
								"south": {"uv": [67, 88], "uv_size": [1, 0.5]},
								"west": {"uv": [73, 39], "uv_size": [16, 0.5]},
								"up": {"uv": [23, 64], "uv_size": [1, 16]},
								"down": {"uv": [24, 80], "uv_size": [1, -16]}
							}
						},
						{
							"origin": [-1.6, 12.67091, 16.13771],
							"size": [2.25, 1, 12.45],
							"uv": {
								"north": {"uv": [82, 62], "uv_size": [2.5, 1]},
								"east": {"uv": [61, 22], "uv_size": [12.5, 1]},
								"south": {"uv": [82, 63], "uv_size": [2.5, 1]},
								"west": {"uv": [65, 31], "uv_size": [12.5, 1]},
								"up": {"uv": [43, 52], "uv_size": [2.5, 12.5]},
								"down": {"uv": [53, 16.5], "uv_size": [2.5, -12.5]}
							}
						},
						{
							"origin": [-1.6, 12.67091, 29.88771],
							"size": [2.5, 1.5, 2.2],
							"uv": {
								"north": {"uv": [3, 81], "uv_size": [2.5, 1.5]},
								"east": {"uv": [82, 4], "uv_size": [2, 1.5]},
								"south": {"uv": [6, 81], "uv_size": [2.5, 1.5]},
								"west": {"uv": [12, 82], "uv_size": [2, 1.5]},
								"up": {"uv": [78, 72], "uv_size": [2.5, 2]},
								"down": {"uv": [78, 76], "uv_size": [2.5, -2]}
							}
						},
						{
							"origin": [-1.6, 14.17091, 29.88771],
							"size": [3.25, 1.85, 2.2],
							"uv": {
								"north": {"uv": [75, 13], "uv_size": [3.5, 2]},
								"east": {"uv": [52, 79], "uv_size": [2, 2]},
								"south": {"uv": [15, 75], "uv_size": [3.5, 2]},
								"west": {"uv": [57, 79], "uv_size": [2, 2]},
								"up": {"uv": [75, 15], "uv_size": [3.5, 2]},
								"down": {"uv": [75, 19], "uv_size": [3.5, -2]}
							}
						},
						{
							"origin": [-1.6, 15.17091, 28.18771],
							"size": [3.25, 0.85, 1.7],
							"uv": {
								"north": {"uv": [81, 42], "uv_size": [3.5, 1]},
								"east": {"uv": [70, 85], "uv_size": [1.5, 1]},
								"south": {"uv": [81, 43], "uv_size": [3.5, 1]},
								"west": {"uv": [78, 85], "uv_size": [1.5, 1]},
								"up": {"uv": [78, 4], "uv_size": [3.5, 1.5]},
								"down": {"uv": [78, 20.5], "uv_size": [3.5, -1.5]}
							}
						},
						{
							"origin": [-1.6, 10.67091, 20.88771],
							"size": [2.25, 1, 7.7],
							"uv": {
								"north": {"uv": [82, 19], "uv_size": [2.5, 1]},
								"east": {"uv": [73, 40], "uv_size": [7.5, 1]},
								"south": {"uv": [82, 20], "uv_size": [2.5, 1]},
								"west": {"uv": [73, 41], "uv_size": [7.5, 1]},
								"up": {"uv": [37, 58], "uv_size": [2.5, 7.5]},
								"down": {"uv": [61, 20.5], "uv_size": [2.5, -7.5]}
							}
						},
						{
							"origin": [-1.6, 10.67091, 29.88771],
							"size": [2.5, 2, 2.2],
							"uv": {
								"north": {"uv": [78, 76], "uv_size": [2.5, 2]},
								"east": {"uv": [59, 79], "uv_size": [2, 2]},
								"south": {"uv": [78, 78], "uv_size": [2.5, 2]},
								"west": {"uv": [61, 79], "uv_size": [2, 2]},
								"up": {"uv": [6, 79], "uv_size": [2.5, 2]},
								"down": {"uv": [9, 81], "uv_size": [2.5, -2]}
							}
						},
						{
							"origin": [-1.6, 8.42091, 25.88771],
							"size": [3.25, 1.25, 2.7],
							"uv": {
								"north": {"uv": [77, 50], "uv_size": [3.5, 1.5]},
								"east": {"uv": [80, 0], "uv_size": [2.5, 1.5]},
								"south": {"uv": [77, 52], "uv_size": [3.5, 1.5]},
								"west": {"uv": [0, 81], "uv_size": [2.5, 1.5]},
								"up": {"uv": [72, 0], "uv_size": [3.5, 2.5]},
								"down": {"uv": [16, 74.5], "uv_size": [3.5, -2.5]}
							}
						},
						{
							"origin": [-1.6, 13.67091, 13.63771],
							"size": [2.25, 1.5, 14.95],
							"uv": {
								"north": {"uv": [81, 7], "uv_size": [2.5, 1.5]},
								"east": {"uv": [57, 0], "uv_size": [15, 1.5]},
								"south": {"uv": [9, 81], "uv_size": [2.5, 1.5]},
								"west": {"uv": [57, 2], "uv_size": [15, 1.5]},
								"up": {"uv": [47, 46], "uv_size": [2.5, 15]},
								"down": {"uv": [40, 63], "uv_size": [2.5, -15]}
							}
						},
						{
							"origin": [-1.6, 13.67091, 13.63771],
							"size": [3.25, 1.75, 11.2],
							"uv": {
								"north": {"uv": [31, 75], "uv_size": [3.5, 2]},
								"east": {"uv": [57, 23], "uv_size": [11, 2]},
								"south": {"uv": [50, 75], "uv_size": [3.5, 2]},
								"west": {"uv": [57, 56], "uv_size": [11, 2]},
								"up": {"uv": [47, 24], "uv_size": [3.5, 11]},
								"down": {"uv": [47, 46], "uv_size": [3.5, -11]}
							}
						},
						{
							"origin": [-1.6, 11.67091, 18.38771],
							"size": [2.25, 1, 10.2],
							"uv": {
								"north": {"uv": [82, 60], "uv_size": [2.5, 1]},
								"east": {"uv": [69, 29], "uv_size": [10, 1]},
								"south": {"uv": [82, 61], "uv_size": [2.5, 1]},
								"west": {"uv": [69, 30], "uv_size": [10, 1]},
								"up": {"uv": [56, 6], "uv_size": [2.5, 10]},
								"down": {"uv": [50, 66], "uv_size": [2.5, -10]}
							}
						},
						{
							"origin": [-1.6, 9.67091, 23.13771],
							"size": [2.25, 1, 5.45],
							"uv": {
								"north": {"uv": [82, 55], "uv_size": [2.5, 1]},
								"east": {"uv": [76, 55], "uv_size": [5.5, 1]},
								"south": {"uv": [82, 56], "uv_size": [2.5, 1]},
								"west": {"uv": [76, 56], "uv_size": [5.5, 1]},
								"up": {"uv": [29, 64], "uv_size": [2.5, 5.5]},
								"down": {"uv": [43, 70.5], "uv_size": [2.5, -5.5]}
							}
						},
						{
							"origin": [0.65, 11.67091, 18.38771],
							"size": [1, 1, 6.45],
							"uv": {
								"north": {"uv": [87, 63], "uv_size": [1, 1]},
								"east": {"uv": [74, 22], "uv_size": [6.5, 1]},
								"south": {"uv": [64, 87], "uv_size": [1, 1]},
								"west": {"uv": [74, 28], "uv_size": [6.5, 1]},
								"up": {"uv": [67, 75], "uv_size": [1, 6.5]},
								"down": {"uv": [68, 81.5], "uv_size": [1, -6.5]}
							}
						},
						{
							"origin": [0.65, 12.67091, 16.13771],
							"size": [1, 1, 8.7],
							"uv": {
								"north": {"uv": [87, 62], "uv_size": [1, 1]},
								"east": {"uv": [72, 3], "uv_size": [8.5, 1]},
								"south": {"uv": [63, 87], "uv_size": [1, 1]},
								"west": {"uv": [72, 35], "uv_size": [8.5, 1]},
								"up": {"uv": [39, 66], "uv_size": [1, 8.5]},
								"down": {"uv": [56, 76.5], "uv_size": [1, -8.5]}
							}
						},
						{
							"origin": [0.65, 10.67091, 20.88771],
							"size": [1, 1, 3.95],
							"uv": {
								"north": {"uv": [61, 87], "uv_size": [1, 1]},
								"east": {"uv": [79, 21], "uv_size": [4, 1]},
								"south": {"uv": [62, 87], "uv_size": [1, 1]},
								"west": {"uv": [0, 80], "uv_size": [4, 1]},
								"up": {"uv": [26, 79], "uv_size": [1, 4]},
								"down": {"uv": [32, 83], "uv_size": [1, -4]}
							}
						},
						{
							"origin": [-1.6, 9.67091, 23.13771],
							"size": [3.25, 1, 1.7],
							"uv": {
								"north": {"uv": [81, 44], "uv_size": [3.5, 1]},
								"east": {"uv": [85, 85], "uv_size": [1.5, 1]},
								"south": {"uv": [81, 45], "uv_size": [3.5, 1]},
								"west": {"uv": [0, 86], "uv_size": [1.5, 1]},
								"up": {"uv": [78, 23], "uv_size": [3.5, 1.5]},
								"down": {"uv": [78, 27.5], "uv_size": [3.5, -1.5]}
							}
						},
						{
							"origin": [-1.6, 8.67091, 29.88771],
							"size": [2.5, 2, 2.2],
							"uv": {
								"north": {"uv": [12, 79], "uv_size": [2.5, 2]},
								"east": {"uv": [74, 79], "uv_size": [2, 2]},
								"south": {"uv": [79, 13], "uv_size": [2.5, 2]},
								"west": {"uv": [76, 79], "uv_size": [2, 2]},
								"up": {"uv": [15, 79], "uv_size": [2.5, 2]},
								"down": {"uv": [79, 17], "uv_size": [2.5, -2]}
							}
						},
						{
							"origin": [0.9, 12.92091, 30.88771],
							"size": [0.75, 1.25, 1.2],
							"uv": {
								"north": {"uv": [7, 88], "uv_size": [0.5, 1.5]},
								"east": {"uv": [85, 82], "uv_size": [1, 1.5]},
								"south": {"uv": [12, 88], "uv_size": [0.5, 1.5]},
								"west": {"uv": [84, 85], "uv_size": [1, 1.5]},
								"up": {"uv": [89, 25], "uv_size": [0.5, 1]},
								"down": {"uv": [26, 90], "uv_size": [0.5, -1]}
							}
						},
						{
							"origin": [0.9, 9.67091, 30.88771],
							"size": [0.75, 3.25, 1.2],
							"uv": {
								"north": {"uv": [57, 84], "uv_size": [0.5, 3.5]},
								"east": {"uv": [35, 79], "uv_size": [1, 3.5]},
								"south": {"uv": [58, 84], "uv_size": [0.5, 3.5]},
								"west": {"uv": [56, 80], "uv_size": [1, 3.5]},
								"up": {"uv": [89, 24], "uv_size": [0.5, 1]},
								"down": {"uv": [25, 90], "uv_size": [0.5, -1]}
							}
						},
						{
							"origin": [0.9, 8.67091, 30.88771],
							"size": [0.75, 1, 1.2],
							"uv": {
								"north": {"uv": [89, 22], "uv_size": [0.5, 1]},
								"east": {"uv": [50, 87], "uv_size": [1, 1]},
								"south": {"uv": [23, 89], "uv_size": [0.5, 1]},
								"west": {"uv": [87, 59], "uv_size": [1, 1]},
								"up": {"uv": [89, 23], "uv_size": [0.5, 1]},
								"down": {"uv": [24, 90], "uv_size": [0.5, -1]}
							}
						},
						{
							"origin": [0.65, 8.67091, 28.58771],
							"size": [1, 1.25, 1.3],
							"uv": {
								"north": {"uv": [72, 85], "uv_size": [1, 1.5]},
								"east": {"uv": [30, 83], "uv_size": [1.5, 1.5]},
								"south": {"uv": [80, 85], "uv_size": [1, 1.5]},
								"west": {"uv": [32, 83], "uv_size": [1.5, 1.5]},
								"up": {"uv": [85, 80], "uv_size": [1, 1.5]},
								"down": {"uv": [81, 86.5], "uv_size": [1, -1.5]}
							}
						},
						{
							"origin": [0.65, 10.73389, 24.44307],
							"size": [1, 1.5, 6.3],
							"pivot": [2.8525, 10.19189, 53.09557],
							"rotation": [-7.5, 0, 0],
							"uv": {
								"north": {"uv": [86, 0], "uv_size": [1, 1.5]},
								"east": {"uv": [71, 19], "uv_size": [6.5, 1.5]},
								"south": {"uv": [3, 86], "uv_size": [1, 1.5]},
								"west": {"uv": [71, 68], "uv_size": [6.5, 1.5]},
								"up": {"uv": [69, 75], "uv_size": [1, 6.5]},
								"down": {"uv": [70, 81.5], "uv_size": [1, -6.5]}
							}
						},
						{
							"origin": [0.65, 5.46678, 24.45412],
							"size": [1, 2, 6.55],
							"pivot": [2.8525, 6.67478, 53.35663],
							"rotation": [-7.5, 0, 0],
							"uv": {
								"north": {"uv": [23, 84], "uv_size": [1, 2]},
								"east": {"uv": [66, 58], "uv_size": [6.5, 2]},
								"south": {"uv": [40, 84], "uv_size": [1, 2]},
								"west": {"uv": [67, 60], "uv_size": [6.5, 2]},
								"up": {"uv": [45, 75], "uv_size": [1, 6.5]},
								"down": {"uv": [46, 81.5], "uv_size": [1, -6.5]}
							}
						},
						{
							"origin": [-1.6, 6.67091, 29.88771],
							"size": [3.25, 2, 2.2],
							"uv": {
								"north": {"uv": [74, 60], "uv_size": [3.5, 2]},
								"east": {"uv": [12, 73], "uv_size": [2, 2]},
								"south": {"uv": [63, 74], "uv_size": [3.5, 2]},
								"west": {"uv": [50, 79], "uv_size": [2, 2]},
								"up": {"uv": [0, 75], "uv_size": [3.5, 2]},
								"down": {"uv": [11, 77], "uv_size": [3.5, -2]}
							}
						},
						{
							"origin": [-1.6, 7.92091, 28.48771],
							"size": [3.25, 1, 1.4],
							"uv": {
								"north": {"uv": [81, 40], "uv_size": [3.5, 1]},
								"east": {"uv": [66, 85], "uv_size": [1.5, 1]},
								"south": {"uv": [81, 41], "uv_size": [3.5, 1]},
								"west": {"uv": [68, 85], "uv_size": [1.5, 1]},
								"up": {"uv": [74, 77], "uv_size": [3.5, 1.5]},
								"down": {"uv": [0, 79.5], "uv_size": [3.5, -1.5]}
							}
						},
						{
							"origin": [-1.6, 5.92091, 30.63771],
							"size": [3.25, 0.75, 1.45],
							"uv": {
								"north": {"uv": [81, 10], "uv_size": [3.5, 1]},
								"east": {"uv": [20, 85], "uv_size": [1.5, 1]},
								"south": {"uv": [12, 81], "uv_size": [3.5, 1]},
								"west": {"uv": [85, 20], "uv_size": [1.5, 1]},
								"up": {"uv": [77, 58], "uv_size": [3.5, 1.5]},
								"down": {"uv": [77, 63.5], "uv_size": [3.5, -1.5]}
							}
						},
						{
							"origin": [-1.6, 16.45246, 13.73487],
							"size": [3.25, 0.775, 2.1875],
							"pivot": [1.855, 16.2025, 13.43488],
							"rotation": [22.5, 0, 0],
							"uv": {
								"north": {"uv": [81, 3], "uv_size": [3.5, 1]},
								"east": {"uv": [34, 83], "uv_size": [2, 1]},
								"south": {"uv": [81, 9], "uv_size": [3.5, 1]},
								"west": {"uv": [40, 83], "uv_size": [2, 1]},
								"up": {"uv": [73, 58], "uv_size": [3.5, 2]},
								"down": {"uv": [74, 6], "uv_size": [3.5, -2]}
							}
						},
						{
							"origin": [-1.08033, 16.9772, 12.65402],
							"size": [2.2, 0.675, 3.2375],
							"pivot": [1.82467, 16.22724, 13.15404],
							"rotation": [22.5, 0, 0],
							"uv": {
								"north": {"uv": [87, 20], "uv_size": [2, 0.5]},
								"east": {"uv": [85, 28], "uv_size": [3, 0.5]},
								"south": {"uv": [87, 22], "uv_size": [2, 0.5]},
								"west": {"uv": [30, 85], "uv_size": [3, 0.5]},
								"up": {"uv": [9, 76], "uv_size": [2, 3]},
								"down": {"uv": [25, 79], "uv_size": [2, -3]}
							}
						},
						{
							"origin": [-0.75343, 15.43234, 14.34392],
							"size": [0.75, 0.675, 2.1875],
							"pivot": [2.20157, 14.68239, 13.79394],
							"rotation": [16.32495, -15.69986, 42.73421],
							"uv": {
								"north": {"uv": [88, 63], "uv_size": [1, 0.5]},
								"east": {"uv": [87, 25], "uv_size": [2, 0.5]},
								"south": {"uv": [64, 88], "uv_size": [1, 0.5]},
								"west": {"uv": [87, 26], "uv_size": [2, 0.5]},
								"up": {"uv": [6, 77], "uv_size": [1, 2]},
								"down": {"uv": [80, 85], "uv_size": [1, -2]}
							}
						},
						{
							"origin": [-1.01856, 17.82335, 13.35353],
							"size": [0.75, 0.675, 2.1875],
							"pivot": [0.43644, 17.0734, 12.80355],
							"rotation": [16.32495, 15.69986, -42.73421],
							"uv": {
								"north": {"uv": [89, 44], "uv_size": [0.5, 0.5]},
								"east": {"uv": [87, 23], "uv_size": [2, 0.5]},
								"south": {"uv": [45, 89], "uv_size": [0.5, 0.5]},
								"west": {"uv": [87, 24], "uv_size": [2, 0.5]},
								"up": {"uv": [13, 87], "uv_size": [0.5, 2]},
								"down": {"uv": [19, 89], "uv_size": [0.5, -2]}
							}
						},
						{
							"origin": [-1.08033, 17.10124, 10.68771],
							"size": [2.2, 0.7, 2.75],
							"uv": {
								"north": {"uv": [82, 86], "uv_size": [2, 0.5]},
								"east": {"uv": [66, 84], "uv_size": [3, 0.5]},
								"south": {"uv": [0, 87], "uv_size": [2, 0.5]},
								"west": {"uv": [84, 66], "uv_size": [3, 0.5]},
								"up": {"uv": [59, 13], "uv_size": [2, 3]},
								"down": {"uv": [7, 79], "uv_size": [2, -3]}
							}
						},
						{
							"origin": [-1.26391, 14.81626, 10.68771],
							"size": [0.75, 0.7, 3],
							"pivot": [2.68609, 13.78152, 29.43869],
							"rotation": [0, 0, 45],
							"uv": {
								"north": {"uv": [88, 62], "uv_size": [1, 0.5]},
								"east": {"uv": [85, 33], "uv_size": [3, 0.5]},
								"south": {"uv": [63, 88], "uv_size": [1, 0.5]},
								"west": {"uv": [85, 34], "uv_size": [3, 0.5]},
								"up": {"uv": [81, 65], "uv_size": [1, 3]},
								"down": {"uv": [66, 84], "uv_size": [1, -3]}
							}
						},
						{
							"origin": [-1.09094, 18.81142, 10.68771],
							"size": [0.75, 0.7, 3],
							"pivot": [1.35906, 17.77667, 29.43869],
							"rotation": [0, 0, -45],
							"uv": {
								"north": {"uv": [61, 88], "uv_size": [1, 0.5]},
								"east": {"uv": [85, 32], "uv_size": [3, 0.5]},
								"south": {"uv": [62, 88], "uv_size": [1, 0.5]},
								"west": {"uv": [33, 85], "uv_size": [3, 0.5]},
								"up": {"uv": [53, 81], "uv_size": [1, 3]},
								"down": {"uv": [81, 65], "uv_size": [1, -3]}
							}
						},
						{
							"origin": [-1.08033, 17.39132, 15.13783],
							"size": [2.2, 1.2, 1.25],
							"uv": {
								"north": {"uv": [71, 83], "uv_size": [2, 1]},
								"east": {"uv": [85, 22], "uv_size": [1.5, 1]},
								"south": {"uv": [78, 83], "uv_size": [2, 1]},
								"west": {"uv": [85, 25], "uv_size": [1.5, 1]},
								"up": {"uv": [59, 81], "uv_size": [2, 1.5]},
								"down": {"uv": [61, 82.5], "uv_size": [2, -1.5]}
							}
						},
						{
							"origin": [-2.50515, 18.51571, 15.13783],
							"size": [0.75, 1.2, 1.25],
							"pivot": [-0.05515, 19.98097, 29.63882],
							"rotation": [0, 0, -45],
							"uv": {
								"north": {"uv": [42, 87], "uv_size": [1, 1]},
								"east": {"uv": [85, 62], "uv_size": [1.5, 1]},
								"south": {"uv": [43, 87], "uv_size": [1, 1]},
								"west": {"uv": [85, 63], "uv_size": [1.5, 1]},
								"up": {"uv": [63, 85], "uv_size": [1, 1.5]},
								"down": {"uv": [85, 65.5], "uv_size": [1, -1.5]}
							}
						},
						{
							"origin": [0.15031, 15.02056, 15.13783],
							"size": [0.75, 0.7, 1.25],
							"pivot": [4.10031, 15.98581, 29.63882],
							"rotation": [0, 0, 45],
							"uv": {
								"north": {"uv": [89, 19], "uv_size": [1, 0.5]},
								"east": {"uv": [88, 10], "uv_size": [1.5, 0.5]},
								"south": {"uv": [20, 89], "uv_size": [1, 0.5]},
								"west": {"uv": [88, 13], "uv_size": [1.5, 0.5]},
								"up": {"uv": [61, 85], "uv_size": [1, 1.5]},
								"down": {"uv": [62, 86.5], "uv_size": [1, -1.5]}
							}
						},
						{
							"origin": [-1.6, 17.26658, 15.36868],
							"size": [3.25, 0.8, 1.05],
							"uv": {
								"north": {"uv": [81, 22], "uv_size": [3.5, 1]},
								"east": {"uv": [39, 87], "uv_size": [1, 1]},
								"south": {"uv": [81, 25], "uv_size": [3.5, 1]},
								"west": {"uv": [41, 87], "uv_size": [1, 1]},
								"up": {"uv": [81, 28], "uv_size": [3.5, 1]},
								"down": {"uv": [81, 36], "uv_size": [3.5, -1]}
							}
						},
						{
							"origin": [-1.6, 14.92091, 9.43771],
							"size": [3.25, 2.35, 7],
							"uv": {
								"north": {"uv": [72, 54], "uv_size": [3.5, 2.5]},
								"east": {"uv": [0, 64], "uv_size": [7, 2.5]},
								"south": {"uv": [72, 62], "uv_size": [3.5, 2.5]},
								"west": {"uv": [7, 64], "uv_size": [7, 2.5]},
								"up": {"uv": [53, 56], "uv_size": [3.5, 7]},
								"down": {"uv": [57, 23], "uv_size": [3.5, -7]}
							}
						},
						{
							"origin": [-1.6025, 14.68, 8.98078],
							"size": [3.25, 1.675, 1.5975],
							"pivot": [0, 15.3925, 13.04203],
							"rotation": [22.5, 0, 0],
							"uv": {
								"north": {"uv": [29, 77], "uv_size": [3.5, 1.5]},
								"east": {"uv": [82, 66], "uv_size": [1.5, 1.5]},
								"south": {"uv": [77, 42], "uv_size": [3.5, 1.5]},
								"west": {"uv": [67, 82], "uv_size": [1.5, 1.5]},
								"up": {"uv": [77, 44], "uv_size": [3.5, 1.5]},
								"down": {"uv": [77, 47.5], "uv_size": [3.5, -1.5]}
							}
						},
						{
							"origin": [-1.6025, 13.68, 9.98078],
							"size": [3.25, 1.425, 2.8475],
							"uv": {
								"north": {"uv": [77, 48], "uv_size": [3.5, 1.5]},
								"east": {"uv": [79, 17], "uv_size": [3, 1.5]},
								"south": {"uv": [50, 77], "uv_size": [3.5, 1.5]},
								"west": {"uv": [29, 79], "uv_size": [3, 1.5]},
								"up": {"uv": [4, 71], "uv_size": [3.5, 3]},
								"down": {"uv": [8, 74], "uv_size": [3.5, -3]}
							}
						},
						{
							"origin": [-1.6, 12.22067, 6.57962],
							"size": [3.25, 2.3125, 4.7625],
							"pivot": [0.0025, 16.49567, 14.66712],
							"rotation": [-37.5, 0, 0],
							"uv": {
								"north": {"uv": [63, 71], "uv_size": [3.5, 2.5]},
								"east": {"uv": [67, 62], "uv_size": [5, 2.5]},
								"south": {"uv": [0, 72], "uv_size": [3.5, 2.5]},
								"west": {"uv": [67, 65], "uv_size": [5, 2.5]},
								"up": {"uv": [53, 63], "uv_size": [3.5, 5]},
								"down": {"uv": [63, 66], "uv_size": [3.5, -5]}
							}
						},
						{
							"origin": [-1.6, 16.49419, 3.27308],
							"size": [3.25, 2.25, 4.5],
							"pivot": [0.0025, 20.76919, 10.11058],
							"rotation": [-22.5, 0, 0],
							"uv": {
								"north": {"uv": [31, 72], "uv_size": [3.5, 2.5]},
								"east": {"uv": [68, 6], "uv_size": [4.5, 2.5]},
								"south": {"uv": [72, 32], "uv_size": [3.5, 2.5]},
								"west": {"uv": [69, 26], "uv_size": [4.5, 2.5]},
								"up": {"uv": [63, 66], "uv_size": [3.5, 4.5]},
								"down": {"uv": [0, 71.5], "uv_size": [3.5, -4.5]}
							}
						},
						{
							"origin": [-1.08033, 18.79124, 3.18902],
							"size": [0.7, 0.5, 4.5],
							"pivot": [-0.02783, 20.56624, 10.02652],
							"rotation": [-22.5, 0, 0],
							"uv": {
								"north": {"uv": [89, 41], "uv_size": [0.5, 0.5]},
								"east": {"uv": [83, 6], "uv_size": [4.5, 0.5]},
								"south": {"uv": [42, 89], "uv_size": [0.5, 0.5]},
								"west": {"uv": [83, 13], "uv_size": [4.5, 0.5]},
								"up": {"uv": [10, 83], "uv_size": [0.5, 4.5]},
								"down": {"uv": [11, 87.5], "uv_size": [0.5, -4.5]}
							}
						},
						{
							"origin": [-0.38033, 18.79124, 4.93902],
							"size": [0.8, 0.5, 2.75],
							"pivot": [0.72217, 20.56624, 10.02652],
							"rotation": [-22.5, 0, 0],
							"uv": {
								"north": {"uv": [89, 31], "uv_size": [1, 0.5]},
								"east": {"uv": [86, 5], "uv_size": [3, 0.5]},
								"south": {"uv": [32, 89], "uv_size": [1, 0.5]},
								"west": {"uv": [86, 11], "uv_size": [3, 0.5]},
								"up": {"uv": [82, 13], "uv_size": [1, 3]},
								"down": {"uv": [14, 85], "uv_size": [1, -3]}
							}
						},
						{
							"origin": [0.41967, 18.79124, 3.18902],
							"size": [0.7, 0.5, 4.5],
							"pivot": [-0.02783, 20.56624, 10.02652],
							"rotation": [-22.5, 0, 0],
							"uv": {
								"north": {"uv": [19, 90], "uv_size": [0.5, 0.5]},
								"east": {"uv": [43, 83], "uv_size": [4.5, 0.5]},
								"south": {"uv": [90, 19], "uv_size": [0.5, 0.5]},
								"west": {"uv": [48, 83], "uv_size": [4.5, 0.5]},
								"up": {"uv": [24, 83], "uv_size": [0.5, 4.5]},
								"down": {"uv": [26, 87.5], "uv_size": [0.5, -4.5]}
							}
						},
						{
							"origin": [-1.53306, 20.38988, 2.86215],
							"size": [0.75, 0.5, 4.5],
							"pivot": [-1.15806, 20.63988, 5.36215],
							"rotation": [-16.32495, -15.69986, -42.73421],
							"uv": {
								"north": {"uv": [88, 57], "uv_size": [1, 0.5]},
								"east": {"uv": [83, 14], "uv_size": [4.5, 0.5]},
								"south": {"uv": [58, 88], "uv_size": [1, 0.5]},
								"west": {"uv": [83, 15], "uv_size": [4.5, 0.5]},
								"up": {"uv": [66, 76], "uv_size": [1, 4.5]},
								"down": {"uv": [36, 81.5], "uv_size": [1, -4.5]}
							}
						},
						{
							"origin": [1.87478, 18.11958, 2.91081],
							"size": [0.75, 0.5, 4.5],
							"pivot": [2.37478, 19.89458, 9.74831],
							"rotation": [-16.32495, 15.69986, 42.73421],
							"uv": {
								"north": {"uv": [88, 58], "uv_size": [1, 0.5]},
								"east": {"uv": [19, 83], "uv_size": [4.5, 0.5]},
								"south": {"uv": [88, 59], "uv_size": [1, 0.5]},
								"west": {"uv": [83, 21], "uv_size": [4.5, 0.5]},
								"up": {"uv": [43, 78], "uv_size": [1, 4.5]},
								"down": {"uv": [44, 82.5], "uv_size": [1, -4.5]}
							}
						},
						{
							"origin": [-1.08033, 14.5464, 6.4459],
							"size": [2.2, 0.5625, 4.7625],
							"pivot": [-0.02783, 16.3214, 14.5334],
							"rotation": [-37.5, 0, 0],
							"uv": {
								"north": {"uv": [87, 16], "uv_size": [2, 0.5]},
								"east": {"uv": [82, 23], "uv_size": [5, 0.5]},
								"south": {"uv": [87, 17], "uv_size": [2, 0.5]},
								"west": {"uv": [82, 24], "uv_size": [5, 0.5]},
								"up": {"uv": [54, 68], "uv_size": [2, 5]},
								"down": {"uv": [14, 75], "uv_size": [2, -5]}
							}
						},
						{
							"origin": [1.65412, 13.64616, 5.75512],
							"size": [0.75, 0.5625, 4.7625],
							"pivot": [2.75662, 15.42116, 13.84262],
							"rotation": [-28.48347, 25.49671, 38.42684],
							"uv": {
								"north": {"uv": [89, 43], "uv_size": [0.5, 0.5]},
								"east": {"uv": [82, 29], "uv_size": [5, 0.5]},
								"south": {"uv": [44, 89], "uv_size": [0.5, 0.5]},
								"west": {"uv": [82, 30], "uv_size": [5, 0.5]},
								"up": {"uv": [37, 82], "uv_size": [0.5, 5]},
								"down": {"uv": [38, 87], "uv_size": [0.5, -5]}
							}
						},
						{
							"origin": [-2.34094, 13.62092, 5.73575],
							"size": [0.75, 0.5625, 4.7625],
							"pivot": [-2.73844, 15.39592, 13.82325],
							"rotation": [-28.48347, -25.49671, -38.42684],
							"uv": {
								"north": {"uv": [89, 42], "uv_size": [0.5, 0.5]},
								"east": {"uv": [82, 26], "uv_size": [5, 0.5]},
								"south": {"uv": [43, 89], "uv_size": [0.5, 0.5]},
								"west": {"uv": [82, 27], "uv_size": [5, 0.5]},
								"up": {"uv": [28, 82], "uv_size": [0.5, 5]},
								"down": {"uv": [36, 87], "uv_size": [0.5, -5]}
							}
						},
						{
							"origin": [-1.6025, 9.67674, 12.41223],
							"size": [3.25, 1.8125, 20.7625],
							"pivot": [0, 13.45174, 22.49973],
							"rotation": [-22.5, 0, 0],
							"uv": {
								"north": {"uv": [7, 74], "uv_size": [3.5, 2]},
								"east": {"uv": [36, 0], "uv_size": [21, 2]},
								"south": {"uv": [74, 26], "uv_size": [3.5, 2]},
								"west": {"uv": [36, 2], "uv_size": [21, 2]},
								"up": {"uv": [32, 12], "uv_size": [3.5, 21]},
								"down": {"uv": [32, 54], "uv_size": [3.5, -21]}
							}
						},
						{
							"origin": [-0.855, 20.4775, -47.9975],
							"size": [1.71, 1.685, 1.5375],
							"uv": {
								"north": {"uv": [82, 68], "uv_size": [1.5, 1.5]},
								"east": {"uv": [69, 82], "uv_size": [1.5, 1.5]},
								"south": {"uv": [82, 80], "uv_size": [1.5, 1.5]},
								"west": {"uv": [82, 82], "uv_size": [1.5, 1.5]},
								"up": {"uv": [0, 83], "uv_size": [1.5, 1.5]},
								"down": {"uv": [83, 1.5], "uv_size": [1.5, -1.5]}
							}
						},
						{
							"origin": [0.57, 22.1625, -48.0125],
							"size": [0.285, 1, 1.5675],
							"uv": {
								"north": {"uv": [36, 88], "uv_size": [0.5, 1]},
								"east": {"uv": [61, 84], "uv_size": [1.5, 1]},
								"south": {"uv": [37, 88], "uv_size": [0.5, 1]},
								"west": {"uv": [84, 67], "uv_size": [1.5, 1]},
								"up": {"uv": [87, 78], "uv_size": [0.5, 1.5]},
								"down": {"uv": [80, 88.5], "uv_size": [0.5, -1.5]}
							}
						},
						{
							"origin": [0.54831, 23.05344, -48.0125],
							"size": [0.285, 0.75, 1.5675],
							"pivot": [0.83331, 23.05344, -48.0125],
							"rotation": [0, 0, 22.5],
							"uv": {
								"north": {"uv": [38, 88], "uv_size": [0.5, 1]},
								"east": {"uv": [84, 68], "uv_size": [1.5, 1]},
								"south": {"uv": [39, 88], "uv_size": [0.5, 1]},
								"west": {"uv": [69, 84], "uv_size": [1.5, 1]},
								"up": {"uv": [87, 80], "uv_size": [0.5, 1.5]},
								"down": {"uv": [81, 88.5], "uv_size": [0.5, -1.5]}
							}
						},
						{
							"origin": [-0.1425, 22.7325, -47.7625],
							"size": [0.285, 0.705, 1.0675],
							"uv": {
								"north": {"uv": [89, 39], "uv_size": [0.5, 0.5]},
								"east": {"uv": [41, 88], "uv_size": [1, 0.5]},
								"south": {"uv": [40, 89], "uv_size": [0.5, 0.5]},
								"west": {"uv": [42, 88], "uv_size": [1, 0.5]},
								"up": {"uv": [43, 88], "uv_size": [0.5, 1]},
								"down": {"uv": [44, 89], "uv_size": [0.5, -1]}
							}
						},
						{
							"origin": [-0.855, 22.1625, -48.0125],
							"size": [0.285, 1, 1.5675],
							"uv": {
								"north": {"uv": [45, 88], "uv_size": [0.5, 1]},
								"east": {"uv": [84, 69], "uv_size": [1.5, 1]},
								"south": {"uv": [46, 88], "uv_size": [0.5, 1]},
								"west": {"uv": [71, 84], "uv_size": [1.5, 1]},
								"up": {"uv": [82, 87], "uv_size": [0.5, 1.5]},
								"down": {"uv": [83, 88.5], "uv_size": [0.5, -1.5]}
							}
						},
						{
							"origin": [-0.855, 23.1625, -48.0125],
							"size": [0.285, 0.75, 1.5675],
							"pivot": [-0.57, 23.1625, -48.0125],
							"rotation": [0, 0, -22.5],
							"uv": {
								"north": {"uv": [47, 88], "uv_size": [0.5, 1]},
								"east": {"uv": [84, 77], "uv_size": [1.5, 1]},
								"south": {"uv": [88, 47], "uv_size": [0.5, 1]},
								"west": {"uv": [78, 84], "uv_size": [1.5, 1]},
								"up": {"uv": [84, 87], "uv_size": [0.5, 1.5]},
								"down": {"uv": [85, 88.5], "uv_size": [0.5, -1.5]}
							}
						},
						{
							"origin": [-0.57, 22.1625, -48.0125],
							"size": [1.14, 0.57, 1.5675],
							"uv": {
								"north": {"uv": [48, 88], "uv_size": [1, 0.5]},
								"east": {"uv": [87, 82], "uv_size": [1.5, 0.5]},
								"south": {"uv": [88, 48], "uv_size": [1, 0.5]},
								"west": {"uv": [87, 85], "uv_size": [1.5, 0.5]},
								"up": {"uv": [84, 80], "uv_size": [1, 1.5]},
								"down": {"uv": [82, 85.5], "uv_size": [1, -1.5]}
							}
						},
						{
							"origin": [-0.57, 20.595, -48.51],
							"size": [1.14, 1.425, 19.1075],
							"uv": {
								"north": {"uv": [84, 82], "uv_size": [1, 1.5]},
								"east": {"uv": [53, 32], "uv_size": [19, 1.5]},
								"south": {"uv": [83, 84], "uv_size": [1, 1.5]},
								"west": {"uv": [53, 34], "uv_size": [19, 1.5]},
								"up": {"uv": [46, 52], "uv_size": [1, 19]},
								"down": {"uv": [36, 77], "uv_size": [1, -19]}
							}
						},
						{
							"origin": [-0.94875, 18.66505, -30.1975],
							"size": [1.88, 0.855, 1.425],
							"uv": {
								"north": {"uv": [54, 83], "uv_size": [2, 1]},
								"east": {"uv": [85, 2], "uv_size": [1.5, 1]},
								"south": {"uv": [57, 83], "uv_size": [2, 1]},
								"west": {"uv": [3, 85], "uv_size": [1.5, 1]},
								"up": {"uv": [30, 81], "uv_size": [2, 1.5]},
								"down": {"uv": [40, 82.5], "uv_size": [2, -1.5]}
							}
						},
						{
							"origin": [0.9867, 18.57991, -30.1975],
							"size": [0.855, 0.925, 1.425],
							"pivot": [1.48545, 19.71991, -28.085],
							"rotation": [0, 0, 45],
							"uv": {
								"north": {"uv": [4, 87], "uv_size": [1, 1]},
								"east": {"uv": [84, 84], "uv_size": [1.5, 1]},
								"south": {"uv": [5, 87], "uv_size": [1, 1]},
								"west": {"uv": [0, 85], "uv_size": [1.5, 1]},
								"up": {"uv": [85, 0], "uv_size": [1, 1.5]},
								"down": {"uv": [2, 86.5], "uv_size": [1, -1.5]}
							}
						},
						{
							"origin": [-0.12718, 19.31597, -30.1975],
							"size": [1.7125, 2.3, 1.425],
							"uv": {
								"north": {"uv": [54, 80], "uv_size": [1.5, 2.5]},
								"east": {"uv": [71, 80], "uv_size": [1.5, 2.5]},
								"south": {"uv": [78, 80], "uv_size": [1.5, 2.5]},
								"west": {"uv": [80, 80], "uv_size": [1.5, 2.5]},
								"up": {"uv": [6, 83], "uv_size": [1.5, 1.5]},
								"down": {"uv": [8, 84.5], "uv_size": [1.5, -1.5]}
							}
						},
						{
							"origin": [0.09982, 21.00065, -30.1975],
							"size": [0.855, 0.925, 1.425],
							"pivot": [0.52732, 22.0694, -29.485],
							"rotation": [0, 0, -45],
							"uv": {
								"north": {"uv": [87, 10], "uv_size": [1, 1]},
								"east": {"uv": [85, 16], "uv_size": [1.5, 1]},
								"south": {"uv": [12, 87], "uv_size": [1, 1]},
								"west": {"uv": [85, 17], "uv_size": [1.5, 1]},
								"up": {"uv": [85, 18], "uv_size": [1, 1.5]},
								"down": {"uv": [19, 86.5], "uv_size": [1, -1.5]}
							}
						},
						{
							"origin": [-0.94875, 21.41505, -30.1975],
							"size": [1.88, 0.855, 1.425],
							"uv": {
								"north": {"uv": [59, 83], "uv_size": [2, 1]},
								"east": {"uv": [85, 10], "uv_size": [1.5, 1]},
								"south": {"uv": [61, 83], "uv_size": [2, 1]},
								"west": {"uv": [14, 85], "uv_size": [1.5, 1]},
								"up": {"uv": [51, 81], "uv_size": [2, 1.5]},
								"down": {"uv": [57, 82.5], "uv_size": [2, -1.5]}
							}
						},
						{
							"origin": [-0.9253, 20.9294, -30.1975],
							"size": [0.855, 0.925, 1.425],
							"pivot": [-0.42655, 22.0694, -29.485],
							"rotation": [0, 0, 45],
							"uv": {
								"north": {"uv": [87, 8], "uv_size": [1, 1]},
								"east": {"uv": [8, 85], "uv_size": [1.5, 1]},
								"south": {"uv": [87, 9], "uv_size": [1, 1]},
								"west": {"uv": [85, 9], "uv_size": [1.5, 1]},
								"up": {"uv": [12, 85], "uv_size": [1, 1.5]},
								"down": {"uv": [13, 86.5], "uv_size": [1, -1.5]}
							}
						},
						{
							"origin": [-1.58532, 19.31597, -30.1975],
							"size": [1.7125, 2.3, 1.425],
							"uv": {
								"north": {"uv": [19, 80], "uv_size": [1.5, 2.5]},
								"east": {"uv": [21, 80], "uv_size": [1.5, 2.5]},
								"south": {"uv": [23, 80], "uv_size": [1.5, 2.5]},
								"west": {"uv": [33, 80], "uv_size": [1.5, 2.5]},
								"up": {"uv": [2, 83], "uv_size": [1.5, 1.5]},
								"down": {"uv": [4, 84.5], "uv_size": [1.5, -1.5]}
							}
						},
						{
							"origin": [-1.81218, 18.65116, -30.1975],
							"size": [0.855, 0.925, 1.425],
							"pivot": [-1.38468, 19.71991, -28.085],
							"rotation": [0, 0, -45],
							"uv": {
								"north": {"uv": [7, 87], "uv_size": [1, 1]},
								"east": {"uv": [85, 3], "uv_size": [1.5, 1]},
								"south": {"uv": [87, 7], "uv_size": [1, 1]},
								"west": {"uv": [5, 85], "uv_size": [1.5, 1]},
								"up": {"uv": [7, 85], "uv_size": [1, 1.5]},
								"down": {"uv": [85, 8.5], "uv_size": [1, -1.5]}
							}
						},
						{
							"origin": [-0.285, 22.895, -0.425],
							"size": [0.57, 0.35, 0.2],
							"uv": {
								"north": {"uv": [89, 46], "uv_size": [0.5, 0.5]},
								"east": {"uv": [47, 89], "uv_size": [0.5, 0.5]},
								"south": {"uv": [89, 47], "uv_size": [0.5, 0.5]},
								"west": {"uv": [48, 89], "uv_size": [0.5, 0.5]},
								"up": {"uv": [89, 48], "uv_size": [0.5, 0.5]},
								"down": {"uv": [49, 89.5], "uv_size": [0.5, -0.5]}
							}
						},
						{
							"origin": [-0.185, 22.895, -0.675],
							"size": [0.37, 0.2, 0.25],
							"uv": {
								"north": {"uv": [89, 84], "uv_size": [0.5, 0.5]},
								"east": {"uv": [85, 89], "uv_size": [0.5, 0.5]},
								"south": {"uv": [89, 85], "uv_size": [0.5, 0.5]},
								"west": {"uv": [86, 89], "uv_size": [0.5, 0.5]},
								"up": {"uv": [89, 86], "uv_size": [0.5, 0.5]},
								"down": {"uv": [87, 89.5], "uv_size": [0.5, -0.5]}
							}
						},
						{
							"origin": [-0.185, 22.895, -1.225],
							"size": [0.37, 0.2, 0.2],
							"uv": {
								"north": {"uv": [4, 90], "uv_size": [0.5, 0.5]},
								"east": {"uv": [90, 4], "uv_size": [0.5, 0.5]},
								"south": {"uv": [5, 90], "uv_size": [0.5, 0.5]},
								"west": {"uv": [90, 5], "uv_size": [0.5, 0.5]},
								"up": {"uv": [6, 90], "uv_size": [0.5, 0.5]},
								"down": {"uv": [90, 6.5], "uv_size": [0.5, -0.5]}
							}
						},
						{
							"origin": [-0.21429, 23.68613, -0.425],
							"size": [0.42858, 0.17, 0.2],
							"uv": {
								"north": {"uv": [89, 49], "uv_size": [0.5, 0.5]},
								"east": {"uv": [50, 89], "uv_size": [0.5, 0.5]},
								"south": {"uv": [89, 50], "uv_size": [0.5, 0.5]},
								"west": {"uv": [51, 89], "uv_size": [0.5, 0.5]},
								"up": {"uv": [89, 51], "uv_size": [0.5, 0.5]},
								"down": {"uv": [52, 89.5], "uv_size": [0.5, -0.5]}
							}
						},
						{
							"origin": [0.23521, 22.895, -0.425],
							"size": [0.17021, 0.77021, 0.2],
							"uv": {
								"north": {"uv": [88, 75], "uv_size": [0.5, 1]},
								"east": {"uv": [88, 76], "uv_size": [0.5, 1]},
								"south": {"uv": [88, 78], "uv_size": [0.5, 1]},
								"west": {"uv": [88, 79], "uv_size": [0.5, 1]},
								"up": {"uv": [89, 52], "uv_size": [0.5, 0.5]},
								"down": {"uv": [53, 89.5], "uv_size": [0.5, -0.5]}
							}
						},
						{
							"origin": [0.185, 22.895, -1.025],
							"size": [0.2, 0.2, 0.6],
							"uv": {
								"north": {"uv": [89, 87], "uv_size": [0.5, 0.5]},
								"east": {"uv": [88, 89], "uv_size": [0.5, 0.5]},
								"south": {"uv": [89, 88], "uv_size": [0.5, 0.5]},
								"west": {"uv": [89, 89], "uv_size": [0.5, 0.5]},
								"up": {"uv": [0, 90], "uv_size": [0.5, 0.5]},
								"down": {"uv": [90, 0.5], "uv_size": [0.5, -0.5]}
							}
						},
						{
							"origin": [-0.385, 22.895, -1.025],
							"size": [0.2, 0.2, 0.6],
							"uv": {
								"north": {"uv": [1, 90], "uv_size": [0.5, 0.5]},
								"east": {"uv": [90, 1], "uv_size": [0.5, 0.5]},
								"south": {"uv": [2, 90], "uv_size": [0.5, 0.5]},
								"west": {"uv": [90, 2], "uv_size": [0.5, 0.5]},
								"up": {"uv": [3, 90], "uv_size": [0.5, 0.5]},
								"down": {"uv": [90, 3.5], "uv_size": [0.5, -0.5]}
							}
						},
						{
							"origin": [-0.4527, 22.895, -1.41441],
							"size": [0.2, 0.2, 0.28284],
							"pivot": [-0.54749, 23.47271, -0.99657],
							"rotation": [0, -45, 0],
							"uv": {
								"north": {"uv": [7, 90], "uv_size": [0.5, 0.5]},
								"east": {"uv": [90, 7], "uv_size": [0.5, 0.5]},
								"south": {"uv": [8, 90], "uv_size": [0.5, 0.5]},
								"west": {"uv": [90, 8], "uv_size": [0.5, 0.5]},
								"up": {"uv": [9, 90], "uv_size": [0.5, 0.5]},
								"down": {"uv": [90, 9.5], "uv_size": [0.5, -0.5]}
							}
						},
						{
							"origin": [-0.31429, 22.895, -0.76713],
							"size": [0.2, 0.2, 0.28284],
							"pivot": [-0.21429, 22.995, -0.62571],
							"rotation": [0, 45, 0],
							"uv": {
								"north": {"uv": [13, 90], "uv_size": [0.5, 0.5]},
								"east": {"uv": [90, 13], "uv_size": [0.5, 0.5]},
								"south": {"uv": [14, 90], "uv_size": [0.5, 0.5]},
								"west": {"uv": [90, 14], "uv_size": [0.5, 0.5]},
								"up": {"uv": [15, 90], "uv_size": [0.5, 0.5]},
								"down": {"uv": [90, 15.5], "uv_size": [0.5, -0.5]}
							}
						},
						{
							"origin": [0.11429, 22.895, -0.76713],
							"size": [0.2, 0.2, 0.28284],
							"pivot": [0.21429, 22.995, -0.62571],
							"rotation": [0, -45, 0],
							"uv": {
								"north": {"uv": [16, 90], "uv_size": [0.5, 0.5]},
								"east": {"uv": [90, 16], "uv_size": [0.5, 0.5]},
								"south": {"uv": [17, 90], "uv_size": [0.5, 0.5]},
								"west": {"uv": [90, 17], "uv_size": [0.5, 0.5]},
								"up": {"uv": [18, 90], "uv_size": [0.5, 0.5]},
								"down": {"uv": [90, 18.5], "uv_size": [0.5, -0.5]}
							}
						},
						{
							"origin": [0.3668, 22.895, -1.13894],
							"size": [0.2, 0.2, 0.28285],
							"pivot": [0.27201, 23.47271, -0.72109],
							"rotation": [0, 45, 0],
							"uv": {
								"north": {"uv": [10, 90], "uv_size": [0.5, 0.5]},
								"east": {"uv": [90, 10], "uv_size": [0.5, 0.5]},
								"south": {"uv": [11, 90], "uv_size": [0.5, 0.5]},
								"west": {"uv": [90, 11], "uv_size": [0.5, 0.5]},
								"up": {"uv": [12, 90], "uv_size": [0.5, 0.5]},
								"down": {"uv": [90, 12.5], "uv_size": [0.5, -0.5]}
							}
						},
						{
							"origin": [-0.40521, 22.895, -0.425],
							"size": [0.17021, 0.77021, 0.2],
							"uv": {
								"north": {"uv": [88, 80], "uv_size": [0.5, 1]},
								"east": {"uv": [88, 81], "uv_size": [0.5, 1]},
								"south": {"uv": [86, 88], "uv_size": [0.5, 1]},
								"west": {"uv": [88, 86], "uv_size": [0.5, 1]},
								"up": {"uv": [89, 53], "uv_size": [0.5, 0.5]},
								"down": {"uv": [54, 89.5], "uv_size": [0.5, -0.5]}
							}
						},
						{
							"origin": [-0.05432, 23.30918, -0.425],
							"size": [0.17, 0.27, 0.2],
							"pivot": [-0.16932, 23.83668, -0.04],
							"rotation": [0, 0, -45],
							"uv": {
								"north": {"uv": [89, 54], "uv_size": [0.5, 0.5]},
								"east": {"uv": [55, 89], "uv_size": [0.5, 0.5]},
								"south": {"uv": [89, 55], "uv_size": [0.5, 0.5]},
								"west": {"uv": [56, 89], "uv_size": [0.5, 0.5]},
								"up": {"uv": [89, 56], "uv_size": [0.5, 0.5]},
								"down": {"uv": [57, 89.5], "uv_size": [0.5, -0.5]}
							}
						},
						{
							"origin": [0.50076, 23.10131, -0.425],
							"size": [0.17, 0.27, 0.2],
							"pivot": [0.38576, 23.62881, -0.04],
							"rotation": [0, 0, 45],
							"uv": {
								"north": {"uv": [89, 76], "uv_size": [0.5, 0.5]},
								"east": {"uv": [77, 89], "uv_size": [0.5, 0.5]},
								"south": {"uv": [89, 77], "uv_size": [0.5, 0.5]},
								"west": {"uv": [78, 89], "uv_size": [0.5, 0.5]},
								"up": {"uv": [89, 78], "uv_size": [0.5, 0.5]},
								"down": {"uv": [79, 89.5], "uv_size": [0.5, -0.5]}
							}
						},
						{
							"origin": [0.28432, 22.54623, -0.425],
							"size": [0.17, 0.27, 0.2],
							"pivot": [0.16932, 23.07373, -0.04],
							"rotation": [0, 0, 135],
							"uv": {
								"north": {"uv": [89, 79], "uv_size": [0.5, 0.5]},
								"east": {"uv": [80, 89], "uv_size": [0.5, 0.5]},
								"south": {"uv": [89, 80], "uv_size": [0.5, 0.5]},
								"west": {"uv": [81, 89], "uv_size": [0.5, 0.5]},
								"up": {"uv": [89, 81], "uv_size": [0.5, 0.5]},
								"down": {"uv": [82, 89.5], "uv_size": [0.5, -0.5]}
							}
						},
						{
							"origin": [-0.58289, 23.40918, -0.425],
							"size": [0.27, 0.17, 0.2],
							"pivot": [-0.59789, 23.83668, -0.04],
							"rotation": [0, 0, -45],
							"uv": {
								"north": {"uv": [89, 57], "uv_size": [0.5, 0.5]},
								"east": {"uv": [58, 89], "uv_size": [0.5, 0.5]},
								"south": {"uv": [89, 58], "uv_size": [0.5, 0.5]},
								"west": {"uv": [59, 89], "uv_size": [0.5, 0.5]},
								"up": {"uv": [89, 59], "uv_size": [0.5, 0.5]},
								"down": {"uv": [60, 89.5], "uv_size": [0.5, -0.5]}
							}
						}
					]
				},
				{
					"name": "scope",
					"parent": "main",
					"pivot": [0, 23.45, 5.2],
					"cubes": [
						{"origin": [-0.5, 22.95, 4.7], "size": [1, 1, 1], "inflate": -0.4, "uv": [32, 2]}
					]
				},
				{
					"name": "bolt",
					"parent": "main",
					"pivot": [0, 0, 0],
					"cubes": [
						{
							"origin": [-1.6025, 21.17094, -10.67162],
							"size": [0.5, 0.75, 2.65],
							"uv": {
								"north": {"uv": [3, 89], "uv_size": [0.5, 1]},
								"east": {"uv": [82, 34], "uv_size": [2.5, 1]},
								"south": {"uv": [4, 89], "uv_size": [0.5, 1]},
								"west": {"uv": [45, 82], "uv_size": [2.5, 1]},
								"up": {"uv": [79, 86], "uv_size": [0.5, 2.5]},
								"down": {"uv": [86, 82.5], "uv_size": [0.5, -2.5]}
							}
						},
						{
							"origin": [-1.6025, 21.17094, -18.92162],
							"size": [0.5, 0.65, 8.25],
							"uv": {
								"north": {"uv": [89, 70], "uv_size": [0.5, 0.5]},
								"east": {"uv": [77, 11], "uv_size": [8.5, 0.5]},
								"south": {"uv": [71, 89], "uv_size": [0.5, 0.5]},
								"west": {"uv": [78, 31], "uv_size": [8.5, 0.5]},
								"up": {"uv": [18, 79], "uv_size": [0.5, 8.5]},
								"down": {"uv": [25, 87.5], "uv_size": [0.5, -8.5]}
							}
						},
						{
							"origin": [-2.8525, 21.17094, -8.52162],
							"size": [1.25, 0.75, 0.5],
							"uv": {
								"north": {"uv": [85, 54], "uv_size": [1.5, 1]},
								"east": {"uv": [5, 89], "uv_size": [0.5, 1]},
								"south": {"uv": [55, 85], "uv_size": [1.5, 1]},
								"west": {"uv": [89, 5], "uv_size": [0.5, 1]},
								"up": {"uv": [88, 7], "uv_size": [1.5, 0.5]},
								"down": {"uv": [88, 8.5], "uv_size": [1.5, -0.5]}
							}
						},
						{
							"origin": [-1.20605, 21.1245, -8.52162],
							"size": [0.75, 0.65, 0.5],
							"uv": {
								"north": {"uv": [14, 89], "uv_size": [1, 0.5]},
								"east": {"uv": [89, 73], "uv_size": [0.5, 0.5]},
								"south": {"uv": [15, 89], "uv_size": [1, 0.5]},
								"west": {"uv": [74, 89], "uv_size": [0.5, 0.5]},
								"up": {"uv": [16, 89], "uv_size": [1, 0.5]},
								"down": {"uv": [89, 16.5], "uv_size": [1, -0.5]}
							}
						},
						{
							"origin": [0.76796, 26.0083, -10.67162],
							"size": [0.75, 0.5, 1.9],
							"pivot": [3.01546, 22.4408, -6.59662],
							"rotation": [0, 0, -67.5],
							"uv": {
								"north": {"uv": [1, 89], "uv_size": [1, 0.5]},
								"east": {"uv": [31, 87], "uv_size": [2, 0.5]},
								"south": {"uv": [2, 89], "uv_size": [1, 0.5]},
								"west": {"uv": [87, 31], "uv_size": [2, 0.5]},
								"up": {"uv": [81, 83], "uv_size": [1, 2]},
								"down": {"uv": [84, 9], "uv_size": [1, -2]}
							}
						},
						{
							"origin": [0.05097, 23.37923, -10.67162],
							"size": [0.75, 0.5, 1.4],
							"pivot": [2.54847, 19.81173, -6.59662],
							"rotation": [0, 0, -22.5],
							"uv": {
								"north": {"uv": [88, 88], "uv_size": [1, 0.5]},
								"east": {"uv": [5, 88], "uv_size": [1.5, 0.5]},
								"south": {"uv": [0, 89], "uv_size": [1, 0.5]},
								"west": {"uv": [88, 6], "uv_size": [1.5, 0.5]},
								"up": {"uv": [53, 85], "uv_size": [1, 1.5]},
								"down": {"uv": [54, 86.5], "uv_size": [1, -1.5]}
							}
						},
						{
							"origin": [-0.5, 21.4245, -9.37162],
							"size": [1, 0.35, 6.35],
							"uv": {
								"north": {"uv": [89, 12], "uv_size": [1, 0.5]},
								"east": {"uv": [81, 53], "uv_size": [6.5, 0.5]},
								"south": {"uv": [13, 89], "uv_size": [1, 0.5]},
								"west": {"uv": [81, 58], "uv_size": [6.5, 0.5]},
								"up": {"uv": [35, 72], "uv_size": [1, 6.5]},
								"down": {"uv": [39, 81.5], "uv_size": [1, -6.5]}
							}
						},
						{
							"origin": [-2.64031, 19.11908, -9.37162],
							"size": [0.4, 0.5, 6.35],
							"pivot": [1.05719, 18.05158, 3.05338],
							"rotation": [0, 0, 45],
							"uv": {
								"north": {"uv": [89, 71], "uv_size": [0.5, 0.5]},
								"east": {"uv": [81, 49], "uv_size": [6.5, 0.5]},
								"south": {"uv": [72, 89], "uv_size": [0.5, 0.5]},
								"west": {"uv": [81, 50], "uv_size": [6.5, 0.5]},
								"up": {"uv": [73, 80], "uv_size": [0.5, 6.5]},
								"down": {"uv": [16, 87.5], "uv_size": [0.5, -6.5]}
							}
						},
						{
							"origin": [-6.57292, 20.98231, -9.37162],
							"size": [0.4, 0.5, 6.35],
							"pivot": [-2.87542, 19.91481, 3.05338],
							"rotation": [0, 0, 135],
							"uv": {
								"north": {"uv": [89, 72], "uv_size": [0.5, 0.5]},
								"east": {"uv": [81, 51], "uv_size": [6.5, 0.5]},
								"south": {"uv": [73, 89], "uv_size": [0.5, 0.5]},
								"west": {"uv": [81, 52], "uv_size": [6.5, 0.5]},
								"up": {"uv": [17, 81], "uv_size": [0.5, 6.5]},
								"down": {"uv": [29, 87.5], "uv_size": [0.5, -6.5]}
							}
						},
						{
							"origin": [-0.8025, 21.17094, -9.37162],
							"size": [1.65, 0.25, 6.35],
							"uv": {
								"north": {"uv": [88, 9], "uv_size": [1.5, 0.5]},
								"east": {"uv": [81, 47], "uv_size": [6.5, 0.5]},
								"south": {"uv": [10, 88], "uv_size": [1.5, 0.5]},
								"west": {"uv": [81, 48], "uv_size": [6.5, 0.5]},
								"up": {"uv": [29, 70], "uv_size": [1.5, 6.5]},
								"down": {"uv": [43, 77.5], "uv_size": [1.5, -6.5]}
							}
						}
					]
				},
				{
					"name": "magazine",
					"parent": "main",
					"pivot": [3, 0, 0]
				},
				{
					"name": "mag",
					"parent": "magazine",
					"pivot": [3, 0, 0],
					"cubes": [
						{
							"origin": [-0.89, 11.42778, -8.77029],
							"size": [1.78, 8.175, 3.9625],
							"uv": {
								"north": {"uv": [17, 64], "uv_size": [2, 8]},
								"east": {"uv": [36, 50], "uv_size": [4, 8]},
								"south": {"uv": [19, 64], "uv_size": [2, 8]},
								"west": {"uv": [50, 46], "uv_size": [4, 8]},
								"up": {"uv": [45, 71], "uv_size": [2, 4]},
								"down": {"uv": [37, 76], "uv_size": [2, -4]}
							}
						}
					]
				},
				{
					"name": "bulletloaded",
					"parent": "magazine",
					"pivot": [0.485, 13.7125, -7.44],
					"rotation": [0, 0, -30],
					"cubes": [
						{
							"origin": [2.59, 18.62778, -7.77029],
							"size": [0.8, 0.8, 2.7125],
							"pivot": [2.99, 19.02778, -6.78904],
							"rotation": [0, 0, -30],
							"uv": {
								"north": {"uv": [65, 87], "uv_size": [1, 1]},
								"east": {"uv": [82, 64], "uv_size": [2.5, 1]},
								"south": {"uv": [66, 87], "uv_size": [1, 1]},
								"west": {"uv": [82, 65], "uv_size": [2.5, 1]},
								"up": {"uv": [39, 82], "uv_size": [1, 2.5]},
								"down": {"uv": [63, 84.5], "uv_size": [1, -2.5]}
							}
						},
						{
							"origin": [2.59, 18.62778, -8.52029],
							"size": [0.8, 0.8, 0.7625],
							"pivot": [2.99, 19.02778, -9.53904],
							"rotation": [0, 0, -30],
							"uv": {
								"north": {"uv": [87, 66], "uv_size": [1, 1]},
								"east": {"uv": [67, 87], "uv_size": [1, 1]},
								"south": {"uv": [87, 67], "uv_size": [1, 1]},
								"west": {"uv": [68, 87], "uv_size": [1, 1]},
								"up": {"uv": [87, 68], "uv_size": [1, 1]},
								"down": {"uv": [69, 88], "uv_size": [1, -1]}
							}
						}
					]
				}
			]
		}
	]
}