{
	"format_version": "1.12.0",
	"minecraft:geometry": [
		{
			"description": {
				"identifier": "geometry.unknown",
				"texture_width": 128,
				"texture_height": 128,
				"visible_bounds_width": 8,
				"visible_bounds_height": 5,
				"visible_bounds_offset": [0, 1.5, 0]
			},
			"bones": [
				{
					"name": "main",
					"pivot": [0, 19, 4]
				},
				{
					"name": "rightarm",
					"parent": "main",
					"pivot": [-4.3, 9.8, 25.8],
					"rotation": [-101.81106, -12.40003, -2.46982],
					"cubes": [
						{"origin": [-8.3, -14.2, 21.8], "size": [8, 24, 8], "uv": [64, 88]}
					]
				},
				{
					"name": "leftarm",
					"parent": "main",
					"pivot": [10.7, 10.3, -4.6],
					"rotation": [-119.61483, 1.67666, -38.31282],
					"cubes": [
						{"origin": [5.7, -11.7, -8.6], "size": [8, 24, 8], "uv": [88, 64]}
					]
				},
				{
					"name": "muzzleflash",
					"parent": "main",
					"pivot": [0, 22.6, -66.75],
					"mirror": true,
					"cubes": [
						{"origin": [-0.5, 22.1, -67.55], "size": [1, 1, 1], "inflate": -0.4, "uv": [0, 0], "mirror": false}
					]
				},
				{
					"name": "scope",
					"parent": "main",
					"pivot": [0, 24.7, 5.75],
					"cubes": [
						{"origin": [-0.5, 24.35, 5.45], "size": [1, 1, 1], "inflate": -0.4, "uv": [0, 2]}
					]
				},
				{
					"name": "gun",
					"parent": "main",
					"pivot": [0, 50.16, -6.98],
					"cubes": [
						{
							"origin": [-1.8525, 17.1, -10.81],
							"size": [3.705, 4.1325, 16.9375],
							"uv": {
								"north": {"uv": [54, 63], "uv_size": [3.5, 4]},
								"east": {"uv": [4, 0], "uv_size": [17, 4]},
								"south": {"uv": [58, 63], "uv_size": [3.5, 4]},
								"west": {"uv": [21, 0], "uv_size": [17, 4]},
								"up": {"uv": [28, 4], "uv_size": [3.5, 17]},
								"down": {"uv": [28, 38], "uv_size": [3.5, -17]}
							}
						},
						{
							"origin": [-0.64, 15.675, -0.9975],
							"size": [1.28, 1.425, 1.425],
							"uv": {
								"north": {"uv": [80, 29], "uv_size": [1.5, 1.5]},
								"east": {"uv": [80, 37], "uv_size": [1.5, 1.5]},
								"south": {"uv": [80, 42], "uv_size": [1.5, 1.5]},
								"west": {"uv": [80, 51], "uv_size": [1.5, 1.5]},
								"up": {"uv": [80, 78], "uv_size": [1.5, 1.5]},
								"down": {"uv": [80, 81.5], "uv_size": [1.5, -1.5]}
							}
						},
						{
							"origin": [-0.64, 15.675, 3.99],
							"size": [1.28, 1.425, 0.7125],
							"uv": {
								"north": {"uv": [81, 0], "uv_size": [1.5, 1.5]},
								"east": {"uv": [71, 86], "uv_size": [0.5, 1.5]},
								"south": {"uv": [81, 2], "uv_size": [1.5, 1.5]},
								"west": {"uv": [72, 86], "uv_size": [0.5, 1.5]},
								"up": {"uv": [73, 86], "uv_size": [1.5, 0.5]},
								"down": {"uv": [75, 86.5], "uv_size": [1.5, -0.5]}
							}
						},
						{
							"origin": [-0.64, 14.49162, 2.79088],
							"size": [1.28, 0.855, 0.7125],
							"pivot": [2.85, 12.49662, 4.92838],
							"rotation": [-22.5, 0, 0],
							"uv": {
								"north": {"uv": [7, 83], "uv_size": [1.5, 1]},
								"east": {"uv": [38, 87], "uv_size": [0.5, 1]},
								"south": {"uv": [9, 83], "uv_size": [1.5, 1]},
								"west": {"uv": [87, 38], "uv_size": [0.5, 1]},
								"up": {"uv": [86, 76], "uv_size": [1.5, 0.5]},
								"down": {"uv": [86, 77.5], "uv_size": [1.5, -0.5]}
							}
						},
						{
							"origin": [-0.64, 15.925, 2.565],
							"size": [1.28, 1.175, 0.5],
							"uv": {
								"north": {"uv": [11, 83], "uv_size": [1.5, 1]},
								"east": {"uv": [39, 87], "uv_size": [0.5, 1]},
								"south": {"uv": [83, 14], "uv_size": [1.5, 1]},
								"west": {"uv": [87, 39], "uv_size": [0.5, 1]},
								"up": {"uv": [86, 78], "uv_size": [1.5, 0.5]},
								"down": {"uv": [79, 86.5], "uv_size": [1.5, -0.5]}
							}
						},
						{
							"origin": [-0.64, 15.15755, 2.41235],
							"size": [1.28, 0.855, 0.5],
							"pivot": [0, 15.58505, 2.7686],
							"rotation": [-22.5, 0, 0],
							"uv": {
								"north": {"uv": [83, 15], "uv_size": [1.5, 1]},
								"east": {"uv": [40, 87], "uv_size": [0.5, 1]},
								"south": {"uv": [16, 83], "uv_size": [1.5, 1]},
								"west": {"uv": [87, 40], "uv_size": [0.5, 1]},
								"up": {"uv": [86, 79], "uv_size": [1.5, 0.5]},
								"down": {"uv": [86, 80.5], "uv_size": [1.5, -0.5]}
							}
						},
						{
							"origin": [-0.64, 14.69437, 3.41652],
							"size": [1.28, 0.6125, 0.855],
							"pivot": [0, 15.05062, 3.84402],
							"rotation": [22.5, 0, 0],
							"uv": {
								"north": {"uv": [86, 81], "uv_size": [1.5, 0.5]},
								"east": {"uv": [41, 87], "uv_size": [1, 0.5]},
								"south": {"uv": [86, 82], "uv_size": [1.5, 0.5]},
								"west": {"uv": [87, 41], "uv_size": [1, 0.5]},
								"up": {"uv": [83, 16], "uv_size": [1.5, 1]},
								"down": {"uv": [83, 18], "uv_size": [1.5, -1]}
							}
						},
						{
							"origin": [-0.64, 14.55789, 0.30789],
							"size": [1.28, 0.57, 3.2775],
							"uv": {
								"north": {"uv": [86, 83], "uv_size": [1.5, 0.5]},
								"east": {"uv": [82, 78], "uv_size": [3.5, 0.5]},
								"south": {"uv": [86, 84], "uv_size": [1.5, 0.5]},
								"west": {"uv": [82, 79], "uv_size": [3.5, 0.5]},
								"up": {"uv": [54, 74], "uv_size": [1.5, 3.5]},
								"down": {"uv": [56, 77.5], "uv_size": [1.5, -3.5]}
							}
						},
						{
							"origin": [-0.64, 14.69437, 0.13902],
							"size": [1.28, 3.2775, 0.57],
							"pivot": [0, 15.05062, 0.56652],
							"rotation": [22.5, 0, 0],
							"uv": {
								"north": {"uv": [63, 74], "uv_size": [1.5, 3.5]},
								"east": {"uv": [80, 82], "uv_size": [0.5, 3.5]},
								"south": {"uv": [65, 74], "uv_size": [1.5, 3.5]},
								"west": {"uv": [82, 80], "uv_size": [0.5, 3.5]},
								"up": {"uv": [86, 85], "uv_size": [1.5, 0.5]},
								"down": {"uv": [86, 86.5], "uv_size": [1.5, -0.5]}
							}
						},
						{
							"origin": [-1.675, 20.9325, 1.55],
							"size": [3.35, 1.3175, 4.365],
							"uv": {
								"north": {"uv": [74, 46], "uv_size": [3.5, 1.5]},
								"east": {"uv": [8, 73], "uv_size": [4.5, 1.5]},
								"south": {"uv": [67, 74], "uv_size": [3.5, 1.5]},
								"west": {"uv": [13, 73], "uv_size": [4.5, 1.5]},
								"up": {"uv": [61, 38], "uv_size": [3.5, 4.5]},
								"down": {"uv": [61, 47.5], "uv_size": [3.5, -4.5]}
							}
						},
						{
							"origin": [-0.9103, 21.25778, 1.55],
							"size": [1.8, 1.3175, 4.365],
							"uv": {
								"north": {"uv": [49, 78], "uv_size": [2, 1.5]},
								"east": {"uv": [18, 73], "uv_size": [4.5, 1.5]},
								"south": {"uv": [78, 51], "uv_size": [2, 1.5]},
								"west": {"uv": [73, 33], "uv_size": [4.5, 1.5]},
								"up": {"uv": [70, 15], "uv_size": [2, 4.5]},
								"down": {"uv": [70, 24.5], "uv_size": [2, -4.5]}
							}
						},
						{
							"origin": [-1.59876, 21.86674, 1.55],
							"size": [0.85, 0.5675, 4.365],
							"pivot": [-1.17376, 22.15049, 3.4825],
							"rotation": [0, 0, -22.5],
							"uv": {
								"north": {"uv": [56, 87], "uv_size": [1, 0.5]},
								"east": {"uv": [81, 46], "uv_size": [4.5, 0.5]},
								"south": {"uv": [87, 56], "uv_size": [1, 0.5]},
								"west": {"uv": [81, 47], "uv_size": [4.5, 0.5]},
								"up": {"uv": [20, 77], "uv_size": [1, 4.5]},
								"down": {"uv": [21, 81.5], "uv_size": [1, -4.5]}
							}
						},
						{
							"origin": [0.74876, 21.86674, 1.55],
							"size": [0.85, 0.5675, 4.365],
							"pivot": [1.17376, 22.15049, 3.4825],
							"rotation": [0, 0, 22.5],
							"uv": {
								"north": {"uv": [55, 87], "uv_size": [1, 0.5]},
								"east": {"uv": [80, 49], "uv_size": [4.5, 0.5]},
								"south": {"uv": [87, 55], "uv_size": [1, 0.5]},
								"west": {"uv": [81, 34], "uv_size": [4.5, 0.5]},
								"up": {"uv": [4, 77], "uv_size": [1, 4.5]},
								"down": {"uv": [19, 81.5], "uv_size": [1, -4.5]}
							}
						},
						{
							"origin": [0.975, 21.0325, -8.85],
							"size": [0.7, 1.5675, 7.515],
							"uv": {
								"north": {"uv": [81, 86], "uv_size": [0.5, 1.5]},
								"east": {"uv": [54, 67], "uv_size": [7.5, 1.5]},
								"south": {"uv": [87, 0], "uv_size": [0.5, 1.5]},
								"west": {"uv": [67, 62], "uv_size": [7.5, 1.5]},
								"up": {"uv": [77, 76], "uv_size": [0.5, 7.5]},
								"down": {"uv": [0, 85.5], "uv_size": [0.5, -7.5]}
							}
						},
						{
							"origin": [1.075, 21.2825, -3.35],
							"size": [0.7, 1.0675, 1.015],
							"pivot": [1.425, 21.81625, -2.8425],
							"rotation": [0, 0, 10],
							"uv": {
								"north": {"uv": [3, 0], "uv_size": [0.5, 1]},
								"east": {"uv": [0, 0], "uv_size": [1, 1]},
								"south": {"uv": [3, 2], "uv_size": [0.5, 1]},
								"west": {"uv": [0, 2], "uv_size": [1, 1]},
								"up": {"uv": [64, 88], "uv_size": [0.5, 1]},
								"down": {"uv": [88, 65], "uv_size": [0.5, -1]}
							}
						},
						{
							"origin": [-1.675, 21.2325, -1.35],
							"size": [3.35, 1.5675, 3.415],
							"uv": {
								"north": {"uv": [71, 74], "uv_size": [3.5, 1.5]},
								"east": {"uv": [7, 75], "uv_size": [3.5, 1.5]},
								"south": {"uv": [11, 75], "uv_size": [3.5, 1.5]},
								"west": {"uv": [15, 75], "uv_size": [3.5, 1.5]},
								"up": {"uv": [66, 15], "uv_size": [3.5, 3.5]},
								"down": {"uv": [66, 22.5], "uv_size": [3.5, -3.5]}
							}
						},
						{
							"origin": [-1.675, 21.2325, -10.85],
							"size": [0.6, 0.8175, 9.515],
							"uv": {
								"north": {"uv": [57, 87], "uv_size": [0.5, 1]},
								"east": {"uv": [69, 40], "uv_size": [9.5, 1]},
								"south": {"uv": [87, 57], "uv_size": [0.5, 1]},
								"west": {"uv": [69, 41], "uv_size": [9.5, 1]},
								"up": {"uv": [35, 76], "uv_size": [0.5, 9.5]},
								"down": {"uv": [62, 85.5], "uv_size": [0.5, -9.5]}
							}
						},
						{
							"origin": [0.975, 21.0325, -12.35],
							"size": [0.7, 1.3675, 3.515],
							"uv": {
								"north": {"uv": [1, 87], "uv_size": [0.5, 1.5]},
								"east": {"uv": [19, 75], "uv_size": [3.5, 1.5]},
								"south": {"uv": [2, 87], "uv_size": [0.5, 1.5]},
								"west": {"uv": [75, 62], "uv_size": [3.5, 1.5]},
								"up": {"uv": [81, 82], "uv_size": [0.5, 3.5]},
								"down": {"uv": [83, 3.5], "uv_size": [0.5, -3.5]}
							}
						},
						{
							"origin": [0.88508, 21.90317, -8.56418],
							"size": [0.4, 1, 9.815],
							"uv": {
								"north": {"uv": [42, 87], "uv_size": [0.5, 1]},
								"east": {"uv": [66, 52], "uv_size": [10, 1]},
								"south": {"uv": [87, 42], "uv_size": [0.5, 1]},
								"west": {"uv": [69, 36], "uv_size": [10, 1]},
								"up": {"uv": [23, 4], "uv_size": [0.5, 10]},
								"down": {"uv": [51, 83], "uv_size": [0.5, -10]}
							}
						},
						{
							"origin": [-1.425, 22.8, -2.46],
							"size": [2.85, 0.7125, 3.775],
							"uv": {
								"north": {"uv": [83, 65], "uv_size": [3, 0.5]},
								"east": {"uv": [82, 28], "uv_size": [4, 0.5]},
								"south": {"uv": [83, 66], "uv_size": [3, 0.5]},
								"west": {"uv": [82, 29], "uv_size": [4, 0.5]},
								"up": {"uv": [40, 66], "uv_size": [3, 4]},
								"down": {"uv": [12, 71], "uv_size": [3, -4]}
							}
						},
						{
							"origin": [-1.425, 22.8, 1.29],
							"size": [2.85, 0.4625, 0.525],
							"uv": {
								"north": {"uv": [67, 83], "uv_size": [3, 0.5]},
								"east": {"uv": [62, 88], "uv_size": [0.5, 0.5]},
								"south": {"uv": [83, 67], "uv_size": [3, 0.5]},
								"west": {"uv": [88, 62], "uv_size": [0.5, 0.5]},
								"up": {"uv": [83, 68], "uv_size": [3, 0.5]},
								"down": {"uv": [83, 69.5], "uv_size": [3, -0.5]}
							}
						},
						{
							"origin": [-1.675, 22.29161, 1.96387],
							"size": [3.35, 0.7125, 1.525],
							"pivot": [0, 22.64786, 1.50137],
							"rotation": [-22.5, 0, 0],
							"uv": {
								"north": {"uv": [83, 4], "uv_size": [3.5, 0.5]},
								"east": {"uv": [87, 2], "uv_size": [1.5, 0.5]},
								"south": {"uv": [83, 5], "uv_size": [3.5, 0.5]},
								"west": {"uv": [87, 34], "uv_size": [1.5, 0.5]},
								"up": {"uv": [76, 68], "uv_size": [3.5, 1.5]},
								"down": {"uv": [71, 77.5], "uv_size": [3.5, -1.5]}
							}
						},
						{
							"origin": [-1.175, 23.1625, 1.34],
							"size": [2.35, 0.9625, 0.275],
							"pivot": [0, 23.76875, 1.4775],
							"rotation": [10, 0, 0],
							"uv": {
								"north": {"uv": [80, 21], "uv_size": [2.5, 1]},
								"east": {"uv": [51, 87], "uv_size": [0.5, 1]},
								"south": {"uv": [80, 22], "uv_size": [2.5, 1]},
								"west": {"uv": [87, 51], "uv_size": [0.5, 1]},
								"up": {"uv": [86, 3], "uv_size": [2.5, 0.5]},
								"down": {"uv": [6, 86.5], "uv_size": [2.5, -0.5]}
							}
						},
						{
							"origin": [-1.425, 23.67033, -2.43895],
							"size": [2.85, 0.6125, 0.4625],
							"pivot": [0, 23.92658, -3.5077],
							"rotation": [-40, 0, 0],
							"uv": {
								"north": {"uv": [83, 18], "uv_size": [3, 0.5]},
								"east": {"uv": [59, 87], "uv_size": [0.5, 0.5]},
								"south": {"uv": [83, 19], "uv_size": [3, 0.5]},
								"west": {"uv": [87, 59], "uv_size": [0.5, 0.5]},
								"up": {"uv": [83, 20], "uv_size": [3, 0.5]},
								"down": {"uv": [83, 21.5], "uv_size": [3, -0.5]}
							}
						},
						{
							"origin": [1.14, 23.5125, 0.64],
							"size": [0.285, 1.675, 0.64],
							"uv": {
								"north": {"uv": [3, 87], "uv_size": [0.5, 1.5]},
								"east": {"uv": [87, 4], "uv_size": [0.5, 1.5]},
								"south": {"uv": [6, 87], "uv_size": [0.5, 1.5]},
								"west": {"uv": [87, 6], "uv_size": [0.5, 1.5]},
								"up": {"uv": [60, 87], "uv_size": [0.5, 0.5]},
								"down": {"uv": [87, 60.5], "uv_size": [0.5, -0.5]}
							}
						},
						{
							"origin": [0.42, 23.74449, 0.48784],
							"size": [0.755, 0.855, 1.04],
							"pivot": [0.7975, 23.97199, 1.05784],
							"rotation": [45, 0, 0],
							"uv": {
								"north": {"uv": [60, 41], "uv_size": [1, 1]},
								"east": {"uv": [43, 64], "uv_size": [1, 1]},
								"south": {"uv": [71, 14], "uv_size": [1, 1]},
								"west": {"uv": [23, 73], "uv_size": [1, 1]},
								"up": {"uv": [7, 74], "uv_size": [1, 1]},
								"down": {"uv": [76, 53], "uv_size": [1, -1]}
							}
						},
						{
							"origin": [-1.175, 23.74449, 0.48784],
							"size": [0.755, 0.855, 1.04],
							"pivot": [-0.7975, 23.97199, 1.05784],
							"rotation": [45, 0, 0],
							"uv": {
								"north": {"uv": [80, 25], "uv_size": [1, 1]},
								"east": {"uv": [18, 81], "uv_size": [1, 1]},
								"south": {"uv": [51, 83], "uv_size": [1, 1]},
								"west": {"uv": [74, 83], "uv_size": [1, 1]},
								"up": {"uv": [4, 84], "uv_size": [1, 1]},
								"down": {"uv": [22, 85], "uv_size": [1, -1]}
							}
						},
						{
							"origin": [-0.385, 23.12, 0.39],
							"size": [0.77, 1.005, 1.14],
							"uv": {
								"north": {"uv": [66, 86], "uv_size": [1, 1]},
								"east": {"uv": [86, 66], "uv_size": [1, 1]},
								"south": {"uv": [67, 86], "uv_size": [1, 1]},
								"west": {"uv": [86, 67], "uv_size": [1, 1]},
								"up": {"uv": [68, 86], "uv_size": [1, 1]},
								"down": {"uv": [86, 69], "uv_size": [1, -1]}
							}
						},
						{
							"origin": [-0.185, 24.475, 0.975],
							"size": [0.37, 0.22, 0.17],
							"uv": {
								"north": {"uv": [61, 87], "uv_size": [0.5, 0.5]},
								"east": {"uv": [87, 61], "uv_size": [0.5, 0.5]},
								"south": {"uv": [62, 87], "uv_size": [0.5, 0.5]},
								"west": {"uv": [87, 62], "uv_size": [0.5, 0.5]},
								"up": {"uv": [63, 87], "uv_size": [0.5, 0.5]},
								"down": {"uv": [87, 63.5], "uv_size": [0.5, -0.5]}
							}
						},
						{
							"origin": [-0.185, 24.075, 0.975],
							"size": [0.37, 0.42, 0.17],
							"uv": {
								"north": {"uv": [57, 88], "uv_size": [0.5, 0.5]},
								"east": {"uv": [88, 57], "uv_size": [0.5, 0.5]},
								"south": {"uv": [58, 88], "uv_size": [0.5, 0.5]},
								"west": {"uv": [88, 58], "uv_size": [0.5, 0.5]},
								"up": {"uv": [59, 88], "uv_size": [0.5, 0.5]},
								"down": {"uv": [88, 59.5], "uv_size": [0.5, -0.5]}
							}
						},
						{
							"origin": [-0.185, 25.06542, 0.975],
							"size": [0.37, 0.22, 0.17],
							"uv": {
								"north": {"uv": [64, 87], "uv_size": [0.5, 0.5]},
								"east": {"uv": [87, 64], "uv_size": [0.5, 0.5]},
								"south": {"uv": [65, 87], "uv_size": [0.5, 0.5]},
								"west": {"uv": [87, 65], "uv_size": [0.5, 0.5]},
								"up": {"uv": [66, 87], "uv_size": [0.5, 0.5]},
								"down": {"uv": [87, 66.5], "uv_size": [0.5, -0.5]}
							}
						},
						{
							"origin": [0.19127, 24.68914, 0.975],
							"size": [0.22, 0.37, 0.17],
							"uv": {
								"north": {"uv": [67, 87], "uv_size": [0.5, 0.5]},
								"east": {"uv": [87, 67], "uv_size": [0.5, 0.5]},
								"south": {"uv": [68, 87], "uv_size": [0.5, 0.5]},
								"west": {"uv": [87, 68], "uv_size": [0.5, 0.5]},
								"up": {"uv": [69, 87], "uv_size": [0.5, 0.5]},
								"down": {"uv": [70, 87.5], "uv_size": [0.5, -0.5]}
							}
						},
						{
							"origin": [-0.41127, 24.68914, 0.975],
							"size": [0.22, 0.37, 0.17],
							"uv": {
								"north": {"uv": [87, 70], "uv_size": [0.5, 0.5]},
								"east": {"uv": [87, 71], "uv_size": [0.5, 0.5]},
								"south": {"uv": [87, 72], "uv_size": [0.5, 0.5]},
								"west": {"uv": [73, 87], "uv_size": [0.5, 0.5]},
								"up": {"uv": [87, 73], "uv_size": [0.5, 0.5]},
								"down": {"uv": [74, 87.5], "uv_size": [0.5, -0.5]}
							}
						},
						{
							"origin": [-0.08361, 24.26847, 0.975],
							"size": [0.32, 0.22, 0.17],
							"pivot": [-0.19861, 24.69597, 1.26],
							"rotation": [0, 0, -45],
							"uv": {
								"north": {"uv": [87, 74], "uv_size": [0.5, 0.5]},
								"east": {"uv": [75, 87], "uv_size": [0.5, 0.5]},
								"south": {"uv": [76, 87], "uv_size": [0.5, 0.5]},
								"west": {"uv": [77, 87], "uv_size": [0.5, 0.5]},
								"up": {"uv": [78, 87], "uv_size": [0.5, 0.5]},
								"down": {"uv": [79, 87.5], "uv_size": [0.5, -0.5]}
							}
						},
						{
							"origin": [-0.13361, 24.68847, 0.975],
							"size": [0.22, 0.32, 0.17],
							"pivot": [-0.19861, 25.26597, 1.26],
							"rotation": [0, 0, -45],
							"uv": {
								"north": {"uv": [80, 87], "uv_size": [0.5, 0.5]},
								"east": {"uv": [82, 87], "uv_size": [0.5, 0.5]},
								"south": {"uv": [83, 87], "uv_size": [0.5, 0.5]},
								"west": {"uv": [84, 87], "uv_size": [0.5, 0.5]},
								"up": {"uv": [85, 87], "uv_size": [0.5, 0.5]},
								"down": {"uv": [86, 87.5], "uv_size": [0.5, -0.5]}
							}
						},
						{
							"origin": [-0.45361, 24.26847, 0.975],
							"size": [0.22, 0.32, 0.17],
							"pivot": [-0.56861, 24.69597, 1.26],
							"rotation": [0, 0, -45],
							"uv": {
								"north": {"uv": [87, 87], "uv_size": [0.5, 0.5]},
								"east": {"uv": [88, 0], "uv_size": [0.5, 0.5]},
								"south": {"uv": [88, 1], "uv_size": [0.5, 0.5]},
								"west": {"uv": [88, 4], "uv_size": [0.5, 0.5]},
								"up": {"uv": [88, 5], "uv_size": [0.5, 0.5]},
								"down": {"uv": [88, 6.5], "uv_size": [0.5, -0.5]}
							}
						},
						{
							"origin": [-0.60361, 24.78847, 0.975],
							"size": [0.32, 0.22, 0.17],
							"pivot": [-0.56861, 25.26597, 1.26],
							"rotation": [0, 0, -45],
							"uv": {
								"north": {"uv": [88, 7], "uv_size": [0.5, 0.5]},
								"east": {"uv": [88, 8], "uv_size": [0.5, 0.5]},
								"south": {"uv": [88, 9], "uv_size": [0.5, 0.5]},
								"west": {"uv": [88, 10], "uv_size": [0.5, 0.5]},
								"up": {"uv": [88, 11], "uv_size": [0.5, 0.5]},
								"down": {"uv": [88, 12.5], "uv_size": [0.5, -0.5]}
							}
						},
						{
							"origin": [-1.425, 23.46941, -1.39801],
							"size": [2.85, 0.57, 1.995],
							"pivot": [0, 23.61191, 0.02699],
							"rotation": [22.5, 0, 0],
							"uv": {
								"north": {"uv": [83, 22], "uv_size": [3, 0.5]},
								"east": {"uv": [10, 86], "uv_size": [2, 0.5]},
								"south": {"uv": [83, 23], "uv_size": [3, 0.5]},
								"west": {"uv": [86, 10], "uv_size": [2, 0.5]},
								"up": {"uv": [73, 37], "uv_size": [3, 2]},
								"down": {"uv": [73, 44], "uv_size": [3, -2]}
							}
						},
						{
							"origin": [-1.995, 23.2275, 0.39],
							"size": [3.99, 0.855, 0.855],
							"uv": {
								"north": {"uv": [72, 24], "uv_size": [4, 1]},
								"east": {"uv": [86, 11], "uv_size": [1, 1]},
								"south": {"uv": [77, 57], "uv_size": [4, 1]},
								"west": {"uv": [86, 12], "uv_size": [1, 1]},
								"up": {"uv": [77, 58], "uv_size": [4, 1]},
								"down": {"uv": [77, 60], "uv_size": [4, -1]}
							}
						},
						{
							"origin": [1.425, 23.0425, 0.105],
							"size": [0.855, 1.425, 1.425],
							"pivot": [1.8525, 23.755, 0.8175],
							"rotation": [22.5, 0, 0],
							"uv": {
								"north": {"uv": [20, 83], "uv_size": [1, 1.5]},
								"east": {"uv": [81, 4], "uv_size": [1.5, 1.5]},
								"south": {"uv": [21, 83], "uv_size": [1, 1.5]},
								"west": {"uv": [7, 81], "uv_size": [1.5, 1.5]},
								"up": {"uv": [83, 24], "uv_size": [1, 1.5]},
								"down": {"uv": [29, 84.5], "uv_size": [1, -1.5]}
							}
						},
						{
							"origin": [-2.28, 23.0425, 0.105],
							"size": [0.855, 1.425, 1.425],
							"pivot": [-1.81, 23.755, 0.8175],
							"rotation": [22.5, 0, 0],
							"uv": {
								"north": {"uv": [85, 82], "uv_size": [1, 1.5]},
								"east": {"uv": [82, 12], "uv_size": [1.5, 1.5]},
								"south": {"uv": [83, 85], "uv_size": [1, 1.5]},
								"west": {"uv": [18, 82], "uv_size": [1.5, 1.5]},
								"up": {"uv": [84, 85], "uv_size": [1, 1.5]},
								"down": {"uv": [85, 86.5], "uv_size": [1, -1.5]}
							}
						},
						{
							"origin": [-2.38, 23.5425, 0.105],
							"size": [0.105, 0.425, 1.425],
							"pivot": [-2.66, 23.755, 0.8175],
							"rotation": [22.5, 0, 0],
							"uv": {
								"north": {"uv": [63, 88], "uv_size": [0.5, 0.5]},
								"east": {"uv": [35, 87], "uv_size": [1.5, 0.5]},
								"south": {"uv": [88, 63], "uv_size": [0.5, 0.5]},
								"west": {"uv": [87, 35], "uv_size": [1.5, 0.5]},
								"up": {"uv": [87, 36], "uv_size": [0.5, 1.5]},
								"down": {"uv": [37, 88.5], "uv_size": [0.5, -1.5]}
							}
						},
						{
							"origin": [-1.425, 23.5125, 0.64],
							"size": [0.285, 1.675, 0.64],
							"uv": {
								"north": {"uv": [7, 87], "uv_size": [0.5, 1.5]},
								"east": {"uv": [8, 87], "uv_size": [0.5, 1.5]},
								"south": {"uv": [87, 8], "uv_size": [0.5, 1.5]},
								"west": {"uv": [10, 87], "uv_size": [0.5, 1.5]},
								"up": {"uv": [13, 88], "uv_size": [0.5, 0.5]},
								"down": {"uv": [88, 13.5], "uv_size": [0.5, -0.5]}
							}
						},
						{
							"origin": [-1.425, 23.26097, 1.19653],
							"size": [0.285, 1.475, 0.535],
							"uv": {
								"north": {"uv": [11, 87], "uv_size": [0.5, 1.5]},
								"east": {"uv": [87, 11], "uv_size": [0.5, 1.5]},
								"south": {"uv": [12, 87], "uv_size": [0.5, 1.5]},
								"west": {"uv": [87, 13], "uv_size": [0.5, 1.5]},
								"up": {"uv": [14, 88], "uv_size": [0.5, 0.5]},
								"down": {"uv": [88, 14.5], "uv_size": [0.5, -0.5]}
							}
						},
						{
							"origin": [1.14, 23.26097, 1.19653],
							"size": [0.285, 1.475, 0.535],
							"uv": {
								"north": {"uv": [87, 15], "uv_size": [0.5, 1.5]},
								"east": {"uv": [87, 17], "uv_size": [0.5, 1.5]},
								"south": {"uv": [87, 19], "uv_size": [0.5, 1.5]},
								"west": {"uv": [20, 87], "uv_size": [0.5, 1.5]},
								"up": {"uv": [15, 88], "uv_size": [0.5, 0.5]},
								"down": {"uv": [88, 15.5], "uv_size": [0.5, -0.5]}
							}
						},
						{
							"origin": [-1.425, 24.96271, 0.75966],
							"size": [0.285, 0.385, 0.635],
							"pivot": [0, 24.63521, 0.82466],
							"rotation": [-45, 0, 0],
							"uv": {
								"north": {"uv": [16, 88], "uv_size": [0.5, 0.5]},
								"east": {"uv": [88, 16], "uv_size": [0.5, 0.5]},
								"south": {"uv": [17, 88], "uv_size": [0.5, 0.5]},
								"west": {"uv": [88, 17], "uv_size": [0.5, 0.5]},
								"up": {"uv": [18, 88], "uv_size": [0.5, 0.5]},
								"down": {"uv": [88, 18.5], "uv_size": [0.5, -0.5]}
							}
						},
						{
							"origin": [1.14, 24.96271, 0.75966],
							"size": [0.285, 0.385, 0.635],
							"pivot": [0, 24.63521, 0.82466],
							"rotation": [-45, 0, 0],
							"uv": {
								"north": {"uv": [19, 88], "uv_size": [0.5, 0.5]},
								"east": {"uv": [88, 19], "uv_size": [0.5, 0.5]},
								"south": {"uv": [88, 20], "uv_size": [0.5, 0.5]},
								"west": {"uv": [88, 21], "uv_size": [0.5, 0.5]},
								"up": {"uv": [88, 22], "uv_size": [0.5, 0.5]},
								"down": {"uv": [88, 23.5], "uv_size": [0.5, -0.5]}
							}
						},
						{
							"origin": [1.14, 24.77558, 0.34965],
							"size": [0.285, 0.415, 0.385],
							"pivot": [1.2825, 24.91808, 0.49215],
							"rotation": [-56, 0, 0],
							"uv": {
								"north": {"uv": [51, 88], "uv_size": [0.5, 0.5]},
								"east": {"uv": [88, 51], "uv_size": [0.5, 0.5]},
								"south": {"uv": [52, 88], "uv_size": [0.5, 0.5]},
								"west": {"uv": [88, 52], "uv_size": [0.5, 0.5]},
								"up": {"uv": [53, 88], "uv_size": [0.5, 0.5]},
								"down": {"uv": [88, 53.5], "uv_size": [0.5, -0.5]}
							}
						},
						{
							"origin": [-1.425, 24.77558, 0.34965],
							"size": [0.285, 0.415, 0.385],
							"pivot": [-1.2825, 24.91808, 0.49215],
							"rotation": [-56, 0, 0],
							"uv": {
								"north": {"uv": [54, 88], "uv_size": [0.5, 0.5]},
								"east": {"uv": [88, 54], "uv_size": [0.5, 0.5]},
								"south": {"uv": [55, 88], "uv_size": [0.5, 0.5]},
								"west": {"uv": [88, 55], "uv_size": [0.5, 0.5]},
								"up": {"uv": [56, 88], "uv_size": [0.5, 0.5]},
								"down": {"uv": [88, 56.5], "uv_size": [0.5, -0.5]}
							}
						},
						{
							"origin": [-1.425, 23.94934, 0.14371],
							"size": [0.285, 1.8875, 0.7125],
							"pivot": [-2.1375, 25.01809, -1.99379],
							"rotation": [-22.5, 0, 0],
							"uv": {
								"north": {"uv": [13, 86], "uv_size": [0.5, 2]},
								"east": {"uv": [14, 86], "uv_size": [0.5, 2]},
								"south": {"uv": [15, 86], "uv_size": [0.5, 2]},
								"west": {"uv": [16, 86], "uv_size": [0.5, 2]},
								"up": {"uv": [88, 24], "uv_size": [0.5, 0.5]},
								"down": {"uv": [25, 88.5], "uv_size": [0.5, -0.5]}
							}
						},
						{
							"origin": [1.14, 23.94934, 0.14371],
							"size": [0.285, 1.8875, 0.7125],
							"pivot": [0, 25.01809, -1.99379],
							"rotation": [-22.5, 0, 0],
							"uv": {
								"north": {"uv": [17, 86], "uv_size": [0.5, 2]},
								"east": {"uv": [18, 86], "uv_size": [0.5, 2]},
								"south": {"uv": [86, 18], "uv_size": [0.5, 2]},
								"west": {"uv": [19, 86], "uv_size": [0.5, 2]},
								"up": {"uv": [88, 25], "uv_size": [0.5, 0.5]},
								"down": {"uv": [88, 26.5], "uv_size": [0.5, -0.5]}
							}
						},
						{
							"origin": [-0.1475, 19.595, -34.3725],
							"size": [2, 2.3575, 23.575],
							"uv": {
								"north": {"uv": [0, 75], "uv_size": [2, 2.5]},
								"east": {"uv": [32, 4], "uv_size": [23.5, 2.5]},
								"south": {"uv": [33, 76], "uv_size": [2, 2.5]},
								"west": {"uv": [32, 7], "uv_size": [23.5, 2.5]},
								"up": {"uv": [32, 14], "uv_size": [2, 23.5]},
								"down": {"uv": [34, 37.5], "uv_size": [2, -23.5]}
							}
						},
						{
							"origin": [-0.1475, 21.01531, -11.23581],
							"size": [2, 0.85, 0.575],
							"pivot": [0.8525, 21.56531, -10.94831],
							"rotation": [22.5, 0, 0],
							"uv": {
								"north": {"uv": [82, 51], "uv_size": [2, 1]},
								"east": {"uv": [58, 87], "uv_size": [0.5, 1]},
								"south": {"uv": [82, 52], "uv_size": [2, 1]},
								"west": {"uv": [87, 58], "uv_size": [0.5, 1]},
								"up": {"uv": [69, 86], "uv_size": [2, 0.5]},
								"down": {"uv": [86, 69.5], "uv_size": [2, -0.5]}
							}
						},
						{
							"origin": [-1.8525, 19.595, -34.6225],
							"size": [1.75, 2.3575, 11.775],
							"uv": {
								"north": {"uv": [75, 76], "uv_size": [2, 2.5]},
								"east": {"uv": [45, 42], "uv_size": [12, 2.5]},
								"south": {"uv": [77, 0], "uv_size": [2, 2.5]},
								"west": {"uv": [45, 45], "uv_size": [12, 2.5]},
								"up": {"uv": [28, 49], "uv_size": [2, 12]},
								"down": {"uv": [30, 61], "uv_size": [2, -12]}
							}
						},
						{
							"origin": [-1.8525, 19.095, -22.8725],
							"size": [2, 2.3575, 12.075],
							"uv": {
								"north": {"uv": [2, 77], "uv_size": [2, 2.5]},
								"east": {"uv": [24, 46], "uv_size": [12, 2.5]},
								"south": {"uv": [77, 3], "uv_size": [2, 2.5]},
								"west": {"uv": [0, 47], "uv_size": [12, 2.5]},
								"up": {"uv": [32, 49], "uv_size": [2, 12]},
								"down": {"uv": [34, 61], "uv_size": [2, -12]}
							}
						},
						{
							"origin": [-1.8525, 18.34772, -34.37307],
							"size": [3.705, 1.64, 21.0875],
							"pivot": [0, 18.91772, -18.20432],
							"rotation": [-4, 0, 0],
							"uv": {
								"north": {"uv": [75, 70], "uv_size": [3.5, 1.5]},
								"east": {"uv": [24, 42], "uv_size": [21, 1.5]},
								"south": {"uv": [75, 72], "uv_size": [3.5, 1.5]},
								"west": {"uv": [24, 44], "uv_size": [21, 1.5]},
								"up": {"uv": [16, 14], "uv_size": [3.5, 21]},
								"down": {"uv": [20, 35], "uv_size": [3.5, -21]}
							}
						},
						{
							"origin": [-1.8525, 12.47387, 6.74903],
							"size": [3.705, 6.4125, 1.425],
							"pivot": [0, 15.68012, 7.21153],
							"rotation": [40, 0, 0],
							"uv": {
								"north": {"uv": [0, 50], "uv_size": [3.5, 6.5]},
								"east": {"uv": [58, 69], "uv_size": [1.5, 6.5]},
								"south": {"uv": [4, 50], "uv_size": [3.5, 6.5]},
								"west": {"uv": [60, 69], "uv_size": [1.5, 6.5]},
								"up": {"uv": [75, 74], "uv_size": [3.5, 1.5]},
								"down": {"uv": [76, 15.5], "uv_size": [3.5, -1.5]}
							}
						},
						{
							"origin": [-1.8525, 15.64241, 6.91788],
							"size": [3.705, 1.425, 1.8125],
							"pivot": [2.85, 22.76741, 9.44288],
							"rotation": [-22.5, 0, 0],
							"uv": {
								"north": {"uv": [76, 16], "uv_size": [3.5, 1.5]},
								"east": {"uv": [59, 12], "uv_size": [2, 1.5]},
								"south": {"uv": [76, 18], "uv_size": [3.5, 1.5]},
								"west": {"uv": [78, 29], "uv_size": [2, 1.5]},
								"up": {"uv": [24, 40], "uv_size": [3.5, 2]},
								"down": {"uv": [72, 16], "uv_size": [3.5, -2]}
							}
						},
						{
							"origin": [-1.8525, 17.62427, -14.28328],
							"size": [3.705, 2.495, 3.9175],
							"pivot": [0, 18.62177, -12.07453],
							"rotation": [-20, 0, 0],
							"uv": {
								"north": {"uv": [70, 29], "uv_size": [3.5, 2.5]},
								"east": {"uv": [69, 37], "uv_size": [4, 2.5]},
								"south": {"uv": [36, 70], "uv_size": [3.5, 2.5]},
								"west": {"uv": [54, 69], "uv_size": [4, 2.5]},
								"up": {"uv": [63, 62], "uv_size": [3.5, 4]},
								"down": {"uv": [16, 68], "uv_size": [3.5, -4]}
							}
						},
						{
							"origin": [-1.8525, 17.63226, 14.32348],
							"size": [3.705, 1.425, 5.7],
							"uv": {
								"north": {"uv": [76, 20], "uv_size": [3.5, 1.5]},
								"east": {"uv": [70, 25], "uv_size": [5.5, 1.5]},
								"south": {"uv": [76, 22], "uv_size": [3.5, 1.5]},
								"west": {"uv": [70, 49], "uv_size": [5.5, 1.5]},
								"up": {"uv": [0, 41], "uv_size": [3.5, 5.5]},
								"down": {"uv": [4, 46.5], "uv_size": [3.5, -5.5]}
							}
						},
						{
							"origin": [-1.8525, 17.34726, 20.02348],
							"size": [3.705, 1.425, 5.7],
							"uv": {
								"north": {"uv": [76, 24], "uv_size": [3.5, 1.5]},
								"east": {"uv": [63, 70], "uv_size": [5.5, 1.5]},
								"south": {"uv": [76, 37], "uv_size": [3.5, 1.5]},
								"west": {"uv": [69, 70], "uv_size": [5.5, 1.5]},
								"up": {"uv": [56, 0], "uv_size": [3.5, 5.5]},
								"down": {"uv": [57, 19.5], "uv_size": [3.5, -5.5]}
							}
						},
						{
							"origin": [-1.8525, 17.06226, 25.72348],
							"size": [3.705, 1.425, 5.7],
							"uv": {
								"north": {"uv": [76, 42], "uv_size": [3.5, 1.5]},
								"east": {"uv": [8, 71], "uv_size": [5.5, 1.5]},
								"south": {"uv": [76, 48], "uv_size": [3.5, 1.5]},
								"west": {"uv": [71, 12], "uv_size": [5.5, 1.5]},
								"up": {"uv": [57, 20], "uv_size": [3.5, 5.5]},
								"down": {"uv": [57, 47.5], "uv_size": [3.5, -5.5]}
							}
						},
						{
							"origin": [-1.8525, 16.77726, 31.42348],
							"size": [3.705, 1.425, 4.9875],
							"uv": {
								"north": {"uv": [58, 76], "uv_size": [3.5, 1.5]},
								"east": {"uv": [14, 71], "uv_size": [5, 1.5]},
								"south": {"uv": [76, 64], "uv_size": [3.5, 1.5]},
								"west": {"uv": [19, 71], "uv_size": [5, 1.5]},
								"up": {"uv": [58, 48], "uv_size": [3.5, 5]},
								"down": {"uv": [58, 58], "uv_size": [3.5, -5]}
							}
						},
						{
							"origin": [-1.8525, 12.64476, 14.61098],
							"size": [3.705, 4.9875, 21.8],
							"uv": {
								"north": {"uv": [58, 58], "uv_size": [3.5, 5]},
								"east": {"uv": [0, 4], "uv_size": [23, 5]},
								"south": {"uv": [59, 7], "uv_size": [3.5, 5]},
								"west": {"uv": [0, 9], "uv_size": [23, 5]},
								"up": {"uv": [8, 14], "uv_size": [3.5, 23]},
								"down": {"uv": [12, 37], "uv_size": [3.5, -23]}
							}
						},
						{
							"origin": [-1.8525, 10.50726, 18.88348],
							"size": [3.705, 2.1375, 17.5275],
							"uv": {
								"north": {"uv": [72, 16], "uv_size": [3.5, 2]},
								"east": {"uv": [38, 0], "uv_size": [17.5, 2]},
								"south": {"uv": [72, 18], "uv_size": [3.5, 2]},
								"west": {"uv": [38, 2], "uv_size": [17.5, 2]},
								"up": {"uv": [24, 4], "uv_size": [3.5, 17.5]},
								"down": {"uv": [24, 39.5], "uv_size": [3.5, -17.5]}
							}
						},
						{
							"origin": [-1.8525, 8.36976, 24.29848],
							"size": [3.705, 2.1375, 12.1125],
							"uv": {
								"north": {"uv": [72, 20], "uv_size": [3.5, 2]},
								"east": {"uv": [48, 38], "uv_size": [12, 2]},
								"south": {"uv": [72, 22], "uv_size": [3.5, 2]},
								"west": {"uv": [48, 40], "uv_size": [12, 2]},
								"up": {"uv": [16, 35], "uv_size": [3.5, 12]},
								"down": {"uv": [20, 47], "uv_size": [3.5, -12]}
							}
						},
						{
							"origin": [-1.8525, 6.23226, 29.28598],
							"size": [3.705, 2.1375, 7.125],
							"uv": {
								"north": {"uv": [29, 72], "uv_size": [3.5, 2]},
								"east": {"uv": [36, 64], "uv_size": [7, 2]},
								"south": {"uv": [54, 72], "uv_size": [3.5, 2]},
								"west": {"uv": [8, 65], "uv_size": [7, 2]},
								"up": {"uv": [48, 48], "uv_size": [3.5, 7]},
								"down": {"uv": [24, 56], "uv_size": [3.5, -7]}
							}
						},
						{
							"origin": [-1.8525, 5.2618, 31.80689],
							"size": [3.705, 2.85, 4.275],
							"pivot": [2.85, 6.3448, 31.52189],
							"rotation": [-22.5, 0, 0],
							"uv": {
								"north": {"uv": [57, 26], "uv_size": [3.5, 3]},
								"east": {"uv": [65, 42], "uv_size": [4.5, 3]},
								"south": {"uv": [20, 68], "uv_size": [3.5, 3]},
								"west": {"uv": [43, 65], "uv_size": [4.5, 3]},
								"up": {"uv": [62, 12], "uv_size": [3.5, 4.5]},
								"down": {"uv": [62, 21.5], "uv_size": [3.5, -4.5]}
							}
						},
						{
							"origin": [-1.8525, 14.40909, 8.39307],
							"size": [3.705, 1.425, 3.8475],
							"pivot": [0, 15.12159, 12.45432],
							"rotation": [22.5, 0, 0],
							"uv": {
								"north": {"uv": [76, 66], "uv_size": [3.5, 1.5]},
								"east": {"uv": [73, 44], "uv_size": [4, 1.5]},
								"south": {"uv": [67, 76], "uv_size": [3.5, 1.5]},
								"west": {"uv": [74, 29], "uv_size": [4, 1.5]},
								"up": {"uv": [20, 64], "uv_size": [3.5, 4]},
								"down": {"uv": [65, 42], "uv_size": [3.5, -4]}
							}
						},
						{
							"origin": [-1.8525, 14.57, 7.5525],
							"size": [3.705, 2.85, 4.56],
							"uv": {
								"north": {"uv": [29, 69], "uv_size": [3.5, 3]},
								"east": {"uv": [65, 45], "uv_size": [4.5, 3]},
								"south": {"uv": [69, 33], "uv_size": [3.5, 3]},
								"west": {"uv": [66, 12], "uv_size": [4.5, 3]},
								"up": {"uv": [62, 22], "uv_size": [3.5, 4.5]},
								"down": {"uv": [62, 52.5], "uv_size": [3.5, -4.5]}
							}
						},
						{
							"origin": [-1.8525, 3.8825, 8.55],
							"size": [3.705, 2.1375, 25.8625],
							"pivot": [2.85, 3.8825, 34.6275],
							"rotation": [-22.5, 0, 0],
							"uv": {
								"north": {"uv": [63, 72], "uv_size": [3.5, 2]},
								"east": {"uv": [32, 10], "uv_size": [26.5, 2]},
								"south": {"uv": [72, 64], "uv_size": [3.5, 2]},
								"west": {"uv": [32, 12], "uv_size": [26.5, 2]},
								"up": {"uv": [0, 14], "uv_size": [3.5, 26.5]},
								"down": {"uv": [4, 40.5], "uv_size": [3.5, -26.5]}
							}
						},
						{
							"origin": [-1.8525, 13.09822, 7.11414],
							"size": [3.705, 3.5625, 9.2625],
							"pivot": [0, 17.37322, 14.95164],
							"rotation": [-22.5, 0, 0],
							"uv": {
								"north": {"uv": [66, 23], "uv_size": [3.5, 3.5]},
								"east": {"uv": [28, 38], "uv_size": [9.5, 3.5]},
								"south": {"uv": [66, 29], "uv_size": [3.5, 3.5]},
								"west": {"uv": [38, 38], "uv_size": [9.5, 3.5]},
								"up": {"uv": [8, 37], "uv_size": [3.5, 9.5]},
								"down": {"uv": [12, 46.5], "uv_size": [3.5, -9.5]}
							}
						},
						{
							"origin": [-1.8525, 18.79987, 4.86775],
							"size": [3.705, 3.5625, 2.5625],
							"pivot": [0, 20.22487, 8.14275],
							"rotation": [45, 0, 0],
							"uv": {
								"north": {"uv": [36, 66], "uv_size": [3.5, 3.5]},
								"east": {"uv": [40, 70], "uv_size": [2.5, 3.5]},
								"south": {"uv": [66, 48], "uv_size": [3.5, 3.5]},
								"west": {"uv": [70, 42], "uv_size": [2.5, 3.5]},
								"up": {"uv": [70, 46], "uv_size": [3.5, 2.5]},
								"down": {"uv": [48, 72.5], "uv_size": [3.5, -2.5]}
							}
						},
						{
							"origin": [-1.8525, 16.315, 11.115],
							"size": [3.705, 2.3875, 3.5625],
							"pivot": [0, 17.99, 13.60875],
							"rotation": [22.5, 0, 0],
							"uv": {
								"north": {"uv": [72, 66], "uv_size": [3.5, 2]},
								"east": {"uv": [67, 72], "uv_size": [3.5, 2]},
								"south": {"uv": [72, 68], "uv_size": [3.5, 2]},
								"west": {"uv": [71, 72], "uv_size": [3.5, 2]},
								"up": {"uv": [63, 66], "uv_size": [3.5, 3.5]},
								"down": {"uv": [8, 70.5], "uv_size": [3.5, -3.5]}
							}
						},
						{
							"origin": [-0.755, 20.3775, -65.0475],
							"size": [1.51, 3.135, 2.1375],
							"uv": {
								"north": {"uv": [7, 77], "uv_size": [1.5, 3]},
								"east": {"uv": [51, 26], "uv_size": [2, 3]},
								"south": {"uv": [9, 77], "uv_size": [1.5, 3]},
								"west": {"uv": [44, 74], "uv_size": [2, 3]},
								"up": {"uv": [78, 46], "uv_size": [1.5, 2]},
								"down": {"uv": [47, 80], "uv_size": [1.5, -2]}
							}
						},
						{
							"origin": [0.47, 23.4125, -64.7625],
							"size": [0.285, 1.25, 1.5675],
							"uv": {
								"north": {"uv": [21, 87], "uv_size": [0.5, 1.5]},
								"east": {"uv": [9, 81], "uv_size": [1.5, 1.5]},
								"south": {"uv": [87, 21], "uv_size": [0.5, 1.5]},
								"west": {"uv": [11, 81], "uv_size": [1.5, 1.5]},
								"up": {"uv": [22, 87], "uv_size": [0.5, 1.5]},
								"down": {"uv": [23, 88.5], "uv_size": [0.5, -1.5]}
							}
						},
						{
							"origin": [0.44831, 24.55344, -64.7625],
							"size": [0.285, 0.75, 1.5675],
							"pivot": [0.73331, 24.55344, -64.7625],
							"rotation": [0, 0, 22.5],
							"uv": {
								"north": {"uv": [43, 87], "uv_size": [0.5, 1]},
								"east": {"uv": [83, 26], "uv_size": [1.5, 1]},
								"south": {"uv": [87, 43], "uv_size": [0.5, 1]},
								"west": {"uv": [30, 83], "uv_size": [1.5, 1]},
								"up": {"uv": [87, 23], "uv_size": [0.5, 1.5]},
								"down": {"uv": [24, 88.5], "uv_size": [0.5, -1.5]}
							}
						},
						{
							"origin": [-0.1425, 24.2325, -64.2625],
							"size": [0.285, 0.555, 0.5675],
							"uv": {
								"north": {"uv": [88, 27], "uv_size": [0.5, 0.5]},
								"east": {"uv": [88, 28], "uv_size": [0.5, 0.5]},
								"south": {"uv": [29, 88], "uv_size": [0.5, 0.5]},
								"west": {"uv": [88, 29], "uv_size": [0.5, 0.5]},
								"up": {"uv": [30, 88], "uv_size": [0.5, 0.5]},
								"down": {"uv": [88, 30.5], "uv_size": [0.5, -0.5]}
							}
						},
						{
							"origin": [-0.755, 23.4125, -64.7625],
							"size": [0.285, 1.25, 1.5675],
							"uv": {
								"north": {"uv": [87, 25], "uv_size": [0.5, 1.5]},
								"east": {"uv": [81, 14], "uv_size": [1.5, 1.5]},
								"south": {"uv": [26, 87], "uv_size": [0.5, 1.5]},
								"west": {"uv": [16, 81], "uv_size": [1.5, 1.5]},
								"up": {"uv": [27, 87], "uv_size": [0.5, 1.5]},
								"down": {"uv": [28, 88.5], "uv_size": [0.5, -1.5]}
							}
						},
						{
							"origin": [-0.755, 24.6625, -64.7625],
							"size": [0.285, 0.75, 1.5675],
							"pivot": [-0.47, 24.6625, -64.7625],
							"rotation": [0, 0, -22.5],
							"uv": {
								"north": {"uv": [44, 87], "uv_size": [0.5, 1]},
								"east": {"uv": [32, 83], "uv_size": [1.5, 1]},
								"south": {"uv": [87, 44], "uv_size": [0.5, 1]},
								"west": {"uv": [83, 32], "uv_size": [1.5, 1]},
								"up": {"uv": [87, 28], "uv_size": [0.5, 1.5]},
								"down": {"uv": [87, 31.5], "uv_size": [0.5, -1.5]}
							}
						},
						{
							"origin": [-0.47, 23.4125, -64.7625],
							"size": [0.94, 0.82, 1.5675],
							"uv": {
								"north": {"uv": [86, 13], "uv_size": [1, 1]},
								"east": {"uv": [83, 33], "uv_size": [1.5, 1]},
								"south": {"uv": [20, 86], "uv_size": [1, 1]},
								"west": {"uv": [36, 83], "uv_size": [1.5, 1]},
								"up": {"uv": [34, 83], "uv_size": [1, 1.5]},
								"down": {"uv": [83, 38.5], "uv_size": [1, -1.5]}
							}
						},
						{
							"origin": [-0.7, 21.945, -65.76],
							"size": [1.4, 1.4, 14.3575],
							"uv": {
								"north": {"uv": [81, 16], "uv_size": [1.5, 1.5]},
								"east": {"uv": [51, 29], "uv_size": [14.5, 1.5]},
								"south": {"uv": [81, 18], "uv_size": [1.5, 1.5]},
								"west": {"uv": [51, 31], "uv_size": [14.5, 1.5]},
								"up": {"uv": [2, 57], "uv_size": [1.5, 14.5]},
								"down": {"uv": [4, 71.5], "uv_size": [1.5, -14.5]}
							}
						},
						{
							"origin": [-0.55, 22.0875, -66.9],
							"size": [1.1, 1.1, 1.425],
							"uv": {
								"north": {"uv": [86, 20], "uv_size": [1, 1]},
								"east": {"uv": [38, 83], "uv_size": [1.5, 1]},
								"south": {"uv": [21, 86], "uv_size": [1, 1]},
								"west": {"uv": [83, 42], "uv_size": [1.5, 1]},
								"up": {"uv": [44, 83], "uv_size": [1, 1.5]},
								"down": {"uv": [45, 84.5], "uv_size": [1, -1.5]}
							}
						},
						{
							"origin": [-0.57, 20.52, -65.76],
							"size": [1.14, 1.14, 14.3625],
							"uv": {
								"north": {"uv": [86, 21], "uv_size": [1, 1]},
								"east": {"uv": [63, 9], "uv_size": [14.5, 1]},
								"south": {"uv": [22, 86], "uv_size": [1, 1]},
								"west": {"uv": [63, 10], "uv_size": [14.5, 1]},
								"up": {"uv": [52, 63], "uv_size": [1, 14.5]},
								"down": {"uv": [53, 77.5], "uv_size": [1, -14.5]}
							}
						},
						{
							"origin": [0.8943, 22.87339, -12.35],
							"size": [0.4625, 0.505, 2.4],
							"pivot": [1.00055, 23.45089, -11.15],
							"rotation": [0, 0, -50],
							"uv": {
								"north": {"uv": [50, 88], "uv_size": [0.5, 0.5]},
								"east": {"uv": [85, 75], "uv_size": [2.5, 0.5]},
								"south": {"uv": [88, 50], "uv_size": [0.5, 0.5]},
								"west": {"uv": [1, 86], "uv_size": [2.5, 0.5]},
								"up": {"uv": [4, 86], "uv_size": [0.5, 2.5]},
								"down": {"uv": [5, 88.5], "uv_size": [0.5, -2.5]}
							}
						},
						{
							"origin": [-1.17155, 22.6955, -12.45],
							"size": [0.8125, 0.855, 1.5],
							"pivot": [-0.8153, 23.123, -26.03125],
							"rotation": [0, 0, 45],
							"uv": {
								"north": {"uv": [86, 22], "uv_size": [1, 1]},
								"east": {"uv": [83, 43], "uv_size": [1.5, 1]},
								"south": {"uv": [23, 86], "uv_size": [1, 1]},
								"west": {"uv": [47, 83], "uv_size": [1.5, 1]},
								"up": {"uv": [49, 83], "uv_size": [1, 1.5]},
								"down": {"uv": [50, 84.5], "uv_size": [1, -1.5]}
							}
						},
						{
							"origin": [0.975, 22.4, -12.35],
							"size": [0.7, 0.95, 2.4],
							"uv": {
								"north": {"uv": [45, 87], "uv_size": [0.5, 1]},
								"east": {"uv": [16, 80], "uv_size": [2.5, 1]},
								"south": {"uv": [87, 45], "uv_size": [0.5, 1]},
								"west": {"uv": [80, 20], "uv_size": [2.5, 1]},
								"up": {"uv": [0, 86], "uv_size": [0.5, 2.5]},
								"down": {"uv": [86, 2.5], "uv_size": [0.5, -2.5]}
							}
						},
						{
							"origin": [-0.76492, 22.62719, -12.35],
							"size": [1.65, 1.05, 1.4],
							"uv": {
								"north": {"uv": [83, 48], "uv_size": [1.5, 1]},
								"east": {"uv": [83, 50], "uv_size": [1.5, 1]},
								"south": {"uv": [83, 57], "uv_size": [1.5, 1]},
								"west": {"uv": [83, 58], "uv_size": [1.5, 1]},
								"up": {"uv": [81, 25], "uv_size": [1.5, 1.5]},
								"down": {"uv": [81, 33.5], "uv_size": [1.5, -1.5]}
							}
						},
						{
							"origin": [-1.41492, 21.37719, -22.85],
							"size": [2.3, 1.8, 9.4],
							"uv": {
								"north": {"uv": [67, 88], "uv_size": [2.5, 2]},
								"east": {"uv": [3, 89], "uv_size": [9.5, 2]},
								"south": {"uv": [88, 67], "uv_size": [2.5, 2]},
								"west": {"uv": [89, 10], "uv_size": [9.5, 2]},
								"up": {"uv": [0, 89], "uv_size": [2.5, 9.5]},
								"down": {"uv": [89, 9.5], "uv_size": [2.5, -9.5]}
							}
						},
						{
							"origin": [0.88508, 22.62719, -12.35],
							"size": [0.4, 1.05, 2.4],
							"uv": {
								"north": {"uv": [52, 87], "uv_size": [0.5, 1]},
								"east": {"uv": [80, 23], "uv_size": [2.5, 1]},
								"south": {"uv": [87, 52], "uv_size": [0.5, 1]},
								"west": {"uv": [80, 24], "uv_size": [2.5, 1]},
								"up": {"uv": [86, 7], "uv_size": [0.5, 2.5]},
								"down": {"uv": [9, 88.5], "uv_size": [0.5, -2.5]}
							}
						},
						{
							"origin": [0.88508, 27.56706, -9.72327],
							"size": [0.4, 1.1, 2.25],
							"pivot": [1.07883, 26.74206, -22.37952],
							"rotation": [-22.5, 0, 0],
							"uv": {
								"north": {"uv": [53, 87], "uv_size": [0.5, 1]},
								"east": {"uv": [81, 50], "uv_size": [2, 1]},
								"south": {"uv": [87, 53], "uv_size": [0.5, 1]},
								"west": {"uv": [81, 59], "uv_size": [2, 1]},
								"up": {"uv": [86, 24], "uv_size": [0.5, 2]},
								"down": {"uv": [25, 88], "uv_size": [0.5, -2]}
							}
						},
						{
							"origin": [1.275, 27.23987, -9.72327],
							"size": [0.4, 1.1, 2],
							"pivot": [1.46875, 26.41487, -22.37952],
							"rotation": [-22.5, 0, 0],
							"uv": {
								"north": {"uv": [54, 87], "uv_size": [0.5, 1]},
								"east": {"uv": [20, 82], "uv_size": [2, 1]},
								"south": {"uv": [87, 54], "uv_size": [0.5, 1]},
								"west": {"uv": [82, 27], "uv_size": [2, 1]},
								"up": {"uv": [30, 86], "uv_size": [0.5, 2]},
								"down": {"uv": [31, 88], "uv_size": [0.5, -2]}
							}
						},
						{
							"origin": [1.11352, 22.43181, -8.56418],
							"size": [0.505, 0.35, 7.35],
							"pivot": [1.36602, 22.60681, -6.81418],
							"rotation": [0, 0, 40],
							"uv": {
								"north": {"uv": [61, 88], "uv_size": [0.5, 0.5]},
								"east": {"uv": [77, 60], "uv_size": [7.5, 0.5]},
								"south": {"uv": [88, 61], "uv_size": [0.5, 0.5]},
								"west": {"uv": [78, 10], "uv_size": [7.5, 0.5]},
								"up": {"uv": [1, 78], "uv_size": [0.5, 7.5]},
								"down": {"uv": [28, 85.5], "uv_size": [0.5, -7.5]}
							}
						},
						{
							"origin": [1.06083, 22.78905, -10.1527],
							"size": [0.505, 0.35, 2.25],
							"pivot": [1.31333, 22.96405, -9.0277],
							"rotation": [-14.9092, 17.04679, 47.75318],
							"uv": {
								"north": {"uv": [60, 88], "uv_size": [0.5, 0.5]},
								"east": {"uv": [27, 86], "uv_size": [2, 0.5]},
								"south": {"uv": [88, 60], "uv_size": [0.5, 0.5]},
								"west": {"uv": [86, 27], "uv_size": [2, 0.5]},
								"up": {"uv": [86, 28], "uv_size": [0.5, 2]},
								"down": {"uv": [29, 88], "uv_size": [0.5, -2]}
							}
						},
						{
							"origin": [-0.75, 23.19966, -50.5475],
							"size": [1.5, 0.855, 15],
							"uv": {
								"north": {"uv": [70, 83], "uv_size": [1.5, 1]},
								"east": {"uv": [62, 27], "uv_size": [15, 1]},
								"south": {"uv": [72, 83], "uv_size": [1.5, 1]},
								"west": {"uv": [62, 28], "uv_size": [15, 1]},
								"up": {"uv": [8, 50], "uv_size": [1.5, 15]},
								"down": {"uv": [10, 65], "uv_size": [1.5, -15]}
							}
						},
						{
							"origin": [-0.75, 19.93189, -50.5475],
							"size": [1.5, 0.855, 15],
							"uv": {
								"north": {"uv": [7, 84], "uv_size": [1.5, 1]},
								"east": {"uv": [63, 7], "uv_size": [15, 1]},
								"south": {"uv": [9, 84], "uv_size": [1.5, 1]},
								"west": {"uv": [63, 8], "uv_size": [15, 1]},
								"up": {"uv": [56, 48], "uv_size": [1.5, 15]},
								"down": {"uv": [0, 72], "uv_size": [1.5, -15]}
							}
						},
						{
							"origin": [0.88388, 20.81578, -50.5475],
							"size": [0.75, 2.355, 15],
							"uv": {
								"north": {"uv": [60, 38], "uv_size": [1, 2.5]},
								"east": {"uv": [36, 26], "uv_size": [15, 2.5]},
								"south": {"uv": [15, 65], "uv_size": [1, 2.5]},
								"west": {"uv": [36, 29], "uv_size": [15, 2.5]},
								"up": {"uv": [33, 61], "uv_size": [1, 15]},
								"down": {"uv": [34, 76], "uv_size": [1, -15]}
							}
						},
						{
							"origin": [-1.63388, 20.81578, -50.5475],
							"size": [0.75, 2.355, 15],
							"uv": {
								"north": {"uv": [29, 80], "uv_size": [1, 2.5]},
								"east": {"uv": [36, 32], "uv_size": [15, 2.5]},
								"south": {"uv": [30, 80], "uv_size": [1, 2.5]},
								"west": {"uv": [36, 35], "uv_size": [15, 2.5]},
								"up": {"uv": [35, 61], "uv_size": [1, 15]},
								"down": {"uv": [62, 76], "uv_size": [1, -15]}
							}
						},
						{
							"origin": [0.22804, 22.79454, -50.5475],
							"size": [1.25, 0.855, 15],
							"pivot": [0.97804, 23.22204, -43.7975],
							"rotation": [0, 0, 45],
							"uv": {
								"north": {"uv": [83, 80], "uv_size": [1.5, 1]},
								"east": {"uv": [62, 53], "uv_size": [15, 1]},
								"south": {"uv": [83, 81], "uv_size": [1.5, 1]},
								"west": {"uv": [62, 54], "uv_size": [15, 1]},
								"up": {"uv": [52, 48], "uv_size": [1.5, 15]},
								"down": {"uv": [53, 29], "uv_size": [1.5, -15]}
							}
						},
						{
							"origin": [0.05127, 20.16023, -50.5475],
							"size": [1.25, 0.855, 15],
							"pivot": [0.80127, 20.58773, -43.7975],
							"rotation": [0, 0, 135],
							"uv": {
								"north": {"uv": [84, 0], "uv_size": [1.5, 1]},
								"east": {"uv": [62, 57], "uv_size": [15, 1]},
								"south": {"uv": [84, 1], "uv_size": [1.5, 1]},
								"west": {"uv": [62, 58], "uv_size": [15, 1]},
								"up": {"uv": [48, 55], "uv_size": [1.5, 15]},
								"down": {"uv": [50, 70], "uv_size": [1.5, -15]}
							}
						},
						{
							"origin": [-1.55127, 22.97132, -50.5475],
							"size": [1.25, 0.855, 15],
							"pivot": [-0.80127, 23.39882, -43.7975],
							"rotation": [0, 0, -45],
							"uv": {
								"north": {"uv": [83, 82], "uv_size": [1.5, 1]},
								"east": {"uv": [62, 55], "uv_size": [15, 1]},
								"south": {"uv": [83, 83], "uv_size": [1.5, 1]},
								"west": {"uv": [62, 56], "uv_size": [15, 1]},
								"up": {"uv": [54, 48], "uv_size": [1.5, 15]},
								"down": {"uv": [55, 29], "uv_size": [1.5, -15]}
							}
						},
						{
							"origin": [-1.72804, 20.33701, -50.5475],
							"size": [1.25, 0.855, 15],
							"pivot": [-0.97804, 20.76451, -43.7975],
							"rotation": [0, 0, -135],
							"uv": {
								"north": {"uv": [84, 2], "uv_size": [1.5, 1]},
								"east": {"uv": [62, 59], "uv_size": [15, 1]},
								"south": {"uv": [84, 3], "uv_size": [1.5, 1]},
								"west": {"uv": [62, 60], "uv_size": [15, 1]},
								"up": {"uv": [24, 56], "uv_size": [1.5, 15]},
								"down": {"uv": [26, 71], "uv_size": [1.5, -15]}
							}
						},
						{
							"origin": [-0.75, 23.09966, -35.5475],
							"size": [1.5, 0.855, 1],
							"uv": {
								"north": {"uv": [4, 85], "uv_size": [1.5, 1]},
								"east": {"uv": [40, 86], "uv_size": [1, 1]},
								"south": {"uv": [6, 85], "uv_size": [1.5, 1]},
								"west": {"uv": [41, 86], "uv_size": [1, 1]},
								"up": {"uv": [85, 6], "uv_size": [1.5, 1]},
								"down": {"uv": [8, 86], "uv_size": [1.5, -1]}
							}
						},
						{
							"origin": [-0.92729, 23.02622, -35.5475],
							"size": [1.25, 0.855, 1],
							"pivot": [0, 21.89328, -34.7975],
							"rotation": [0, 0, 45],
							"uv": {
								"north": {"uv": [77, 84], "uv_size": [1.5, 1]},
								"east": {"uv": [39, 86], "uv_size": [1, 1]},
								"south": {"uv": [84, 77], "uv_size": [1.5, 1]},
								"west": {"uv": [86, 39], "uv_size": [1, 1]},
								"up": {"uv": [82, 84], "uv_size": [1.5, 1]},
								"down": {"uv": [84, 85], "uv_size": [1.5, -1]}
							}
						},
						{
							"origin": [-0.32271, 23.02622, -35.5475],
							"size": [1.25, 0.855, 1],
							"pivot": [0, 21.89328, -34.7975],
							"rotation": [0, 0, -45],
							"uv": {
								"north": {"uv": [69, 84], "uv_size": [1.5, 1]},
								"east": {"uv": [38, 86], "uv_size": [1, 1]},
								"south": {"uv": [71, 84], "uv_size": [1.5, 1]},
								"west": {"uv": [86, 38], "uv_size": [1, 1]},
								"up": {"uv": [73, 84], "uv_size": [1.5, 1]},
								"down": {"uv": [84, 77], "uv_size": [1.5, -1]}
							}
						},
						{
							"origin": [0.88388, 20.81578, -35.5475],
							"size": [0.75, 2.255, 1],
							"uv": {
								"north": {"uv": [80, 64], "uv_size": [1, 2.5]},
								"east": {"uv": [65, 80], "uv_size": [1, 2.5]},
								"south": {"uv": [66, 80], "uv_size": [1, 2.5]},
								"west": {"uv": [67, 80], "uv_size": [1, 2.5]},
								"up": {"uv": [37, 86], "uv_size": [1, 1]},
								"down": {"uv": [86, 38], "uv_size": [1, -1]}
							}
						},
						{
							"origin": [-0.32271, 23.12622, -35.5475],
							"size": [1.25, 0.855, 1],
							"pivot": [0, 21.99328, -34.7975],
							"rotation": [0, 0, 135],
							"uv": {
								"north": {"uv": [84, 61], "uv_size": [1.5, 1]},
								"east": {"uv": [86, 35], "uv_size": [1, 1]},
								"south": {"uv": [63, 84], "uv_size": [1.5, 1]},
								"west": {"uv": [36, 86], "uv_size": [1, 1]},
								"up": {"uv": [65, 84], "uv_size": [1.5, 1]},
								"down": {"uv": [67, 85], "uv_size": [1.5, -1]}
							}
						},
						{
							"origin": [-0.92729, 23.12622, -35.5475],
							"size": [1.25, 0.855, 1],
							"pivot": [0, 21.99328, -34.7975],
							"rotation": [0, 0, -135],
							"uv": {
								"north": {"uv": [84, 55], "uv_size": [1.5, 1]},
								"east": {"uv": [86, 34], "uv_size": [1, 1]},
								"south": {"uv": [84, 56], "uv_size": [1.5, 1]},
								"west": {"uv": [35, 86], "uv_size": [1, 1]},
								"up": {"uv": [57, 84], "uv_size": [1.5, 1]},
								"down": {"uv": [59, 85], "uv_size": [1.5, -1]}
							}
						},
						{
							"origin": [-1.63388, 20.81578, -35.5475],
							"size": [0.75, 2.255, 1],
							"uv": {
								"north": {"uv": [49, 80], "uv_size": [1, 2.5]},
								"east": {"uv": [50, 80], "uv_size": [1, 2.5]},
								"south": {"uv": [63, 80], "uv_size": [1, 2.5]},
								"west": {"uv": [64, 80], "uv_size": [1, 2.5]},
								"up": {"uv": [33, 86], "uv_size": [1, 1]},
								"down": {"uv": [34, 87], "uv_size": [1, -1]}
							}
						},
						{
							"origin": [-0.75, 19.93189, -35.5475],
							"size": [1.5, 0.855, 1],
							"uv": {
								"north": {"uv": [53, 84], "uv_size": [1.5, 1]},
								"east": {"uv": [86, 30], "uv_size": [1, 1]},
								"south": {"uv": [84, 53], "uv_size": [1.5, 1]},
								"west": {"uv": [32, 86], "uv_size": [1, 1]},
								"up": {"uv": [84, 54], "uv_size": [1.5, 1]},
								"down": {"uv": [55, 85], "uv_size": [1.5, -1]}
							}
						},
						{
							"origin": [-1, 19.43189, -35.2975],
							"size": [2, 0.855, 1],
							"uv": {
								"north": {"uv": [82, 30], "uv_size": [2, 1]},
								"east": {"uv": [65, 86], "uv_size": [1, 1]},
								"south": {"uv": [44, 82], "uv_size": [2, 1]},
								"west": {"uv": [86, 65], "uv_size": [1, 1]},
								"up": {"uv": [82, 44], "uv_size": [2, 1]},
								"down": {"uv": [82, 46], "uv_size": [2, -1]}
							}
						},
						{
							"origin": [-1.88388, 20.31578, -35.2975],
							"size": [0.75, 1.605, 1],
							"uv": {
								"north": {"uv": [77, 85], "uv_size": [1, 1.5]},
								"east": {"uv": [78, 85], "uv_size": [1, 1.5]},
								"south": {"uv": [85, 80], "uv_size": [1, 1.5]},
								"west": {"uv": [82, 85], "uv_size": [1, 1.5]},
								"up": {"uv": [63, 86], "uv_size": [1, 1]},
								"down": {"uv": [64, 87], "uv_size": [1, -1]}
							}
						},
						{
							"origin": [-1.17729, 22.62622, -35.2975],
							"size": [1.25, 0.855, 1],
							"pivot": [-0.25, 21.49328, -34.5475],
							"rotation": [0, 0, -135],
							"uv": {
								"north": {"uv": [73, 85], "uv_size": [1.5, 1]},
								"east": {"uv": [86, 61], "uv_size": [1, 1]},
								"south": {"uv": [85, 73], "uv_size": [1.5, 1]},
								"west": {"uv": [62, 86], "uv_size": [1, 1]},
								"up": {"uv": [85, 74], "uv_size": [1.5, 1]},
								"down": {"uv": [75, 86], "uv_size": [1.5, -1]}
							}
						},
						{
							"origin": [-0.07271, 22.62622, -35.2975],
							"size": [1.25, 0.855, 1],
							"pivot": [0.25, 21.49328, -34.5475],
							"rotation": [0, 0, 135],
							"uv": {
								"north": {"uv": [85, 70], "uv_size": [1.5, 1]},
								"east": {"uv": [60, 86], "uv_size": [1, 1]},
								"south": {"uv": [71, 85], "uv_size": [1.5, 1]},
								"west": {"uv": [61, 86], "uv_size": [1, 1]},
								"up": {"uv": [85, 71], "uv_size": [1.5, 1]},
								"down": {"uv": [85, 73], "uv_size": [1.5, -1]}
							}
						},
						{
							"origin": [1.13388, 20.31578, -35.2975],
							"size": [0.75, 1.605, 1],
							"uv": {
								"north": {"uv": [61, 84], "uv_size": [1, 1.5]},
								"east": {"uv": [79, 84], "uv_size": [1, 1.5]},
								"south": {"uv": [12, 85], "uv_size": [1, 1.5]},
								"west": {"uv": [26, 85], "uv_size": [1, 1.5]},
								"up": {"uv": [58, 86], "uv_size": [1, 1]},
								"down": {"uv": [59, 87], "uv_size": [1, -1]}
							}
						},
						{
							"origin": [-0.75, 19.93189, -51.5475],
							"size": [1.5, 0.855, 1],
							"uv": {
								"north": {"uv": [85, 64], "uv_size": [1.5, 1]},
								"east": {"uv": [86, 56], "uv_size": [1, 1]},
								"south": {"uv": [65, 85], "uv_size": [1.5, 1]},
								"west": {"uv": [57, 86], "uv_size": [1, 1]},
								"up": {"uv": [67, 85], "uv_size": [1.5, 1]},
								"down": {"uv": [69, 86], "uv_size": [1.5, -1]}
							}
						},
						{
							"origin": [-1.63388, 20.81578, -51.5475],
							"size": [1.1, 2.105, 1],
							"uv": {
								"north": {"uv": [4, 82], "uv_size": [1, 2]},
								"east": {"uv": [22, 82], "uv_size": [1, 2]},
								"south": {"uv": [82, 37], "uv_size": [1, 2]},
								"west": {"uv": [82, 42], "uv_size": [1, 2]},
								"up": {"uv": [86, 55], "uv_size": [1, 1]},
								"down": {"uv": [56, 87], "uv_size": [1, -1]}
							}
						},
						{
							"origin": [-0.92729, 23.12622, -51.5475],
							"size": [1.25, 0.855, 1],
							"pivot": [0, 21.99328, -51.2975],
							"rotation": [0, 0, -135],
							"uv": {
								"north": {"uv": [85, 60], "uv_size": [1.5, 1]},
								"east": {"uv": [86, 54], "uv_size": [1, 1]},
								"south": {"uv": [85, 62], "uv_size": [1.5, 1]},
								"west": {"uv": [55, 86], "uv_size": [1, 1]},
								"up": {"uv": [63, 85], "uv_size": [1.5, 1]},
								"down": {"uv": [85, 64], "uv_size": [1.5, -1]}
							}
						},
						{
							"origin": [-0.32271, 23.12622, -51.5475],
							"size": [1.25, 0.855, 1],
							"pivot": [0, 21.99328, -51.2975],
							"rotation": [0, 0, 135],
							"uv": {
								"north": {"uv": [85, 57], "uv_size": [1.5, 1]},
								"east": {"uv": [86, 53], "uv_size": [1, 1]},
								"south": {"uv": [85, 58], "uv_size": [1.5, 1]},
								"west": {"uv": [54, 86], "uv_size": [1, 1]},
								"up": {"uv": [59, 85], "uv_size": [1.5, 1]},
								"down": {"uv": [85, 60], "uv_size": [1.5, -1]}
							}
						},
						{
							"origin": [0.53388, 20.81578, -51.5475],
							"size": [1.1, 2.105, 1],
							"uv": {
								"north": {"uv": [44, 46], "uv_size": [1, 2]},
								"east": {"uv": [47, 71], "uv_size": [1, 2]},
								"south": {"uv": [5, 72], "uv_size": [1, 2]},
								"west": {"uv": [2, 75], "uv_size": [1, 2]},
								"up": {"uv": [86, 52], "uv_size": [1, 1]},
								"down": {"uv": [53, 87], "uv_size": [1, -1]}
							}
						},
						{
							"origin": [-0.32271, 22.87622, -51.5475],
							"size": [1.25, 0.855, 1],
							"pivot": [0, 21.74328, -51.2975],
							"rotation": [0, 0, -45],
							"uv": {
								"north": {"uv": [51, 85], "uv_size": [1.5, 1]},
								"east": {"uv": [86, 51], "uv_size": [1, 1]},
								"south": {"uv": [53, 85], "uv_size": [1.5, 1]},
								"west": {"uv": [52, 86], "uv_size": [1, 1]},
								"up": {"uv": [55, 85], "uv_size": [1.5, 1]},
								"down": {"uv": [57, 86], "uv_size": [1.5, -1]}
							}
						},
						{
							"origin": [-0.92729, 22.87622, -51.5475],
							"size": [1.25, 0.855, 1],
							"pivot": [0, 21.74328, -51.2975],
							"rotation": [0, 0, 45],
							"uv": {
								"north": {"uv": [85, 48], "uv_size": [1.5, 1]},
								"east": {"uv": [50, 86], "uv_size": [1, 1]},
								"south": {"uv": [49, 85], "uv_size": [1.5, 1]},
								"west": {"uv": [51, 86], "uv_size": [1, 1]},
								"up": {"uv": [85, 49], "uv_size": [1.5, 1]},
								"down": {"uv": [85, 51], "uv_size": [1.5, -1]}
							}
						},
						{
							"origin": [-0.75, 22.94966, -51.5475],
							"size": [1.5, 0.855, 1],
							"uv": {
								"north": {"uv": [85, 42], "uv_size": [1.5, 1]},
								"east": {"uv": [48, 86], "uv_size": [1, 1]},
								"south": {"uv": [85, 43], "uv_size": [1.5, 1]},
								"west": {"uv": [49, 86], "uv_size": [1, 1]},
								"up": {"uv": [44, 85], "uv_size": [1.5, 1]},
								"down": {"uv": [47, 86], "uv_size": [1.5, -1]}
							}
						},
						{
							"origin": [-0.75, 19.93189, -16.5475],
							"size": [1.5, 0.855, 1.5],
							"uv": {
								"north": {"uv": [40, 85], "uv_size": [1.5, 1]},
								"east": {"uv": [85, 40], "uv_size": [1.5, 1]},
								"south": {"uv": [85, 41], "uv_size": [1.5, 1]},
								"west": {"uv": [42, 85], "uv_size": [1.5, 1]},
								"up": {"uv": [81, 66], "uv_size": [1.5, 1.5]},
								"down": {"uv": [81, 69.5], "uv_size": [1.5, -1.5]}
							}
						},
						{
							"origin": [-1.63388, 21.96578, -17.5475],
							"size": [0.75, 1.105, 1],
							"uv": {
								"north": {"uv": [71, 80], "uv_size": [1, 2.5]},
								"east": {"uv": [72, 80], "uv_size": [1, 2.5]},
								"south": {"uv": [73, 80], "uv_size": [1, 2.5]},
								"west": {"uv": [74, 80], "uv_size": [1, 2.5]},
								"up": {"uv": [47, 86], "uv_size": [1, 1]},
								"down": {"uv": [86, 48], "uv_size": [1, -1]}
							}
						},
						{
							"origin": [-0.92729, 23.12622, -16.5475],
							"size": [1.25, 0.855, 1.5],
							"pivot": [0, 21.99328, -15.7975],
							"rotation": [0, 0, -135],
							"uv": {
								"north": {"uv": [85, 33], "uv_size": [1.5, 1]},
								"east": {"uv": [36, 85], "uv_size": [1.5, 1]},
								"south": {"uv": [85, 36], "uv_size": [1.5, 1]},
								"west": {"uv": [38, 85], "uv_size": [1.5, 1]},
								"up": {"uv": [81, 57], "uv_size": [1.5, 1.5]},
								"down": {"uv": [81, 65.5], "uv_size": [1.5, -1.5]}
							}
						},
						{
							"origin": [-0.32271, 23.12622, -16.5475],
							"size": [1.25, 0.855, 1.5],
							"pivot": [0, 21.99328, -15.7975],
							"rotation": [0, 0, 135],
							"uv": {
								"north": {"uv": [31, 85], "uv_size": [1.5, 1]},
								"east": {"uv": [85, 31], "uv_size": [1.5, 1]},
								"south": {"uv": [85, 32], "uv_size": [1.5, 1]},
								"west": {"uv": [33, 85], "uv_size": [1.5, 1]},
								"up": {"uv": [36, 81], "uv_size": [1.5, 1.5]},
								"down": {"uv": [38, 82.5], "uv_size": [1.5, -1.5]}
							}
						},
						{
							"origin": [0.88388, 20.71578, -17.5475],
							"size": [0.75, 2.355, 1],
							"uv": {
								"north": {"uv": [80, 67], "uv_size": [1, 2.5]},
								"east": {"uv": [68, 80], "uv_size": [1, 2.5]},
								"south": {"uv": [69, 80], "uv_size": [1, 2.5]},
								"west": {"uv": [70, 80], "uv_size": [1, 2.5]},
								"up": {"uv": [46, 86], "uv_size": [1, 1]},
								"down": {"uv": [86, 47], "uv_size": [1, -1]}
							}
						},
						{
							"origin": [-0.32271, 23.02622, -17.5475],
							"size": [1.25, 0.855, 1],
							"pivot": [0, 21.89328, -17.2975],
							"rotation": [0, 0, -45],
							"uv": {
								"north": {"uv": [22, 85], "uv_size": [1.5, 1]},
								"east": {"uv": [45, 86], "uv_size": [1, 1]},
								"south": {"uv": [24, 85], "uv_size": [1.5, 1]},
								"west": {"uv": [86, 45], "uv_size": [1, 1]},
								"up": {"uv": [85, 26], "uv_size": [1.5, 1]},
								"down": {"uv": [29, 86], "uv_size": [1.5, -1]}
							}
						},
						{
							"origin": [-0.92729, 23.02622, -17.5475],
							"size": [1.25, 0.855, 1],
							"pivot": [0, 21.89328, -17.2975],
							"rotation": [0, 0, 45],
							"uv": {
								"north": {"uv": [85, 16], "uv_size": [1.5, 1]},
								"east": {"uv": [44, 86], "uv_size": [1, 1]},
								"south": {"uv": [85, 17], "uv_size": [1.5, 1]},
								"west": {"uv": [86, 44], "uv_size": [1, 1]},
								"up": {"uv": [18, 85], "uv_size": [1.5, 1]},
								"down": {"uv": [20, 86], "uv_size": [1.5, -1]}
							}
						},
						{
							"origin": [-0.75, 23.09966, -17.5475],
							"size": [1.5, 0.855, 1],
							"uv": {
								"north": {"uv": [10, 85], "uv_size": [1.5, 1]},
								"east": {"uv": [42, 86], "uv_size": [1, 1]},
								"south": {"uv": [85, 14], "uv_size": [1.5, 1]},
								"west": {"uv": [43, 86], "uv_size": [1, 1]},
								"up": {"uv": [85, 15], "uv_size": [1.5, 1]},
								"down": {"uv": [16, 86], "uv_size": [1.5, -1]}
							}
						},
						{
							"origin": [-0.75, 23.19966, -34.5475],
							"size": [1.5, 0.855, 17],
							"uv": {
								"north": {"uv": [84, 30], "uv_size": [1.5, 1]},
								"east": {"uv": [60, 4], "uv_size": [17, 1]},
								"south": {"uv": [32, 84], "uv_size": [1.5, 1]},
								"west": {"uv": [60, 5], "uv_size": [17, 1]},
								"up": {"uv": [44, 48], "uv_size": [1.5, 17]},
								"down": {"uv": [46, 65], "uv_size": [1.5, -17]}
							}
						},
						{
							"origin": [0.22804, 22.79454, -34.5475],
							"size": [1.25, 0.855, 17],
							"pivot": [0.97804, 23.22204, -26.2975],
							"rotation": [0, 0, 45],
							"uv": {
								"north": {"uv": [84, 27], "uv_size": [1.5, 1]},
								"east": {"uv": [60, 2], "uv_size": [17, 1]},
								"south": {"uv": [30, 84], "uv_size": [1.5, 1]},
								"west": {"uv": [60, 3], "uv_size": [17, 1]},
								"up": {"uv": [20, 47], "uv_size": [1.5, 17]},
								"down": {"uv": [22, 64], "uv_size": [1.5, -17]}
							}
						},
						{
							"origin": [-1.55127, 22.97132, -34.5475],
							"size": [1.25, 0.855, 17],
							"pivot": [-0.80127, 23.39882, -26.2975],
							"rotation": [0, 0, -45],
							"uv": {
								"north": {"uv": [84, 24], "uv_size": [1.5, 1]},
								"east": {"uv": [60, 0], "uv_size": [17, 1]},
								"south": {"uv": [84, 25], "uv_size": [1.5, 1]},
								"west": {"uv": [60, 1], "uv_size": [17, 1]},
								"up": {"uv": [16, 47], "uv_size": [1.5, 17]},
								"down": {"uv": [18, 64], "uv_size": [1.5, -17]}
							}
						},
						{
							"origin": [0.88388, 20.81578, -34.5475],
							"size": [0.75, 2.355, 17],
							"uv": {
								"north": {"uv": [80, 32], "uv_size": [1, 2.5]},
								"east": {"uv": [36, 20], "uv_size": [17, 2.5]},
								"south": {"uv": [33, 80], "uv_size": [1, 2.5]},
								"west": {"uv": [36, 23], "uv_size": [17, 2.5]},
								"up": {"uv": [61, 12], "uv_size": [1, 17]},
								"down": {"uv": [28, 78], "uv_size": [1, -17]}
							}
						},
						{
							"origin": [0.05127, 20.16023, -34.5475],
							"size": [1.25, 0.855, 18],
							"pivot": [0.80127, 20.58773, -26.2975],
							"rotation": [0, 0, 135],
							"uv": {
								"north": {"uv": [16, 84], "uv_size": [1.5, 1]},
								"east": {"uv": [51, 37], "uv_size": [18, 1]},
								"south": {"uv": [18, 84], "uv_size": [1.5, 1]},
								"west": {"uv": [56, 6], "uv_size": [18, 1]},
								"up": {"uv": [12, 47], "uv_size": [1.5, 18]},
								"down": {"uv": [14, 65], "uv_size": [1.5, -18]}
							}
						},
						{
							"origin": [-1.72804, 20.33701, -34.5475],
							"size": [1.25, 0.855, 18],
							"pivot": [-0.97804, 20.76451, -26.2975],
							"rotation": [0, 0, -135],
							"uv": {
								"north": {"uv": [84, 12], "uv_size": [1.5, 1]},
								"east": {"uv": [51, 35], "uv_size": [18, 1]},
								"south": {"uv": [84, 13], "uv_size": [1.5, 1]},
								"west": {"uv": [51, 36], "uv_size": [18, 1]},
								"up": {"uv": [40, 46], "uv_size": [1.5, 18]},
								"down": {"uv": [42, 64], "uv_size": [1.5, -18]}
							}
						},
						{
							"origin": [-1.63388, 21.96578, -34.5475],
							"size": [0.75, 1.205, 17],
							"uv": {
								"north": {"uv": [31, 80], "uv_size": [1, 2.5]},
								"east": {"uv": [36, 14.5], "uv_size": [17, 1.5]},
								"south": {"uv": [32, 80], "uv_size": [1, 2.5]},
								"west": {"uv": [36, 17], "uv_size": [17, 2.5]},
								"up": {"uv": [6, 57], "uv_size": [1, 17]},
								"down": {"uv": [7, 74], "uv_size": [1, -17]}
							}
						},
						{
							"origin": [-0.75, 19.93189, -34.5475],
							"size": [1.5, 0.855, 18],
							"uv": {
								"north": {"uv": [11, 84], "uv_size": [1.5, 1]},
								"east": {"uv": [51, 33], "uv_size": [18, 1]},
								"south": {"uv": [84, 11], "uv_size": [1.5, 1]},
								"west": {"uv": [51, 34], "uv_size": [18, 1]},
								"up": {"uv": [36, 46], "uv_size": [1.5, 18]},
								"down": {"uv": [38, 64], "uv_size": [1.5, -18]}
							}
						},
						{
							"origin": [-0.75, 23.19966, -16.5475],
							"size": [1.5, 0.855, 4.25],
							"uv": {
								"north": {"uv": [84, 51], "uv_size": [1.5, 1]},
								"east": {"uv": [77, 44], "uv_size": [4.5, 1]},
								"south": {"uv": [84, 52], "uv_size": [1.5, 1]},
								"west": {"uv": [77, 45], "uv_size": [4.5, 1]},
								"up": {"uv": [40, 74], "uv_size": [1.5, 4.5]},
								"down": {"uv": [42, 78.5], "uv_size": [1.5, -4.5]}
							}
						},
						{
							"origin": [0.22804, 22.79454, -16.5475],
							"size": [1.25, 0.855, 4.25],
							"pivot": [0.97804, 23.22204, -8.2975],
							"rotation": [0, 0, 45],
							"uv": {
								"north": {"uv": [47, 84], "uv_size": [1.5, 1]},
								"east": {"uv": [77, 27], "uv_size": [4.5, 1]},
								"south": {"uv": [51, 84], "uv_size": [1.5, 1]},
								"west": {"uv": [77, 28], "uv_size": [4.5, 1]},
								"up": {"uv": [29, 74], "uv_size": [1.5, 4.5]},
								"down": {"uv": [31, 78.5], "uv_size": [1.5, -4.5]}
							}
						},
						{
							"origin": [-1.55127, 22.97132, -16.5475],
							"size": [1.25, 0.855, 4.25],
							"pivot": [-0.80127, 23.39882, -8.2975],
							"rotation": [0, 0, -45],
							"uv": {
								"north": {"uv": [84, 44], "uv_size": [1.5, 1]},
								"east": {"uv": [77, 12], "uv_size": [4.5, 1]},
								"south": {"uv": [84, 45], "uv_size": [1.5, 1]},
								"west": {"uv": [77, 13], "uv_size": [4.5, 1]},
								"up": {"uv": [23, 74], "uv_size": [1.5, 4.5]},
								"down": {"uv": [25, 78.5], "uv_size": [1.5, -4.5]}
							}
						},
						{
							"origin": [0.88388, 20.81578, -16.5475],
							"size": [0.75, 2.355, 4.25],
							"uv": {
								"north": {"uv": [47, 80], "uv_size": [1, 2.5]},
								"east": {"uv": [15, 68], "uv_size": [4.5, 2.5]},
								"south": {"uv": [48, 80], "uv_size": [1, 2.5]},
								"west": {"uv": [43, 68], "uv_size": [4.5, 2.5]},
								"up": {"uv": [45, 77], "uv_size": [1, 4.5]},
								"down": {"uv": [77, 56.5], "uv_size": [1, -4.5]}
							}
						},
						{
							"origin": [0.05127, 20.16023, -15.0475],
							"size": [1.25, 0.855, 4.25],
							"pivot": [0.80127, 20.58773, -6.7975],
							"rotation": [0, 0, 135],
							"uv": {
								"north": {"uv": [84, 38], "uv_size": [1.5, 1]},
								"east": {"uv": [76, 26], "uv_size": [4.5, 1]},
								"south": {"uv": [84, 39], "uv_size": [1.5, 1]},
								"west": {"uv": [76, 50], "uv_size": [4.5, 1]},
								"up": {"uv": [49, 73], "uv_size": [1.5, 4.5]},
								"down": {"uv": [5, 78.5], "uv_size": [1.5, -4.5]}
							}
						},
						{
							"origin": [-1.63388, 21.96578, -16.5475],
							"size": [0.75, 1.205, 4.25],
							"uv": {
								"north": {"uv": [34, 80], "uv_size": [1, 2.5]},
								"east": {"uv": [67, 64.5], "uv_size": [4.5, 1.5]},
								"south": {"uv": [80, 46], "uv_size": [1, 2.5]},
								"west": {"uv": [67, 67], "uv_size": [4.5, 2.5]},
								"up": {"uv": [22, 77], "uv_size": [1, 4.5]},
								"down": {"uv": [44, 81.5], "uv_size": [1, -4.5]}
							}
						},
						{
							"origin": [-0.75, 19.93189, -15.0475],
							"size": [1.5, 0.855, 4.25],
							"uv": {
								"north": {"uv": [84, 35], "uv_size": [1.5, 1]},
								"east": {"uv": [73, 35], "uv_size": [4.5, 1]},
								"south": {"uv": [36, 84], "uv_size": [1.5, 1]},
								"west": {"uv": [73, 39], "uv_size": [4.5, 1]},
								"up": {"uv": [3, 72], "uv_size": [1.5, 4.5]},
								"down": {"uv": [36, 77.5], "uv_size": [1.5, -4.5]}
							}
						}
					]
				},
				{
					"name": "boltcarrier",
					"parent": "main",
					"pivot": [0, 21.66, 5.56],
					"cubes": [
						{
							"origin": [-1.775, 21.3987, -22.76362],
							"size": [0.5, 0.9675, 14.5],
							"uv": {
								"north": {"uv": [46, 87], "uv_size": [0.5, 1]},
								"east": {"uv": [63, 11], "uv_size": [14.5, 1]},
								"south": {"uv": [87, 46], "uv_size": [0.5, 1]},
								"west": {"uv": [63, 61], "uv_size": [14.5, 1]},
								"up": {"uv": [27, 71], "uv_size": [0.5, 14.5]},
								"down": {"uv": [46, 85.5], "uv_size": [0.5, -14.5]}
							}
						},
						{
							"origin": [-1.775, 22.89904, -11.60209],
							"size": [0.5, 0.85, 1.5],
							"pivot": [-0.775, 22.64905, -11.60209],
							"rotation": [-45, 0, 0],
							"uv": {
								"north": {"uv": [47, 87], "uv_size": [0.5, 1]},
								"east": {"uv": [83, 59], "uv_size": [1.5, 1]},
								"south": {"uv": [87, 47], "uv_size": [0.5, 1]},
								"west": {"uv": [63, 83], "uv_size": [1.5, 1]},
								"up": {"uv": [32, 87], "uv_size": [0.5, 1.5]},
								"down": {"uv": [87, 33.5], "uv_size": [0.5, -1.5]}
							}
						},
						{
							"origin": [-2.95, 21.4037, -8.76862],
							"size": [1.175, 0.9625, 0.5],
							"uv": {
								"north": {"uv": [86, 23], "uv_size": [1, 1]},
								"east": {"uv": [48, 87], "uv_size": [0.5, 1]},
								"south": {"uv": [24, 86], "uv_size": [1, 1]},
								"west": {"uv": [87, 48], "uv_size": [0.5, 1]},
								"up": {"uv": [49, 87], "uv_size": [1, 0.5]},
								"down": {"uv": [87, 49.5], "uv_size": [1, -0.5]}
							}
						},
						{
							"origin": [-1.775, 22.32686, -12.32428],
							"size": [0.5, 1.1, 1.5],
							"uv": {
								"north": {"uv": [50, 87], "uv_size": [0.5, 1]},
								"east": {"uv": [83, 64], "uv_size": [1.5, 1]},
								"south": {"uv": [87, 50], "uv_size": [0.5, 1]},
								"west": {"uv": [65, 83], "uv_size": [1.5, 1]},
								"up": {"uv": [33, 87], "uv_size": [0.5, 1.5]},
								"down": {"uv": [34, 88.5], "uv_size": [0.5, -1.5]}
							}
						}
					]
				},
				{
					"name": "bolt",
					"parent": "boltcarrier",
					"pivot": [0, -4, -8],
					"cubes": [
						{
							"origin": [-1.15, 21.9, -10.95],
							"size": [1.9, 1, 8.15],
							"pivot": [0.7851, 21.8272, -6.95],
							"rotation": [0, 0, -5],
							"uv": {
								"north": {"uv": [74, 48], "uv_size": [2, 1]},
								"east": {"uv": [70, 32], "uv_size": [8, 1]},
								"south": {"uv": [81, 48], "uv_size": [2, 1]},
								"west": {"uv": [70, 51], "uv_size": [8, 1]},
								"up": {"uv": [29, 61], "uv_size": [2, 8]},
								"down": {"uv": [31, 69], "uv_size": [2, -8]}
							}
						}
					]
				},
				{
					"name": "magazine",
					"parent": "main",
					"pivot": [-0.1875, 20.93625, -4.44],
					"cubes": [
						{
							"origin": [-1.13, 19.4575, -6.165],
							"size": [0.485, 2.9575, 2.5],
							"uv": {
								"north": {"uv": [78, 7], "uv_size": [1.5, 2.5]},
								"east": {"uv": [56, 7], "uv_size": [3, 2.5]},
								"south": {"uv": [78, 32], "uv_size": [1.5, 2.5]},
								"west": {"uv": [24, 71], "uv_size": [3, 2.5]},
								"up": {"uv": [12, 77], "uv_size": [0.5, 3]},
								"down": {"uv": [13, 80], "uv_size": [0.5, -3]}
							}
						},
						{
							"origin": [-1.13, 19.4575, -3.665],
							"size": [1.885, 2.9575, 0.35],
							"uv": {
								"north": {"uv": [43, 71], "uv_size": [2, 3]},
								"east": {"uv": [45, 71], "uv_size": [0.5, 3]},
								"south": {"uv": [0, 72], "uv_size": [2, 3]},
								"west": {"uv": [2, 72], "uv_size": [0.5, 3]},
								"up": {"uv": [36, 16], "uv_size": [2, 0.5]},
								"down": {"uv": [38, 16.5], "uv_size": [2, -0.5]}
							}
						},
						{
							"origin": [0.27, 19.4575, -6.165],
							"size": [0.485, 2.9575, 2.5],
							"uv": {
								"north": {"uv": [78, 7], "uv_size": [1.5, 2.5]},
								"east": {"uv": [56, 7], "uv_size": [3, 2.5]},
								"south": {"uv": [78, 32], "uv_size": [1.5, 2.5]},
								"west": {"uv": [24, 71], "uv_size": [3, 2.5]},
								"up": {"uv": [12, 77], "uv_size": [0.5, 3]},
								"down": {"uv": [13, 80], "uv_size": [0.5, -3]}
							}
						}
					]
				},
				{
					"name": "bullet",
					"parent": "magazine",
					"pivot": [-0.2, 21.125, -6.265],
					"cubes": [
						{
							"origin": [-0.15, 21.6375, -9.115],
							"size": [0.67, 0.67, 5.7],
							"pivot": [0.235, 22.0225, -6.265],
							"rotation": [0, 0, 10],
							"uv": {
								"north": {"uv": [31, 88], "uv_size": [0.5, 0.5]},
								"east": {"uv": [78, 11], "uv_size": [5.5, 0.5]},
								"south": {"uv": [88, 31], "uv_size": [0.5, 0.5]},
								"west": {"uv": [78, 35], "uv_size": [5.5, 0.5]},
								"up": {"uv": [52, 78], "uv_size": [0.5, 5.5]},
								"down": {"uv": [53, 83.5], "uv_size": [0.5, -5.5]}
							}
						},
						{
							"origin": [-0.92, 21.5525, -9.115],
							"size": [0.67, 0.67, 5.7],
							"pivot": [-0.535, 21.8375, -6.265],
							"rotation": [0, 0, 10],
							"uv": {
								"north": {"uv": [88, 32], "uv_size": [0.5, 0.5]},
								"east": {"uv": [78, 39], "uv_size": [5.5, 0.5]},
								"south": {"uv": [88, 33], "uv_size": [0.5, 0.5]},
								"west": {"uv": [78, 53], "uv_size": [5.5, 0.5]},
								"up": {"uv": [54, 78], "uv_size": [0.5, 5.5]},
								"down": {"uv": [55, 83.5], "uv_size": [0.5, -5.5]}
							}
						},
						{
							"origin": [-0.92, 20.8825, -9.115],
							"size": [0.67, 0.67, 5.7],
							"pivot": [-0.535, 21.1675, -6.265],
							"rotation": [0, 0, 10],
							"uv": {
								"north": {"uv": [35, 88], "uv_size": [0.5, 0.5]},
								"east": {"uv": [78, 54], "uv_size": [5.5, 0.5]},
								"south": {"uv": [36, 88], "uv_size": [0.5, 0.5]},
								"west": {"uv": [78, 55], "uv_size": [5.5, 0.5]},
								"up": {"uv": [56, 78], "uv_size": [0.5, 5.5]},
								"down": {"uv": [57, 83.5], "uv_size": [0.5, -5.5]}
							}
						},
						{
							"origin": [-0.15, 20.9675, -9.115],
							"size": [0.67, 0.67, 5.7],
							"pivot": [0.235, 21.3525, -6.265],
							"rotation": [0, 0, 10],
							"uv": {
								"north": {"uv": [88, 36], "uv_size": [0.5, 0.5]},
								"east": {"uv": [78, 56], "uv_size": [5.5, 0.5]},
								"south": {"uv": [88, 37], "uv_size": [0.5, 0.5]},
								"west": {"uv": [78, 61], "uv_size": [5.5, 0.5]},
								"up": {"uv": [58, 78], "uv_size": [0.5, 5.5]},
								"down": {"uv": [59, 83.5], "uv_size": [0.5, -5.5]}
							}
						},
						{
							"origin": [-0.92, 20.2125, -9.115],
							"size": [0.67, 0.67, 5.7],
							"pivot": [-0.535, 20.4975, -6.265],
							"rotation": [0, 0, 10],
							"uv": {
								"north": {"uv": [38, 88], "uv_size": [0.5, 0.5]},
								"east": {"uv": [63, 78], "uv_size": [5.5, 0.5]},
								"south": {"uv": [88, 38], "uv_size": [0.5, 0.5]},
								"west": {"uv": [69, 78], "uv_size": [5.5, 0.5]},
								"up": {"uv": [60, 78], "uv_size": [0.5, 5.5]},
								"down": {"uv": [61, 83.5], "uv_size": [0.5, -5.5]}
							}
						},
						{
							"origin": [-0.15, 20.2975, -9.115],
							"size": [0.67, 0.67, 5.7],
							"pivot": [0.235, 20.6825, -6.265],
							"rotation": [0, 0, 10],
							"uv": {
								"north": {"uv": [39, 88], "uv_size": [0.5, 0.5]},
								"east": {"uv": [78, 76], "uv_size": [5.5, 0.5]},
								"south": {"uv": [88, 39], "uv_size": [0.5, 0.5]},
								"west": {"uv": [78, 77], "uv_size": [5.5, 0.5]},
								"up": {"uv": [78, 78], "uv_size": [0.5, 5.5]},
								"down": {"uv": [79, 5.5], "uv_size": [0.5, -5.5]}
							}
						},
						{
							"origin": [-0.92, 19.5425, -9.115],
							"size": [0.67, 0.67, 5.7],
							"pivot": [-0.535, 19.8275, -6.265],
							"rotation": [0, 0, 10],
							"uv": {
								"north": {"uv": [40, 88], "uv_size": [0.5, 0.5]},
								"east": {"uv": [79, 6], "uv_size": [5.5, 0.5]},
								"south": {"uv": [88, 40], "uv_size": [0.5, 0.5]},
								"west": {"uv": [29, 79], "uv_size": [5.5, 0.5]},
								"up": {"uv": [5, 79], "uv_size": [0.5, 5.5]},
								"down": {"uv": [6, 84.5], "uv_size": [0.5, -5.5]}
							}
						},
						{
							"origin": [-0.15, 19.6275, -9.115],
							"size": [0.67, 0.67, 5.7],
							"pivot": [0.235, 20.0125, -6.265],
							"rotation": [0, 0, 10],
							"uv": {
								"north": {"uv": [41, 88], "uv_size": [0.5, 0.5]},
								"east": {"uv": [79, 31], "uv_size": [5.5, 0.5]},
								"south": {"uv": [88, 41], "uv_size": [0.5, 0.5]},
								"west": {"uv": [79, 36], "uv_size": [5.5, 0.5]},
								"up": {"uv": [23, 79], "uv_size": [0.5, 5.5]},
								"down": {"uv": [24, 84.5], "uv_size": [0.5, -5.5]}
							}
						}
					]
				}
			]
		}
	]
}