{
	"format_version": "1.21.20",
	"minecraft:geometry": [
		{
			"description": {
				"identifier": "geometry.unknown",
				"texture_width": 64,
				"texture_height": 64,
				"visible_bounds_width": 16,
				"visible_bounds_height": 6,
				"visible_bounds_offset": [0, 1, 0]
			},
			"bones": [
				{
					"name": "main",
					"pivot": [0, 29, -10]
				},
				{
					"name": "rightarm",
					"parent": "main",
					"pivot": [-4.575, 14.65, 7.225],
					"rotation": [-97.42664, 1.83789, 28.74085],
					"cubes": [
						{"origin": [-9.93174, -8.96577, 2.48198], "size": [8, 24, 8], "pivot": [-1.575, 2.65, 4.225], "rotation": [-3.24593, 16.06617, 3.04407], "uv": [0, 0]}
					]
				},
				{
					"name": "leftarm",
					"parent": "main",
					"pivot": [27.7, 16.4, 13.3],
					"rotation": [-22.40919, 37.06713, -6.36775],
					"cubes": [
						{"origin": [23.7, -7.6, 9.3], "size": [8, 24, 8], "uv": [0, 32]}
					]
				},
				{
					"name": "grenade",
					"parent": "main",
					"pivot": [1.5, 18.5, -13],
					"rotation": [0, 0, 12.5],
					"cubes": [
						{
							"origin": [-5, 14, -14],
							"size": [2, 9, 2],
							"uv": {
								"north": {"uv": [36, 0], "uv_size": [2, 9]},
								"east": {"uv": [36, 9], "uv_size": [2, 9]},
								"south": {"uv": [36, 18], "uv_size": [2, 9]},
								"west": {"uv": [37, 27], "uv_size": [2, 9]},
								"up": {"uv": [35, 38], "uv_size": [2, 2]},
								"down": {"uv": [43, 12], "uv_size": [2, -2]}
							}
						},
						{
							"origin": [-5.25, 23, -14.25],
							"size": [2.5, 4, 2.5],
							"uv": {
								"north": {"uv": [38, 4], "uv_size": [2.5, 4]},
								"east": {"uv": [38, 8], "uv_size": [2.5, 4]},
								"south": {"uv": [38, 12], "uv_size": [2.5, 4]},
								"west": {"uv": [38, 16], "uv_size": [2.5, 4]},
								"up": {"uv": [32, 38], "uv_size": [2.5, 2.5]},
								"down": {"uv": [39, 28.5], "uv_size": [2.5, -2.5]}
							}
						},
						{
							"origin": [-5.35, 25, -14.35],
							"size": [2.7, 2, 2.7],
							"pivot": [-4, 25, -13],
							"rotation": [0, 2.5, 0],
							"uv": {
								"north": {"uv": [42, 27], "uv_size": [2.5, 2]},
								"east": {"uv": [42, 29], "uv_size": [2.5, 2]},
								"south": {"uv": [42, 31], "uv_size": [2.5, 2]},
								"west": {"uv": [42, 33], "uv_size": [2.5, 2]},
								"up": {"uv": [41, 4], "uv_size": [2.5, 2.5]},
								"down": {"uv": [41, 9.5], "uv_size": [2.5, -2.5]}
							}
						},
						{
							"origin": [-5.45, 26, -14.45],
							"size": [2.9, 0.25, 2.9],
							"pivot": [-4, 25, -13],
							"rotation": [0, 2.5, 0],
							"uv": {
								"north": {"uv": [44, 8], "uv_size": [3, 0.5]},
								"east": {"uv": [44, 9], "uv_size": [3, 0.5]},
								"south": {"uv": [41, 44], "uv_size": [3, 0.5]},
								"west": {"uv": [44, 41], "uv_size": [3, 0.5]},
								"up": {"uv": [38, 20], "uv_size": [3, 3]},
								"down": {"uv": [38, 26], "uv_size": [3, -3]}
							}
						},
						{
							"origin": [-5, 20.11656, -12.41955],
							"size": [2, 3, 0.5],
							"pivot": [-4, 21.11656, -13.16955],
							"rotation": [-5, 0, 0],
							"uv": {
								"north": {"uv": [41, 10], "uv_size": [2, 3]},
								"east": {"uv": [44, 5], "uv_size": [0.5, 3]},
								"south": {"uv": [41, 13], "uv_size": [2, 3]},
								"west": {"uv": [32, 44], "uv_size": [0.5, 3]},
								"up": {"uv": [45, 0], "uv_size": [2, 0.5]},
								"down": {"uv": [45, 1.5], "uv_size": [2, -0.5]}
							}
						},
						{
							"origin": [-5, 20.0294, -14.07664],
							"size": [2, 3, 0.5],
							"pivot": [-4, 21.0294, -13.82664],
							"rotation": [5, 0, 0],
							"uv": {
								"north": {"uv": [41, 16], "uv_size": [2, 3]},
								"east": {"uv": [33, 44], "uv_size": [0.5, 3]},
								"south": {"uv": [41, 19], "uv_size": [2, 3]},
								"west": {"uv": [36, 44], "uv_size": [0.5, 3]},
								"up": {"uv": [45, 2], "uv_size": [2, 0.5]},
								"down": {"uv": [45, 3.5], "uv_size": [2, -0.5]}
							}
						},
						{
							"origin": [-3.42051, 20.09477, -14],
							"size": [0.5, 3, 2],
							"pivot": [-3.92051, 21.09477, -13.75],
							"rotation": [0, 0, 5],
							"uv": {
								"north": {"uv": [37, 44], "uv_size": [0.5, 3]},
								"east": {"uv": [41, 22], "uv_size": [2, 3]},
								"south": {"uv": [38, 44], "uv_size": [0.5, 3]},
								"west": {"uv": [32, 41], "uv_size": [2, 3]},
								"up": {"uv": [34, 41], "uv_size": [0.5, 2]},
								"down": {"uv": [45, 7], "uv_size": [0.5, -2]}
							}
						},
						{
							"origin": [-5.07379, 19.96403, -14],
							"size": [0.5, 3, 2],
							"pivot": [-5.57379, 20.96403, -13.75],
							"rotation": [0, 0, -5],
							"uv": {
								"north": {"uv": [39, 44], "uv_size": [0.5, 3]},
								"east": {"uv": [41, 35], "uv_size": [2, 3]},
								"south": {"uv": [40, 44], "uv_size": [0.5, 3]},
								"west": {"uv": [41, 38], "uv_size": [2, 3]},
								"up": {"uv": [45, 10], "uv_size": [0.5, 2]},
								"down": {"uv": [45, 14], "uv_size": [0.5, -2]}
							}
						},
						{
							"origin": [-3.5821, 13.79597, -14],
							"size": [0.5, 1.5, 2],
							"pivot": [-4.0821, 15.79597, -13.75],
							"rotation": [0, 0, -10],
							"uv": {
								"north": {"uv": [46, 23], "uv_size": [0.5, 1.5]},
								"east": {"uv": [34, 43], "uv_size": [2, 1.5]},
								"south": {"uv": [46, 25], "uv_size": [0.5, 1.5]},
								"west": {"uv": [43, 35], "uv_size": [2, 1.5]},
								"up": {"uv": [45, 21], "uv_size": [0.5, 2]},
								"down": {"uv": [45, 27], "uv_size": [0.5, -2]}
							}
						},
						{
							"origin": [-5, 13.9262, -13.9065],
							"size": [2, 1.5, 0.5],
							"pivot": [-4, 15.9262, -13.6565],
							"rotation": [-10, 0, 0],
							"uv": {
								"north": {"uv": [43, 20], "uv_size": [2, 1.5]},
								"east": {"uv": [46, 16], "uv_size": [0.5, 1.5]},
								"south": {"uv": [43, 22], "uv_size": [2, 1.5]},
								"west": {"uv": [46, 21], "uv_size": [0.5, 1.5]},
								"up": {"uv": [45, 19], "uv_size": [2, 0.5]},
								"down": {"uv": [45, 20.5], "uv_size": [2, -0.5]}
							}
						},
						{
							"origin": [-5, 13.75256, -12.57831],
							"size": [2, 1.5, 0.5],
							"pivot": [-4, 15.75256, -13.32831],
							"rotation": [10, 0, 0],
							"uv": {
								"north": {"uv": [43, 16], "uv_size": [2, 1.5]},
								"east": {"uv": [46, 12], "uv_size": [0.5, 1.5]},
								"south": {"uv": [43, 18], "uv_size": [2, 1.5]},
								"west": {"uv": [46, 14], "uv_size": [0.5, 1.5]},
								"up": {"uv": [45, 7], "uv_size": [2, 0.5]},
								"down": {"uv": [45, 18.5], "uv_size": [2, -0.5]}
							}
						},
						{
							"origin": [-4.89511, 14.05644, -14],
							"size": [0.5, 1.5, 2],
							"pivot": [-5.39511, 16.05644, -13.75],
							"rotation": [0, 0, 10],
							"uv": {
								"north": {"uv": [46, 5], "uv_size": [0.5, 1.5]},
								"east": {"uv": [43, 12], "uv_size": [2, 1.5]},
								"south": {"uv": [46, 10], "uv_size": [0.5, 1.5]},
								"west": {"uv": [43, 14], "uv_size": [2, 1.5]},
								"up": {"uv": [45, 14], "uv_size": [0.5, 2]},
								"down": {"uv": [45, 18], "uv_size": [0.5, -2]}
							}
						},
						{
							"origin": [-5.25, 12, -14.25],
							"size": [2.5, 2, 2.5],
							"uv": {
								"north": {"uv": [41, 41], "uv_size": [2.5, 2]},
								"east": {"uv": [42, 0], "uv_size": [2.5, 2]},
								"south": {"uv": [42, 2], "uv_size": [2.5, 2]},
								"west": {"uv": [42, 25], "uv_size": [2.5, 2]},
								"up": {"uv": [39, 29], "uv_size": [2.5, 2.5]},
								"down": {"uv": [39, 34.5], "uv_size": [2.5, -2.5]}
							}
						},
						{
							"origin": [-6, 27.25, -15],
							"size": [4, 6.25, 4],
							"pivot": [-4, 30.25, -13],
							"rotation": [0, 2.5, 0],
							"uv": {
								"north": {"uv": [32, 0], "uv_size": [4, 6.5]},
								"east": {"uv": [32, 7], "uv_size": [4, 6.5]},
								"south": {"uv": [32, 14], "uv_size": [4, 6.5]},
								"west": {"uv": [32, 21], "uv_size": [4, 6.5]},
								"up": {"uv": [37, 36], "uv_size": [4, 4]},
								"down": {"uv": [38, 4], "uv_size": [4, -4]}
							}
						},
						{
							"origin": [-6.2, 27, -15.2],
							"size": [4.4, 0.25, 4.4],
							"pivot": [-4, 30.25, -13],
							"rotation": [0, 2.5, 0],
							"uv": {
								"north": {"uv": [39, 43], "uv_size": [4.5, 0.5]},
								"east": {"uv": [43, 39], "uv_size": [4.5, 0.5]},
								"south": {"uv": [43, 40], "uv_size": [4.5, 0.5]},
								"west": {"uv": [44, 4], "uv_size": [4.5, 0.5]},
								"up": {"uv": [32, 28], "uv_size": [4.5, 4.5]},
								"down": {"uv": [32, 37.5], "uv_size": [4.5, -4.5]}
							}
						}
					]
				},
				{
					"name": "cap",
					"parent": "grenade",
					"pivot": [0, 10.25, 0],
					"cubes": [
						{
							"origin": [-5.25, 11, -14.25],
							"size": [2.5, 1, 2.5],
							"pivot": [-4, 11.5, -13],
							"rotation": [0, 2.5, 0],
							"uv": {
								"north": {"uv": [43, 24], "uv_size": [2.5, 1]},
								"east": {"uv": [36, 43], "uv_size": [2.5, 1]},
								"south": {"uv": [43, 37], "uv_size": [2.5, 1]},
								"west": {"uv": [43, 38], "uv_size": [2.5, 1]},
								"up": {"uv": [35, 40], "uv_size": [2.5, 2.5]},
								"down": {"uv": [38, 42.5], "uv_size": [2.5, -2.5]}
							}
						}
					]
				},
				{
					"name": "rope",
					"parent": "grenade",
					"pivot": [0, 10.25, 0],
					"cubes": [
						{
							"origin": [-4.25, 11.25, -13.25],
							"size": [0.25, 2, 0.25],
							"uv": {
								"north": {"uv": [45, 27], "uv_size": [0.5, 2]},
								"east": {"uv": [45, 29], "uv_size": [0.5, 2]},
								"south": {"uv": [45, 31], "uv_size": [0.5, 2]},
								"west": {"uv": [45, 33], "uv_size": [0.5, 2]},
								"up": {"uv": [41, 25], "uv_size": [0.5, 0.5]},
								"down": {"uv": [45, 23.5], "uv_size": [0.5, -0.5]}
							}
						},
						{
							"origin": [-4.25, 13.25, -13.25],
							"size": [0.25, 2, 0.25],
							"uv": {
								"north": {"uv": [34, 45], "uv_size": [0.5, 2]},
								"east": {"uv": [35, 45], "uv_size": [0.5, 2]},
								"south": {"uv": [45, 35], "uv_size": [0.5, 2]},
								"west": {"uv": [41, 45], "uv_size": [0.5, 2]},
								"up": {"uv": [46, 27], "uv_size": [0.5, 0.5]},
								"down": {"uv": [46, 28.5], "uv_size": [0.5, -0.5]}
							}
						},
						{
							"origin": [-4.25, 15.25, -13.25],
							"size": [0.25, 2, 0.25],
							"uv": {
								"north": {"uv": [42, 45], "uv_size": [0.5, 2]},
								"east": {"uv": [43, 45], "uv_size": [0.5, 2]},
								"south": {"uv": [44, 45], "uv_size": [0.5, 2]},
								"west": {"uv": [45, 45], "uv_size": [0.5, 2]},
								"up": {"uv": [46, 29], "uv_size": [0.5, 0.5]},
								"down": {"uv": [46, 30.5], "uv_size": [0.5, -0.5]}
							}
						},
						{
							"origin": [-4.75, 11.25, -13.5],
							"size": [1.25, 1, 0.75],
							"uv": {
								"north": {"uv": [39, 35], "uv_size": [1.5, 1]},
								"east": {"uv": [36, 27], "uv_size": [1, 1]},
								"south": {"uv": [44, 42], "uv_size": [1.5, 1]},
								"west": {"uv": [38, 26], "uv_size": [1, 1]},
								"up": {"uv": [44, 43], "uv_size": [1.5, 1]},
								"down": {"uv": [44, 45], "uv_size": [1.5, -1]}
							}
						}
					]
				}
			]
		}
	]
}