{
	"format_version": "1.12.0",
	"minecraft:geometry": [
		{
			"description": {
				"identifier": "geometry.unknown",
				"texture_width": 32,
				"texture_height": 32,
				"visible_bounds_width": 2,
				"visible_bounds_height": 3.5,
				"visible_bounds_offset": [0, 1.25, 0]
			},
			"bones": [
				{
					"name": "main",
					"pivot": [0, 0, 0]
				},
				{
					"name": "structure",
					"parent": "main",
					"pivot": [0, -0.75, 0],
					"cubes": [
						{
							"origin": [-1.15, 22.9, -3.3],
							"size": [0.3, 0.55, 0.55],
							"uv": {
								"north": {"uv": [3, 18], "uv_size": [0.5, 0.5]},
								"east": {"uv": [18, 3], "uv_size": [0.5, 0.5]},
								"south": {"uv": [4, 18], "uv_size": [0.5, 0.5]},
								"west": {"uv": [18, 4], "uv_size": [0.5, 0.5]},
								"up": {"uv": [5, 18], "uv_size": [0.5, 0.5]},
								"down": {"uv": [18, 5.5], "uv_size": [0.5, -0.5]}
							}
						},
						{
							"origin": [-1.2, 23, -3.2],
							"size": [0.05, 0.35, 0.35],
							"pivot": [-1.3, 23.175, -3.025],
							"rotation": [12.5, 0, 0],
							"uv": {
								"north": {"uv": [6, 18], "uv_size": [0.5, 0.5]},
								"east": {"uv": [18, 6], "uv_size": [0.5, 0.5]},
								"south": {"uv": [7, 18], "uv_size": [0.5, 0.5]},
								"west": {"uv": [18, 7], "uv_size": [0.5, 0.5]},
								"up": {"uv": [8, 18], "uv_size": [0.5, 0.5]},
								"down": {"uv": [18, 8.5], "uv_size": [0.5, -0.5]}
							}
						},
						{
							"origin": [-0.85, 22.8, -3.6],
							"size": [1.7, 0.6, 2.5],
							"uv": {
								"north": {"uv": [16, 6], "uv_size": [1.5, 0.5]},
								"east": {"uv": [14, 4], "uv_size": [2.5, 0.5]},
								"south": {"uv": [7, 16], "uv_size": [1.5, 0.5]},
								"west": {"uv": [14, 5], "uv_size": [2.5, 0.5]},
								"up": {"uv": [6, 2], "uv_size": [1.5, 2.5]},
								"down": {"uv": [4, 8.5], "uv_size": [1.5, -2.5]}
							}
						},
						{
							"origin": [-0.25, 22.8, -9.35],
							"size": [1.1, 0.6, 5.75],
							"uv": {
								"north": {"uv": [17, 10], "uv_size": [1, 0.5]},
								"east": {"uv": [8, 8], "uv_size": [5.5, 0.5]},
								"south": {"uv": [11, 17], "uv_size": [1, 0.5]},
								"west": {"uv": [4, 9], "uv_size": [5.5, 0.5]},
								"up": {"uv": [2, 2], "uv_size": [1, 5.5]},
								"down": {"uv": [3, 7.5], "uv_size": [1, -5.5]}
							}
						},
						{
							"origin": [-0.31384, 22.79552, -9.35],
							"size": [0.15, 0.55, 5.75],
							"pivot": [-0.41384, 23.04552, -6.475],
							"rotation": [0, 0, -15],
							"uv": {
								"north": {"uv": [19, 6], "uv_size": [0.5, 0.5]},
								"east": {"uv": [2, 10], "uv_size": [5.5, 0.5]},
								"south": {"uv": [7, 19], "uv_size": [0.5, 0.5]},
								"west": {"uv": [10, 2], "uv_size": [5.5, 0.5]},
								"up": {"uv": [8, 10], "uv_size": [0.5, 5.5]},
								"down": {"uv": [9, 15.5], "uv_size": [0.5, -5.5]}
							}
						},
						{
							"origin": [-0.85, 22.3, -10.1],
							"size": [1.7, 1.1, 0.75],
							"uv": {
								"north": {"uv": [3, 13], "uv_size": [1.5, 1]},
								"east": {"uv": [17, 11], "uv_size": [0.5, 1]},
								"south": {"uv": [5, 13], "uv_size": [1.5, 1]},
								"west": {"uv": [12, 17], "uv_size": [0.5, 1]},
								"up": {"uv": [16, 7], "uv_size": [1.5, 0.5]},
								"down": {"uv": [16, 8.5], "uv_size": [1.5, -0.5]}
							}
						},
						{
							"origin": [-0.9, 23.5, 2.6],
							"size": [1.8, 1.8, 1.7],
							"uv": {
								"north": {"uv": [4, 2], "uv_size": [2, 2]},
								"east": {"uv": [6, 5], "uv_size": [1.5, 2]},
								"south": {"uv": [4, 4], "uv_size": [2, 2]},
								"west": {"uv": [6, 7], "uv_size": [1.5, 2]},
								"up": {"uv": [2, 8], "uv_size": [2, 1.5]},
								"down": {"uv": [8, 3.5], "uv_size": [2, -1.5]}
							}
						},
						{
							"origin": [-0.95, 25, 4.3],
							"size": [1.9, 0.35, 1],
							"uv": {
								"north": {"uv": [14, 8], "uv_size": [2, 0.5]},
								"east": {"uv": [17, 2], "uv_size": [1, 0.5]},
								"south": {"uv": [10, 14], "uv_size": [2, 0.5]},
								"west": {"uv": [3, 17], "uv_size": [1, 0.5]},
								"up": {"uv": [10, 7], "uv_size": [2, 1]},
								"down": {"uv": [12, 4], "uv_size": [2, -1]}
							}
						},
						{
							"origin": [-0.95, 23.45, 4.3],
							"size": [1.9, 0.35, 1],
							"uv": {
								"north": {"uv": [14, 14], "uv_size": [2, 0.5]},
								"east": {"uv": [9, 17], "uv_size": [1, 0.5]},
								"south": {"uv": [3, 15], "uv_size": [2, 0.5]},
								"west": {"uv": [10, 17], "uv_size": [1, 0.5]},
								"up": {"uv": [12, 4], "uv_size": [2, 1]},
								"down": {"uv": [12, 6], "uv_size": [2, -1]}
							}
						},
						{
							"origin": [-0.95, 23.8, 4.3],
							"size": [0.35, 1.2, 1],
							"uv": {
								"north": {"uv": [17, 3], "uv_size": [0.5, 1]},
								"east": {"uv": [12, 14], "uv_size": [1, 1]},
								"south": {"uv": [4, 17], "uv_size": [0.5, 1]},
								"west": {"uv": [14, 12], "uv_size": [1, 1]},
								"up": {"uv": [17, 4], "uv_size": [0.5, 1]},
								"down": {"uv": [5, 18], "uv_size": [0.5, -1]}
							}
						},
						{
							"origin": [0.6, 23.8, 4.3],
							"size": [0.35, 1.2, 1],
							"uv": {
								"north": {"uv": [17, 5], "uv_size": [0.5, 1]},
								"east": {"uv": [13, 14], "uv_size": [1, 1]},
								"south": {"uv": [6, 17], "uv_size": [0.5, 1]},
								"west": {"uv": [14, 13], "uv_size": [1, 1]},
								"up": {"uv": [7, 17], "uv_size": [0.5, 1]},
								"down": {"uv": [8, 18], "uv_size": [0.5, -1]}
							}
						},
						{
							"origin": [-0.55, 23.85, -16.35],
							"size": [1.1, 1.1, 18.95],
							"pivot": [0, 24.4, -1.0375],
							"rotation": [0, 0, 45],
							"uv": {
								"north": {"uv": [5, 14], "uv_size": [1, 1]},
								"east": {"uv": [0, 0], "uv_size": [19, 1]},
								"south": {"uv": [6, 14], "uv_size": [1, 1]},
								"west": {"uv": [0, 1], "uv_size": [19, 1]},
								"up": {"uv": [0, 2], "uv_size": [1, 19]},
								"down": {"uv": [1, 21], "uv_size": [1, -19]}
							}
						},
						{
							"origin": [-0.3, 24.9, -0.6],
							"size": [0.6, 0.35, 2.75],
							"uv": {
								"north": {"uv": [17, 14], "uv_size": [0.5, 0.5]},
								"east": {"uv": [12, 9], "uv_size": [3, 0.5]},
								"south": {"uv": [15, 17], "uv_size": [0.5, 0.5]},
								"west": {"uv": [12, 10], "uv_size": [3, 0.5]},
								"up": {"uv": [12, 11], "uv_size": [0.5, 3]},
								"down": {"uv": [2, 16], "uv_size": [0.5, -3]}
							}
						},
						{
							"origin": [-0.4, 25.3, 1],
							"size": [0.8, 0.5, 0.8],
							"pivot": [0, 25.65, 1.4],
							"rotation": [0, -15, 0],
							"uv": {
								"north": {"uv": [16, 12], "uv_size": [1, 0.5]},
								"east": {"uv": [16, 14], "uv_size": [1, 0.5]},
								"south": {"uv": [15, 16], "uv_size": [1, 0.5]},
								"west": {"uv": [16, 16], "uv_size": [1, 0.5]},
								"up": {"uv": [14, 6], "uv_size": [1, 1]},
								"down": {"uv": [14, 8], "uv_size": [1, -1]}
							}
						},
						{
							"origin": [-0.15, 25.15, 1.25],
							"size": [0.3, 0.25, 0.3],
							"pivot": [0, 24.9, 1.4],
							"rotation": [0, -15, 0],
							"uv": {
								"north": {"uv": [17, 15], "uv_size": [0.5, 0.5]},
								"east": {"uv": [16, 17], "uv_size": [0.5, 0.5]},
								"south": {"uv": [17, 16], "uv_size": [0.5, 0.5]},
								"west": {"uv": [17, 17], "uv_size": [0.5, 0.5]},
								"up": {"uv": [2, 18], "uv_size": [0.5, 0.5]},
								"down": {"uv": [18, 2.5], "uv_size": [0.5, -0.5]}
							}
						},
						{
							"origin": [-0.15, 25.05, -0.45],
							"size": [0.3, 0.25, 0.3],
							"pivot": [0, 24.8, -0.3],
							"rotation": [0, -15, 0],
							"uv": {
								"north": {"uv": [12, 18], "uv_size": [0.5, 0.5]},
								"east": {"uv": [18, 12], "uv_size": [0.5, 0.5]},
								"south": {"uv": [13, 18], "uv_size": [0.5, 0.5]},
								"west": {"uv": [18, 13], "uv_size": [0.5, 0.5]},
								"up": {"uv": [14, 18], "uv_size": [0.5, 0.5]},
								"down": {"uv": [18, 14.5], "uv_size": [0.5, -0.5]}
							}
						},
						{
							"origin": [-0.85, 22.3, -11.3],
							"size": [1.7, 2.1, 1.2],
							"uv": {
								"north": {"uv": [8, 4], "uv_size": [1.5, 2]},
								"east": {"uv": [10, 11], "uv_size": [1, 2]},
								"south": {"uv": [8, 6], "uv_size": [1.5, 2]},
								"west": {"uv": [11, 11], "uv_size": [1, 2]},
								"up": {"uv": [12, 6], "uv_size": [1.5, 1]},
								"down": {"uv": [12, 8], "uv_size": [1.5, -1]}
							}
						},
						{
							"origin": [-0.75, 23.65, -11.3],
							"size": [1.5, 1.5, 1.2],
							"pivot": [0, 24.4, -10.7],
							"rotation": [0, 0, 45],
							"uv": {
								"north": {"uv": [4, 11], "uv_size": [1.5, 1.5]},
								"east": {"uv": [7, 13], "uv_size": [1, 1.5]},
								"south": {"uv": [6, 11], "uv_size": [1.5, 1.5]},
								"west": {"uv": [13, 12], "uv_size": [1, 1.5]},
								"up": {"uv": [3, 14], "uv_size": [1.5, 1]},
								"down": {"uv": [14, 4], "uv_size": [1.5, -1]}
							}
						},
						{
							"origin": [-0.75, 23.65, -3.35],
							"size": [1.5, 1.5, 0.7],
							"pivot": [0, 24.4, -2.85],
							"rotation": [0, 0, 45],
							"uv": {
								"north": {"uv": [10, 3], "uv_size": [1.5, 1.5]},
								"east": {"uv": [13, 15], "uv_size": [0.5, 1.5]},
								"south": {"uv": [10, 5], "uv_size": [1.5, 1.5]},
								"west": {"uv": [14, 15], "uv_size": [0.5, 1.5]},
								"up": {"uv": [15, 13], "uv_size": [1.5, 0.5]},
								"down": {"uv": [15, 15.5], "uv_size": [1.5, -0.5]}
							}
						},
						{
							"origin": [-0.85, 23.4, -3.35],
							"size": [1.7, 1, 0.7],
							"uv": {
								"north": {"uv": [10, 13], "uv_size": [1.5, 1]},
								"east": {"uv": [17, 12], "uv_size": [0.5, 1]},
								"south": {"uv": [13, 11], "uv_size": [1.5, 1]},
								"west": {"uv": [13, 17], "uv_size": [0.5, 1]},
								"up": {"uv": [9, 16], "uv_size": [1.5, 0.5]},
								"down": {"uv": [16, 9.5], "uv_size": [1.5, -0.5]}
							}
						},
						{
							"origin": [-0.3, 25.15, -11.3],
							"size": [0.6, 0.55, 1.2],
							"uv": {
								"north": {"uv": [17, 13], "uv_size": [0.5, 0.5]},
								"east": {"uv": [16, 10], "uv_size": [1, 0.5]},
								"south": {"uv": [14, 17], "uv_size": [0.5, 0.5]},
								"west": {"uv": [11, 16], "uv_size": [1, 0.5]},
								"up": {"uv": [16, 11], "uv_size": [0.5, 1]},
								"down": {"uv": [12, 17], "uv_size": [0.5, -1]}
							}
						},
						{
							"origin": [-0.3, 25.15, -3.35],
							"size": [0.6, 0.55, 0.7],
							"uv": {
								"north": {"uv": [9, 18], "uv_size": [0.5, 0.5]},
								"east": {"uv": [18, 9], "uv_size": [0.5, 0.5]},
								"south": {"uv": [10, 18], "uv_size": [0.5, 0.5]},
								"west": {"uv": [18, 10], "uv_size": [0.5, 0.5]},
								"up": {"uv": [11, 18], "uv_size": [0.5, 0.5]},
								"down": {"uv": [18, 11.5], "uv_size": [0.5, -0.5]}
							}
						},
						{
							"origin": [-0.35, 25.35, -3.15],
							"size": [0.7, 0.3, 0.3],
							"pivot": [0, 25.5, -3],
							"rotation": [-12.5, 0, 0],
							"uv": {
								"north": {"uv": [15, 18], "uv_size": [0.5, 0.5]},
								"east": {"uv": [18, 15], "uv_size": [0.5, 0.5]},
								"south": {"uv": [16, 18], "uv_size": [0.5, 0.5]},
								"west": {"uv": [18, 16], "uv_size": [0.5, 0.5]},
								"up": {"uv": [17, 18], "uv_size": [0.5, 0.5]},
								"down": {"uv": [18, 17.5], "uv_size": [0.5, -0.5]}
							}
						},
						{
							"origin": [-0.35, 25.35, -10.55],
							"size": [0.7, 0.3, 0.3],
							"pivot": [0, 25.5, -10.4],
							"rotation": [5, 0, 0],
							"uv": {
								"north": {"uv": [18, 18], "uv_size": [0.5, 0.5]},
								"east": {"uv": [19, 0], "uv_size": [0.5, 0.5]},
								"south": {"uv": [19, 1], "uv_size": [0.5, 0.5]},
								"west": {"uv": [2, 19], "uv_size": [0.5, 0.5]},
								"up": {"uv": [19, 2], "uv_size": [0.5, 0.5]},
								"down": {"uv": [3, 19.5], "uv_size": [0.5, -0.5]}
							}
						},
						{
							"origin": [-0.35, 25.35, -11.15],
							"size": [0.7, 0.3, 0.3],
							"pivot": [0, 25.5, -11],
							"rotation": [7.5, 0, 0],
							"uv": {
								"north": {"uv": [19, 3], "uv_size": [0.5, 0.5]},
								"east": {"uv": [4, 19], "uv_size": [0.5, 0.5]},
								"south": {"uv": [19, 4], "uv_size": [0.5, 0.5]},
								"west": {"uv": [5, 19], "uv_size": [0.5, 0.5]},
								"up": {"uv": [19, 5], "uv_size": [0.5, 0.5]},
								"down": {"uv": [6, 19.5], "uv_size": [0.5, -0.5]}
							}
						}
					]
				},
				{
					"name": "scope",
					"parent": "main",
					"pivot": [0, 24.4, 7],
					"cubes": [
						{
							"origin": [-0.5, 23.9, 6.5],
							"size": [1, 1, 1],
							"inflate": -0.4,
							"uv": {
								"north": {"uv": [5, 15], "uv_size": [1, 1]},
								"east": {"uv": [6, 15], "uv_size": [1, 1]},
								"south": {"uv": [15, 6], "uv_size": [1, 1]},
								"west": {"uv": [7, 15], "uv_size": [1, 1]},
								"up": {"uv": [15, 7], "uv_size": [1, 1]},
								"down": {"uv": [15, 10], "uv_size": [1, -1]}
							}
						}
					]
				},
				{
					"name": "scopepip",
					"parent": "main",
					"pivot": [0, 0, 0],
					"cubes": [
						{
							"origin": [-0.65, 23.75, 4.35],
							"size": [1.3, 1.3, 0.2],
							"uv": {
								"north": {"uv": [10, 9], "uv_size": [1.5, 1.5]},
								"east": {"uv": [2, 16], "uv_size": [0.5, 1.5]},
								"south": {"uv": [2, 11], "uv_size": [1.5, 1.5]},
								"west": {"uv": [16, 2], "uv_size": [0.5, 1.5]},
								"up": {"uv": [3, 16], "uv_size": [1.5, 0.5]},
								"down": {"uv": [5, 16.5], "uv_size": [1.5, -0.5]}
							}
						}
					]
				},
				{
					"name": "_ca_scope2",
					"parent": "main",
					"pivot": [0, 22.25, -10.75],
					"cubes": [
						{
							"origin": [-0.5, 22.75, -11.25],
							"size": [1, 1, 1],
							"uv": {
								"north": {"uv": [10, 15], "uv_size": [1, 1]},
								"east": {"uv": [15, 10], "uv_size": [1, 1]},
								"south": {"uv": [11, 15], "uv_size": [1, 1]},
								"west": {"uv": [15, 11], "uv_size": [1, 1]},
								"up": {"uv": [12, 15], "uv_size": [1, 1]},
								"down": {"uv": [15, 13], "uv_size": [1, -1]}
							}
						}
					]
				}
			]
		}
	]
}