{
	"format_version": "1.12.0",
	"minecraft:geometry": [
		{
			"description": {
				"identifier": "geometry.unknown",
				"texture_width": 64,
				"texture_height": 64,
				"visible_bounds_width": 16,
				"visible_bounds_height": 4,
				"visible_bounds_offset": [0, 1, 0]
			},
			"bones": [
				{
					"name": "main",
					"pivot": [0, 29, -10]
				},
				{
					"name": "rightarm",
					"parent": "main",
					"pivot": [-4.575, 14.65, 7.225],
					"rotation": [-102.28533, -12.5887, -22.11721],
					"cubes": [
						{"origin": [-9.93174, -8.96577, 2.48198], "size": [8, 24, 8], "pivot": [-1.575, 2.65, 4.225], "rotation": [-3.24593, 16.06617, 3.04407], "uv": [0, 0]}
					]
				},
				{
					"name": "leftarm",
					"parent": "main",
					"pivot": [27.7, 16.4, 13.3],
					"rotation": [-22.40919, 37.06713, -6.36775],
					"cubes": [
						{"origin": [23.7, -7.6, 9.3], "size": [8, 24, 8], "uv": [0, 32]}
					]
				},
				{
					"name": "grenade",
					"parent": "main",
					"pivot": [1.5, 21.5, -13],
					"rotation": [12.5, -17.5, -20],
					"cubes": [
						{
							"origin": [0.5, 20.75, -14],
							"size": [2, 1.25, 2],
							"uv": {
								"north": {"uv": [32, 12], "uv_size": [2, 1.5]},
								"east": {"uv": [32, 14], "uv_size": [2, 1.5]},
								"south": {"uv": [32, 16], "uv_size": [2, 1.5]},
								"west": {"uv": [32, 18], "uv_size": [2, 1.5]},
								"up": {"uv": [32, 0], "uv_size": [2, 2]},
								"down": {"uv": [32, 4], "uv_size": [2, -2]}
							}
						},
						{
							"origin": [1.13135, 23, -14.30328],
							"size": [1, 1.75, 1.7],
							"pivot": [1.13135, 24.5, -14.30328],
							"rotation": [0, 67.5, 0],
							"uv": {
								"north": {"uv": [36, 28], "uv_size": [1, 2]},
								"east": {"uv": [34, 2], "uv_size": [1.5, 2]},
								"south": {"uv": [36, 30], "uv_size": [1, 2]},
								"west": {"uv": [34, 12], "uv_size": [1.5, 2]},
								"up": {"uv": [38, 4], "uv_size": [1, 1.5]},
								"down": {"uv": [38, 7.5], "uv_size": [1, -1.5]}
							}
						},
						{
							"origin": [0.74187, 23, -14.27493],
							"size": [1, 1.75, 1.7],
							"pivot": [0.74187, 24.5, -13.82493],
							"rotation": [180, 67.5, -180],
							"uv": {
								"north": {"uv": [36, 24], "uv_size": [1, 2]},
								"east": {"uv": [33, 10], "uv_size": [1.5, 2]},
								"south": {"uv": [36, 26], "uv_size": [1, 2]},
								"west": {"uv": [34, 0], "uv_size": [1.5, 2]},
								"up": {"uv": [38, 0], "uv_size": [1, 1.5]},
								"down": {"uv": [38, 3.5], "uv_size": [1, -1.5]}
							}
						},
						{
							"origin": [0.69511, 23, -12.68384],
							"size": [1, 1.75, 1.7],
							"pivot": [0.69511, 24.5, -12.23384],
							"rotation": [180, -22.5, -180],
							"uv": {
								"north": {"uv": [33, 36], "uv_size": [1, 2]},
								"east": {"uv": [34, 18], "uv_size": [1.5, 2]},
								"south": {"uv": [34, 36], "uv_size": [1, 2]},
								"west": {"uv": [34, 20], "uv_size": [1.5, 2]},
								"up": {"uv": [38, 12], "uv_size": [1, 1.5]},
								"down": {"uv": [38, 15.5], "uv_size": [1, -1.5]}
							}
						},
						{
							"origin": [0.21676, 23, -12.62332],
							"size": [1, 1.75, 1.7],
							"pivot": [0.21676, 24.5, -12.62332],
							"rotation": [180, 22.5, -180],
							"uv": {
								"north": {"uv": [32, 36], "uv_size": [1, 2]},
								"east": {"uv": [34, 14], "uv_size": [1.5, 2]},
								"south": {"uv": [36, 32], "uv_size": [1, 2]},
								"west": {"uv": [34, 16], "uv_size": [1.5, 2]},
								"up": {"uv": [38, 8], "uv_size": [1, 1.5]},
								"down": {"uv": [38, 11.5], "uv_size": [1, -1.5]}
							}
						},
						{
							"origin": [1.89672, 23, -11.70873],
							"size": [1, 1.75, 1.7],
							"pivot": [1.89672, 24.5, -11.70873],
							"rotation": [180, -67.5, -180],
							"uv": {
								"north": {"uv": [36, 36], "uv_size": [1, 2]},
								"east": {"uv": [34, 26], "uv_size": [1.5, 2]},
								"south": {"uv": [37, 4], "uv_size": [1, 2]},
								"west": {"uv": [34, 28], "uv_size": [1.5, 2]},
								"up": {"uv": [38, 20], "uv_size": [1, 1.5]},
								"down": {"uv": [38, 31.5], "uv_size": [1, -1.5]}
							}
						},
						{
							"origin": [2.2862, 23, -12.63708],
							"size": [1, 1.75, 1.7],
							"pivot": [2.2862, 24.5, -12.18708],
							"rotation": [0, -67.5, 0],
							"uv": {
								"north": {"uv": [36, 34], "uv_size": [1, 2]},
								"east": {"uv": [34, 22], "uv_size": [1.5, 2]},
								"south": {"uv": [35, 36], "uv_size": [1, 2]},
								"west": {"uv": [34, 24], "uv_size": [1.5, 2]},
								"up": {"uv": [38, 16], "uv_size": [1, 1.5]},
								"down": {"uv": [38, 19.5], "uv_size": [1, -1.5]}
							}
						},
						{
							"origin": [2.63911, 23, -13.42294],
							"size": [1, 1.75, 1.7],
							"pivot": [2.63911, 24.5, -12.97294],
							"rotation": [0, -22.5, 0],
							"uv": {
								"north": {"uv": [37, 6], "uv_size": [1, 2]},
								"east": {"uv": [34, 30], "uv_size": [1.5, 2]},
								"south": {"uv": [37, 8], "uv_size": [1, 2]},
								"west": {"uv": [32, 34], "uv_size": [1.5, 2]},
								"up": {"uv": [32, 38], "uv_size": [1, 1.5]},
								"down": {"uv": [38, 33.5], "uv_size": [1, -1.5]}
							}
						},
						{
							"origin": [2.33296, 23, -14.22817],
							"size": [1, 1.75, 1.7],
							"pivot": [2.33296, 24.5, -13.77817],
							"rotation": [0, 22.5, 0],
							"uv": {
								"north": {"uv": [37, 10], "uv_size": [1, 2]},
								"east": {"uv": [34, 32], "uv_size": [1.5, 2]},
								"south": {"uv": [37, 12], "uv_size": [1, 2]},
								"west": {"uv": [34, 34], "uv_size": [1.5, 2]},
								"up": {"uv": [33, 38], "uv_size": [1, 1.5]},
								"down": {"uv": [34, 39.5], "uv_size": [1, -1.5]}
							}
						},
						{
							"origin": [0.73014, 22, -13.81732],
							"size": [1, 1, 1.5],
							"pivot": [0.73014, 22.75, -13.56732],
							"rotation": [180, 67.5, -180],
							"uv": {
								"north": {"uv": [43, 10], "uv_size": [1, 1]},
								"east": {"uv": [35, 39], "uv_size": [1.5, 1]},
								"south": {"uv": [43, 11], "uv_size": [1, 1]},
								"west": {"uv": [39, 35], "uv_size": [1.5, 1]},
								"up": {"uv": [38, 39], "uv_size": [1, 1.5]},
								"down": {"uv": [39, 40.5], "uv_size": [1, -1.5]}
							}
						},
						{
							"origin": [1.11962, 22, -14.04567],
							"size": [1, 1, 1.5],
							"pivot": [1.11962, 22.75, -14.04567],
							"rotation": [0, 67.5, 0],
							"uv": {
								"north": {"uv": [43, 7], "uv_size": [1, 1]},
								"east": {"uv": [39, 28], "uv_size": [1.5, 1]},
								"south": {"uv": [43, 8], "uv_size": [1, 1]},
								"west": {"uv": [39, 29], "uv_size": [1.5, 1]},
								"up": {"uv": [39, 30], "uv_size": [1, 1.5]},
								"down": {"uv": [39, 33.5], "uv_size": [1, -1.5]}
							}
						},
						{
							"origin": [0.46634, 22, -12.62702],
							"size": [1, 1, 1.5],
							"pivot": [0.46634, 22.75, -12.62702],
							"rotation": [180, 22.5, -180],
							"uv": {
								"north": {"uv": [43, 5], "uv_size": [1, 1]},
								"east": {"uv": [39, 22], "uv_size": [1.5, 1]},
								"south": {"uv": [43, 6], "uv_size": [1, 1]},
								"west": {"uv": [39, 23], "uv_size": [1.5, 1]},
								"up": {"uv": [39, 24], "uv_size": [1, 1.5]},
								"down": {"uv": [39, 27.5], "uv_size": [1, -1.5]}
							}
						},
						{
							"origin": [0.94469, 22, -12.48754],
							"size": [1, 1, 1.5],
							"pivot": [0.94469, 22.75, -12.23754],
							"rotation": [180, -22.5, -180],
							"uv": {
								"north": {"uv": [43, 3], "uv_size": [1, 1]},
								"east": {"uv": [39, 16], "uv_size": [1.5, 1]},
								"south": {"uv": [43, 4], "uv_size": [1, 1]},
								"west": {"uv": [39, 17], "uv_size": [1.5, 1]},
								"up": {"uv": [39, 18], "uv_size": [1, 1.5]},
								"down": {"uv": [39, 21.5], "uv_size": [1, -1.5]}
							}
						},
						{
							"origin": [2.27447, 22, -12.70209],
							"size": [1, 1, 1.5],
							"pivot": [2.27447, 22.75, -12.45209],
							"rotation": [0, -67.5, 0],
							"uv": {
								"north": {"uv": [43, 1], "uv_size": [1, 1]},
								"east": {"uv": [39, 10], "uv_size": [1.5, 1]},
								"south": {"uv": [43, 2], "uv_size": [1, 1]},
								"west": {"uv": [39, 11], "uv_size": [1.5, 1]},
								"up": {"uv": [39, 12], "uv_size": [1, 1.5]},
								"down": {"uv": [39, 15.5], "uv_size": [1, -1.5]}
							}
						},
						{
							"origin": [1.88499, 22, -11.97374],
							"size": [1, 1, 1.5],
							"pivot": [1.88499, 22.75, -11.97374],
							"rotation": [180, -67.5, -180],
							"uv": {
								"north": {"uv": [42, 41], "uv_size": [1, 1]},
								"east": {"uv": [39, 4], "uv_size": [1.5, 1]},
								"south": {"uv": [42, 42], "uv_size": [1, 1]},
								"west": {"uv": [39, 5], "uv_size": [1.5, 1]},
								"up": {"uv": [39, 6], "uv_size": [1, 1.5]},
								"down": {"uv": [39, 9.5], "uv_size": [1, -1.5]}
							}
						},
						{
							"origin": [2.32779, 22, -13.43425],
							"size": [1, 1, 1.5],
							"pivot": [2.32779, 22.75, -12.88425],
							"rotation": [0, -22.5, 0],
							"uv": {
								"north": {"uv": [40, 42], "uv_size": [1, 1]},
								"east": {"uv": [38, 37], "uv_size": [1.5, 1]},
								"south": {"uv": [41, 42], "uv_size": [1, 1]},
								"west": {"uv": [38, 38], "uv_size": [1.5, 1]},
								"up": {"uv": [39, 0], "uv_size": [1, 1.5]},
								"down": {"uv": [39, 3.5], "uv_size": [1, -1.5]}
							}
						},
						{
							"origin": [1.97779, 21.25, -13.43425],
							"size": [1, 0.75, 1.25],
							"pivot": [1.97779, 21.75, -12.88425],
							"rotation": [0, -22.5, 0],
							"uv": {
								"north": {"uv": [43, 32], "uv_size": [1, 1]},
								"east": {"uv": [41, 16], "uv_size": [1.5, 1]},
								"south": {"uv": [33, 43], "uv_size": [1, 1]},
								"west": {"uv": [41, 17], "uv_size": [1.5, 1]},
								"up": {"uv": [41, 19], "uv_size": [1, 1.5]},
								"down": {"uv": [41, 23.5], "uv_size": [1, -1.5]}
							}
						},
						{
							"origin": [1.74298, 21.25, -13.11826],
							"size": [1, 0.75, 1.25],
							"pivot": [1.74298, 21.75, -12.56826],
							"rotation": [0, -67.5, 0],
							"uv": {
								"north": {"uv": [43, 34], "uv_size": [1, 1]},
								"east": {"uv": [41, 33], "uv_size": [1.5, 1]},
								"south": {"uv": [43, 35], "uv_size": [1, 1]},
								"west": {"uv": [34, 41], "uv_size": [1.5, 1]},
								"up": {"uv": [41, 34], "uv_size": [1, 1.5]},
								"down": {"uv": [36, 42.5], "uv_size": [1, -1.5]}
							}
						},
						{
							"origin": [1.35349, 21.25, -13.06086],
							"size": [1, 0.75, 1.25],
							"pivot": [1.35349, 21.75, -12.51086],
							"rotation": [0, -112.5, 0],
							"uv": {
								"north": {"uv": [36, 43], "uv_size": [1, 1]},
								"east": {"uv": [41, 36], "uv_size": [1.5, 1]},
								"south": {"uv": [43, 36], "uv_size": [1, 1]},
								"west": {"uv": [37, 41], "uv_size": [1.5, 1]},
								"up": {"uv": [41, 37], "uv_size": [1, 1.5]},
								"down": {"uv": [39, 42.5], "uv_size": [1, -1.5]}
							}
						},
						{
							"origin": [1.60439, 21.25, -14.05855],
							"size": [1, 0.75, 1.25],
							"pivot": [1.60439, 21.75, -13.50855],
							"rotation": [0, 67.5, 0],
							"uv": {
								"north": {"uv": [43, 40], "uv_size": [1, 1]},
								"east": {"uv": [42, 15], "uv_size": [1.5, 1]},
								"south": {"uv": [41, 43], "uv_size": [1, 1]},
								"west": {"uv": [42, 22], "uv_size": [1.5, 1]},
								"up": {"uv": [42, 26], "uv_size": [1, 1.5]},
								"down": {"uv": [42, 29.5], "uv_size": [1, -1.5]}
							}
						},
						{
							"origin": [1.21491, 21.25, -14.00115],
							"size": [1, 0.75, 1.25],
							"pivot": [1.21491, 21.75, -13.45115],
							"rotation": [180, 67.5, -180],
							"uv": {
								"north": {"uv": [43, 39], "uv_size": [1, 1]},
								"east": {"uv": [42, 9], "uv_size": [1.5, 1]},
								"south": {"uv": [40, 43], "uv_size": [1, 1]},
								"west": {"uv": [42, 14], "uv_size": [1.5, 1]},
								"up": {"uv": [42, 18], "uv_size": [1, 1.5]},
								"down": {"uv": [42, 21.5], "uv_size": [1, -1.5]}
							}
						},
						{
							"origin": [0.9801, 21.25, -13.68515],
							"size": [1, 0.75, 1.25],
							"pivot": [0.9801, 21.75, -13.13515],
							"rotation": [180, 22.5, -180],
							"uv": {
								"north": {"uv": [43, 38], "uv_size": [1, 1]},
								"east": {"uv": [41, 40], "uv_size": [1.5, 1]},
								"south": {"uv": [39, 43], "uv_size": [1, 1]},
								"west": {"uv": [42, 0], "uv_size": [1.5, 1]},
								"up": {"uv": [42, 7], "uv_size": [1, 1.5]},
								"down": {"uv": [42, 13.5], "uv_size": [1, -1.5]}
							}
						},
						{
							"origin": [1.0375, 21.25, -13.29567],
							"size": [1, 0.75, 1.25],
							"pivot": [1.0375, 21.75, -12.74567],
							"rotation": [0, -157.5, 0],
							"uv": {
								"north": {"uv": [43, 37], "uv_size": [1, 1]},
								"east": {"uv": [41, 39], "uv_size": [1.5, 1]},
								"south": {"uv": [38, 43], "uv_size": [1, 1]},
								"west": {"uv": [40, 41], "uv_size": [1.5, 1]},
								"up": {"uv": [42, 3], "uv_size": [1, 1.5]},
								"down": {"uv": [42, 6.5], "uv_size": [1, -1.5]}
							}
						},
						{
							"origin": [1.92039, 21.25, -13.82374],
							"size": [1, 0.75, 1.25],
							"pivot": [1.92039, 21.75, -13.27374],
							"rotation": [0, 22.5, 0],
							"uv": {
								"north": {"uv": [43, 33], "uv_size": [1, 1]},
								"east": {"uv": [41, 24], "uv_size": [1.5, 1]},
								"south": {"uv": [34, 43], "uv_size": [1, 1]},
								"west": {"uv": [41, 25], "uv_size": [1.5, 1]},
								"up": {"uv": [41, 28], "uv_size": [1, 1.5]},
								"down": {"uv": [41, 31.5], "uv_size": [1, -1.5]}
							}
						},
						{
							"origin": [2.05991, 22, -14.03187],
							"size": [1, 1, 1.5],
							"pivot": [2.05991, 22.75, -13.78187],
							"rotation": [0, 22.5, 0],
							"uv": {
								"north": {"uv": [38, 42], "uv_size": [1, 1]},
								"east": {"uv": [38, 34], "uv_size": [1.5, 1]},
								"south": {"uv": [42, 38], "uv_size": [1, 1]},
								"west": {"uv": [35, 38], "uv_size": [1.5, 1]},
								"up": {"uv": [38, 35], "uv_size": [1, 1.5]},
								"down": {"uv": [37, 39.5], "uv_size": [1, -1.5]}
							}
						},
						{
							"origin": [2.05991, 24.75, -14.03187],
							"size": [1, 1, 1.5],
							"pivot": [2.05991, 25.5, -13.78187],
							"rotation": [0, 22.5, 0],
							"uv": {
								"north": {"uv": [43, 31], "uv_size": [1, 1]},
								"east": {"uv": [41, 10], "uv_size": [1.5, 1]},
								"south": {"uv": [32, 43], "uv_size": [1, 1]},
								"west": {"uv": [41, 11], "uv_size": [1.5, 1]},
								"up": {"uv": [41, 12], "uv_size": [1, 1.5]},
								"down": {"uv": [41, 15.5], "uv_size": [1, -1.5]}
							}
						},
						{
							"origin": [2.32779, 24.75, -13.43425],
							"size": [1, 1, 1.5],
							"pivot": [2.32779, 25.5, -12.88425],
							"rotation": [0, -22.5, 0],
							"uv": {
								"north": {"uv": [43, 28], "uv_size": [1, 1]},
								"east": {"uv": [41, 1], "uv_size": [1.5, 1]},
								"south": {"uv": [43, 29], "uv_size": [1, 1]},
								"west": {"uv": [41, 2], "uv_size": [1.5, 1]},
								"up": {"uv": [41, 4], "uv_size": [1, 1.5]},
								"down": {"uv": [41, 7.5], "uv_size": [1, -1.5]}
							}
						},
						{
							"origin": [1.88499, 24.75, -11.97374],
							"size": [1, 1, 1.5],
							"pivot": [1.88499, 25.5, -11.97374],
							"rotation": [180, -67.5, -180],
							"uv": {
								"north": {"uv": [43, 26], "uv_size": [1, 1]},
								"east": {"uv": [34, 40], "uv_size": [1.5, 1]},
								"south": {"uv": [43, 27], "uv_size": [1, 1]},
								"west": {"uv": [36, 40], "uv_size": [1.5, 1]},
								"up": {"uv": [40, 37], "uv_size": [1, 1.5]},
								"down": {"uv": [40, 40.5], "uv_size": [1, -1.5]}
							}
						},
						{
							"origin": [2.27447, 24.75, -12.70209],
							"size": [1, 1, 1.5],
							"pivot": [2.27447, 25.5, -12.45209],
							"rotation": [0, -67.5, 0],
							"uv": {
								"north": {"uv": [43, 24], "uv_size": [1, 1]},
								"east": {"uv": [40, 27], "uv_size": [1.5, 1]},
								"south": {"uv": [43, 25], "uv_size": [1, 1]},
								"west": {"uv": [40, 32], "uv_size": [1.5, 1]},
								"up": {"uv": [33, 40], "uv_size": [1, 1.5]},
								"down": {"uv": [40, 34.5], "uv_size": [1, -1.5]}
							}
						},
						{
							"origin": [0.94469, 24.75, -12.48754],
							"size": [1, 1, 1.5],
							"pivot": [0.94469, 25.5, -12.23754],
							"rotation": [180, -22.5, -180],
							"uv": {
								"north": {"uv": [43, 20], "uv_size": [1, 1]},
								"east": {"uv": [40, 21], "uv_size": [1.5, 1]},
								"south": {"uv": [43, 21], "uv_size": [1, 1]},
								"west": {"uv": [40, 26], "uv_size": [1.5, 1]},
								"up": {"uv": [40, 30], "uv_size": [1, 1.5]},
								"down": {"uv": [32, 41.5], "uv_size": [1, -1.5]}
							}
						},
						{
							"origin": [0.46634, 24.75, -12.62702],
							"size": [1, 1, 1.5],
							"pivot": [0.46634, 25.5, -12.62702],
							"rotation": [180, 22.5, -180],
							"uv": {
								"north": {"uv": [43, 18], "uv_size": [1, 1]},
								"east": {"uv": [40, 9], "uv_size": [1.5, 1]},
								"south": {"uv": [43, 19], "uv_size": [1, 1]},
								"west": {"uv": [40, 18], "uv_size": [1.5, 1]},
								"up": {"uv": [40, 19], "uv_size": [1, 1.5]},
								"down": {"uv": [40, 25.5], "uv_size": [1, -1.5]}
							}
						},
						{
							"origin": [1.11962, 24.75, -14.04567],
							"size": [1, 1, 1.5],
							"pivot": [1.11962, 25.5, -14.04567],
							"rotation": [0, 67.5, 0],
							"uv": {
								"north": {"uv": [43, 16], "uv_size": [1, 1]},
								"east": {"uv": [40, 3], "uv_size": [1.5, 1]},
								"south": {"uv": [43, 17], "uv_size": [1, 1]},
								"west": {"uv": [40, 8], "uv_size": [1.5, 1]},
								"up": {"uv": [40, 12], "uv_size": [1, 1.5]},
								"down": {"uv": [40, 15.5], "uv_size": [1, -1.5]}
							}
						},
						{
							"origin": [0.73014, 24.75, -13.81732],
							"size": [1, 1, 1.5],
							"pivot": [0.73014, 25.5, -13.56732],
							"rotation": [180, 67.5, -180],
							"uv": {
								"north": {"uv": [43, 12], "uv_size": [1, 1]},
								"east": {"uv": [39, 36], "uv_size": [1.5, 1]},
								"south": {"uv": [43, 13], "uv_size": [1, 1]},
								"west": {"uv": [40, 0], "uv_size": [1.5, 1]},
								"up": {"uv": [40, 1], "uv_size": [1, 1.5]},
								"down": {"uv": [40, 7.5], "uv_size": [1, -1.5]}
							}
						},
						{
							"origin": [0.75, 27, -13.75],
							"size": [1.5, 0.25, 1.5],
							"uv": {
								"north": {"uv": [43, 41], "uv_size": [1.5, 0.5]},
								"east": {"uv": [42, 43], "uv_size": [1.5, 0.5]},
								"south": {"uv": [43, 42], "uv_size": [1.5, 0.5]},
								"west": {"uv": [44, 0], "uv_size": [1.5, 0.5]},
								"up": {"uv": [35, 4], "uv_size": [1.5, 1.5]},
								"down": {"uv": [35, 7.5], "uv_size": [1.5, -1.5]}
							}
						},
						{
							"origin": [1, 27.25, -13.75],
							"size": [1, 1.25, 2],
							"uv": {
								"north": {"uv": [37, 30], "uv_size": [1, 1.5]},
								"east": {"uv": [33, 6], "uv_size": [2, 1.5]},
								"south": {"uv": [37, 32], "uv_size": [1, 1.5]},
								"west": {"uv": [33, 8], "uv_size": [2, 1.5]},
								"up": {"uv": [36, 12], "uv_size": [1, 2]},
								"down": {"uv": [36, 16], "uv_size": [1, -2]}
							}
						},
						{
							"origin": [1, 28.25, -14.25],
							"size": [0.35, 0.25, 0.25],
							"uv": {
								"north": {"uv": [45, 23], "uv_size": [0.5, 0.5]},
								"east": {"uv": [45, 24], "uv_size": [0.5, 0.5]},
								"south": {"uv": [45, 25], "uv_size": [0.5, 0.5]},
								"west": {"uv": [45, 26], "uv_size": [0.5, 0.5]},
								"up": {"uv": [45, 27], "uv_size": [0.5, 0.5]},
								"down": {"uv": [45, 28.5], "uv_size": [0.5, -0.5]}
							}
						},
						{
							"origin": [1.65, 28.25, -14.25],
							"size": [0.35, 0.25, 0.25],
							"uv": {
								"north": {"uv": [46, 22], "uv_size": [0.5, 0.5]},
								"east": {"uv": [46, 23], "uv_size": [0.5, 0.5]},
								"south": {"uv": [46, 24], "uv_size": [0.5, 0.5]},
								"west": {"uv": [46, 25], "uv_size": [0.5, 0.5]},
								"up": {"uv": [46, 26], "uv_size": [0.5, 0.5]},
								"down": {"uv": [46, 27.5], "uv_size": [0.5, -0.5]}
							}
						},
						{
							"origin": [1.35, 28.25, -14.25],
							"size": [0.3, 0.25, 0.5],
							"uv": {
								"north": {"uv": [45, 29], "uv_size": [0.5, 0.5]},
								"east": {"uv": [45, 30], "uv_size": [0.5, 0.5]},
								"south": {"uv": [45, 31], "uv_size": [0.5, 0.5]},
								"west": {"uv": [32, 45], "uv_size": [0.5, 0.5]},
								"up": {"uv": [45, 32], "uv_size": [0.5, 0.5]},
								"down": {"uv": [33, 45.5], "uv_size": [0.5, -0.5]}
							}
						},
						{
							"origin": [1.35, 28, -14],
							"size": [0.3, 0.25, 0.25],
							"uv": {
								"north": {"uv": [45, 34], "uv_size": [0.5, 0.5]},
								"east": {"uv": [35, 45], "uv_size": [0.5, 0.5]},
								"south": {"uv": [45, 35], "uv_size": [0.5, 0.5]},
								"west": {"uv": [36, 45], "uv_size": [0.5, 0.5]},
								"up": {"uv": [45, 36], "uv_size": [0.5, 0.5]},
								"down": {"uv": [37, 45.5], "uv_size": [0.5, -0.5]}
							}
						},
						{
							"origin": [1.35, 29.07322, -13.4519],
							"size": [0.3, 0.75, 0.25],
							"pivot": [1.5, 28.07322, -11.9519],
							"rotation": [45, 0, 0],
							"uv": {
								"north": {"uv": [44, 21], "uv_size": [0.5, 1]},
								"east": {"uv": [44, 22], "uv_size": [0.5, 1]},
								"south": {"uv": [44, 23], "uv_size": [0.5, 1]},
								"west": {"uv": [44, 24], "uv_size": [0.5, 1]},
								"up": {"uv": [45, 33], "uv_size": [0.5, 0.5]},
								"down": {"uv": [34, 45.5], "uv_size": [0.5, -0.5]}
							}
						},
						{
							"origin": [1, 27.25, -11.75],
							"size": [1, 0.5, 0.5],
							"uv": {
								"north": {"uv": [44, 11], "uv_size": [1, 0.5]},
								"east": {"uv": [45, 19], "uv_size": [0.5, 0.5]},
								"south": {"uv": [44, 12], "uv_size": [1, 0.5]},
								"west": {"uv": [45, 20], "uv_size": [0.5, 0.5]},
								"up": {"uv": [44, 13], "uv_size": [1, 0.5]},
								"down": {"uv": [44, 14.5], "uv_size": [1, -0.5]}
							}
						},
						{
							"origin": [1, 27.32717, -11.86888],
							"size": [1, 1, 0.75],
							"pivot": [1.5, 26.82717, -11.86888],
							"rotation": [22.5, 0, 0],
							"uv": {
								"north": {"uv": [42, 31], "uv_size": [1, 1]},
								"east": {"uv": [32, 42], "uv_size": [1, 1]},
								"south": {"uv": [42, 32], "uv_size": [1, 1]},
								"west": {"uv": [33, 42], "uv_size": [1, 1]},
								"up": {"uv": [34, 42], "uv_size": [1, 1]},
								"down": {"uv": [42, 35], "uv_size": [1, -1]}
							}
						},
						{
							"origin": [1.13397, 26.16506, -13.75],
							"size": [1.75, 1, 1.5],
							"pivot": [1.63397, 26.16506, -13],
							"rotation": [0, 0, 60],
							"uv": {
								"north": {"uv": [36, 2], "uv_size": [2, 1]},
								"east": {"uv": [37, 28], "uv_size": [1.5, 1]},
								"south": {"uv": [36, 3], "uv_size": [2, 1]},
								"west": {"uv": [37, 29], "uv_size": [1.5, 1]},
								"up": {"uv": [32, 32], "uv_size": [2, 1.5]},
								"down": {"uv": [33, 5.5], "uv_size": [2, -1.5]}
							}
						},
						{
							"origin": [0.75, 26.16506, -13.36603],
							"size": [1.5, 1, 1.75],
							"pivot": [1.5, 26.16506, -12.86603],
							"rotation": [-60, 0, 0],
							"uv": {
								"north": {"uv": [37, 26], "uv_size": [1.5, 1]},
								"east": {"uv": [36, 0], "uv_size": [2, 1]},
								"south": {"uv": [37, 27], "uv_size": [1.5, 1]},
								"west": {"uv": [36, 1], "uv_size": [2, 1]},
								"up": {"uv": [32, 28], "uv_size": [1.5, 2]},
								"down": {"uv": [32, 32], "uv_size": [1.5, -2]}
							}
						},
						{
							"origin": [0.11603, 26.16506, -13.75],
							"size": [1.75, 1, 1.5],
							"pivot": [1.36603, 26.16506, -13],
							"rotation": [0, 0, -60],
							"uv": {
								"north": {"uv": [35, 10], "uv_size": [2, 1]},
								"east": {"uv": [37, 24], "uv_size": [1.5, 1]},
								"south": {"uv": [35, 11], "uv_size": [2, 1]},
								"west": {"uv": [37, 25], "uv_size": [1.5, 1]},
								"up": {"uv": [32, 24], "uv_size": [2, 1.5]},
								"down": {"uv": [32, 27.5], "uv_size": [2, -1.5]}
							}
						},
						{
							"origin": [0.75, 26.66506, -14.5],
							"size": [1.5, 1, 1.75],
							"pivot": [1.5, 26.66506, -14],
							"rotation": [-120, 0, 0],
							"uv": {
								"north": {"uv": [37, 22], "uv_size": [1.5, 1]},
								"east": {"uv": [35, 8], "uv_size": [2, 1]},
								"south": {"uv": [37, 23], "uv_size": [1.5, 1]},
								"west": {"uv": [35, 9], "uv_size": [2, 1]},
								"up": {"uv": [32, 20], "uv_size": [1.5, 2]},
								"down": {"uv": [32, 24], "uv_size": [1.5, -2]}
							}
						}
					]
				},
				{
					"name": "pin2",
					"parent": "grenade",
					"pivot": [2.22778, 27.92072, -11.60531],
					"cubes": [
						{
							"origin": [1, 27.85, -11.65],
							"size": [1.3, 0.15, 0.15],
							"uv": {
								"north": {"uv": [44, 3], "uv_size": [1.5, 0.5]},
								"east": {"uv": [45, 44], "uv_size": [0.5, 0.5]},
								"south": {"uv": [44, 4], "uv_size": [1.5, 0.5]},
								"west": {"uv": [45, 45], "uv_size": [0.5, 0.5]},
								"up": {"uv": [44, 5], "uv_size": [1.5, 0.5]},
								"down": {"uv": [44, 6.5], "uv_size": [1.5, -0.5]}
							}
						}
					]
				},
				{
					"name": "pin",
					"parent": "pin2",
					"pivot": [2.2278, 27.9207, -11.6053],
					"rotation": [0, 0, -17.5],
					"cubes": [
						{
							"origin": [1.85, 28.08159, -12.3591],
							"size": [0.9, 0.25, 0.15],
							"pivot": [2.3, 27.24519, -12.2841],
							"rotation": [-90, 45, -90],
							"uv": {
								"north": {"uv": [44, 33], "uv_size": [1, 0.5]},
								"east": {"uv": [46, 0], "uv_size": [0.5, 0.5]},
								"south": {"uv": [34, 44], "uv_size": [1, 0.5]},
								"west": {"uv": [46, 1], "uv_size": [0.5, 0.5]},
								"up": {"uv": [44, 34], "uv_size": [1, 0.5]},
								"down": {"uv": [35, 44.5], "uv_size": [1, -0.5]}
							}
						},
						{
							"origin": [1.85, 28.08159, -12.3591],
							"size": [0.9, 0.25, 0.15],
							"pivot": [2.3, 27.24519, -12.2841],
							"rotation": [0, 90, 0],
							"uv": {
								"north": {"uv": [42, 44], "uv_size": [1, 0.5]},
								"east": {"uv": [46, 8], "uv_size": [0.5, 0.5]},
								"south": {"uv": [43, 44], "uv_size": [1, 0.5]},
								"west": {"uv": [46, 9], "uv_size": [0.5, 0.5]},
								"up": {"uv": [44, 43], "uv_size": [1, 0.5]},
								"down": {"uv": [44, 44.5], "uv_size": [1, -0.5]}
							}
						},
						{
							"origin": [1.85, 26.15879, -12.3591],
							"size": [0.9, 0.25, 0.15],
							"pivot": [2.3, 27.24519, -12.2841],
							"rotation": [0, 90, 0],
							"uv": {
								"north": {"uv": [45, 15], "uv_size": [1, 0.5]},
								"east": {"uv": [46, 14], "uv_size": [0.5, 0.5]},
								"south": {"uv": [45, 16], "uv_size": [1, 0.5]},
								"west": {"uv": [46, 15], "uv_size": [0.5, 0.5]},
								"up": {"uv": [45, 17], "uv_size": [1, 0.5]},
								"down": {"uv": [45, 18.5], "uv_size": [1, -0.5]}
							}
						},
						{
							"origin": [1.85, 26.15879, -12.3591],
							"size": [0.9, 0.25, 0.15],
							"pivot": [2.3, 27.24519, -12.2841],
							"rotation": [-90, 45, -90],
							"uv": {
								"north": {"uv": [44, 39], "uv_size": [1, 0.5]},
								"east": {"uv": [46, 6], "uv_size": [0.5, 0.5]},
								"south": {"uv": [40, 44], "uv_size": [1, 0.5]},
								"west": {"uv": [46, 7], "uv_size": [0.5, 0.5]},
								"up": {"uv": [44, 40], "uv_size": [1, 0.5]},
								"down": {"uv": [41, 44.5], "uv_size": [1, -0.5]}
							}
						},
						{
							"origin": [1.85, 26.15879, -12.3591],
							"size": [0.9, 0.25, 0.15],
							"pivot": [2.3, 27.24519, -12.2841],
							"rotation": [-90, -45, -90],
							"uv": {
								"north": {"uv": [44, 35], "uv_size": [1, 0.5]},
								"east": {"uv": [46, 2], "uv_size": [0.5, 0.5]},
								"south": {"uv": [36, 44], "uv_size": [1, 0.5]},
								"west": {"uv": [46, 3], "uv_size": [0.5, 0.5]},
								"up": {"uv": [44, 36], "uv_size": [1, 0.5]},
								"down": {"uv": [37, 44.5], "uv_size": [1, -0.5]}
							}
						},
						{
							"origin": [1.85, 26.15879, -12.3591],
							"size": [0.9, 0.25, 0.15],
							"pivot": [2.3, 27.24519, -12.2841],
							"rotation": [-90, 0, -90],
							"uv": {
								"north": {"uv": [45, 7], "uv_size": [1, 0.5]},
								"east": {"uv": [46, 10], "uv_size": [0.5, 0.5]},
								"south": {"uv": [45, 8], "uv_size": [1, 0.5]},
								"west": {"uv": [46, 11], "uv_size": [0.5, 0.5]},
								"up": {"uv": [45, 9], "uv_size": [1, 0.5]},
								"down": {"uv": [45, 10.5], "uv_size": [1, -0.5]}
							}
						},
						{
							"origin": [1.85, 28.08159, -12.3591],
							"size": [0.9, 0.25, 0.15],
							"pivot": [2.3, 27.24519, -12.2841],
							"rotation": [-90, 0, -90],
							"uv": {
								"north": {"uv": [45, 11], "uv_size": [1, 0.5]},
								"east": {"uv": [46, 12], "uv_size": [0.5, 0.5]},
								"south": {"uv": [45, 12], "uv_size": [1, 0.5]},
								"west": {"uv": [46, 13], "uv_size": [0.5, 0.5]},
								"up": {"uv": [45, 13], "uv_size": [1, 0.5]},
								"down": {"uv": [45, 14.5], "uv_size": [1, -0.5]}
							}
						},
						{
							"origin": [1.85, 28.08159, -12.3591],
							"size": [0.9, 0.25, 0.15],
							"pivot": [2.3, 27.24519, -12.2841],
							"rotation": [-90, -45, -90],
							"uv": {
								"north": {"uv": [44, 37], "uv_size": [1, 0.5]},
								"east": {"uv": [46, 4], "uv_size": [0.5, 0.5]},
								"south": {"uv": [38, 44], "uv_size": [1, 0.5]},
								"west": {"uv": [46, 5], "uv_size": [0.5, 0.5]},
								"up": {"uv": [44, 38], "uv_size": [1, 0.5]},
								"down": {"uv": [39, 44.5], "uv_size": [1, -0.5]}
							}
						}
					]
				},
				{
					"name": "spoon",
					"parent": "grenade",
					"pivot": [1.5, 28.38582, -14.15781],
					"cubes": [
						{
							"origin": [0.9, 24.88911, -11.21159],
							"size": [1.2, 3.6, 0.25],
							"pivot": [1.5, 26.88911, -11.96159],
							"rotation": [22.5, 0, 0],
							"uv": {
								"north": {"uv": [32, 4], "uv_size": [1, 3.5]},
								"east": {"uv": [37, 14], "uv_size": [0.5, 3.5]},
								"south": {"uv": [32, 8], "uv_size": [1, 3.5]},
								"west": {"uv": [37, 18], "uv_size": [0.5, 3.5]},
								"up": {"uv": [44, 9], "uv_size": [1, 0.5]},
								"down": {"uv": [44, 10.5], "uv_size": [1, -0.5]}
							}
						},
						{
							"origin": [0.9, 23.32403, -10.52234],
							"size": [1.2, 2.1, 0.25],
							"uv": {
								"north": {"uv": [36, 20], "uv_size": [1, 2]},
								"east": {"uv": [35, 42], "uv_size": [0.5, 2]},
								"south": {"uv": [36, 22], "uv_size": [1, 2]},
								"west": {"uv": [37, 42], "uv_size": [0.5, 2]},
								"up": {"uv": [44, 15], "uv_size": [1, 0.5]},
								"down": {"uv": [44, 16.5], "uv_size": [1, -0.5]}
							}
						},
						{
							"origin": [0.9, 28.5, -13.85],
							"size": [1.2, 0.25, 2.2],
							"uv": {
								"north": {"uv": [44, 7], "uv_size": [1, 0.5]},
								"east": {"uv": [42, 23], "uv_size": [2, 0.5]},
								"south": {"uv": [44, 8], "uv_size": [1, 0.5]},
								"west": {"uv": [42, 30], "uv_size": [2, 0.5]},
								"up": {"uv": [36, 16], "uv_size": [1, 2]},
								"down": {"uv": [36, 20], "uv_size": [1, -2]}
							}
						},
						{
							"origin": [0.9, 28.5, -12.2],
							"size": [1.2, 0.25, 0.45],
							"pivot": [1.5, 28.375, -12.125],
							"rotation": [-30, 0, 0],
							"uv": {
								"north": {"uv": [44, 27], "uv_size": [1, 0.5]},
								"east": {"uv": [45, 43], "uv_size": [0.5, 0.5]},
								"south": {"uv": [44, 28], "uv_size": [1, 0.5]},
								"west": {"uv": [44, 45], "uv_size": [0.5, 0.5]},
								"up": {"uv": [44, 29], "uv_size": [1, 0.5]},
								"down": {"uv": [44, 30.5], "uv_size": [1, -0.5]}
							}
						},
						{
							"origin": [0.9, 28.25, -12.6],
							"size": [1.2, 0.25, 1.25],
							"pivot": [1.5, 28.375, -12.125],
							"rotation": [-30, 0, 0],
							"uv": {
								"north": {"uv": [44, 25], "uv_size": [1, 0.5]},
								"east": {"uv": [44, 1], "uv_size": [1.5, 0.5]},
								"south": {"uv": [44, 26], "uv_size": [1, 0.5]},
								"west": {"uv": [44, 2], "uv_size": [1.5, 0.5]},
								"up": {"uv": [37, 34], "uv_size": [1, 1.5]},
								"down": {"uv": [37, 37.5], "uv_size": [1, -1.5]}
							}
						},
						{
							"origin": [0.9, 27.7035, -11.853],
							"size": [1.2, 0.25, 1],
							"pivot": [1.5, 27.8285, -11.628],
							"rotation": [-52.5, 0, 0],
							"uv": {
								"north": {"uv": [44, 31], "uv_size": [1, 0.5]},
								"east": {"uv": [32, 44], "uv_size": [1, 0.5]},
								"south": {"uv": [44, 32], "uv_size": [1, 0.5]},
								"west": {"uv": [33, 44], "uv_size": [1, 0.5]},
								"up": {"uv": [42, 35], "uv_size": [1, 1]},
								"down": {"uv": [42, 38], "uv_size": [1, -1]}
							}
						},
						{
							"origin": [0.9, 28.47125, -13.99455],
							"size": [1.2, 0.25, 0.2],
							"pivot": [1.5, 28.59625, -13.89455],
							"rotation": [22.5, 0, 0],
							"uv": {
								"north": {"uv": [44, 17], "uv_size": [1, 0.5]},
								"east": {"uv": [45, 21], "uv_size": [0.5, 0.5]},
								"south": {"uv": [44, 18], "uv_size": [1, 0.5]},
								"west": {"uv": [45, 22], "uv_size": [0.5, 0.5]},
								"up": {"uv": [44, 19], "uv_size": [1, 0.5]},
								"down": {"uv": [44, 20.5], "uv_size": [1, -0.5]}
							}
						},
						{
							"origin": [1.9, 28.26614, -14.24387],
							"size": [0.2, 0.15, 0.35],
							"pivot": [1.5, 28.39114, -13.99387],
							"rotation": [45, 0, 0],
							"uv": {
								"north": {"uv": [45, 40], "uv_size": [0.5, 0.5]},
								"east": {"uv": [41, 45], "uv_size": [0.5, 0.5]},
								"south": {"uv": [45, 41], "uv_size": [0.5, 0.5]},
								"west": {"uv": [42, 45], "uv_size": [0.5, 0.5]},
								"up": {"uv": [45, 42], "uv_size": [0.5, 0.5]},
								"down": {"uv": [43, 45.5], "uv_size": [0.5, -0.5]}
							}
						},
						{
							"origin": [1.9, 28.37346, -14.03478],
							"size": [0.2, 0.3, 0.2],
							"uv": {
								"north": {"uv": [45, 37], "uv_size": [0.5, 0.5]},
								"east": {"uv": [38, 45], "uv_size": [0.5, 0.5]},
								"south": {"uv": [45, 38], "uv_size": [0.5, 0.5]},
								"west": {"uv": [39, 45], "uv_size": [0.5, 0.5]},
								"up": {"uv": [45, 39], "uv_size": [0.5, 0.5]},
								"down": {"uv": [40, 45.5], "uv_size": [0.5, -0.5]}
							}
						},
						{
							"origin": [1.9, 28.05098, -14.35726],
							"size": [0.2, 0.3, 0.2],
							"pivot": [1.5, 28.22598, -14.25726],
							"rotation": [90, 0, 0],
							"uv": {
								"north": {"uv": [46, 16], "uv_size": [0.5, 0.5]},
								"east": {"uv": [46, 17], "uv_size": [0.5, 0.5]},
								"south": {"uv": [46, 18], "uv_size": [0.5, 0.5]},
								"west": {"uv": [46, 19], "uv_size": [0.5, 0.5]},
								"up": {"uv": [46, 20], "uv_size": [0.5, 0.5]},
								"down": {"uv": [46, 21.5], "uv_size": [0.5, -0.5]}
							}
						},
						{
							"origin": [0.9, 28.26614, -14.24387],
							"size": [0.2, 0.15, 0.35],
							"pivot": [0.5, 28.39114, -13.99387],
							"rotation": [45, 0, 0],
							"uv": {
								"north": {"uv": [36, 46], "uv_size": [0.5, 0.5]},
								"east": {"uv": [46, 36], "uv_size": [0.5, 0.5]},
								"south": {"uv": [37, 46], "uv_size": [0.5, 0.5]},
								"west": {"uv": [46, 37], "uv_size": [0.5, 0.5]},
								"up": {"uv": [38, 46], "uv_size": [0.5, 0.5]},
								"down": {"uv": [46, 38.5], "uv_size": [0.5, -0.5]}
							}
						},
						{
							"origin": [0.9, 28.37346, -14.03478],
							"size": [0.2, 0.3, 0.2],
							"uv": {
								"north": {"uv": [33, 46], "uv_size": [0.5, 0.5]},
								"east": {"uv": [46, 33], "uv_size": [0.5, 0.5]},
								"south": {"uv": [34, 46], "uv_size": [0.5, 0.5]},
								"west": {"uv": [46, 34], "uv_size": [0.5, 0.5]},
								"up": {"uv": [35, 46], "uv_size": [0.5, 0.5]},
								"down": {"uv": [46, 35.5], "uv_size": [0.5, -0.5]}
							}
						},
						{
							"origin": [0.9, 28.05098, -14.35726],
							"size": [0.2, 0.3, 0.2],
							"pivot": [0.5, 28.22598, -14.25726],
							"rotation": [90, 0, 0],
							"uv": {
								"north": {"uv": [46, 28], "uv_size": [0.5, 0.5]},
								"east": {"uv": [46, 29], "uv_size": [0.5, 0.5]},
								"south": {"uv": [46, 30], "uv_size": [0.5, 0.5]},
								"west": {"uv": [46, 31], "uv_size": [0.5, 0.5]},
								"up": {"uv": [32, 46], "uv_size": [0.5, 0.5]},
								"down": {"uv": [46, 32.5], "uv_size": [0.5, -0.5]}
							}
						}
					]
				}
			]
		}
	]
}