{
	"format_version": "1.12.0",
	"minecraft:geometry": [
		{
			"description": {
				"identifier": "geometry.unknown",
				"texture_width": 128,
				"texture_height": 128,
				"visible_bounds_width": 9,
				"visible_bounds_height": 4,
				"visible_bounds_offset": [0, 1, 0]
			},
			"bones": [
				{
					"name": "main",
					"pivot": [0, 19, 4]
				},
				{
					"name": "rightarm",
					"parent": "main",
					"pivot": [-5.3, 8.8, 25.8],
					"rotation": [-101.81106, -12.40003, -2.46982],
					"cubes": [
						{"origin": [-9.3, -15.2, 21.8], "size": [8, 24, 8], "uv": [0, 32]}
					]
				},
				{
					"name": "leftarm",
					"parent": "main",
					"pivot": [6.7, 6.55, -2.6],
					"rotation": [-109.47431, -22.8203, -88.90257],
					"cubes": [
						{"origin": [2.7, -15.45, -6.6], "size": [8, 24, 8], "uv": [0, 0]}
					]
				},
				{
					"name": "muzzleflash",
					"parent": "main",
					"pivot": [-0.0225, 21.3992, -39.3],
					"mirror": true,
					"cubes": [
						{"origin": [-0.5225, 20.87825, -40.67838], "size": [1, 1, 1], "inflate": -0.4, "uv": [32, 2], "mirror": false}
					]
				},
				{
					"name": "gun",
					"parent": "main",
					"pivot": [0, 50.16, -4.98],
					"cubes": [
						{
							"origin": [-1.5, 19, -9.75],
							"size": [3, 2, 15],
							"uv": {
								"north": {"uv": [60, 8], "uv_size": [3, 2]},
								"east": {"uv": [40, 4], "uv_size": [15, 2]},
								"south": {"uv": [60, 12], "uv_size": [3, 2]},
								"west": {"uv": [40, 6], "uv_size": [15, 2]},
								"up": {"uv": [35, 6], "uv_size": [3, 15]},
								"down": {"uv": [35, 36], "uv_size": [3, -15]}
							}
						},
						{
							"origin": [-1.39645, 18.25, -9.75],
							"size": [0.5, 1, 15],
							"pivot": [-1.14645, 19, -2.25],
							"rotation": [0, 0, -45],
							"uv": {
								"north": {"uv": [79, 49], "uv_size": [0.5, 1]},
								"east": {"uv": [47, 34], "uv_size": [15, 1]},
								"south": {"uv": [50, 79], "uv_size": [0.5, 1]},
								"west": {"uv": [47, 35], "uv_size": [15, 1]},
								"up": {"uv": [46, 57], "uv_size": [0.5, 15]},
								"down": {"uv": [47, 72], "uv_size": [0.5, -15]}
							}
						},
						{
							"origin": [0.89644, 18.5, -9.75],
							"size": [0.5, 0.75, 15],
							"pivot": [1.14644, 19, -2.25],
							"rotation": [0, 0, 45],
							"uv": {
								"north": {"uv": [79, 50], "uv_size": [0.5, 1]},
								"east": {"uv": [49, 18], "uv_size": [15, 1]},
								"south": {"uv": [51, 79], "uv_size": [0.5, 1]},
								"west": {"uv": [49, 19], "uv_size": [15, 1]},
								"up": {"uv": [57, 52], "uv_size": [0.5, 15]},
								"down": {"uv": [48, 73], "uv_size": [0.5, -15]}
							}
						},
						{
							"origin": [-1.5, 19.75, -15.25],
							"size": [3, 1.25, 5.5],
							"uv": {
								"north": {"uv": [23, 64], "uv_size": [3, 1.5]},
								"east": {"uv": [54, 12], "uv_size": [5.5, 1.5]},
								"south": {"uv": [26, 64], "uv_size": [3, 1.5]},
								"west": {"uv": [54, 14], "uv_size": [5.5, 1.5]},
								"up": {"uv": [46, 46], "uv_size": [3, 5.5]},
								"down": {"uv": [47, 17.5], "uv_size": [3, -5.5]}
							}
						},
						{
							"origin": [-1.39645, 19.25, -15.25],
							"size": [0.5, 0.75, 5.5],
							"pivot": [-1.14645, 19.75, -12.5],
							"rotation": [0, 0, -45],
							"uv": {
								"north": {"uv": [79, 47], "uv_size": [0.5, 1]},
								"east": {"uv": [61, 41], "uv_size": [5.5, 1]},
								"south": {"uv": [48, 79], "uv_size": [0.5, 1]},
								"west": {"uv": [63, 8], "uv_size": [5.5, 1]},
								"up": {"uv": [13, 69], "uv_size": [0.5, 5.5]},
								"down": {"uv": [14, 74.5], "uv_size": [0.5, -5.5]}
							}
						},
						{
							"origin": [0.89644, 19.25, -15.25],
							"size": [0.5, 0.75, 5.5],
							"pivot": [1.14644, 19.75, -12.5],
							"rotation": [0, 0, 45],
							"uv": {
								"north": {"uv": [79, 48], "uv_size": [0.5, 1]},
								"east": {"uv": [63, 9], "uv_size": [5.5, 1]},
								"south": {"uv": [49, 79], "uv_size": [0.5, 1]},
								"west": {"uv": [63, 12], "uv_size": [5.5, 1]},
								"up": {"uv": [15, 69], "uv_size": [0.5, 5.5]},
								"down": {"uv": [20, 74.5], "uv_size": [0.5, -5.5]}
							}
						},
						{
							"origin": [-1.5, 19.70083, -10.04194],
							"size": [3, 0.75, 1.1],
							"pivot": [0, 20.32583, -10.19194],
							"rotation": [-45, 0, 0],
							"uv": {
								"north": {"uv": [67, 45], "uv_size": [3, 1]},
								"east": {"uv": [65, 75], "uv_size": [1, 1]},
								"south": {"uv": [67, 51], "uv_size": [3, 1]},
								"west": {"uv": [66, 75], "uv_size": [1, 1]},
								"up": {"uv": [67, 52], "uv_size": [3, 1]},
								"down": {"uv": [67, 61], "uv_size": [3, -1]}
							}
						},
						{
							"origin": [-1.39645, 18.88891, -10.68891],
							"size": [0.5, 0.75, 1.1],
							"pivot": [-1.14645, 19.38891, -10.13891],
							"rotation": [-35.26439, -30, -35.26439],
							"uv": {
								"north": {"uv": [79, 51], "uv_size": [0.5, 1]},
								"east": {"uv": [76, 29], "uv_size": [1, 1]},
								"south": {"uv": [52, 79], "uv_size": [0.5, 1]},
								"west": {"uv": [30, 76], "uv_size": [1, 1]},
								"up": {"uv": [79, 52], "uv_size": [0.5, 1]},
								"down": {"uv": [53, 80], "uv_size": [0.5, -1]}
							}
						},
						{
							"origin": [0.89644, 18.88891, -10.68891],
							"size": [0.5, 0.75, 1.1],
							"pivot": [1.14644, 19.38891, -10.13891],
							"rotation": [-35.26439, 30, 35.26439],
							"uv": {
								"north": {"uv": [79, 53], "uv_size": [0.5, 1]},
								"east": {"uv": [76, 30], "uv_size": [1, 1]},
								"south": {"uv": [54, 79], "uv_size": [0.5, 1]},
								"west": {"uv": [31, 76], "uv_size": [1, 1]},
								"up": {"uv": [79, 54], "uv_size": [0.5, 1]},
								"down": {"uv": [55, 80], "uv_size": [0.5, -1]}
							}
						},
						{
							"origin": [-1, 17.75, -14.75],
							"size": [2, 2, 5],
							"uv": {
								"north": {"uv": [65, 39], "uv_size": [2, 2]},
								"east": {"uv": [52, 50], "uv_size": [5, 2]},
								"south": {"uv": [65, 42], "uv_size": [2, 2]},
								"west": {"uv": [52, 52], "uv_size": [5, 2]},
								"up": {"uv": [46, 52], "uv_size": [2, 5]},
								"down": {"uv": [48, 58], "uv_size": [2, -5]}
							}
						},
						{
							"origin": [-1, 17.75, -9.75],
							"size": [2, 1.25, 3.5],
							"uv": {
								"north": {"uv": [6, 69], "uv_size": [2, 1.5]},
								"east": {"uv": [63, 36], "uv_size": [3.5, 1.5]},
								"south": {"uv": [8, 69], "uv_size": [2, 1.5]},
								"west": {"uv": [4, 64], "uv_size": [3.5, 1.5]},
								"up": {"uv": [36, 2], "uv_size": [2, 3.5]},
								"down": {"uv": [59, 39.5], "uv_size": [2, -3.5]}
							}
						},
						{
							"origin": [-1, 18.25, -15.25],
							"size": [2, 1.5, 0.5],
							"uv": {
								"north": {"uv": [2, 69], "uv_size": [2, 1.5]},
								"east": {"uv": [0, 77], "uv_size": [0.5, 1.5]},
								"south": {"uv": [69, 4], "uv_size": [2, 1.5]},
								"west": {"uv": [77, 14], "uv_size": [0.5, 1.5]},
								"up": {"uv": [2, 76], "uv_size": [2, 0.5]},
								"down": {"uv": [76, 2.5], "uv_size": [2, -0.5]}
							}
						},
						{
							"origin": [-1, 17.25, -6.25],
							"size": [2, 1.75, 11.75],
							"uv": {
								"north": {"uv": [65, 62], "uv_size": [2, 2]},
								"east": {"uv": [45, 8], "uv_size": [12, 2]},
								"south": {"uv": [66, 0], "uv_size": [2, 2]},
								"west": {"uv": [45, 10], "uv_size": [12, 2]},
								"up": {"uv": [45, 12], "uv_size": [2, 12]},
								"down": {"uv": [45, 36], "uv_size": [2, -12]}
							}
						},
						{
							"origin": [-0.5, 17.75, 5.25],
							"size": [1, 2.5, 2.75],
							"uv": {
								"north": {"uv": [45, 69], "uv_size": [1, 2.5]},
								"east": {"uv": [57, 7], "uv_size": [3, 2.5]},
								"south": {"uv": [49, 69], "uv_size": [1, 2.5]},
								"west": {"uv": [57, 49], "uv_size": [3, 2.5]},
								"up": {"uv": [30, 67], "uv_size": [1, 3]},
								"down": {"uv": [57, 70], "uv_size": [1, -3]}
							}
						},
						{
							"origin": [-0.5, 20.39146, 6.70958],
							"size": [1, 1.5, 2.5],
							"pivot": [0, 20.51646, 7.83458],
							"rotation": [112.5, 0, 0],
							"uv": {
								"north": {"uv": [46, 74], "uv_size": [1, 1.5]},
								"east": {"uv": [22, 66], "uv_size": [2.5, 1.5]},
								"south": {"uv": [47, 74], "uv_size": [1, 1.5]},
								"west": {"uv": [25, 66], "uv_size": [2.5, 1.5]},
								"up": {"uv": [59, 69], "uv_size": [1, 2.5]},
								"down": {"uv": [60, 71.5], "uv_size": [1, -2.5]}
							}
						},
						{
							"origin": [-0.5, 20.14146, 8.70958],
							"size": [1, 0.25, 0.5],
							"pivot": [0, 20.51646, 7.83458],
							"rotation": [112.5, 0, 0],
							"uv": {
								"north": {"uv": [79, 20], "uv_size": [1, 0.5]},
								"east": {"uv": [1, 80], "uv_size": [0.5, 0.5]},
								"south": {"uv": [21, 79], "uv_size": [1, 0.5]},
								"west": {"uv": [80, 1], "uv_size": [0.5, 0.5]},
								"up": {"uv": [79, 21], "uv_size": [1, 0.5]},
								"down": {"uv": [22, 79.5], "uv_size": [1, -0.5]}
							}
						},
						{
							"origin": [-0.5, 20.14146, 6.70958],
							"size": [1, 0.25, 0.5],
							"pivot": [0, 20.51646, 7.83458],
							"rotation": [112.5, 0, 0],
							"uv": {
								"north": {"uv": [79, 22], "uv_size": [1, 0.5]},
								"east": {"uv": [2, 80], "uv_size": [0.5, 0.5]},
								"south": {"uv": [23, 79], "uv_size": [1, 0.5]},
								"west": {"uv": [80, 2], "uv_size": [0.5, 0.5]},
								"up": {"uv": [79, 23], "uv_size": [1, 0.5]},
								"down": {"uv": [24, 79.5], "uv_size": [1, -0.5]}
							}
						},
						{
							"origin": [-0.5, 19.89146, 6.70958],
							"size": [1, 0.25, 2.5],
							"pivot": [0, 20.51646, 7.83458],
							"rotation": [112.5, 0, 0],
							"uv": {
								"north": {"uv": [79, 19], "uv_size": [1, 0.5]},
								"east": {"uv": [74, 66], "uv_size": [2.5, 0.5]},
								"south": {"uv": [20, 79], "uv_size": [1, 0.5]},
								"west": {"uv": [74, 67], "uv_size": [2.5, 0.5]},
								"up": {"uv": [5, 70], "uv_size": [1, 2.5]},
								"down": {"uv": [22, 72.5], "uv_size": [1, -2.5]}
							}
						},
						{
							"origin": [-0.5, 18.96628, 7.19253],
							"size": [1, 2.5, 1.15],
							"pivot": [0, 19.59128, 8.21753],
							"rotation": [90, 0, 0],
							"uv": {
								"north": {"uv": [69, 61], "uv_size": [1, 2.5]},
								"east": {"uv": [69, 64], "uv_size": [1, 2.5]},
								"south": {"uv": [69, 68], "uv_size": [1, 2.5]},
								"west": {"uv": [4, 70], "uv_size": [1, 2.5]},
								"up": {"uv": [15, 76], "uv_size": [1, 1]},
								"down": {"uv": [76, 16], "uv_size": [1, -1]}
							}
						},
						{
							"origin": [-0.5, 18.22412, 6.6508],
							"size": [1, 1.15, 1.15],
							"pivot": [0, 18.84912, 7.6758],
							"rotation": [135, 0, 0],
							"uv": {
								"north": {"uv": [16, 76], "uv_size": [1, 1]},
								"east": {"uv": [76, 16], "uv_size": [1, 1]},
								"south": {"uv": [17, 76], "uv_size": [1, 1]},
								"west": {"uv": [76, 17], "uv_size": [1, 1]},
								"up": {"uv": [18, 76], "uv_size": [1, 1]},
								"down": {"uv": [76, 19], "uv_size": [1, -1]}
							}
						},
						{
							"origin": [-0.5, 21.11056, 6.20373],
							"size": [1, 1.25, 1.5],
							"pivot": [0, 21.73556, 6.95373],
							"rotation": [-22.5, 0, 0],
							"uv": {
								"north": {"uv": [43, 74], "uv_size": [1, 1.5]},
								"east": {"uv": [70, 45], "uv_size": [1.5, 1.5]},
								"south": {"uv": [44, 74], "uv_size": [1, 1.5]},
								"west": {"uv": [70, 51], "uv_size": [1.5, 1.5]},
								"up": {"uv": [45, 74], "uv_size": [1, 1.5]},
								"down": {"uv": [74, 46.5], "uv_size": [1, -1.5]}
							}
						},
						{
							"origin": [-0.5, 17.17624, 5.11549],
							"size": [1, 1.25, 2.75],
							"pivot": [0.05, 17.80124, 6.49049],
							"rotation": [22.5, 0, 0],
							"uv": {
								"north": {"uv": [41, 74], "uv_size": [1, 1.5]},
								"east": {"uv": [64, 49], "uv_size": [3, 1.5]},
								"south": {"uv": [42, 74], "uv_size": [1, 1.5]},
								"west": {"uv": [64, 51], "uv_size": [3, 1.5]},
								"up": {"uv": [33, 68], "uv_size": [1, 3]},
								"down": {"uv": [10, 72], "uv_size": [1, -3]}
							}
						},
						{
							"origin": [-0.99, 16.75, 5.04289],
							"size": [1.98, 1.5, 1.25],
							"pivot": [-0.01, 17.25, 5.79289],
							"rotation": [45, 0, 0],
							"uv": {
								"north": {"uv": [68, 10], "uv_size": [2, 1.5]},
								"east": {"uv": [70, 39], "uv_size": [1.5, 1.5]},
								"south": {"uv": [68, 13], "uv_size": [2, 1.5]},
								"west": {"uv": [41, 70], "uv_size": [1.5, 1.5]},
								"up": {"uv": [22, 68], "uv_size": [2, 1.5]},
								"down": {"uv": [24, 69.5], "uv_size": [2, -1.5]}
							}
						},
						{
							"origin": [-1, 16.75, -15.03579],
							"size": [2, 1, 2.15],
							"pivot": [0, 17.75, -13.33579],
							"rotation": [-45, 0, 0],
							"uv": {
								"north": {"uv": [7, 71], "uv_size": [2, 1]},
								"east": {"uv": [71, 18], "uv_size": [2, 1]},
								"south": {"uv": [71, 19], "uv_size": [2, 1]},
								"west": {"uv": [71, 36], "uv_size": [2, 1]},
								"up": {"uv": [65, 44], "uv_size": [2, 2]},
								"down": {"uv": [65, 62], "uv_size": [2, -2]}
							}
						},
						{
							"origin": [-1, 17.59543, -12.04003],
							"size": [2, 1, 6.25],
							"pivot": [0, 18.09543, -1.29003],
							"rotation": [4, 0, 0],
							"uv": {
								"north": {"uv": [71, 4], "uv_size": [2, 1]},
								"east": {"uv": [59, 59], "uv_size": [6.5, 1]},
								"south": {"uv": [71, 5], "uv_size": [2, 1]},
								"west": {"uv": [60, 7], "uv_size": [6.5, 1]},
								"up": {"uv": [43, 48], "uv_size": [2, 6.5]},
								"down": {"uv": [49, 52.5], "uv_size": [2, -6.5]}
							}
						},
						{
							"origin": [-1, 17.84543, -13.04003],
							"size": [2, 0.75, 1],
							"pivot": [0, 18.09543, -1.29003],
							"rotation": [4, 0, 0],
							"uv": {
								"north": {"uv": [72, 6], "uv_size": [2, 1]},
								"east": {"uv": [14, 76], "uv_size": [1, 1]},
								"south": {"uv": [7, 72], "uv_size": [2, 1]},
								"west": {"uv": [76, 14], "uv_size": [1, 1]},
								"up": {"uv": [72, 7], "uv_size": [2, 1]},
								"down": {"uv": [72, 9], "uv_size": [2, -1]}
							}
						},
						{
							"origin": [-1, 17.59543, -13.79003],
							"size": [2, 1, 0.75],
							"pivot": [0, 18.09543, -1.29003],
							"rotation": [4, 0, 0],
							"uv": {
								"north": {"uv": [72, 0], "uv_size": [2, 1]},
								"east": {"uv": [13, 76], "uv_size": [1, 1]},
								"south": {"uv": [72, 1], "uv_size": [2, 1]},
								"west": {"uv": [76, 13], "uv_size": [1, 1]},
								"up": {"uv": [72, 2], "uv_size": [2, 1]},
								"down": {"uv": [72, 4], "uv_size": [2, -1]}
							}
						},
						{
							"origin": [-1.5, 19.38397, 5.06699],
							"size": [3, 1.5, 0.75],
							"pivot": [0, 19.88397, 5.31699],
							"rotation": [30, 0, 0],
							"uv": {
								"north": {"uv": [64, 18], "uv_size": [3, 1.5]},
								"east": {"uv": [0, 73], "uv_size": [1, 1.5]},
								"south": {"uv": [20, 64], "uv_size": [3, 1.5]},
								"west": {"uv": [9, 73], "uv_size": [1, 1.5]},
								"up": {"uv": [66, 59], "uv_size": [3, 1]},
								"down": {"uv": [67, 8], "uv_size": [3, -1]}
							}
						},
						{
							"origin": [-1.5, 19.36198, 4.74456],
							"size": [3, 0.85, 0.75],
							"pivot": [0, 19.21198, 4.99456],
							"rotation": [-37.5, 0, 0],
							"uv": {
								"north": {"uv": [67, 67], "uv_size": [3, 1]},
								"east": {"uv": [75, 75], "uv_size": [1, 1]},
								"south": {"uv": [0, 68], "uv_size": [3, 1]},
								"west": {"uv": [0, 76], "uv_size": [1, 1]},
								"up": {"uv": [68, 0], "uv_size": [3, 1]},
								"down": {"uv": [68, 2], "uv_size": [3, -1]}
							}
						},
						{
							"origin": [-1.5, 18.99231, 5.19694],
							"size": [3, 0.35, 0.25],
							"pivot": [0, 19.41731, 5.07194],
							"rotation": [5, 0, 0],
							"uv": {
								"north": {"uv": [46, 73], "uv_size": [3, 0.5]},
								"east": {"uv": [79, 67], "uv_size": [0.5, 0.5]},
								"south": {"uv": [73, 49], "uv_size": [3, 0.5]},
								"west": {"uv": [68, 79], "uv_size": [0.5, 0.5]},
								"up": {"uv": [73, 50], "uv_size": [3, 0.5]},
								"down": {"uv": [52, 73.5], "uv_size": [3, -0.5]}
							}
						},
						{
							"origin": [-0.85, 19.25, -20.5],
							"size": [1.7, 1.25, 4.75],
							"uv": {
								"north": {"uv": [23, 70], "uv_size": [1.5, 1.5]},
								"east": {"uv": [54, 36], "uv_size": [5, 1.5]},
								"south": {"uv": [25, 70], "uv_size": [1.5, 1.5]},
								"west": {"uv": [54, 38], "uv_size": [5, 1.5]},
								"up": {"uv": [43, 55], "uv_size": [1.5, 5]},
								"down": {"uv": [55, 59], "uv_size": [1.5, -5]}
							}
						},
						{
							"origin": [-0.85, 15.75, -20.5],
							"size": [1.7, 3.5, 3.25],
							"uv": {
								"north": {"uv": [63, 60], "uv_size": [1.5, 3.5]},
								"east": {"uv": [50, 12], "uv_size": [3.5, 3.5]},
								"south": {"uv": [0, 64], "uv_size": [1.5, 3.5]},
								"west": {"uv": [51, 46], "uv_size": [3.5, 3.5]},
								"up": {"uv": [64, 0], "uv_size": [1.5, 3.5]},
								"down": {"uv": [2, 67.5], "uv_size": [1.5, -3.5]}
							}
						},
						{
							"origin": [-0.85, 15.7981, -17.50821],
							"size": [1.7, 1.25, 0.5],
							"pivot": [0, 16.4231, -17.25821],
							"rotation": [22.5, 0, 0],
							"uv": {
								"north": {"uv": [70, 59], "uv_size": [1.5, 1.5]},
								"east": {"uv": [51, 77], "uv_size": [0.5, 1.5]},
								"south": {"uv": [70, 61], "uv_size": [1.5, 1.5]},
								"west": {"uv": [77, 51], "uv_size": [0.5, 1.5]},
								"up": {"uv": [52, 77], "uv_size": [1.5, 0.5]},
								"down": {"uv": [77, 55.5], "uv_size": [1.5, -0.5]}
							}
						},
						{
							"origin": [-0.85, 15.7981, -20.74179],
							"size": [1.7, 1.25, 0.5],
							"pivot": [0, 16.4231, -20.49179],
							"rotation": [-22.5, 0, 0],
							"uv": {
								"north": {"uv": [70, 63], "uv_size": [1.5, 1.5]},
								"east": {"uv": [54, 77], "uv_size": [0.5, 1.5]},
								"south": {"uv": [70, 65], "uv_size": [1.5, 1.5]},
								"west": {"uv": [77, 56], "uv_size": [0.5, 1.5]},
								"up": {"uv": [77, 58], "uv_size": [1.5, 0.5]},
								"down": {"uv": [77, 59.5], "uv_size": [1.5, -0.5]}
							}
						},
						{
							"origin": [-0.85, 18.84123, -17.77057],
							"size": [1.7, 0.75, 1.5],
							"pivot": [0, 19.09123, -15.27057],
							"rotation": [5, 0, 0],
							"uv": {
								"north": {"uv": [73, 4], "uv_size": [1.5, 1]},
								"east": {"uv": [73, 5], "uv_size": [1.5, 1]},
								"south": {"uv": [7, 73], "uv_size": [1.5, 1]},
								"west": {"uv": [73, 11], "uv_size": [1.5, 1]},
								"up": {"uv": [70, 28], "uv_size": [1.5, 1.5]},
								"down": {"uv": [70, 31.5], "uv_size": [1.5, -1.5]}
							}
						},
						{
							"origin": [-0.85, 19.70711, -21],
							"size": [1.7, 1.25, 1.25],
							"pivot": [0, 20.45711, -20.5],
							"rotation": [-45, 0, 0],
							"uv": {
								"north": {"uv": [69, 18], "uv_size": [1.5, 1.5]},
								"east": {"uv": [69, 36], "uv_size": [1.5, 1.5]},
								"south": {"uv": [69, 49], "uv_size": [1.5, 1.5]},
								"west": {"uv": [70, 2], "uv_size": [1.5, 1.5]},
								"up": {"uv": [70, 10], "uv_size": [1.5, 1.5]},
								"down": {"uv": [70, 14.5], "uv_size": [1.5, -1.5]}
							}
						},
						{
							"origin": [-0.85, 18.44289, -17.5],
							"size": [1.7, 0.75, 0.75],
							"pivot": [0, 18.94289, -17.25],
							"rotation": [-45, 0, 0],
							"uv": {
								"north": {"uv": [72, 69], "uv_size": [1.5, 1]},
								"east": {"uv": [75, 58], "uv_size": [1, 1]},
								"south": {"uv": [70, 72], "uv_size": [1.5, 1]},
								"west": {"uv": [59, 75], "uv_size": [1, 1]},
								"up": {"uv": [72, 72], "uv_size": [1.5, 1]},
								"down": {"uv": [4, 74], "uv_size": [1.5, -1]}
							}
						},
						{
							"origin": [-0.85, 18.96213, -16.49497],
							"size": [1.7, 0.7, 0.75],
							"pivot": [0, 19.46213, -16.24497],
							"rotation": [-45, 0, 0],
							"uv": {
								"north": {"uv": [60, 76], "uv_size": [1.5, 0.5]},
								"east": {"uv": [79, 63], "uv_size": [0.5, 0.5]},
								"south": {"uv": [62, 76], "uv_size": [1.5, 0.5]},
								"west": {"uv": [64, 79], "uv_size": [0.5, 0.5]},
								"up": {"uv": [64, 76], "uv_size": [1.5, 0.5]},
								"down": {"uv": [66, 76.5], "uv_size": [1.5, -0.5]}
							}
						},
						{
							"origin": [-0.95, 19.01213, -16.99497],
							"size": [1.9, 0.95, 1],
							"pivot": [0, 19.51213, -16.49497],
							"rotation": [-45, 0, 0],
							"uv": {
								"north": {"uv": [71, 49], "uv_size": [2, 1]},
								"east": {"uv": [12, 76], "uv_size": [1, 1]},
								"south": {"uv": [71, 50], "uv_size": [2, 1]},
								"west": {"uv": [76, 12], "uv_size": [1, 1]},
								"up": {"uv": [71, 70], "uv_size": [2, 1]},
								"down": {"uv": [71, 72], "uv_size": [2, -1]}
							}
						},
						{
							"origin": [-1.32037, 22.99394, 4.1],
							"size": [1.05, 0.45, 0.9],
							"pivot": [0.32963, 22.6939, -11.24998],
							"rotation": [0, 0, -45],
							"uv": {
								"north": {"uv": [64, 77], "uv_size": [1, 0.5]},
								"east": {"uv": [77, 64], "uv_size": [1, 0.5]},
								"south": {"uv": [65, 77], "uv_size": [1, 0.5]},
								"west": {"uv": [77, 65], "uv_size": [1, 0.5]},
								"up": {"uv": [69, 31], "uv_size": [1, 1]},
								"down": {"uv": [69, 47], "uv_size": [1, -1]}
							}
						},
						{
							"origin": [-1.32037, 22.99394, 2.5],
							"size": [1.05, 0.45, 0.9],
							"pivot": [0.32963, 22.6939, -11.24998],
							"rotation": [0, 0, -45],
							"uv": {
								"north": {"uv": [73, 78], "uv_size": [1, 0.5]},
								"east": {"uv": [78, 73], "uv_size": [1, 0.5]},
								"south": {"uv": [74, 78], "uv_size": [1, 0.5]},
								"west": {"uv": [78, 74], "uv_size": [1, 0.5]},
								"up": {"uv": [11, 76], "uv_size": [1, 1]},
								"down": {"uv": [76, 12], "uv_size": [1, -1]}
							}
						},
						{
							"origin": [-0.625, 22.34999, 2.5],
							"size": [1.25, 0.45, 2.5],
							"uv": {
								"north": {"uv": [44, 76], "uv_size": [1.5, 0.5]},
								"east": {"uv": [74, 48], "uv_size": [2.5, 0.5]},
								"south": {"uv": [76, 45], "uv_size": [1.5, 0.5]},
								"west": {"uv": [74, 51], "uv_size": [2.5, 0.5]},
								"up": {"uv": [6, 66], "uv_size": [1.5, 2.5]},
								"down": {"uv": [8, 68.5], "uv_size": [1.5, -2.5]}
							}
						},
						{
							"origin": [-0.625, 20.06507, 2.5],
							"size": [1.25, 0.45, 2.5],
							"uv": {
								"north": {"uv": [76, 53], "uv_size": [1.5, 0.5]},
								"east": {"uv": [74, 60], "uv_size": [2.5, 0.5]},
								"south": {"uv": [76, 54], "uv_size": [1.5, 0.5]},
								"west": {"uv": [74, 61], "uv_size": [2.5, 0.5]},
								"up": {"uv": [10, 66], "uv_size": [1.5, 2.5]},
								"down": {"uv": [12, 68.5], "uv_size": [1.5, -2.5]}
							}
						},
						{
							"origin": [-1.36746, 20.80753, 4.1],
							"size": [0.45, 1.25, 0.9],
							"uv": {
								"north": {"uv": [43, 76], "uv_size": [0.5, 1.5]},
								"east": {"uv": [41, 72], "uv_size": [1, 1.5]},
								"south": {"uv": [76, 43], "uv_size": [0.5, 1.5]},
								"west": {"uv": [42, 72], "uv_size": [1, 1.5]},
								"up": {"uv": [63, 77], "uv_size": [0.5, 1]},
								"down": {"uv": [77, 64], "uv_size": [0.5, -1]}
							}
						},
						{
							"origin": [-0.27148, 21.68579, 2.5],
							"size": [1.05, 0.45, 0.9],
							"pivot": [0.97852, 21.38575, -11.24998],
							"rotation": [0, 0, 45],
							"uv": {
								"north": {"uv": [61, 77], "uv_size": [1, 0.5]},
								"east": {"uv": [77, 61], "uv_size": [1, 0.5]},
								"south": {"uv": [62, 77], "uv_size": [1, 0.5]},
								"west": {"uv": [77, 62], "uv_size": [1, 0.5]},
								"up": {"uv": [63, 13], "uv_size": [1, 1]},
								"down": {"uv": [3, 69], "uv_size": [1, -1]}
							}
						},
						{
							"origin": [-0.27148, 21.68579, 4.1],
							"size": [1.05, 0.45, 0.9],
							"pivot": [0.97852, 21.38575, -9.49998],
							"rotation": [0, 0, 45],
							"uv": {
								"north": {"uv": [71, 78], "uv_size": [1, 0.5]},
								"east": {"uv": [78, 71], "uv_size": [1, 0.5]},
								"south": {"uv": [72, 78], "uv_size": [1, 0.5]},
								"west": {"uv": [78, 72], "uv_size": [1, 0.5]},
								"up": {"uv": [10, 76], "uv_size": [1, 1]},
								"down": {"uv": [76, 11], "uv_size": [1, -1]}
							}
						},
						{
							"origin": [-1.25607, 20.32647, 2.5],
							"size": [1.05, 0.45, 2.5],
							"pivot": [-0.73107, 20.70147, 4.375],
							"rotation": [0, 0, 45],
							"uv": {
								"north": {"uv": [71, 77], "uv_size": [1, 0.5]},
								"east": {"uv": [59, 74], "uv_size": [2.5, 0.5]},
								"south": {"uv": [72, 77], "uv_size": [1, 0.5]},
								"west": {"uv": [74, 59], "uv_size": [2.5, 0.5]},
								"up": {"uv": [40, 69], "uv_size": [1, 2.5]},
								"down": {"uv": [69, 44.5], "uv_size": [1, -2.5]}
							}
						},
						{
							"origin": [0.20607, 20.32647, 2.5],
							"size": [1.05, 0.45, 2.5],
							"pivot": [0.73107, 20.70147, 4.375],
							"rotation": [0, 0, -45],
							"uv": {
								"north": {"uv": [70, 77], "uv_size": [1, 0.5]},
								"east": {"uv": [74, 52], "uv_size": [2.5, 0.5]},
								"south": {"uv": [77, 70], "uv_size": [1, 0.5]},
								"west": {"uv": [53, 74], "uv_size": [2.5, 0.5]},
								"up": {"uv": [39, 69], "uv_size": [1, 2.5]},
								"down": {"uv": [69, 41.5], "uv_size": [1, -2.5]}
							}
						},
						{
							"origin": [0.91746, 20.80753, 4.1],
							"size": [0.45, 1.25, 0.9],
							"uv": {
								"north": {"uv": [76, 41], "uv_size": [0.5, 1.5]},
								"east": {"uv": [72, 15], "uv_size": [1, 1.5]},
								"south": {"uv": [42, 76], "uv_size": [0.5, 1.5]},
								"west": {"uv": [40, 72], "uv_size": [1, 1.5]},
								"up": {"uv": [60, 77], "uv_size": [0.5, 1]},
								"down": {"uv": [77, 61], "uv_size": [0.5, -1]}
							}
						},
						{
							"origin": [0.91746, 20.80753, 3.4],
							"size": [0.45, 0.75, 0.7],
							"uv": {
								"north": {"uv": [79, 0], "uv_size": [0.5, 1]},
								"east": {"uv": [1, 79], "uv_size": [0.5, 1]},
								"south": {"uv": [79, 1], "uv_size": [0.5, 1]},
								"west": {"uv": [2, 79], "uv_size": [0.5, 1]},
								"up": {"uv": [79, 71], "uv_size": [0.5, 0.5]},
								"down": {"uv": [72, 79.5], "uv_size": [0.5, -0.5]}
							}
						},
						{
							"origin": [-1.36746, 20.80753, 3.4],
							"size": [0.45, 0.75, 0.7],
							"uv": {
								"north": {"uv": [77, 78], "uv_size": [0.5, 1]},
								"east": {"uv": [78, 77], "uv_size": [0.5, 1]},
								"south": {"uv": [78, 78], "uv_size": [0.5, 1]},
								"west": {"uv": [0, 79], "uv_size": [0.5, 1]},
								"up": {"uv": [79, 70], "uv_size": [0.5, 0.5]},
								"down": {"uv": [71, 79.5], "uv_size": [0.5, -0.5]}
							}
						},
						{
							"origin": [0.91746, 20.80753, 2.5],
							"size": [0.45, 1.25, 0.9],
							"uv": {
								"north": {"uv": [41, 77], "uv_size": [0.5, 1.5]},
								"east": {"uv": [38, 74], "uv_size": [1, 1.5]},
								"south": {"uv": [77, 41], "uv_size": [0.5, 1.5]},
								"west": {"uv": [40, 74], "uv_size": [1, 1.5]},
								"up": {"uv": [76, 78], "uv_size": [0.5, 1]},
								"down": {"uv": [78, 77], "uv_size": [0.5, -1]}
							}
						},
						{
							"origin": [-1.36746, 20.80753, 2.5],
							"size": [0.45, 1.25, 0.9],
							"uv": {
								"north": {"uv": [77, 39], "uv_size": [0.5, 1.5]},
								"east": {"uv": [36, 74], "uv_size": [1, 1.5]},
								"south": {"uv": [40, 77], "uv_size": [0.5, 1.5]},
								"west": {"uv": [37, 74], "uv_size": [1, 1.5]},
								"up": {"uv": [75, 78], "uv_size": [0.5, 1]},
								"down": {"uv": [78, 76], "uv_size": [0.5, -1]}
							}
						},
						{
							"origin": [-1.25607, 20.32647, -21.5],
							"size": [1.05, 0.75, 1],
							"pivot": [-0.73107, 20.70147, -17.625],
							"rotation": [0, 0, 45],
							"uv": {
								"north": {"uv": [22, 75], "uv_size": [1, 1]},
								"east": {"uv": [28, 75], "uv_size": [1, 1]},
								"south": {"uv": [75, 28], "uv_size": [1, 1]},
								"west": {"uv": [29, 75], "uv_size": [1, 1]},
								"up": {"uv": [75, 29], "uv_size": [1, 1]},
								"down": {"uv": [75, 31], "uv_size": [1, -1]}
							}
						},
						{
							"origin": [-0.625, 20.06507, -21.5],
							"size": [1.25, 0.75, 1],
							"uv": {
								"north": {"uv": [72, 47], "uv_size": [1.5, 1]},
								"east": {"uv": [75, 19], "uv_size": [1, 1]},
								"south": {"uv": [72, 48], "uv_size": [1.5, 1]},
								"west": {"uv": [20, 75], "uv_size": [1, 1]},
								"up": {"uv": [49, 72], "uv_size": [1.5, 1]},
								"down": {"uv": [72, 52], "uv_size": [1.5, -1]}
							}
						},
						{
							"origin": [0.20607, 20.32647, -21.5],
							"size": [1.05, 0.75, 1],
							"pivot": [0.73107, 20.70147, -17.625],
							"rotation": [0, 0, -45],
							"uv": {
								"north": {"uv": [75, 15], "uv_size": [1, 1]},
								"east": {"uv": [16, 75], "uv_size": [1, 1]},
								"south": {"uv": [75, 16], "uv_size": [1, 1]},
								"west": {"uv": [17, 75], "uv_size": [1, 1]},
								"up": {"uv": [75, 18], "uv_size": [1, 1]},
								"down": {"uv": [19, 76], "uv_size": [1, -1]}
							}
						},
						{
							"origin": [-1.32037, 22.69394, -21.5],
							"size": [1.05, 0.75, 1],
							"pivot": [0.32963, 22.6939, -33.24998],
							"rotation": [0, 0, -45],
							"uv": {
								"north": {"uv": [75, 12], "uv_size": [1, 1]},
								"east": {"uv": [13, 75], "uv_size": [1, 1]},
								"south": {"uv": [75, 13], "uv_size": [1, 1]},
								"west": {"uv": [14, 75], "uv_size": [1, 1]},
								"up": {"uv": [75, 14], "uv_size": [1, 1]},
								"down": {"uv": [15, 76], "uv_size": [1, -1]}
							}
						},
						{
							"origin": [-0.625, 22.04999, -21.5],
							"size": [1.25, 0.75, 1],
							"uv": {
								"north": {"uv": [72, 17], "uv_size": [1.5, 1]},
								"east": {"uv": [9, 75], "uv_size": [1, 1]},
								"south": {"uv": [72, 45], "uv_size": [1.5, 1]},
								"west": {"uv": [75, 11], "uv_size": [1, 1]},
								"up": {"uv": [46, 72], "uv_size": [1.5, 1]},
								"down": {"uv": [72, 47], "uv_size": [1.5, -1]}
							}
						},
						{
							"origin": [-1.36746, 20.80753, -21.5],
							"size": [0.75, 1.25, 1],
							"uv": {
								"north": {"uv": [76, 55], "uv_size": [0.5, 1.5]},
								"east": {"uv": [44, 72], "uv_size": [1, 1.5]},
								"south": {"uv": [56, 76], "uv_size": [0.5, 1.5]},
								"west": {"uv": [45, 72], "uv_size": [1, 1.5]},
								"up": {"uv": [75, 77], "uv_size": [0.5, 1]},
								"down": {"uv": [76, 78], "uv_size": [0.5, -1]}
							}
						},
						{
							"origin": [-0.27148, 21.38579, -21.5],
							"size": [1.05, 0.75, 1],
							"pivot": [0.97852, 21.38575, -33.24998],
							"rotation": [0, 0, 45],
							"uv": {
								"north": {"uv": [69, 59], "uv_size": [1, 1]},
								"east": {"uv": [71, 74], "uv_size": [1, 1]},
								"south": {"uv": [75, 5], "uv_size": [1, 1]},
								"west": {"uv": [6, 75], "uv_size": [1, 1]},
								"up": {"uv": [7, 75], "uv_size": [1, 1]},
								"down": {"uv": [8, 76], "uv_size": [1, -1]}
							}
						},
						{
							"origin": [0.61746, 20.80753, -21.5],
							"size": [0.75, 1.25, 1],
							"uv": {
								"north": {"uv": [50, 76], "uv_size": [0.5, 1.5]},
								"east": {"uv": [43, 72], "uv_size": [1, 1.5]},
								"south": {"uv": [55, 76], "uv_size": [0.5, 1.5]},
								"west": {"uv": [72, 43], "uv_size": [1, 1.5]},
								"up": {"uv": [73, 77], "uv_size": [0.5, 1]},
								"down": {"uv": [74, 78], "uv_size": [0.5, -1]}
							}
						},
						{
							"origin": [0.20607, 20.32647, -20.5],
							"size": [0.55, 0.75, 3.75],
							"pivot": [0.73107, 20.70147, -16.625],
							"rotation": [0, 0, -45],
							"uv": {
								"north": {"uv": [78, 19], "uv_size": [0.5, 1]},
								"east": {"uv": [65, 29], "uv_size": [4, 1]},
								"south": {"uv": [23, 78], "uv_size": [0.5, 1]},
								"west": {"uv": [65, 30], "uv_size": [4, 1]},
								"up": {"uv": [3, 71], "uv_size": [0.5, 4]},
								"down": {"uv": [6, 75], "uv_size": [0.5, -4]}
							}
						},
						{
							"origin": [-0.625, 20.06507, -20.5],
							"size": [1.25, 0.75, 3.75],
							"uv": {
								"north": {"uv": [72, 67], "uv_size": [1.5, 1]},
								"east": {"uv": [65, 6], "uv_size": [4, 1]},
								"south": {"uv": [72, 68], "uv_size": [1.5, 1]},
								"west": {"uv": [65, 28], "uv_size": [4, 1]},
								"up": {"uv": [43, 60], "uv_size": [1.5, 4]},
								"down": {"uv": [60, 53], "uv_size": [1.5, -4]}
							}
						},
						{
							"origin": [-0.75607, 20.32647, -20.5],
							"size": [0.55, 0.75, 3.75],
							"pivot": [-0.73107, 20.70147, -16.625],
							"rotation": [0, 0, 45],
							"uv": {
								"north": {"uv": [78, 18], "uv_size": [0.5, 1]},
								"east": {"uv": [65, 4], "uv_size": [4, 1]},
								"south": {"uv": [19, 78], "uv_size": [0.5, 1]},
								"west": {"uv": [65, 5], "uv_size": [4, 1]},
								"up": {"uv": [1, 71], "uv_size": [0.5, 4]},
								"down": {"uv": [2, 75], "uv_size": [0.5, -4]}
							}
						},
						{
							"origin": [-0.27148, 21.38579, -16.75],
							"size": [1.05, 0.75, 1],
							"pivot": [0.97852, 21.38575, -33.24998],
							"rotation": [0, 0, 45],
							"uv": {
								"north": {"uv": [75, 54], "uv_size": [1, 1]},
								"east": {"uv": [55, 75], "uv_size": [1, 1]},
								"south": {"uv": [75, 55], "uv_size": [1, 1]},
								"west": {"uv": [75, 56], "uv_size": [1, 1]},
								"up": {"uv": [75, 57], "uv_size": [1, 1]},
								"down": {"uv": [58, 76], "uv_size": [1, -1]}
							}
						},
						{
							"origin": [-0.625, 22.04999, -16.75],
							"size": [1.25, 0.75, 1],
							"uv": {
								"north": {"uv": [72, 64], "uv_size": [1.5, 1]},
								"east": {"uv": [75, 53], "uv_size": [1, 1]},
								"south": {"uv": [72, 65], "uv_size": [1.5, 1]},
								"west": {"uv": [54, 75], "uv_size": [1, 1]},
								"up": {"uv": [72, 66], "uv_size": [1.5, 1]},
								"down": {"uv": [67, 73], "uv_size": [1.5, -1]}
							}
						},
						{
							"origin": [0.61746, 20.80753, -16.75],
							"size": [0.75, 1.25, 1],
							"uv": {
								"north": {"uv": [58, 76], "uv_size": [0.5, 1.5]},
								"east": {"uv": [60, 72], "uv_size": [1, 1.5]},
								"south": {"uv": [59, 76], "uv_size": [0.5, 1.5]},
								"west": {"uv": [72, 62], "uv_size": [1, 1.5]},
								"up": {"uv": [17, 78], "uv_size": [0.5, 1]},
								"down": {"uv": [18, 79], "uv_size": [0.5, -1]}
							}
						},
						{
							"origin": [0.20607, 20.32647, -16.75],
							"size": [1.05, 0.75, 1],
							"pivot": [0.73107, 20.70147, -17.625],
							"rotation": [0, 0, -45],
							"uv": {
								"north": {"uv": [75, 45], "uv_size": [1, 1]},
								"east": {"uv": [75, 46], "uv_size": [1, 1]},
								"south": {"uv": [48, 75], "uv_size": [1, 1]},
								"west": {"uv": [49, 75], "uv_size": [1, 1]},
								"up": {"uv": [50, 75], "uv_size": [1, 1]},
								"down": {"uv": [53, 76], "uv_size": [1, -1]}
							}
						},
						{
							"origin": [-0.625, 20.06507, -16.75],
							"size": [1.25, 0.75, 1],
							"uv": {
								"north": {"uv": [72, 52], "uv_size": [1.5, 1]},
								"east": {"uv": [75, 43], "uv_size": [1, 1]},
								"south": {"uv": [72, 59], "uv_size": [1.5, 1]},
								"west": {"uv": [75, 44], "uv_size": [1, 1]},
								"up": {"uv": [72, 60], "uv_size": [1.5, 1]},
								"down": {"uv": [72, 62], "uv_size": [1.5, -1]}
							}
						},
						{
							"origin": [-1.32037, 22.69394, -16.75],
							"size": [1.05, 0.75, 1],
							"pivot": [0.32963, 22.6939, -33.24998],
							"rotation": [0, 0, -45],
							"uv": {
								"north": {"uv": [75, 37], "uv_size": [1, 1]},
								"east": {"uv": [75, 38], "uv_size": [1, 1]},
								"south": {"uv": [75, 39], "uv_size": [1, 1]},
								"west": {"uv": [75, 40], "uv_size": [1, 1]},
								"up": {"uv": [75, 41], "uv_size": [1, 1]},
								"down": {"uv": [75, 43], "uv_size": [1, -1]}
							}
						},
						{
							"origin": [-1.36746, 20.80753, -16.75],
							"size": [0.75, 1.25, 1],
							"uv": {
								"north": {"uv": [57, 76], "uv_size": [0.5, 1.5]},
								"east": {"uv": [57, 72], "uv_size": [1, 1.5]},
								"south": {"uv": [76, 57], "uv_size": [0.5, 1.5]},
								"west": {"uv": [59, 72], "uv_size": [1, 1.5]},
								"up": {"uv": [78, 15], "uv_size": [0.5, 1]},
								"down": {"uv": [16, 79], "uv_size": [0.5, -1]}
							}
						},
						{
							"origin": [-1.25607, 20.32647, -16.75],
							"size": [1.05, 0.75, 1],
							"pivot": [-0.73107, 20.70147, -17.625],
							"rotation": [0, 0, 45],
							"uv": {
								"north": {"uv": [31, 75], "uv_size": [1, 1]},
								"east": {"uv": [33, 75], "uv_size": [1, 1]},
								"south": {"uv": [75, 33], "uv_size": [1, 1]},
								"west": {"uv": [75, 34], "uv_size": [1, 1]},
								"up": {"uv": [75, 35], "uv_size": [1, 1]},
								"down": {"uv": [75, 37], "uv_size": [1, -1]}
							}
						},
						{
							"origin": [-0.625, 21.99999, -25],
							"size": [1.25, 0.7, 1.75],
							"uv": {
								"north": {"uv": [76, 46], "uv_size": [1.5, 0.5]},
								"east": {"uv": [74, 69], "uv_size": [2, 0.5]},
								"south": {"uv": [76, 49], "uv_size": [1.5, 0.5]},
								"west": {"uv": [74, 72], "uv_size": [2, 0.5]},
								"up": {"uv": [67, 41], "uv_size": [1.5, 2]},
								"down": {"uv": [43, 69], "uv_size": [1.5, -2]}
							}
						},
						{
							"origin": [-0.625, 21.48379, -25.49623],
							"size": [1.25, 0.7, 1],
							"pivot": [0, 21.83379, -25.37123],
							"rotation": [45, 0, 0],
							"uv": {
								"north": {"uv": [23, 77], "uv_size": [1.5, 0.5]},
								"east": {"uv": [60, 78], "uv_size": [1, 0.5]},
								"south": {"uv": [25, 77], "uv_size": [1.5, 0.5]},
								"west": {"uv": [78, 60], "uv_size": [1, 0.5]},
								"up": {"uv": [73, 57], "uv_size": [1.5, 1]},
								"down": {"uv": [73, 59], "uv_size": [1.5, -1]}
							}
						},
						{
							"origin": [-0.625, 20.6227, -25.49623],
							"size": [1.25, 0.7, 1],
							"pivot": [0, 20.9727, -25.37123],
							"rotation": [-45, 0, 0],
							"uv": {
								"north": {"uv": [27, 77], "uv_size": [1.5, 0.5]},
								"east": {"uv": [61, 78], "uv_size": [1, 0.5]},
								"south": {"uv": [29, 77], "uv_size": [1.5, 0.5]},
								"west": {"uv": [78, 61], "uv_size": [1, 0.5]},
								"up": {"uv": [61, 73], "uv_size": [1.5, 1]},
								"down": {"uv": [73, 63], "uv_size": [1.5, -1]}
							}
						},
						{
							"origin": [-0.625, 20.10649, -25],
							"size": [1.25, 0.7, 1.75],
							"uv": {
								"north": {"uv": [76, 50], "uv_size": [1.5, 0.5]},
								"east": {"uv": [4, 75], "uv_size": [2, 0.5]},
								"south": {"uv": [53, 76], "uv_size": [1.5, 0.5]},
								"west": {"uv": [75, 4], "uv_size": [2, 0.5]},
								"up": {"uv": [67, 43], "uv_size": [1.5, 2]},
								"down": {"uv": [67, 51], "uv_size": [1.5, -2]}
							}
						},
						{
							"origin": [-0.475, 22.06213, -25],
							"size": [0.95, 0.7, 1.75],
							"pivot": [0, 21.40324, -8],
							"rotation": [0, 0, -45],
							"uv": {
								"north": {"uv": [77, 77], "uv_size": [1, 0.5]},
								"east": {"uv": [75, 31], "uv_size": [2, 0.5]},
								"south": {"uv": [1, 78], "uv_size": [1, 0.5]},
								"west": {"uv": [75, 32], "uv_size": [2, 0.5]},
								"up": {"uv": [0, 71], "uv_size": [1, 2]},
								"down": {"uv": [71, 2], "uv_size": [1, -2]}
							}
						},
						{
							"origin": [-1.29675, 20.77824, -25],
							"size": [0.7, 1.25, 1.75],
							"uv": {
								"north": {"uv": [48, 76], "uv_size": [0.5, 1.5]},
								"east": {"uv": [39, 67], "uv_size": [2, 1.5]},
								"south": {"uv": [49, 76], "uv_size": [0.5, 1.5]},
								"west": {"uv": [67, 39], "uv_size": [2, 1.5]},
								"up": {"uv": [62, 74], "uv_size": [0.5, 2]},
								"down": {"uv": [70, 76], "uv_size": [0.5, -2]}
							}
						},
						{
							"origin": [-0.475, 22.06213, -25],
							"size": [0.95, 0.7, 1.75],
							"pivot": [0, 21.40324, -8],
							"rotation": [0, 0, 45],
							"uv": {
								"north": {"uv": [66, 77], "uv_size": [1, 0.5]},
								"east": {"uv": [64, 74], "uv_size": [2, 0.5]},
								"south": {"uv": [77, 66], "uv_size": [1, 0.5]},
								"west": {"uv": [74, 68], "uv_size": [2, 0.5]},
								"up": {"uv": [27, 70], "uv_size": [1, 2]},
								"down": {"uv": [30, 72], "uv_size": [1, -2]}
							}
						},
						{
							"origin": [-0.475, 20.04436, -25],
							"size": [0.95, 0.7, 1.75],
							"pivot": [0, 21.40324, -8],
							"rotation": [0, 0, 45],
							"uv": {
								"north": {"uv": [68, 77], "uv_size": [1, 0.5]},
								"east": {"uv": [0, 75], "uv_size": [2, 0.5]},
								"south": {"uv": [69, 77], "uv_size": [1, 0.5]},
								"west": {"uv": [2, 75], "uv_size": [2, 0.5]},
								"up": {"uv": [57, 70], "uv_size": [1, 2]},
								"down": {"uv": [70, 72], "uv_size": [1, -2]}
							}
						},
						{
							"origin": [-0.475, 20.04436, -25],
							"size": [0.95, 0.7, 1.75],
							"pivot": [0, 21.40324, -8],
							"rotation": [0, 0, -45],
							"uv": {
								"north": {"uv": [67, 77], "uv_size": [1, 0.5]},
								"east": {"uv": [74, 73], "uv_size": [2, 0.5]},
								"south": {"uv": [77, 67], "uv_size": [1, 0.5]},
								"west": {"uv": [74, 74], "uv_size": [2, 0.5]},
								"up": {"uv": [32, 70], "uv_size": [1, 2]},
								"down": {"uv": [34, 72], "uv_size": [1, -2]}
							}
						},
						{
							"origin": [0.59675, 20.77824, -25],
							"size": [0.7, 1.25, 1.75],
							"uv": {
								"north": {"uv": [46, 76], "uv_size": [0.5, 1.5]},
								"east": {"uv": [67, 18], "uv_size": [2, 1.5]},
								"south": {"uv": [47, 76], "uv_size": [0.5, 1.5]},
								"west": {"uv": [67, 36], "uv_size": [2, 1.5]},
								"up": {"uv": [56, 74], "uv_size": [0.5, 2]},
								"down": {"uv": [57, 76], "uv_size": [0.5, -2]}
							}
						},
						{
							"origin": [0.08054, 20.77824, -25.49623],
							"size": [0.7, 1.25, 1],
							"pivot": [0.43054, 21.40324, -25.37123],
							"rotation": [0, 45, 0],
							"uv": {
								"north": {"uv": [77, 29], "uv_size": [0.5, 1.5]},
								"east": {"uv": [28, 73], "uv_size": [1, 1.5]},
								"south": {"uv": [31, 77], "uv_size": [0.5, 1.5]},
								"west": {"uv": [31, 73], "uv_size": [1, 1.5]},
								"up": {"uv": [62, 78], "uv_size": [0.5, 1]},
								"down": {"uv": [78, 63], "uv_size": [0.5, -1]}
							}
						},
						{
							"origin": [-0.78055, 20.77824, -25.49623],
							"size": [0.7, 1.25, 1],
							"pivot": [-0.43055, 21.40324, -25.37123],
							"rotation": [0, -45, 0],
							"uv": {
								"north": {"uv": [77, 31], "uv_size": [0.5, 1.5]},
								"east": {"uv": [58, 73], "uv_size": [1, 1.5]},
								"south": {"uv": [32, 77], "uv_size": [0.5, 1.5]},
								"west": {"uv": [63, 73], "uv_size": [1, 1.5]},
								"up": {"uv": [63, 78], "uv_size": [0.5, 1]},
								"down": {"uv": [78, 64], "uv_size": [0.5, -1]}
							}
						},
						{
							"origin": [0.84675, 20.52824, 2.75],
							"size": [0.45, 1.5, 3.25],
							"uv": {
								"north": {"uv": [21, 77], "uv_size": [0.5, 1.5]},
								"east": {"uv": [12, 64], "uv_size": [3.5, 1.5]},
								"south": {"uv": [22, 77], "uv_size": [0.5, 1.5]},
								"west": {"uv": [64, 13], "uv_size": [3.5, 1.5]},
								"up": {"uv": [66, 71], "uv_size": [0.5, 3.5]},
								"down": {"uv": [69, 74.5], "uv_size": [0.5, -3.5]}
							}
						},
						{
							"origin": [0.84675, 21.52824, -0.5],
							"size": [0.45, 0.5, 3],
							"uv": {
								"north": {"uv": [3, 80], "uv_size": [0.5, 0.5]},
								"east": {"uv": [74, 47], "uv_size": [3, 0.5]},
								"south": {"uv": [80, 3], "uv_size": [0.5, 0.5]},
								"west": {"uv": [48, 74], "uv_size": [3, 0.5]},
								"up": {"uv": [51, 74], "uv_size": [0.5, 3]},
								"down": {"uv": [52, 77], "uv_size": [0.5, -3]}
							}
						},
						{
							"origin": [0.84675, 21.52824, -14.5],
							"size": [0.45, 0.5, 13.25],
							"uv": {
								"north": {"uv": [4, 80], "uv_size": [0.5, 0.5]},
								"east": {"uv": [58, 47], "uv_size": [13.5, 0.5]},
								"south": {"uv": [80, 4], "uv_size": [0.5, 0.5]},
								"west": {"uv": [58, 48], "uv_size": [13.5, 0.5]},
								"up": {"uv": [56, 59], "uv_size": [0.5, 13.5]},
								"down": {"uv": [58, 72.5], "uv_size": [0.5, -13.5]}
							}
						},
						{
							"origin": [0.84675, 20.77824, -23.25],
							"size": [0.45, 1.25, 8.75],
							"uv": {
								"north": {"uv": [45, 77], "uv_size": [0.5, 1.5]},
								"east": {"uv": [49, 28], "uv_size": [9, 1.5]},
								"south": {"uv": [77, 47], "uv_size": [0.5, 1.5]},
								"west": {"uv": [49, 30], "uv_size": [9, 1.5]},
								"up": {"uv": [31, 64], "uv_size": [0.5, 9]},
								"down": {"uv": [61, 73], "uv_size": [0.5, -9]}
							}
						},
						{
							"origin": [-0.475, 22.31213, -23.25],
							"size": [0.95, 0.45, 21.5],
							"pivot": [0, 21.40324, -8],
							"rotation": [0, 0, 45],
							"uv": {
								"north": {"uv": [58, 78], "uv_size": [1, 0.5]},
								"east": {"uv": [50, 16], "uv_size": [21.5, 0.5]},
								"south": {"uv": [59, 78], "uv_size": [1, 0.5]},
								"west": {"uv": [50, 17], "uv_size": [21.5, 0.5]},
								"up": {"uv": [40, 8], "uv_size": [1, 21.5]},
								"down": {"uv": [33, 67.5], "uv_size": [1, -21.5]}
							}
						},
						{
							"origin": [-0.475, 22.31213, -0.5],
							"size": [0.95, 0.45, 6.5],
							"pivot": [0, 21.40324, -8],
							"rotation": [0, 0, 45],
							"uv": {
								"north": {"uv": [79, 24], "uv_size": [1, 0.5]},
								"east": {"uv": [66, 57], "uv_size": [6.5, 0.5]},
								"south": {"uv": [25, 79], "uv_size": [1, 0.5]},
								"west": {"uv": [66, 58], "uv_size": [6.5, 0.5]},
								"up": {"uv": [39, 60], "uv_size": [1, 6.5]},
								"down": {"uv": [40, 66.5], "uv_size": [1, -6.5]}
							}
						},
						{
							"origin": [-1.29675, 20.77824, -23.25],
							"size": [0.45, 1.25, 3.25],
							"uv": {
								"north": {"uv": [77, 18], "uv_size": [0.5, 1.5]},
								"east": {"uv": [8, 64], "uv_size": [3.5, 1.5]},
								"south": {"uv": [20, 77], "uv_size": [0.5, 1.5]},
								"west": {"uv": [64, 10], "uv_size": [3.5, 1.5]},
								"up": {"uv": [29, 71], "uv_size": [0.5, 3.5]},
								"down": {"uv": [33, 74.5], "uv_size": [0.5, -3.5]}
							}
						},
						{
							"origin": [-1.29675, 20.77824, -17.25],
							"size": [0.45, 1.25, 23.25],
							"uv": {
								"north": {"uv": [77, 43], "uv_size": [0.5, 1.5]},
								"east": {"uv": [40, 0], "uv_size": [23.5, 1.5]},
								"south": {"uv": [44, 77], "uv_size": [0.5, 1.5]},
								"west": {"uv": [40, 2], "uv_size": [23.5, 1.5]},
								"up": {"uv": [34, 46], "uv_size": [0.5, 23.5]},
								"down": {"uv": [51, 73.5], "uv_size": [0.5, -23.5]}
							}
						},
						{
							"origin": [-0.625, 22.25, -23.25],
							"size": [1.25, 0.45, 29.25],
							"uv": {
								"north": {"uv": [77, 17], "uv_size": [1.5, 0.5]},
								"east": {"uv": [49, 26], "uv_size": [29.5, 0.5]},
								"south": {"uv": [18, 77], "uv_size": [1.5, 0.5]},
								"west": {"uv": [49, 27], "uv_size": [29.5, 0.5]},
								"up": {"uv": [38, 0], "uv_size": [1.5, 29.5]},
								"down": {"uv": [39, 59.5], "uv_size": [1.5, -29.5]}
							}
						},
						{
							"origin": [-0.475, 20.04436, -23.25],
							"size": [0.95, 0.45, 29.25],
							"pivot": [0, 21.40324, -8],
							"rotation": [0, 0, -45],
							"uv": {
								"north": {"uv": [57, 78], "uv_size": [1, 0.5]},
								"east": {"uv": [49, 24], "uv_size": [29.5, 0.5]},
								"south": {"uv": [78, 57], "uv_size": [1, 0.5]},
								"west": {"uv": [49, 25], "uv_size": [29.5, 0.5]},
								"up": {"uv": [42, 8], "uv_size": [1, 29.5]},
								"down": {"uv": [42, 67.5], "uv_size": [1, -29.5]}
							}
						},
						{
							"origin": [-0.475, 20.04436, -23.25],
							"size": [0.95, 0.45, 29.25],
							"pivot": [0, 21.40324, -8],
							"rotation": [0, 0, 45],
							"uv": {
								"north": {"uv": [56, 78], "uv_size": [1, 0.5]},
								"east": {"uv": [49, 22], "uv_size": [29.5, 0.5]},
								"south": {"uv": [78, 56], "uv_size": [1, 0.5]},
								"west": {"uv": [49, 23], "uv_size": [29.5, 0.5]},
								"up": {"uv": [41, 8], "uv_size": [1, 29.5]},
								"down": {"uv": [41, 67.5], "uv_size": [1, -29.5]}
							}
						},
						{
							"origin": [-0.625, 20.10649, -23.25],
							"size": [1.25, 0.45, 29.25],
							"uv": {
								"north": {"uv": [16, 77], "uv_size": [1.5, 0.5]},
								"east": {"uv": [49, 20], "uv_size": [29.5, 0.5]},
								"south": {"uv": [77, 16], "uv_size": [1.5, 0.5]},
								"west": {"uv": [49, 21], "uv_size": [29.5, 0.5]},
								"up": {"uv": [35, 36], "uv_size": [1.5, 29.5]},
								"down": {"uv": [37, 65.5], "uv_size": [1.5, -29.5]}
							}
						},
						{
							"origin": [-0.475, 22.31213, -23.25],
							"size": [0.95, 0.45, 3.25],
							"pivot": [0, 21.40324, -8],
							"rotation": [0, 0, -45],
							"uv": {
								"north": {"uv": [78, 54], "uv_size": [1, 0.5]},
								"east": {"uv": [72, 9], "uv_size": [3.5, 0.5]},
								"south": {"uv": [55, 78], "uv_size": [1, 0.5]},
								"west": {"uv": [72, 10], "uv_size": [3.5, 0.5]},
								"up": {"uv": [19, 67], "uv_size": [1, 3.5]},
								"down": {"uv": [29, 70.5], "uv_size": [1, -3.5]}
							}
						},
						{
							"origin": [-0.475, 22.31213, -17.25],
							"size": [0.95, 0.45, 23.25],
							"pivot": [0, 21.40324, -8],
							"rotation": [0, 0, -45],
							"uv": {
								"north": {"uv": [79, 2], "uv_size": [1, 0.5]},
								"east": {"uv": [49, 32], "uv_size": [23.5, 0.5]},
								"south": {"uv": [3, 79], "uv_size": [1, 0.5]},
								"west": {"uv": [49, 33], "uv_size": [23.5, 0.5]},
								"up": {"uv": [45, 36], "uv_size": [1, 23.5]},
								"down": {"uv": [32, 69.5], "uv_size": [1, -23.5]}
							}
						},
						{
							"origin": [-0.5, 20.18579, 6],
							"size": [1, 0.45, 0.5],
							"uv": {
								"north": {"uv": [79, 17], "uv_size": [1, 0.5]},
								"east": {"uv": [0, 80], "uv_size": [0.5, 0.5]},
								"south": {"uv": [18, 79], "uv_size": [1, 0.5]},
								"west": {"uv": [80, 0], "uv_size": [0.5, 0.5]},
								"up": {"uv": [79, 18], "uv_size": [1, 0.5]},
								"down": {"uv": [19, 79.5], "uv_size": [1, -0.5]}
							}
						},
						{
							"origin": [-0.4, 20.12366, 6],
							"size": [1, 0.7, 0.5],
							"pivot": [0.125, 21.48254, 21.25],
							"rotation": [0, 0, 45],
							"uv": {
								"north": {"uv": [79, 15], "uv_size": [1, 0.5]},
								"east": {"uv": [79, 78], "uv_size": [0.5, 0.5]},
								"south": {"uv": [16, 79], "uv_size": [1, 0.5]},
								"west": {"uv": [79, 79], "uv_size": [0.5, 0.5]},
								"up": {"uv": [79, 16], "uv_size": [1, 0.5]},
								"down": {"uv": [17, 79.5], "uv_size": [1, -0.5]}
							}
						},
						{
							"origin": [-0.61464, 20.15901, 6],
							"size": [1, 0.7, 0.5],
							"pivot": [-0.08964, 21.51789, 21.25],
							"rotation": [0, 0, -45],
							"uv": {
								"north": {"uv": [79, 13], "uv_size": [1, 0.5]},
								"east": {"uv": [79, 77], "uv_size": [0.5, 0.5]},
								"south": {"uv": [14, 79], "uv_size": [1, 0.5]},
								"west": {"uv": [78, 79], "uv_size": [0.5, 0.5]},
								"up": {"uv": [79, 14], "uv_size": [1, 0.5]},
								"down": {"uv": [15, 79.5], "uv_size": [1, -0.5]}
							}
						},
						{
							"origin": [-0.5, 22.15, 6],
							"size": [1, 0.45, 0.5],
							"uv": {
								"north": {"uv": [79, 11], "uv_size": [1, 0.5]},
								"east": {"uv": [79, 76], "uv_size": [0.5, 0.5]},
								"south": {"uv": [12, 79], "uv_size": [1, 0.5]},
								"west": {"uv": [77, 79], "uv_size": [0.5, 0.5]},
								"up": {"uv": [79, 12], "uv_size": [1, 0.5]},
								"down": {"uv": [13, 79.5], "uv_size": [1, -0.5]}
							}
						},
						{
							"origin": [-0.61465, 21.92678, 6],
							"size": [1, 0.7, 0.5],
							"pivot": [-0.08965, 21.26789, 21.25],
							"rotation": [0, 0, 45],
							"uv": {
								"north": {"uv": [79, 9], "uv_size": [1, 0.5]},
								"east": {"uv": [79, 75], "uv_size": [0.5, 0.5]},
								"south": {"uv": [10, 79], "uv_size": [1, 0.5]},
								"west": {"uv": [76, 79], "uv_size": [0.5, 0.5]},
								"up": {"uv": [79, 10], "uv_size": [1, 0.5]},
								"down": {"uv": [11, 79.5], "uv_size": [1, -0.5]}
							}
						},
						{
							"origin": [0.50711, 20.89289, 6],
							"size": [0.7, 1, 0.5],
							"uv": {
								"north": {"uv": [79, 7], "uv_size": [0.5, 1]},
								"east": {"uv": [8, 79], "uv_size": [0.5, 1]},
								"south": {"uv": [79, 8], "uv_size": [0.5, 1]},
								"west": {"uv": [9, 79], "uv_size": [0.5, 1]},
								"up": {"uv": [79, 74], "uv_size": [0.5, 0.5]},
								"down": {"uv": [75, 79.5], "uv_size": [0.5, -0.5]}
							}
						},
						{
							"origin": [-0.4, 21.96213, 6],
							"size": [1, 0.7, 0.5],
							"pivot": [0.125, 21.30324, 21.25],
							"rotation": [0, 0, -45],
							"uv": {
								"north": {"uv": [79, 5], "uv_size": [1, 0.5]},
								"east": {"uv": [79, 73], "uv_size": [0.5, 0.5]},
								"south": {"uv": [6, 79], "uv_size": [1, 0.5]},
								"west": {"uv": [74, 79], "uv_size": [0.5, 0.5]},
								"up": {"uv": [79, 6], "uv_size": [1, 0.5]},
								"down": {"uv": [7, 79.5], "uv_size": [1, -0.5]}
							}
						},
						{
							"origin": [-1.02294, 21.69082, 6.10014],
							"size": [1, 0.45, 0.82],
							"pivot": [-0.52294, 21.91582, 6.51014],
							"rotation": [-60, 0, -45],
							"uv": {
								"north": {"uv": [79, 61], "uv_size": [1, 0.5]},
								"east": {"uv": [62, 79], "uv_size": [1, 0.5]},
								"south": {"uv": [79, 62], "uv_size": [1, 0.5]},
								"west": {"uv": [63, 79], "uv_size": [1, 0.5]},
								"up": {"uv": [76, 37], "uv_size": [1, 1]},
								"down": {"uv": [38, 77], "uv_size": [1, -1]}
							}
						},
						{
							"origin": [0.02293, 21.69083, 6.10014],
							"size": [1, 0.45, 0.82],
							"pivot": [0.52293, 21.91583, 6.51014],
							"rotation": [-60, 0, 45],
							"uv": {
								"north": {"uv": [79, 59], "uv_size": [1, 0.5]},
								"east": {"uv": [60, 79], "uv_size": [1, 0.5]},
								"south": {"uv": [79, 60], "uv_size": [1, 0.5]},
								"west": {"uv": [61, 79], "uv_size": [1, 0.5]},
								"up": {"uv": [76, 36], "uv_size": [1, 1]},
								"down": {"uv": [37, 77], "uv_size": [1, -1]}
							}
						},
						{
							"origin": [0.02293, 20.64496, 6.10014],
							"size": [1, 0.45, 0.82],
							"pivot": [0.52293, 20.86996, 6.51014],
							"rotation": [60, 0, -45],
							"uv": {
								"north": {"uv": [79, 57], "uv_size": [1, 0.5]},
								"east": {"uv": [58, 79], "uv_size": [1, 0.5]},
								"south": {"uv": [79, 58], "uv_size": [1, 0.5]},
								"west": {"uv": [59, 79], "uv_size": [1, 0.5]},
								"up": {"uv": [76, 35], "uv_size": [1, 1]},
								"down": {"uv": [36, 77], "uv_size": [1, -1]}
							}
						},
						{
							"origin": [-1.02293, 20.64497, 6.10014],
							"size": [1, 0.45, 0.82],
							"pivot": [-0.52293, 20.86997, 6.51014],
							"rotation": [60, 0, 45],
							"uv": {
								"north": {"uv": [79, 55], "uv_size": [1, 0.5]},
								"east": {"uv": [56, 79], "uv_size": [1, 0.5]},
								"south": {"uv": [79, 56], "uv_size": [1, 0.5]},
								"west": {"uv": [57, 79], "uv_size": [1, 0.5]},
								"up": {"uv": [76, 34], "uv_size": [1, 1]},
								"down": {"uv": [35, 77], "uv_size": [1, -1]}
							}
						},
						{
							"origin": [-1.20711, 20.89289, 6],
							"size": [0.7, 1, 0.5],
							"uv": {
								"north": {"uv": [79, 3], "uv_size": [0.5, 1]},
								"east": {"uv": [4, 79], "uv_size": [0.5, 1]},
								"south": {"uv": [79, 4], "uv_size": [0.5, 1]},
								"west": {"uv": [5, 79], "uv_size": [0.5, 1]},
								"up": {"uv": [79, 72], "uv_size": [0.5, 0.5]},
								"down": {"uv": [73, 79.5], "uv_size": [0.5, -0.5]}
							}
						},
						{
							"origin": [-0.5, 20.89599, 6.11],
							"size": [1, 1, 0.8],
							"pivot": [0, 21.39599, 6.51],
							"rotation": [0, 0, -45],
							"uv": {
								"north": {"uv": [76, 38], "uv_size": [1, 1]},
								"east": {"uv": [39, 76], "uv_size": [1, 1]},
								"south": {"uv": [76, 39], "uv_size": [1, 1]},
								"west": {"uv": [40, 76], "uv_size": [1, 1]},
								"up": {"uv": [76, 40], "uv_size": [1, 1]},
								"down": {"uv": [41, 77], "uv_size": [1, -1]}
							}
						},
						{
							"origin": [-0.92, 22.24155, -9.24088],
							"size": [1.84, 0.75, 1.8175],
							"uv": {
								"north": {"uv": [55, 7], "uv_size": [2, 1]},
								"east": {"uv": [55, 49], "uv_size": [2, 1]},
								"south": {"uv": [70, 7], "uv_size": [2, 1]},
								"west": {"uv": [70, 69], "uv_size": [2, 1]},
								"up": {"uv": [64, 57], "uv_size": [2, 2]},
								"down": {"uv": [64, 66], "uv_size": [2, -2]}
							}
						},
						{
							"origin": [-0.92, 22.99155, -8.49088],
							"size": [1.84, 0.25, 0.2],
							"uv": {
								"north": {"uv": [60, 75], "uv_size": [2, 0.5]},
								"east": {"uv": [79, 64], "uv_size": [0.5, 0.5]},
								"south": {"uv": [75, 62], "uv_size": [2, 0.5]},
								"west": {"uv": [65, 79], "uv_size": [0.5, 0.5]},
								"up": {"uv": [63, 75], "uv_size": [2, 0.5]},
								"down": {"uv": [75, 63.5], "uv_size": [2, -0.5]}
							}
						},
						{
							"origin": [-0.92, 23.24155, -8.49088],
							"size": [0.75, 0.25, 0.2],
							"uv": {
								"north": {"uv": [24, 78], "uv_size": [1, 0.5]},
								"east": {"uv": [79, 65], "uv_size": [0.5, 0.5]},
								"south": {"uv": [25, 78], "uv_size": [1, 0.5]},
								"west": {"uv": [66, 79], "uv_size": [0.5, 0.5]},
								"up": {"uv": [26, 78], "uv_size": [1, 0.5]},
								"down": {"uv": [27, 78.5], "uv_size": [1, -0.5]}
							}
						},
						{
							"origin": [0.17, 23.24155, -8.49088],
							"size": [0.75, 0.25, 0.2],
							"uv": {
								"north": {"uv": [28, 78], "uv_size": [1, 0.5]},
								"east": {"uv": [79, 66], "uv_size": [0.5, 0.5]},
								"south": {"uv": [78, 28], "uv_size": [1, 0.5]},
								"west": {"uv": [67, 79], "uv_size": [0.5, 0.5]},
								"up": {"uv": [29, 78], "uv_size": [1, 0.5]},
								"down": {"uv": [78, 29.5], "uv_size": [1, -0.5]}
							}
						},
						{
							"origin": [-0.92, 22.99155, -8.29088],
							"size": [1.84, 0.2, 0.2],
							"uv": {
								"north": {"uv": [24, 76], "uv_size": [2, 0.5]},
								"east": {"uv": [16, 80], "uv_size": [0.5, 0.5]},
								"south": {"uv": [26, 76], "uv_size": [2, 0.5]},
								"west": {"uv": [80, 16], "uv_size": [0.5, 0.5]},
								"up": {"uv": [28, 76], "uv_size": [2, 0.5]},
								"down": {"uv": [76, 28.5], "uv_size": [2, -0.5]}
							}
						},
						{
							"origin": [0.18, 22.99155, -8.09088],
							"size": [0.74, 0.2, 0.2],
							"uv": {
								"north": {"uv": [17, 80], "uv_size": [0.5, 0.5]},
								"east": {"uv": [80, 17], "uv_size": [0.5, 0.5]},
								"south": {"uv": [18, 80], "uv_size": [0.5, 0.5]},
								"west": {"uv": [80, 18], "uv_size": [0.5, 0.5]},
								"up": {"uv": [19, 80], "uv_size": [0.5, 0.5]},
								"down": {"uv": [80, 19.5], "uv_size": [0.5, -0.5]}
							}
						},
						{
							"origin": [-0.92, 22.99155, -8.09088],
							"size": [0.74, 0.2, 0.2],
							"uv": {
								"north": {"uv": [20, 80], "uv_size": [0.5, 0.5]},
								"east": {"uv": [80, 20], "uv_size": [0.5, 0.5]},
								"south": {"uv": [21, 80], "uv_size": [0.5, 0.5]},
								"west": {"uv": [80, 21], "uv_size": [0.5, 0.5]},
								"up": {"uv": [22, 80], "uv_size": [0.5, 0.5]},
								"down": {"uv": [80, 22.5], "uv_size": [0.5, -0.5]}
							}
						},
						{
							"origin": [-0.55, 20.85, -31.12838],
							"size": [1.1, 1.1, 2.6075],
							"uv": {
								"north": {"uv": [38, 35], "uv_size": [1, 1]},
								"east": {"uv": [69, 8], "uv_size": [2.5, 1]},
								"south": {"uv": [48, 52], "uv_size": [1, 1]},
								"west": {"uv": [69, 9], "uv_size": [2.5, 1]},
								"up": {"uv": [21, 69], "uv_size": [1, 2.5]},
								"down": {"uv": [69, 30.5], "uv_size": [1, -2.5]}
							}
						},
						{
							"origin": [-0.65, 20.75, -28.52838],
							"size": [1.3, 1.3, 3.8575],
							"uv": {
								"north": {"uv": [70, 41], "uv_size": [1.5, 1.5]},
								"east": {"uv": [60, 14], "uv_size": [4, 1.5]},
								"south": {"uv": [70, 43], "uv_size": [1.5, 1.5]},
								"west": {"uv": [61, 39], "uv_size": [4, 1.5]},
								"up": {"uv": [61, 60], "uv_size": [1.5, 4]},
								"down": {"uv": [62, 53], "uv_size": [1.5, -4]}
							}
						},
						{
							"origin": [-0.55, 20.85, -38.75],
							"size": [1.1, 1.1, 4.8575],
							"uv": {
								"north": {"uv": [5, 76], "uv_size": [1, 1]},
								"east": {"uv": [63, 38], "uv_size": [5, 1]},
								"south": {"uv": [76, 5], "uv_size": [1, 1]},
								"west": {"uv": [64, 15], "uv_size": [5, 1]},
								"up": {"uv": [38, 30], "uv_size": [1, 5]},
								"down": {"uv": [45, 65], "uv_size": [1, -5]}
							}
						},
						{
							"origin": [-0.55, 20.72131, -36.6256],
							"size": [1.1, 1.1, 2.7075],
							"pivot": [0, 21.27131, -36.34685],
							"rotation": [-22.5, 0, 0],
							"uv": {
								"north": {"uv": [9, 76], "uv_size": [1, 1]},
								"east": {"uv": [69, 12], "uv_size": [2.5, 1]},
								"south": {"uv": [76, 9], "uv_size": [1, 1]},
								"west": {"uv": [69, 15], "uv_size": [2.5, 1]},
								"up": {"uv": [43, 69], "uv_size": [1, 2.5]},
								"down": {"uv": [44, 71.5], "uv_size": [1, -2.5]}
							}
						},
						{
							"origin": [-0.55, 21.95, -38.75],
							"size": [1.1, 0.85, 1.25],
							"uv": {
								"north": {"uv": [7, 76], "uv_size": [1, 1]},
								"east": {"uv": [70, 73], "uv_size": [1.5, 1]},
								"south": {"uv": [76, 7], "uv_size": [1, 1]},
								"west": {"uv": [73, 70], "uv_size": [1.5, 1]},
								"up": {"uv": [72, 73], "uv_size": [1, 1.5]},
								"down": {"uv": [73, 74.5], "uv_size": [1, -1.5]}
							}
						},
						{
							"origin": [-0.1, 22.8, -38.5],
							"size": [0.2, 0.6, 0.75],
							"uv": {
								"north": {"uv": [79, 69], "uv_size": [0.5, 0.5]},
								"east": {"uv": [69, 78], "uv_size": [1, 0.5]},
								"south": {"uv": [70, 79], "uv_size": [0.5, 0.5]},
								"west": {"uv": [78, 69], "uv_size": [1, 0.5]},
								"up": {"uv": [70, 78], "uv_size": [0.5, 1]},
								"down": {"uv": [78, 71], "uv_size": [0.5, -1]}
							}
						},
						{
							"origin": [-0.55, 21.63254, -37.98358],
							"size": [1.1, 0.85, 1.25],
							"pivot": [0, 22.05754, -37.35858],
							"rotation": [-45, 0, 0],
							"uv": {
								"north": {"uv": [8, 76], "uv_size": [1, 1]},
								"east": {"uv": [16, 74], "uv_size": [1.5, 1]},
								"south": {"uv": [76, 8], "uv_size": [1, 1]},
								"west": {"uv": [74, 17], "uv_size": [1.5, 1]},
								"up": {"uv": [18, 74], "uv_size": [1, 1.5]},
								"down": {"uv": [35, 75.5], "uv_size": [1, -1.5]}
							}
						},
						{
							"origin": [0.47215, 22.71548, -38.75],
							"size": [0.25, 0.75, 1.25],
							"pivot": [0.59715, 23.14048, -38.25],
							"rotation": [0, 0, 22.5],
							"uv": {
								"north": {"uv": [64, 78], "uv_size": [0.5, 1]},
								"east": {"uv": [73, 71], "uv_size": [1.5, 1]},
								"south": {"uv": [78, 64], "uv_size": [0.5, 1]},
								"west": {"uv": [74, 0], "uv_size": [1.5, 1]},
								"up": {"uv": [33, 77], "uv_size": [0.5, 1.5]},
								"down": {"uv": [77, 34.5], "uv_size": [0.5, -1.5]}
							}
						},
						{
							"origin": [-0.72216, 22.71548, -38.75],
							"size": [0.25, 0.75, 1.25],
							"pivot": [-0.59716, 23.14048, -38.25],
							"rotation": [0, 0, -22.5],
							"uv": {
								"north": {"uv": [65, 78], "uv_size": [0.5, 1]},
								"east": {"uv": [74, 1], "uv_size": [1.5, 1]},
								"south": {"uv": [78, 65], "uv_size": [0.5, 1]},
								"west": {"uv": [74, 2], "uv_size": [1.5, 1]},
								"up": {"uv": [34, 77], "uv_size": [0.5, 1.5]},
								"down": {"uv": [35, 78.5], "uv_size": [0.5, -1.5]}
							}
						},
						{
							"origin": [0.43388, 23.31272, -38.75],
							"size": [0.25, 0.75, 1.25],
							"pivot": [0.55888, 23.73772, -38.25],
							"rotation": [0, 0, -22.5],
							"uv": {
								"north": {"uv": [67, 78], "uv_size": [0.5, 1]},
								"east": {"uv": [74, 6], "uv_size": [1.5, 1]},
								"south": {"uv": [78, 67], "uv_size": [0.5, 1]},
								"west": {"uv": [7, 74], "uv_size": [1.5, 1]},
								"up": {"uv": [37, 77], "uv_size": [0.5, 1.5]},
								"down": {"uv": [77, 38.5], "uv_size": [0.5, -1.5]}
							}
						},
						{
							"origin": [-0.68389, 23.31272, -38.75],
							"size": [0.25, 0.75, 1.25],
							"pivot": [-0.55889, 23.73772, -38.25],
							"rotation": [0, 0, 22.5],
							"uv": {
								"north": {"uv": [66, 78], "uv_size": [0.5, 1]},
								"east": {"uv": [74, 3], "uv_size": [1.5, 1]},
								"south": {"uv": [78, 66], "uv_size": [0.5, 1]},
								"west": {"uv": [4, 74], "uv_size": [1.5, 1]},
								"up": {"uv": [77, 35], "uv_size": [0.5, 1.5]},
								"down": {"uv": [36, 78.5], "uv_size": [0.5, -1.5]}
							}
						},
						{
							"origin": [-0.3, 23.58582, -38.75],
							"size": [0.25, 1.1, 1.25],
							"pivot": [-0.175, 23.96082, -38.125],
							"rotation": [0, 0, 90],
							"uv": {
								"north": {"uv": [68, 78], "uv_size": [0.5, 1]},
								"east": {"uv": [74, 7], "uv_size": [1.5, 1]},
								"south": {"uv": [78, 68], "uv_size": [0.5, 1]},
								"west": {"uv": [74, 8], "uv_size": [1.5, 1]},
								"up": {"uv": [38, 77], "uv_size": [0.5, 1.5]},
								"down": {"uv": [39, 78.5], "uv_size": [0.5, -1.5]}
							}
						},
						{
							"origin": [-0.55, 20.85, -40],
							"size": [1.1, 1.1, 1.25],
							"pivot": [0, 21.4, -38.94625],
							"rotation": [0, 0, 45],
							"uv": {
								"north": {"uv": [6, 76], "uv_size": [1, 1]},
								"east": {"uv": [73, 63], "uv_size": [1.5, 1]},
								"south": {"uv": [76, 6], "uv_size": [1, 1]},
								"west": {"uv": [64, 73], "uv_size": [1.5, 1]},
								"up": {"uv": [67, 73], "uv_size": [1, 1.5]},
								"down": {"uv": [68, 74.5], "uv_size": [1, -1.5]}
							}
						},
						{
							"origin": [-0.45, 20.95, -33.97838],
							"size": [0.9, 0.9, 4.1075],
							"uv": {
								"north": {"uv": [76, 3], "uv_size": [1, 1]},
								"east": {"uv": [65, 31], "uv_size": [4, 1]},
								"south": {"uv": [4, 76], "uv_size": [1, 1]},
								"west": {"uv": [65, 46], "uv_size": [4, 1]},
								"up": {"uv": [45, 65], "uv_size": [1, 4]},
								"down": {"uv": [49, 69], "uv_size": [1, -4]}
							}
						},
						{
							"origin": [-0.65, 20.65, -7.52838],
							"size": [1.3, 1.3, 3.8575],
							"pivot": [0, 21.3, -2.01213],
							"rotation": [0, 0, -45],
							"uv": {
								"north": {"uv": [67, 70], "uv_size": [1.5, 1.5]},
								"east": {"uv": [62, 34], "uv_size": [4, 1.5]},
								"south": {"uv": [70, 67], "uv_size": [1.5, 1.5]},
								"west": {"uv": [62, 53], "uv_size": [4, 1.5]},
								"up": {"uv": [62, 55], "uv_size": [1.5, 4]},
								"down": {"uv": [59, 67], "uv_size": [1.5, -4]}
							}
						},
						{
							"origin": [-0.55, 20.75, -3.67838],
							"size": [1.1, 1.1, 3.2075],
							"pivot": [0, 21.3, -2.01213],
							"rotation": [0, 0, -45],
							"uv": {
								"north": {"uv": [76, 33], "uv_size": [1, 1]},
								"east": {"uv": [68, 38], "uv_size": [3, 1]},
								"south": {"uv": [34, 76], "uv_size": [1, 1]},
								"west": {"uv": [69, 6], "uv_size": [3, 1]},
								"up": {"uv": [11, 69], "uv_size": [1, 3]},
								"down": {"uv": [12, 72], "uv_size": [1, -3]}
							}
						},
						{
							"origin": [-0.45, 20.85, -0.47838],
							"size": [0.9, 0.9, 4.1075],
							"pivot": [0, 21.3, -2.01213],
							"rotation": [0, 0, -45],
							"uv": {
								"north": {"uv": [32, 76], "uv_size": [1, 1]},
								"east": {"uv": [66, 2], "uv_size": [4, 1]},
								"south": {"uv": [33, 76], "uv_size": [1, 1]},
								"west": {"uv": [66, 3], "uv_size": [4, 1]},
								"up": {"uv": [4, 66], "uv_size": [1, 4]},
								"down": {"uv": [5, 70], "uv_size": [1, -4]}
							}
						},
						{
							"origin": [-0.35, 20.7, -33.97838],
							"size": [0.7, 0.4, 8.6075],
							"pivot": [0, 20.72905, -32.29963],
							"rotation": [-2, 0, 0],
							"uv": {
								"north": {"uv": [79, 68], "uv_size": [0.5, 0.5]},
								"east": {"uv": [64, 55], "uv_size": [8.5, 0.5]},
								"south": {"uv": [69, 79], "uv_size": [0.5, 0.5]},
								"west": {"uv": [64, 56], "uv_size": [8.5, 0.5]},
								"up": {"uv": [62, 64], "uv_size": [0.5, 8.5]},
								"down": {"uv": [63, 72.5], "uv_size": [0.5, -8.5]}
							}
						},
						{
							"origin": [-0.85, 16.9616, 0.03253],
							"size": [1.7, 0.3, 2.6],
							"uv": {
								"north": {"uv": [68, 76], "uv_size": [1.5, 0.5]},
								"east": {"uv": [74, 64], "uv_size": [2.5, 0.5]},
								"south": {"uv": [76, 68], "uv_size": [1.5, 0.5]},
								"west": {"uv": [74, 65], "uv_size": [2.5, 0.5]},
								"up": {"uv": [14, 66], "uv_size": [1.5, 2.5]},
								"down": {"uv": [20, 68.5], "uv_size": [1.5, -2.5]}
							}
						},
						{
							"origin": [-1, 14.75, 3.5],
							"size": [2, 2.5, 3],
							"uv": {
								"north": {"uv": [16, 64], "uv_size": [2, 2.5]},
								"east": {"uv": [55, 4], "uv_size": [3, 2.5]},
								"south": {"uv": [18, 64], "uv_size": [2, 2.5]},
								"west": {"uv": [55, 46], "uv_size": [3, 2.5]},
								"up": {"uv": [59, 60], "uv_size": [2, 3]},
								"down": {"uv": [61, 39], "uv_size": [2, -3]}
							}
						},
						{
							"origin": [-0.99, 16.25, 3.25],
							"size": [1.98, 1, 1.5],
							"pivot": [0, 17.75, 4.25],
							"rotation": [-45, 0, 0],
							"uv": {
								"north": {"uv": [71, 37], "uv_size": [2, 1]},
								"east": {"uv": [73, 43], "uv_size": [1.5, 1]},
								"south": {"uv": [71, 38], "uv_size": [2, 1]},
								"west": {"uv": [73, 44], "uv_size": [1.5, 1]},
								"up": {"uv": [67, 63], "uv_size": [2, 1.5]},
								"down": {"uv": [67, 66.5], "uv_size": [2, -1.5]}
							}
						},
						{
							"origin": [-0.75, 17, -1],
							"size": [1.5, 0.75, 1],
							"uv": {
								"north": {"uv": [73, 39], "uv_size": [1.5, 1]},
								"east": {"uv": [73, 75], "uv_size": [1, 1]},
								"south": {"uv": [73, 40], "uv_size": [1.5, 1]},
								"west": {"uv": [74, 75], "uv_size": [1, 1]},
								"up": {"uv": [73, 41], "uv_size": [1.5, 1]},
								"down": {"uv": [73, 43], "uv_size": [1.5, -1]}
							}
						},
						{
							"origin": [-0.85, 16.23953, -1.02432],
							"size": [1.7, 0.3, 0.9],
							"pivot": [0, 16.28953, -0.67432],
							"rotation": [60, 0, 0],
							"uv": {
								"north": {"uv": [76, 69], "uv_size": [1.5, 0.5]},
								"east": {"uv": [30, 78], "uv_size": [1, 0.5]},
								"south": {"uv": [70, 76], "uv_size": [1.5, 0.5]},
								"west": {"uv": [78, 30], "uv_size": [1, 0.5]},
								"up": {"uv": [73, 12], "uv_size": [1.5, 1]},
								"down": {"uv": [73, 14], "uv_size": [1.5, -1]}
							}
						},
						{
							"origin": [-0.75, 16.14431, -1.45533],
							"size": [1.5, 0.75, 0.5],
							"pivot": [0, 16.85469, -1.1992],
							"rotation": [30, 0, 0],
							"uv": {
								"north": {"uv": [49, 73], "uv_size": [1.5, 1]},
								"east": {"uv": [52, 78], "uv_size": [0.5, 1]},
								"south": {"uv": [73, 53], "uv_size": [1.5, 1]},
								"west": {"uv": [78, 52], "uv_size": [0.5, 1]},
								"up": {"uv": [77, 10], "uv_size": [1.5, 0.5]},
								"down": {"uv": [77, 11.5], "uv_size": [1.5, -0.5]}
							}
						},
						{
							"origin": [-0.75, 13.62881, 2.53266],
							"size": [1.5, 1, 0.25],
							"pivot": [0, 14.25381, 2.78266],
							"rotation": [97.5, 0, 0],
							"uv": {
								"north": {"uv": [73, 55], "uv_size": [1.5, 1]},
								"east": {"uv": [53, 78], "uv_size": [0.5, 1]},
								"south": {"uv": [73, 56], "uv_size": [1.5, 1]},
								"west": {"uv": [78, 53], "uv_size": [0.5, 1]},
								"up": {"uv": [77, 13], "uv_size": [1.5, 0.5]},
								"down": {"uv": [14, 77.5], "uv_size": [1.5, -0.5]}
							}
						},
						{
							"origin": [-0.75, 16.26707, -1.4012],
							"size": [1.5, 1.75, 0.75],
							"pivot": [0, 16.85469, -1.1992],
							"rotation": [60, 0, 0],
							"uv": {
								"north": {"uv": [26, 68], "uv_size": [1.5, 2]},
								"east": {"uv": [9, 71], "uv_size": [1, 2]},
								"south": {"uv": [41, 68], "uv_size": [1.5, 2]},
								"west": {"uv": [19, 71], "uv_size": [1, 2]},
								"up": {"uv": [73, 54], "uv_size": [1.5, 1]},
								"down": {"uv": [55, 74], "uv_size": [1.5, -1]}
							}
						},
						{
							"origin": [-0.75, 13.26707, 3.8488],
							"size": [1.5, 1.75, 0.75],
							"pivot": [0, 13.85469, 4.0508],
							"rotation": [60, 0, 0],
							"uv": {
								"north": {"uv": [67, 68], "uv_size": [1.5, 2]},
								"east": {"uv": [76, 0], "uv_size": [0.5, 2]},
								"south": {"uv": [0, 69], "uv_size": [1.5, 2]},
								"west": {"uv": [1, 76], "uv_size": [0.5, 2]},
								"up": {"uv": [12, 77], "uv_size": [1.5, 0.5]},
								"down": {"uv": [77, 12.5], "uv_size": [1.5, -0.5]}
							}
						},
						{
							"origin": [-0.85, 15.56142, -1.16583],
							"size": [1.7, 0.3, 0.85],
							"pivot": [0, 15.61142, -0.81583],
							"rotation": [90, 0, 0],
							"uv": {
								"north": {"uv": [76, 71], "uv_size": [1.5, 0.5]},
								"east": {"uv": [78, 31], "uv_size": [1, 0.5]},
								"south": {"uv": [72, 76], "uv_size": [1.5, 0.5]},
								"west": {"uv": [78, 32], "uv_size": [1, 0.5]},
								"up": {"uv": [73, 14], "uv_size": [1.5, 1]},
								"down": {"uv": [73, 16], "uv_size": [1.5, -1]}
							}
						},
						{
							"origin": [-0.85, 15.11991, -1.37432],
							"size": [1.7, 0.3, 0.9],
							"pivot": [0, 15.16991, -0.72432],
							"rotation": [120, 0, 0],
							"uv": {
								"north": {"uv": [76, 72], "uv_size": [1.5, 0.5]},
								"east": {"uv": [78, 33], "uv_size": [1, 0.5]},
								"south": {"uv": [76, 73], "uv_size": [1.5, 0.5]},
								"west": {"uv": [78, 34], "uv_size": [1, 0.5]},
								"up": {"uv": [73, 16], "uv_size": [1.5, 1]},
								"down": {"uv": [73, 19], "uv_size": [1.5, -1]}
							}
						},
						{
							"origin": [-0.85, 14.157, 1.2435],
							"size": [1.7, 0.3, 2.15],
							"pivot": [0, 14.207, 1.8435],
							"rotation": [180, 0, 0],
							"uv": {
								"north": {"uv": [74, 76], "uv_size": [1.5, 0.5]},
								"east": {"uv": [67, 75], "uv_size": [2, 0.5]},
								"south": {"uv": [76, 74], "uv_size": [1.5, 0.5]},
								"west": {"uv": [75, 70], "uv_size": [2, 0.5]},
								"up": {"uv": [59, 67], "uv_size": [1.5, 2]},
								"down": {"uv": [67, 63], "uv_size": [1.5, -2]}
							}
						},
						{
							"origin": [-0.85, 14.94025, 2.11305],
							"size": [1.7, 0.3, 1.1],
							"pivot": [0, 15.06525, 4.11305],
							"rotation": [30, 0, 0],
							"uv": {
								"north": {"uv": [76, 75], "uv_size": [1.5, 0.5]},
								"east": {"uv": [78, 35], "uv_size": [1, 0.5]},
								"south": {"uv": [76, 76], "uv_size": [1.5, 0.5]},
								"west": {"uv": [78, 36], "uv_size": [1, 0.5]},
								"up": {"uv": [73, 19], "uv_size": [1.5, 1]},
								"down": {"uv": [73, 29], "uv_size": [1.5, -1]}
							}
						},
						{
							"origin": [-0.85, 14.81501, 2.92962],
							"size": [1.7, 0.3, 0.85],
							"pivot": [0, 15.06501, 3.42962],
							"rotation": [60, 0, 0],
							"uv": {
								"north": {"uv": [77, 0], "uv_size": [1.5, 0.5]},
								"east": {"uv": [78, 37], "uv_size": [1, 0.5]},
								"south": {"uv": [77, 1], "uv_size": [1.5, 0.5]},
								"west": {"uv": [78, 38], "uv_size": [1, 0.5]},
								"up": {"uv": [73, 29], "uv_size": [1.5, 1]},
								"down": {"uv": [73, 31], "uv_size": [1.5, -1]}
							}
						},
						{
							"origin": [-0.85, 15.25048, 3.29366],
							"size": [1.7, 0.3, 0.85],
							"pivot": [0, 15.50048, 3.54366],
							"rotation": [90, 0, 0],
							"uv": {
								"north": {"uv": [2, 77], "uv_size": [1.5, 0.5]},
								"east": {"uv": [78, 39], "uv_size": [1, 0.5]},
								"south": {"uv": [77, 3], "uv_size": [1.5, 0.5]},
								"west": {"uv": [78, 40], "uv_size": [1, 0.5]},
								"up": {"uv": [73, 31], "uv_size": [1.5, 1]},
								"down": {"uv": [73, 33], "uv_size": [1.5, -1]}
							}
						},
						{
							"origin": [-0.85, 15.94199, 3.20215],
							"size": [1.7, 0.3, 0.85],
							"pivot": [0, 16.19199, 3.45215],
							"rotation": [120, 0, 0],
							"uv": {
								"north": {"uv": [4, 77], "uv_size": [1.5, 0.5]},
								"east": {"uv": [78, 41], "uv_size": [1, 0.5]},
								"south": {"uv": [77, 4], "uv_size": [1.5, 0.5]},
								"west": {"uv": [42, 78], "uv_size": [1, 0.5]},
								"up": {"uv": [73, 33], "uv_size": [1.5, 1]},
								"down": {"uv": [73, 35], "uv_size": [1.5, -1]}
							}
						},
						{
							"origin": [-0.85, 16.34019, 2.23564],
							"size": [1.7, 0.3, 0.85],
							"pivot": [0, 16.74019, 2.73564],
							"rotation": [150, 0, 0],
							"uv": {
								"north": {"uv": [77, 5], "uv_size": [1.5, 0.5]},
								"east": {"uv": [78, 42], "uv_size": [1, 0.5]},
								"south": {"uv": [6, 77], "uv_size": [1.5, 0.5]},
								"west": {"uv": [43, 78], "uv_size": [1, 0.5]},
								"up": {"uv": [35, 73], "uv_size": [1.5, 1]},
								"down": {"uv": [73, 36], "uv_size": [1.5, -1]}
							}
						},
						{
							"origin": [-0.85, 16.81094, -0.59442],
							"size": [1.7, 0.3, 0.75],
							"pivot": [0, 16.96094, -0.19442],
							"rotation": [30, 0, 0],
							"uv": {
								"north": {"uv": [77, 6], "uv_size": [1.5, 0.5]},
								"east": {"uv": [78, 43], "uv_size": [1, 0.5]},
								"south": {"uv": [77, 7], "uv_size": [1.5, 0.5]},
								"west": {"uv": [78, 44], "uv_size": [1, 0.5]},
								"up": {"uv": [73, 36], "uv_size": [1.5, 1]},
								"down": {"uv": [37, 74], "uv_size": [1.5, -1]}
							}
						},
						{
							"origin": [-0.85, 14.2619, -0.59442],
							"size": [1.7, 0.3, 1.05],
							"pivot": [0, 14.4119, -0.19442],
							"rotation": [-30, 0, 0],
							"uv": {
								"north": {"uv": [77, 9], "uv_size": [1.5, 0.5]},
								"east": {"uv": [78, 50], "uv_size": [1, 0.5]},
								"south": {"uv": [10, 77], "uv_size": [1.5, 0.5]},
								"west": {"uv": [78, 51], "uv_size": [1, 0.5]},
								"up": {"uv": [73, 37], "uv_size": [1.5, 1]},
								"down": {"uv": [73, 39], "uv_size": [1.5, -1]}
							}
						},
						{
							"origin": [-0.5, 14.59247, 1.64054],
							"size": [1, 0.55, 1],
							"pivot": [0, 14.84247, 2.14054],
							"rotation": [60, 0, 0],
							"uv": {
								"north": {"uv": [78, 45], "uv_size": [1, 0.5]},
								"east": {"uv": [46, 78], "uv_size": [1, 0.5]},
								"south": {"uv": [78, 46], "uv_size": [1, 0.5]},
								"west": {"uv": [47, 78], "uv_size": [1, 0.5]},
								"up": {"uv": [69, 75], "uv_size": [1, 1]},
								"down": {"uv": [71, 76], "uv_size": [1, -1]}
							}
						},
						{
							"origin": [-0.5, 15.40048, 1.85705],
							"size": [1, 0.55, 1],
							"pivot": [0, 15.65048, 2.35705],
							"rotation": [90, 0, 0],
							"uv": {
								"north": {"uv": [78, 47], "uv_size": [1, 0.5]},
								"east": {"uv": [48, 78], "uv_size": [1, 0.5]},
								"south": {"uv": [78, 48], "uv_size": [1, 0.5]},
								"west": {"uv": [49, 78], "uv_size": [1, 0.5]},
								"up": {"uv": [75, 71], "uv_size": [1, 1]},
								"down": {"uv": [72, 76], "uv_size": [1, -1]}
							}
						},
						{
							"origin": [-0.5, 15.99199, 2.01554],
							"size": [1, 0.55, 1.5],
							"pivot": [0, 16.24199, 2.26554],
							"rotation": [120, 0, 0],
							"uv": {
								"north": {"uv": [78, 49], "uv_size": [1, 0.5]},
								"east": {"uv": [8, 77], "uv_size": [1.5, 0.5]},
								"south": {"uv": [50, 78], "uv_size": [1, 0.5]},
								"west": {"uv": [77, 8], "uv_size": [1.5, 0.5]},
								"up": {"uv": [19, 73], "uv_size": [1, 1.5]},
								"down": {"uv": [22, 74.5], "uv_size": [1, -1.5]}
							}
						},
						{
							"origin": [-1, 13.65401, 5.89832],
							"size": [2, 3, 7.25],
							"pivot": [0, 16.27901, 5.64832],
							"rotation": [-60, 0, 0],
							"uv": {
								"north": {"uv": [60, 53], "uv_size": [2, 3]},
								"east": {"uv": [46, 36], "uv_size": [7.5, 3]},
								"south": {"uv": [60, 56], "uv_size": [2, 3]},
								"west": {"uv": [46, 39], "uv_size": [7.5, 3]},
								"up": {"uv": [47, 18], "uv_size": [2, 7.5]},
								"down": {"uv": [47, 33.5], "uv_size": [2, -7.5]}
							}
						}
					]
				},
				{
					"name": "scope",
					"parent": "main",
					"pivot": [0, 23.45, 3.95],
					"cubes": [
						{"origin": [-0.5, 22.92905, 3.57162], "size": [1, 1, 1], "inflate": -0.4, "uv": [32, 4]}
					]
				},
				{
					"name": "bolt",
					"parent": "main",
					"pivot": [0, 21.40325, -11.375],
					"cubes": [
						{
							"origin": [0.29675, 20.87824, -14.5],
							"size": [0.7, 1.05, 7],
							"uv": {
								"north": {"uv": [78, 14], "uv_size": [0.5, 1]},
								"east": {"uv": [58, 31], "uv_size": [7, 1]},
								"south": {"uv": [15, 78], "uv_size": [0.5, 1]},
								"west": {"uv": [58, 46], "uv_size": [7, 1]},
								"up": {"uv": [17, 67], "uv_size": [0.5, 7]},
								"down": {"uv": [18, 74], "uv_size": [0.5, -7]}
							}
						},
						{
							"origin": [-0.12328, 20.54186, -14.5],
							"size": [0.67, 1.2, 7],
							"pivot": [0.99672, 21.29182, -22.49998],
							"rotation": [0, 0, 45],
							"uv": {
								"north": {"uv": [13, 78], "uv_size": [0.5, 1]},
								"east": {"uv": [58, 29], "uv_size": [7, 1]},
								"south": {"uv": [14, 78], "uv_size": [0.5, 1]},
								"west": {"uv": [58, 30], "uv_size": [7, 1]},
								"up": {"uv": [65, 66], "uv_size": [0.5, 7]},
								"down": {"uv": [16, 74], "uv_size": [0.5, -7]}
							}
						},
						{
							"origin": [-0.99675, 20.87824, -14.5],
							"size": [0.7, 1.05, 7],
							"uv": {
								"north": {"uv": [11, 78], "uv_size": [0.5, 1]},
								"east": {"uv": [58, 6], "uv_size": [7, 1]},
								"south": {"uv": [12, 78], "uv_size": [0.5, 1]},
								"west": {"uv": [58, 28], "uv_size": [7, 1]},
								"up": {"uv": [64, 66], "uv_size": [0.5, 7]},
								"down": {"uv": [66, 71], "uv_size": [0.5, -7]}
							}
						},
						{
							"origin": [-1.0505, 21.75808, -14.5],
							"size": [0.67, 1.2, 7],
							"pivot": [0.2195, 22.50804, -22.49998],
							"rotation": [0, 0, -45],
							"uv": {
								"north": {"uv": [9, 78], "uv_size": [0.5, 1]},
								"east": {"uv": [58, 4], "uv_size": [7, 1]},
								"south": {"uv": [10, 78], "uv_size": [0.5, 1]},
								"west": {"uv": [58, 5], "uv_size": [7, 1]},
								"up": {"uv": [38, 66], "uv_size": [0.5, 7]},
								"down": {"uv": [55, 73], "uv_size": [0.5, -7]}
							}
						},
						{
							"origin": [-0.525, 21.69999, -14.5],
							"size": [1.05, 0.7, 7],
							"uv": {
								"north": {"uv": [7, 78], "uv_size": [1, 0.5]},
								"east": {"uv": [66, 53], "uv_size": [7, 0.5]},
								"south": {"uv": [8, 78], "uv_size": [1, 0.5]},
								"west": {"uv": [66, 54], "uv_size": [7, 0.5]},
								"up": {"uv": [59, 52], "uv_size": [1, 7]},
								"down": {"uv": [55, 66], "uv_size": [1, -7]}
							}
						},
						{
							"origin": [0.36891, 20.62647, -14.5],
							"size": [0.67, 1.2, 7],
							"pivot": [0.71391, 20.70147, -14.5],
							"rotation": [0, 0, -45],
							"uv": {
								"north": {"uv": [5, 78], "uv_size": [0.5, 1]},
								"east": {"uv": [57, 10], "uv_size": [7, 1]},
								"south": {"uv": [6, 78], "uv_size": [0.5, 1]},
								"west": {"uv": [57, 11], "uv_size": [7, 1]},
								"up": {"uv": [36, 66], "uv_size": [0.5, 7]},
								"down": {"uv": [37, 73], "uv_size": [0.5, -7]}
							}
						},
						{
							"origin": [-1.00083, 20.71839, -14.5],
							"size": [0.67, 1.2, 7],
							"pivot": [-0.80583, 20.79339, -14.5],
							"rotation": [0, 0, 45],
							"uv": {
								"north": {"uv": [3, 78], "uv_size": [0.5, 1]},
								"east": {"uv": [54, 40], "uv_size": [7, 1]},
								"south": {"uv": [4, 78], "uv_size": [0.5, 1]},
								"west": {"uv": [54, 41], "uv_size": [7, 1]},
								"up": {"uv": [28, 66], "uv_size": [0.5, 7]},
								"down": {"uv": [35, 73], "uv_size": [0.5, -7]}
							}
						},
						{
							"origin": [-0.525, 20.40649, -14.5],
							"size": [1.05, 0.7, 7],
							"uv": {
								"north": {"uv": [2, 78], "uv_size": [1, 0.5]},
								"east": {"uv": [66, 34], "uv_size": [7, 0.5]},
								"south": {"uv": [78, 2], "uv_size": [1, 0.5]},
								"west": {"uv": [66, 35], "uv_size": [7, 0.5]},
								"up": {"uv": [49, 58], "uv_size": [1, 7]},
								"down": {"uv": [58, 59], "uv_size": [1, -7]}
							}
						},
						{
							"origin": [0.8, 21.05, -8.35],
							"size": [1.2, 0.45, 0.7],
							"uv": {
								"north": {"uv": [79, 25], "uv_size": [1, 0.5]},
								"east": {"uv": [5, 80], "uv_size": [0.5, 0.5]},
								"south": {"uv": [26, 79], "uv_size": [1, 0.5]},
								"west": {"uv": [80, 5], "uv_size": [0.5, 0.5]},
								"up": {"uv": [79, 26], "uv_size": [1, 0.5]},
								"down": {"uv": [27, 79.5], "uv_size": [1, -0.5]}
							}
						},
						{
							"origin": [2, 20.9, -8.5],
							"size": [0.45, 0.8, 1],
							"uv": {
								"north": {"uv": [79, 27], "uv_size": [0.5, 1]},
								"east": {"uv": [19, 76], "uv_size": [1, 1]},
								"south": {"uv": [28, 79], "uv_size": [0.5, 1]},
								"west": {"uv": [76, 19], "uv_size": [1, 1]},
								"up": {"uv": [79, 28], "uv_size": [0.5, 1]},
								"down": {"uv": [29, 80], "uv_size": [0.5, -1]}
							}
						}
					]
				},
				{
					"name": "magazine",
					"parent": "main",
					"pivot": [10.88105, 21.42094, -24.52777],
					"cubes": [
						{
							"origin": [-0.7, 1.5, -20.25],
							"size": [1.4, 19.25, 2.75],
							"uv": {
								"north": {"uv": [43, 8], "uv_size": [1.5, 19.5]},
								"east": {"uv": [32, 6], "uv_size": [3, 19.5]},
								"south": {"uv": [43, 28], "uv_size": [1.5, 19.5]},
								"west": {"uv": [32, 26], "uv_size": [3, 19.5]},
								"up": {"uv": [29, 64], "uv_size": [1.5, 3]},
								"down": {"uv": [43, 67], "uv_size": [1.5, -3]}
							}
						}
					]
				},
				{
					"name": "bullet",
					"parent": "magazine",
					"pivot": [0.64344, 22.11359, -20.40225],
					"cubes": [
						{
							"origin": [-0.3, 20.25, -20],
							"size": [0.75, 0.75, 2.25],
							"uv": {
								"north": {"uv": [2, 2], "uv_size": [1, 1]},
								"east": {"uv": [0, 0], "uv_size": [2.5, 1]},
								"south": {"uv": [3, 0], "uv_size": [1, 1]},
								"west": {"uv": [0, 1], "uv_size": [2.5, 1]},
								"up": {"uv": [0, 2], "uv_size": [1, 2.5]},
								"down": {"uv": [1, 4.5], "uv_size": [1, -2.5]}
							}
						}
					]
				},
				{
					"name": "stock",
					"parent": "main",
					"pivot": [0, 18.66, 6.8407],
					"cubes": [
						{
							"origin": [-1.5, 18.25, 7.75],
							"size": [0.5, 0.8, 18.75],
							"uv": {
								"north": {"uv": [79, 29], "uv_size": [0.5, 1]},
								"east": {"uv": [46, 42], "uv_size": [19, 1]},
								"south": {"uv": [30, 79], "uv_size": [0.5, 1]},
								"west": {"uv": [46, 43], "uv_size": [19, 1]},
								"up": {"uv": [50, 53], "uv_size": [0.5, 19]},
								"down": {"uv": [52, 73], "uv_size": [0.5, -19]}
							}
						},
						{
							"origin": [1, 18.25, 7.75],
							"size": [0.5, 0.8, 18.75],
							"uv": {
								"north": {"uv": [79, 30], "uv_size": [0.5, 1]},
								"east": {"uv": [46, 44], "uv_size": [19, 1]},
								"south": {"uv": [31, 79], "uv_size": [0.5, 1]},
								"west": {"uv": [46, 45], "uv_size": [19, 1]},
								"up": {"uv": [53, 54], "uv_size": [0.5, 19]},
								"down": {"uv": [54, 73], "uv_size": [0.5, -19]}
							}
						},
						{
							"origin": [0.71967, 18.25, 7.07322],
							"size": [0.5, 0.8, 1],
							"pivot": [0.96967, 18.675, 7.57322],
							"rotation": [0, 45, 0],
							"uv": {
								"north": {"uv": [79, 33], "uv_size": [0.5, 1]},
								"east": {"uv": [22, 76], "uv_size": [1, 1]},
								"south": {"uv": [34, 79], "uv_size": [0.5, 1]},
								"west": {"uv": [23, 76], "uv_size": [1, 1]},
								"up": {"uv": [79, 34], "uv_size": [0.5, 1]},
								"down": {"uv": [35, 80], "uv_size": [0.5, -1]}
							}
						},
						{
							"origin": [-1.21967, 18.25, 7.07322],
							"size": [0.5, 0.8, 1],
							"pivot": [-0.96967, 18.675, 7.57322],
							"rotation": [0, -45, 0],
							"uv": {
								"north": {"uv": [79, 31], "uv_size": [0.5, 1]},
								"east": {"uv": [20, 76], "uv_size": [1, 1]},
								"south": {"uv": [32, 79], "uv_size": [0.5, 1]},
								"west": {"uv": [21, 76], "uv_size": [1, 1]},
								"up": {"uv": [79, 32], "uv_size": [0.5, 1]},
								"down": {"uv": [33, 80], "uv_size": [0.5, -1]}
							}
						},
						{"origin": [-1, 17.96, 6.14071], "size": [2, 1.4, 1.4], "pivot": [0, 18.66, 6.84071], "rotation": [-135, 0, 0], "uv": [32, 0]}
					]
				},
				{
					"name": "stock2",
					"parent": "stock",
					"pivot": [0, 18.65, 26.25],
					"cubes": [
						{
							"origin": [-1.4, 18.67176, 26.25125],
							"size": [0.3, 3.35, 0.5],
							"pivot": [0, 20.09676, 26.50125],
							"rotation": [-10, 0, 0],
							"uv": {
								"north": {"uv": [21, 72], "uv_size": [0.5, 3.5]},
								"east": {"uv": [23, 72], "uv_size": [0.5, 3.5]},
								"south": {"uv": [24, 72], "uv_size": [0.5, 3.5]},
								"west": {"uv": [25, 72], "uv_size": [0.5, 3.5]},
								"up": {"uv": [7, 80], "uv_size": [0.5, 0.5]},
								"down": {"uv": [80, 7.5], "uv_size": [0.5, -0.5]}
							}
						},
						{
							"origin": [-0.86898, 21.43543, 26.60631],
							"size": [0.4, 1.1, 0.5],
							"pivot": [-0.71898, 22.11043, 26.85631],
							"rotation": [-3.86032, 9.23186, 67.18821],
							"uv": {
								"north": {"uv": [79, 37], "uv_size": [0.5, 1]},
								"east": {"uv": [38, 79], "uv_size": [0.5, 1]},
								"south": {"uv": [79, 38], "uv_size": [0.5, 1]},
								"west": {"uv": [39, 79], "uv_size": [0.5, 1]},
								"up": {"uv": [9, 80], "uv_size": [0.5, 0.5]},
								"down": {"uv": [80, 9.5], "uv_size": [0.5, -0.5]}
							}
						},
						{
							"origin": [1.1, 18.67176, 26.25125],
							"size": [0.3, 3.35, 0.5],
							"pivot": [0, 20.09676, 26.50125],
							"rotation": [-10, 0, 0],
							"uv": {
								"north": {"uv": [10, 72], "uv_size": [0.5, 3.5]},
								"east": {"uv": [11, 72], "uv_size": [0.5, 3.5]},
								"south": {"uv": [72, 11], "uv_size": [0.5, 3.5]},
								"west": {"uv": [12, 72], "uv_size": [0.5, 3.5]},
								"up": {"uv": [6, 80], "uv_size": [0.5, 0.5]},
								"down": {"uv": [80, 6.5], "uv_size": [0.5, -0.5]}
							}
						},
						{
							"origin": [1.1, 15.28583, 26.33807],
							"size": [0.3, 3.35, 0.5],
							"pivot": [0, 16.71083, 26.58807],
							"rotation": [10, 0, 0],
							"uv": {
								"north": {"uv": [32, 72], "uv_size": [0.5, 3.5]},
								"east": {"uv": [34, 72], "uv_size": [0.5, 3.5]},
								"south": {"uv": [39, 72], "uv_size": [0.5, 3.5]},
								"west": {"uv": [72, 39], "uv_size": [0.5, 3.5]},
								"up": {"uv": [12, 80], "uv_size": [0.5, 0.5]},
								"down": {"uv": [80, 12.5], "uv_size": [0.5, -0.5]}
							}
						},
						{
							"origin": [0.08577, 16.68079, 26.48884],
							"size": [0.4, 1.1, 0.5],
							"pivot": [-0.91423, 15.85579, 26.73884],
							"rotation": [3.86032, -9.23186, 67.18821],
							"uv": {
								"north": {"uv": [79, 41], "uv_size": [0.5, 1]},
								"east": {"uv": [42, 79], "uv_size": [0.5, 1]},
								"south": {"uv": [79, 42], "uv_size": [0.5, 1]},
								"west": {"uv": [43, 79], "uv_size": [0.5, 1]},
								"up": {"uv": [13, 80], "uv_size": [0.5, 0.5]},
								"down": {"uv": [80, 13.5], "uv_size": [0.5, -0.5]}
							}
						},
						{
							"origin": [-0.98446, 14.68668, 26.598],
							"size": [0.4, 1.1, 0.5],
							"pivot": [-0.83446, 15.23668, 26.848],
							"rotation": [3.86032, 9.23186, -67.18821],
							"uv": {
								"north": {"uv": [79, 43], "uv_size": [0.5, 1]},
								"east": {"uv": [44, 79], "uv_size": [0.5, 1]},
								"south": {"uv": [79, 44], "uv_size": [0.5, 1]},
								"west": {"uv": [45, 79], "uv_size": [0.5, 1]},
								"up": {"uv": [14, 80], "uv_size": [0.5, 0.5]},
								"down": {"uv": [80, 14.5], "uv_size": [0.5, -0.5]}
							}
						},
						{
							"origin": [-1.4, 15.28583, 26.33807],
							"size": [0.3, 3.35, 0.5],
							"pivot": [0, 16.71083, 26.58807],
							"rotation": [10, 0, 0],
							"uv": {
								"north": {"uv": [26, 72], "uv_size": [0.5, 3.5]},
								"east": {"uv": [27, 72], "uv_size": [0.5, 3.5]},
								"south": {"uv": [72, 28], "uv_size": [0.5, 3.5]},
								"west": {"uv": [30, 72], "uv_size": [0.5, 3.5]},
								"up": {"uv": [11, 80], "uv_size": [0.5, 0.5]},
								"down": {"uv": [80, 11.5], "uv_size": [0.5, -0.5]}
							}
						},
						{
							"origin": [-0.22394, 20.96808, 26.65615],
							"size": [0.4, 1.1, 0.5],
							"pivot": [0.02606, 22.39308, 26.90615],
							"rotation": [-3.86032, -9.23186, -67.18821],
							"uv": {
								"north": {"uv": [79, 35], "uv_size": [0.5, 1]},
								"east": {"uv": [36, 79], "uv_size": [0.5, 1]},
								"south": {"uv": [79, 36], "uv_size": [0.5, 1]},
								"west": {"uv": [37, 79], "uv_size": [0.5, 1]},
								"up": {"uv": [8, 80], "uv_size": [0.5, 0.5]},
								"down": {"uv": [80, 8.5], "uv_size": [0.5, -0.5]}
							}
						},
						{
							"origin": [-0.19127, 21.83511, 26.62389],
							"size": [0.4, 0.77, 0.5],
							"pivot": [0.00873, 22.21011, 26.87389],
							"rotation": [0, -10, -90],
							"uv": {
								"north": {"uv": [79, 39], "uv_size": [0.5, 1]},
								"east": {"uv": [40, 79], "uv_size": [0.5, 1]},
								"south": {"uv": [79, 40], "uv_size": [0.5, 1]},
								"west": {"uv": [41, 79], "uv_size": [0.5, 1]},
								"up": {"uv": [10, 80], "uv_size": [0.5, 0.5]},
								"down": {"uv": [80, 10.5], "uv_size": [0.5, -0.5]}
							}
						},
						{
							"origin": [-0.19127, 14.71489, 26.62389],
							"size": [0.4, 0.77, 0.5],
							"pivot": [0.00873, 15.08989, 26.87389],
							"rotation": [0, 10, -90],
							"uv": {
								"north": {"uv": [79, 45], "uv_size": [0.5, 1]},
								"east": {"uv": [46, 79], "uv_size": [0.5, 1]},
								"south": {"uv": [79, 46], "uv_size": [0.5, 1]},
								"west": {"uv": [47, 79], "uv_size": [0.5, 1]},
								"up": {"uv": [15, 80], "uv_size": [0.5, 0.5]},
								"down": {"uv": [80, 15.5], "uv_size": [0.5, -0.5]}
							}
						}
					]
				}
			]
		}
	]
}