{
	"format_version": "1.12.0",
	"minecraft:geometry": [
		{
			"description": {
				"identifier": "geometry.unknown",
				"texture_width": 128,
				"texture_height": 128,
				"visible_bounds_width": 8,
				"visible_bounds_height": 4,
				"visible_bounds_offset": [0, 1, 0]
			},
			"bones": [
				{
					"name": "main",
					"pivot": [0, 20, 0]
				},
				{
					"name": "rightarm",
					"parent": "main",
					"pivot": [-4.8, 8.525, 20.9],
					"rotation": [-104.56106, -12.40003, -2.46982],
					"cubes": [
						{"origin": [-8.8, -15.475, 16.9], "size": [8, 24, 8], "uv": [49, 30]}
					]
				},
				{
					"name": "leftarm",
					"parent": "main",
					"pivot": [20.2, 2, 19.4],
					"rotation": [1.04168, 6.70101, -29.35181],
					"cubes": [
						{"origin": [16.2, -22, 15.4], "size": [8, 24, 8], "uv": [0, 50]}
					]
				},
				{
					"name": "muzzleflash",
					"parent": "main",
					"pivot": [0, 21.4, -19.3],
					"cubes": [
						{
							"origin": [-0.5, 20.9, -19.8],
							"size": [1, 1, 1],
							"inflate": -0.4,
							"uv": {
								"north": {"uv": [22, 9], "uv_size": [1, 1]},
								"east": {"uv": [20, 29], "uv_size": [1, 1]},
								"south": {"uv": [32, 4], "uv_size": [1, 1]},
								"west": {"uv": [39, 24], "uv_size": [1, 1]},
								"up": {"uv": [28, 39], "uv_size": [1, 1]},
								"down": {"uv": [43, 25], "uv_size": [1, -1]}
							}
						}
					]
				},
				{
					"name": "scope",
					"parent": "main",
					"pivot": [0, 23.125, 4.95],
					"cubes": [
						{
							"origin": [-0.5, 22.625, 4.45],
							"size": [1, 1, 1],
							"inflate": -0.4,
							"uv": {
								"north": {"uv": [43, 25], "uv_size": [1, 1]},
								"east": {"uv": [27, 43], "uv_size": [1, 1]},
								"south": {"uv": [43, 27], "uv_size": [1, 1]},
								"west": {"uv": [28, 43], "uv_size": [1, 1]},
								"up": {"uv": [43, 28], "uv_size": [1, 1]},
								"down": {"uv": [29, 44], "uv_size": [1, -1]}
							}
						}
					]
				},
				{
					"name": "gun",
					"parent": "main",
					"pivot": [0, 0, 0],
					"cubes": [
						{
							"origin": [1.05, 19.5, -4.75],
							"size": [0.25, 1.25, 5.25],
							"uv": {
								"north": {"uv": [45, 38], "uv_size": [0.5, 1.5]},
								"east": {"uv": [24, 18], "uv_size": [5.5, 1.5]},
								"south": {"uv": [39, 45], "uv_size": [0.5, 1.5]},
								"west": {"uv": [24, 20], "uv_size": [5.5, 1.5]},
								"up": {"uv": [22, 37], "uv_size": [0.5, 5.5]},
								"down": {"uv": [21, 43.5], "uv_size": [0.5, -5.5]}
							}
						},
						{
							"origin": [0.5, 20, -10.5],
							"size": [0.8, 0.75, 3],
							"uv": {
								"north": {"uv": [7, 45], "uv_size": [1, 1]},
								"east": {"uv": [34, 32], "uv_size": [3, 1]},
								"south": {"uv": [45, 7], "uv_size": [1, 1]},
								"west": {"uv": [37, 32], "uv_size": [3, 1]},
								"up": {"uv": [12, 37], "uv_size": [1, 3]},
								"down": {"uv": [16, 40], "uv_size": [1, -3]}
							}
						},
						{
							"origin": [0.5, 19.5, -7.5],
							"size": [0.9, 2.25, 2.75],
							"uv": {
								"north": {"uv": [33, 38], "uv_size": [1, 2.5]},
								"east": {"uv": [2, 25], "uv_size": [3, 2.5]},
								"south": {"uv": [34, 38], "uv_size": [1, 2.5]},
								"west": {"uv": [5, 25], "uv_size": [3, 2.5]},
								"up": {"uv": [37, 10], "uv_size": [1, 3]},
								"down": {"uv": [11, 40], "uv_size": [1, -3]}
							}
						},
						{
							"origin": [0.5, 21.25, -4.75],
							"size": [0.8, 0.15, 2.25],
							"uv": {
								"north": {"uv": [36, 48], "uv_size": [1, 0.5]},
								"east": {"uv": [43, 15], "uv_size": [2.5, 0.5]},
								"south": {"uv": [48, 36], "uv_size": [1, 0.5]},
								"west": {"uv": [22, 43], "uv_size": [2.5, 0.5]},
								"up": {"uv": [39, 11], "uv_size": [1, 2.5]},
								"down": {"uv": [39, 19.5], "uv_size": [1, -2.5]}
							}
						},
						{
							"origin": [0.5, 20.75, -4.75],
							"size": [0.9, 0.5, 1.5],
							"uv": {
								"north": {"uv": [37, 48], "uv_size": [1, 0.5]},
								"east": {"uv": [46, 20], "uv_size": [1.5, 0.5]},
								"south": {"uv": [48, 37], "uv_size": [1, 0.5]},
								"west": {"uv": [46, 22], "uv_size": [1.5, 0.5]},
								"up": {"uv": [42, 24], "uv_size": [1, 1.5]},
								"down": {"uv": [25, 43.5], "uv_size": [1, -1.5]}
							}
						},
						{
							"origin": [1.4, 19.5, -7.5],
							"size": [0.15, 1.75, 0.5],
							"uv": {
								"north": {"uv": [41, 44], "uv_size": [0.5, 2]},
								"east": {"uv": [44, 41], "uv_size": [0.5, 2]},
								"south": {"uv": [43, 44], "uv_size": [0.5, 2]},
								"west": {"uv": [44, 43], "uv_size": [0.5, 2]},
								"up": {"uv": [49, 10], "uv_size": [0.5, 0.5]},
								"down": {"uv": [11, 49.5], "uv_size": [0.5, -0.5]}
							}
						},
						{
							"origin": [-1.25, 20.35, -10.5],
							"size": [0.25, 0.4, 11],
							"uv": {
								"north": {"uv": [49, 9], "uv_size": [0.5, 0.5]},
								"east": {"uv": [28, 23], "uv_size": [11, 0.5]},
								"south": {"uv": [10, 49], "uv_size": [0.5, 0.5]},
								"west": {"uv": [28, 24], "uv_size": [11, 0.5]},
								"up": {"uv": [28, 25], "uv_size": [0.5, 11]},
								"down": {"uv": [8, 40], "uv_size": [0.5, -11]}
							}
						},
						{
							"origin": [-1.15, 19.85, -10.5],
							"size": [0.25, 0.5, 11],
							"uv": {
								"north": {"uv": [48, 48], "uv_size": [0.5, 0.5]},
								"east": {"uv": [27, 3], "uv_size": [11, 0.5]},
								"south": {"uv": [0, 49], "uv_size": [0.5, 0.5]},
								"west": {"uv": [28, 22], "uv_size": [11, 0.5]},
								"up": {"uv": [6, 28], "uv_size": [0.5, 11]},
								"down": {"uv": [7, 39], "uv_size": [0.5, -11]}
							}
						},
						{
							"origin": [-1.1, 20.25, -8],
							"size": [2.2, 0.5, 11],
							"uv": {
								"north": {"uv": [44, 25], "uv_size": [2, 0.5]},
								"east": {"uv": [26, 11], "uv_size": [11, 0.5]},
								"south": {"uv": [44, 26], "uv_size": [2, 0.5]},
								"west": {"uv": [26, 12], "uv_size": [11, 0.5]},
								"up": {"uv": [3, 14], "uv_size": [2, 11]},
								"down": {"uv": [5, 25], "uv_size": [2, -11]}
							}
						},
						{
							"origin": [-1.1, 19.5, -10.5],
							"size": [1.6, 0.75, 11.5],
							"uv": {
								"north": {"uv": [42, 0], "uv_size": [1.5, 1]},
								"east": {"uv": [21, 16], "uv_size": [11.5, 1]},
								"south": {"uv": [1, 42], "uv_size": [1.5, 1]},
								"west": {"uv": [21, 17], "uv_size": [11.5, 1]},
								"up": {"uv": [14, 14], "uv_size": [1.5, 11.5]},
								"down": {"uv": [16, 25.5], "uv_size": [1.5, -11.5]}
							}
						},
						{
							"origin": [-0.5, 19.65, 1],
							"size": [0.95, 0.6, 2],
							"uv": {
								"north": {"uv": [47, 33], "uv_size": [1, 0.5]},
								"east": {"uv": [44, 22], "uv_size": [2, 0.5]},
								"south": {"uv": [34, 47], "uv_size": [1, 0.5]},
								"west": {"uv": [23, 44], "uv_size": [2, 0.5]},
								"up": {"uv": [31, 40], "uv_size": [1, 2]},
								"down": {"uv": [40, 34], "uv_size": [1, -2]}
							}
						},
						{
							"origin": [-0.94445, 19.56161, 1],
							"size": [0.85, 0.65, 2],
							"pivot": [-0.19053, 20.09534, 2],
							"rotation": [0, 0, 45],
							"uv": {
								"north": {"uv": [47, 34], "uv_size": [1, 0.5]},
								"east": {"uv": [44, 23], "uv_size": [2, 0.5]},
								"south": {"uv": [35, 47], "uv_size": [1, 0.5]},
								"west": {"uv": [44, 24], "uv_size": [2, 0.5]},
								"up": {"uv": [13, 41], "uv_size": [1, 2]},
								"down": {"uv": [41, 16], "uv_size": [1, -2]}
							}
						},
						{
							"origin": [0.09445, 19.56161, 1],
							"size": [0.85, 0.65, 2],
							"pivot": [0.19053, 20.09534, 2],
							"rotation": [0, 0, -45],
							"uv": {
								"north": {"uv": [47, 39], "uv_size": [1, 0.5]},
								"east": {"uv": [44, 31], "uv_size": [2, 0.5]},
								"south": {"uv": [40, 47], "uv_size": [1, 0.5]},
								"west": {"uv": [32, 44], "uv_size": [2, 0.5]},
								"up": {"uv": [19, 41], "uv_size": [1, 2]},
								"down": {"uv": [20, 43], "uv_size": [1, -2]}
							}
						},
						{
							"origin": [-0.5, 18.4, -9.95],
							"size": [1, 1.1, 1.75],
							"uv": {
								"north": {"uv": [7, 44], "uv_size": [1, 1]},
								"east": {"uv": [40, 13], "uv_size": [2, 1]},
								"south": {"uv": [44, 7], "uv_size": [1, 1]},
								"west": {"uv": [40, 19], "uv_size": [2, 1]},
								"up": {"uv": [2, 23], "uv_size": [1, 2]},
								"down": {"uv": [31, 29], "uv_size": [1, -2]}
							}
						},
						{
							"origin": [0.55, 18.65, -10.2],
							"size": [0.35, 0.75, 2.5],
							"uv": {
								"north": {"uv": [32, 48], "uv_size": [0.5, 1]},
								"east": {"uv": [39, 9], "uv_size": [2.5, 1]},
								"south": {"uv": [48, 32], "uv_size": [0.5, 1]},
								"west": {"uv": [39, 10], "uv_size": [2.5, 1]},
								"up": {"uv": [16, 43], "uv_size": [0.5, 2.5]},
								"down": {"uv": [17, 45.5], "uv_size": [0.5, -2.5]}
							}
						},
						{
							"origin": [-0.5, 19.05, -8.45],
							"size": [1, 0.95, 1.25],
							"pivot": [0, 19.325, -7.7],
							"rotation": [45, 0, 0],
							"uv": {
								"north": {"uv": [44, 14], "uv_size": [1, 1]},
								"east": {"uv": [15, 44], "uv_size": [1, 1]},
								"south": {"uv": [44, 17], "uv_size": [1, 1]},
								"west": {"uv": [44, 18], "uv_size": [1, 1]},
								"up": {"uv": [44, 19], "uv_size": [1, 1]},
								"down": {"uv": [21, 45], "uv_size": [1, -1]}
							}
						},
						{
							"origin": [-0.5, 18.94298, -10.11088],
							"size": [1, 1, 0.8],
							"pivot": [0, 19.44298, -10.28588],
							"rotation": [-45, 0, 0],
							"uv": {
								"north": {"uv": [9, 44], "uv_size": [1, 1]},
								"east": {"uv": [44, 9], "uv_size": [1, 1]},
								"south": {"uv": [10, 44], "uv_size": [1, 1]},
								"west": {"uv": [44, 10], "uv_size": [1, 1]},
								"up": {"uv": [44, 11], "uv_size": [1, 1]},
								"down": {"uv": [44, 13], "uv_size": [1, -1]}
							}
						},
						{
							"origin": [-0.85, 19.19298, -9.91088],
							"size": [1.7, 0.5, 0.5],
							"pivot": [0, 19.44298, -10.28588],
							"rotation": [-45, 0, 0],
							"uv": {
								"north": {"uv": [35, 45], "uv_size": [1.5, 0.5]},
								"east": {"uv": [42, 48], "uv_size": [0.5, 0.5]},
								"south": {"uv": [45, 36], "uv_size": [1.5, 0.5]},
								"west": {"uv": [48, 42], "uv_size": [0.5, 0.5]},
								"up": {"uv": [37, 45], "uv_size": [1.5, 0.5]},
								"down": {"uv": [45, 37.5], "uv_size": [1.5, -0.5]}
							}
						},
						{
							"origin": [0.7, 19.19298, -8.16088],
							"size": [0.45, 0.5, 0.5],
							"pivot": [1.55, 19.44298, -8.53588],
							"rotation": [-45, 0, 0],
							"uv": {
								"north": {"uv": [49, 18], "uv_size": [0.5, 0.5]},
								"east": {"uv": [19, 49], "uv_size": [0.5, 0.5]},
								"south": {"uv": [49, 19], "uv_size": [0.5, 0.5]},
								"west": {"uv": [20, 49], "uv_size": [0.5, 0.5]},
								"up": {"uv": [49, 20], "uv_size": [0.5, 0.5]},
								"down": {"uv": [21, 49.5], "uv_size": [0.5, -0.5]}
							}
						},
						{
							"origin": [-0.5, 18.96569, -10.51569],
							"size": [1, 0.55, 0.8],
							"uv": {
								"north": {"uv": [47, 24], "uv_size": [1, 0.5]},
								"east": {"uv": [47, 25], "uv_size": [1, 0.5]},
								"south": {"uv": [26, 47], "uv_size": [1, 0.5]},
								"west": {"uv": [47, 26], "uv_size": [1, 0.5]},
								"up": {"uv": [44, 13], "uv_size": [1, 1]},
								"down": {"uv": [14, 45], "uv_size": [1, -1]}
							}
						},
						{
							"origin": [-0.1, 21.86003, -18.80064],
							"size": [0.2, 1.1, 0.85],
							"pivot": [0, 22.41003, -18.37564],
							"rotation": [-45, 0, 0],
							"uv": {
								"north": {"uv": [47, 14], "uv_size": [0.5, 1]},
								"east": {"uv": [5, 44], "uv_size": [1, 1]},
								"south": {"uv": [15, 47], "uv_size": [0.5, 1]},
								"west": {"uv": [44, 5], "uv_size": [1, 1]},
								"up": {"uv": [16, 47], "uv_size": [0.5, 1]},
								"down": {"uv": [47, 17], "uv_size": [0.5, -1]}
							}
						},
						{
							"origin": [-1.25, 21.10126, 0.1909],
							"size": [2.55, 0.4, 1.25],
							"pivot": [0, 21.12626, 1.2409],
							"rotation": [45, 0, 0],
							"uv": {
								"north": {"uv": [28, 42], "uv_size": [2.5, 0.5]},
								"east": {"uv": [45, 32], "uv_size": [1.5, 0.5]},
								"south": {"uv": [42, 32], "uv_size": [2.5, 0.5]},
								"west": {"uv": [45, 33], "uv_size": [1.5, 0.5]},
								"up": {"uv": [33, 18], "uv_size": [2.5, 1.5]},
								"down": {"uv": [33, 21.5], "uv_size": [2.5, -1.5]}
							}
						},
						{
							"origin": [-1.1, 20.75, 1.4],
							"size": [2.2, 1.7, 1.2],
							"uv": {
								"north": {"uv": [35, 4], "uv_size": [2, 1.5]},
								"east": {"uv": [41, 36], "uv_size": [1, 1.5]},
								"south": {"uv": [26, 35], "uv_size": [2, 1.5]},
								"west": {"uv": [37, 41], "uv_size": [1, 1.5]},
								"up": {"uv": [35, 6], "uv_size": [2, 1]},
								"down": {"uv": [40, 7], "uv_size": [2, -1]}
							}
						},
						{
							"origin": [0.5, 21.15, -1],
							"size": [0.65, 1.7, 2],
							"uv": {
								"north": {"uv": [40, 45], "uv_size": [0.5, 1.5]},
								"east": {"uv": [35, 36], "uv_size": [2, 1.5]},
								"south": {"uv": [45, 40], "uv_size": [0.5, 1.5]},
								"west": {"uv": [37, 4], "uv_size": [2, 1.5]},
								"up": {"uv": [25, 44], "uv_size": [0.5, 2]},
								"down": {"uv": [27, 46], "uv_size": [0.5, -2]}
							}
						},
						{
							"origin": [0.5, 20.75, -1],
							"size": [0.65, 0.4, 1.75],
							"uv": {
								"north": {"uv": [49, 29], "uv_size": [0.5, 0.5]},
								"east": {"uv": [45, 21], "uv_size": [2, 0.5]},
								"south": {"uv": [30, 49], "uv_size": [0.5, 0.5]},
								"west": {"uv": [45, 29], "uv_size": [2, 0.5]},
								"up": {"uv": [30, 45], "uv_size": [0.5, 2]},
								"down": {"uv": [31, 47], "uv_size": [0.5, -2]}
							}
						},
						{
							"origin": [-1.1, 20.25, -10.5],
							"size": [2.25, 1.9, 8.9],
							"uv": {
								"north": {"uv": [14, 30], "uv_size": [2.5, 2]},
								"east": {"uv": [14, 10], "uv_size": [9, 2]},
								"south": {"uv": [30, 18], "uv_size": [2.5, 2]},
								"west": {"uv": [14, 12], "uv_size": [9, 2]},
								"up": {"uv": [11, 10], "uv_size": [2.5, 9]},
								"down": {"uv": [0, 23], "uv_size": [2.5, -9]}
							}
						},
						{
							"origin": [-0.7, 22.15, -10.5],
							"size": [1.45, 0.4, 1.65],
							"uv": {
								"north": {"uv": [45, 42], "uv_size": [1.5, 0.5]},
								"east": {"uv": [45, 43], "uv_size": [1.5, 0.5]},
								"south": {"uv": [44, 45], "uv_size": [1.5, 0.5]},
								"west": {"uv": [45, 44], "uv_size": [1.5, 0.5]},
								"up": {"uv": [39, 39], "uv_size": [1.5, 1.5]},
								"down": {"uv": [0, 41.5], "uv_size": [1.5, -1.5]}
							}
						},
						{
							"origin": [0.5, 22.15, -8.85],
							"size": [0.25, 0.4, 7.25],
							"uv": {
								"north": {"uv": [49, 21], "uv_size": [0.5, 0.5]},
								"east": {"uv": [32, 33], "uv_size": [7.5, 0.5]},
								"south": {"uv": [22, 49], "uv_size": [0.5, 0.5]},
								"west": {"uv": [34, 0], "uv_size": [7.5, 0.5]},
								"up": {"uv": [24, 33], "uv_size": [0.5, 7.5]},
								"down": {"uv": [25, 40.5], "uv_size": [0.5, -7.5]}
							}
						},
						{
							"origin": [-0.7, 22.15, -8.85],
							"size": [0.25, 0.4, 7.25],
							"uv": {
								"north": {"uv": [49, 23], "uv_size": [0.5, 0.5]},
								"east": {"uv": [34, 1], "uv_size": [7.5, 0.5]},
								"south": {"uv": [24, 49], "uv_size": [0.5, 0.5]},
								"west": {"uv": [34, 16], "uv_size": [7.5, 0.5]},
								"up": {"uv": [3, 34], "uv_size": [0.5, 7.5]},
								"down": {"uv": [9, 41.5], "uv_size": [0.5, -7.5]}
							}
						},
						{
							"origin": [-1.06109, 22.05607, -10.5],
							"size": [0.55, 0.4, 8.9],
							"pivot": [-0.71109, 22.25607, -6.05],
							"rotation": [0, 0, -45],
							"uv": {
								"north": {"uv": [43, 48], "uv_size": [0.5, 0.5]},
								"east": {"uv": [29, 2], "uv_size": [9, 0.5]},
								"south": {"uv": [48, 43], "uv_size": [0.5, 0.5]},
								"west": {"uv": [30, 13], "uv_size": [9, 0.5]},
								"up": {"uv": [29, 31], "uv_size": [0.5, 9]},
								"down": {"uv": [30, 40], "uv_size": [0.5, -9]}
							}
						},
						{
							"origin": [0.51716, 21.95, -10.5],
							"size": [0.55, 0.4, 8.9],
							"pivot": [0.86716, 22.15, -6.05],
							"rotation": [0, 0, 45],
							"uv": {
								"north": {"uv": [44, 48], "uv_size": [0.5, 0.5]},
								"east": {"uv": [31, 25], "uv_size": [9, 0.5]},
								"south": {"uv": [48, 44], "uv_size": [0.5, 0.5]},
								"west": {"uv": [31, 26], "uv_size": [9, 0.5]},
								"up": {"uv": [31, 31], "uv_size": [0.5, 9]},
								"down": {"uv": [13, 41], "uv_size": [0.5, -9]}
							}
						},
						{
							"origin": [0.5, 20.4713, -2.83057],
							"size": [0.65, 2.1, 2.25],
							"pivot": [0.025, 21.5213, -1.58057],
							"rotation": [20, 0, 0],
							"uv": {
								"north": {"uv": [44, 27], "uv_size": [0.5, 2]},
								"east": {"uv": [29, 0], "uv_size": [2.5, 2]},
								"south": {"uv": [28, 44], "uv_size": [0.5, 2]},
								"west": {"uv": [29, 29], "uv_size": [2.5, 2]},
								"up": {"uv": [42, 33], "uv_size": [0.5, 2.5]},
								"down": {"uv": [42, 38.5], "uv_size": [0.5, -2.5]}
							}
						},
						{
							"origin": [-1.1, 20.75, -1],
							"size": [0.65, 2.1, 2],
							"uv": {
								"north": {"uv": [21, 45], "uv_size": [0.5, 2]},
								"east": {"uv": [32, 0], "uv_size": [2, 2]},
								"south": {"uv": [22, 45], "uv_size": [0.5, 2]},
								"west": {"uv": [18, 33], "uv_size": [2, 2]},
								"up": {"uv": [23, 45], "uv_size": [0.5, 2]},
								"down": {"uv": [24, 47], "uv_size": [0.5, -2]}
							}
						},
						{
							"origin": [-1.1, 20.4713, -2.83057],
							"size": [0.65, 2.1, 2.25],
							"pivot": [-1.575, 21.5213, -1.58057],
							"rotation": [20, 0, 0],
							"uv": {
								"north": {"uv": [10, 45], "uv_size": [0.5, 2]},
								"east": {"uv": [20, 30], "uv_size": [2.5, 2]},
								"south": {"uv": [45, 19], "uv_size": [0.5, 2]},
								"west": {"uv": [30, 20], "uv_size": [2.5, 2]},
								"up": {"uv": [20, 43], "uv_size": [0.5, 2.5]},
								"down": {"uv": [43, 23.5], "uv_size": [0.5, -2.5]}
							}
						},
						{
							"origin": [-1.25, 21.45, 2.6],
							"size": [0.5, 1, 0.4],
							"uv": {
								"north": {"uv": [47, 42], "uv_size": [0.5, 1]},
								"east": {"uv": [43, 47], "uv_size": [0.5, 1]},
								"south": {"uv": [47, 43], "uv_size": [0.5, 1]},
								"west": {"uv": [44, 47], "uv_size": [0.5, 1]},
								"up": {"uv": [47, 48], "uv_size": [0.5, 0.5]},
								"down": {"uv": [48, 47.5], "uv_size": [0.5, -0.5]}
							}
						},
						{
							"origin": [-1.25, 20.75, 2.6],
							"size": [2.55, 0.7, 0.4],
							"uv": {
								"north": {"uv": [43, 1], "uv_size": [2.5, 0.5]},
								"east": {"uv": [49, 5], "uv_size": [0.5, 0.5]},
								"south": {"uv": [43, 2], "uv_size": [2.5, 0.5]},
								"west": {"uv": [6, 49], "uv_size": [0.5, 0.5]},
								"up": {"uv": [43, 3], "uv_size": [2.5, 0.5]},
								"down": {"uv": [43, 4.5], "uv_size": [2.5, -0.5]}
							}
						},
						{
							"origin": [-0.4, 21.45, 2.6],
							"size": [0.85, 0.5, 0.4],
							"uv": {
								"north": {"uv": [14, 48], "uv_size": [1, 0.5]},
								"east": {"uv": [49, 8], "uv_size": [0.5, 0.5]},
								"south": {"uv": [48, 14], "uv_size": [1, 0.5]},
								"west": {"uv": [9, 49], "uv_size": [0.5, 0.5]},
								"up": {"uv": [15, 48], "uv_size": [1, 0.5]},
								"down": {"uv": [48, 15.5], "uv_size": [1, -0.5]}
							}
						},
						{
							"origin": [0.8, 21.45, 2.6],
							"size": [0.5, 1, 0.4],
							"uv": {
								"north": {"uv": [6, 48], "uv_size": [0.5, 1]},
								"east": {"uv": [48, 6], "uv_size": [0.5, 1]},
								"south": {"uv": [7, 48], "uv_size": [0.5, 1]},
								"west": {"uv": [48, 7], "uv_size": [0.5, 1]},
								"up": {"uv": [49, 6], "uv_size": [0.5, 0.5]},
								"down": {"uv": [7, 49.5], "uv_size": [0.5, -0.5]}
							}
						},
						{
							"origin": [-1.25, 22.50754, 1.94038],
							"size": [0.5, 0.45, 0.57],
							"pivot": [0.025, 22.10754, 2.14038],
							"rotation": [-45, 0, 0],
							"uv": {
								"north": {"uv": [49, 0], "uv_size": [0.5, 0.5]},
								"east": {"uv": [1, 49], "uv_size": [0.5, 0.5]},
								"south": {"uv": [49, 1], "uv_size": [0.5, 0.5]},
								"west": {"uv": [2, 49], "uv_size": [0.5, 0.5]},
								"up": {"uv": [49, 2], "uv_size": [0.5, 0.5]},
								"down": {"uv": [3, 49.5], "uv_size": [0.5, -0.5]}
							}
						},
						{
							"origin": [-1.25, 22.45, 1.4],
							"size": [0.5, 0.4, 1.2],
							"uv": {
								"north": {"uv": [46, 48], "uv_size": [0.5, 0.5]},
								"east": {"uv": [47, 40], "uv_size": [1, 0.5]},
								"south": {"uv": [48, 46], "uv_size": [0.5, 0.5]},
								"west": {"uv": [41, 47], "uv_size": [1, 0.5]},
								"up": {"uv": [47, 41], "uv_size": [0.5, 1]},
								"down": {"uv": [42, 48], "uv_size": [0.5, -1]}
							}
						},
						{
							"origin": [-1.25, 21.25, 1],
							"size": [0.5, 1.6, 0.4],
							"uv": {
								"north": {"uv": [42, 45], "uv_size": [0.5, 1.5]},
								"east": {"uv": [0, 46], "uv_size": [0.5, 1.5]},
								"south": {"uv": [46, 0], "uv_size": [0.5, 1.5]},
								"west": {"uv": [1, 46], "uv_size": [0.5, 1.5]},
								"up": {"uv": [45, 48], "uv_size": [0.5, 0.5]},
								"down": {"uv": [48, 45.5], "uv_size": [0.5, -0.5]}
							}
						},
						{
							"origin": [0.8, 22.45, 1.4],
							"size": [0.5, 0.4, 1.2],
							"uv": {
								"north": {"uv": [49, 28], "uv_size": [0.5, 0.5]},
								"east": {"uv": [38, 48], "uv_size": [1, 0.5]},
								"south": {"uv": [29, 49], "uv_size": [0.5, 0.5]},
								"west": {"uv": [48, 38], "uv_size": [1, 0.5]},
								"up": {"uv": [39, 48], "uv_size": [0.5, 1]},
								"down": {"uv": [48, 40], "uv_size": [0.5, -1]}
							}
						},
						{
							"origin": [0.8, 22.50754, 1.94038],
							"size": [0.5, 0.45, 0.57],
							"pivot": [2.075, 22.10754, 2.14038],
							"rotation": [-45, 0, 0],
							"uv": {
								"north": {"uv": [49, 25], "uv_size": [0.5, 0.5]},
								"east": {"uv": [26, 49], "uv_size": [0.5, 0.5]},
								"south": {"uv": [49, 26], "uv_size": [0.5, 0.5]},
								"west": {"uv": [27, 49], "uv_size": [0.5, 0.5]},
								"up": {"uv": [49, 27], "uv_size": [0.5, 0.5]},
								"down": {"uv": [28, 49.5], "uv_size": [0.5, -0.5]}
							}
						},
						{
							"origin": [0.8, 21.25, 1],
							"size": [0.5, 1.6, 0.4],
							"uv": {
								"north": {"uv": [46, 23], "uv_size": [0.5, 1.5]},
								"east": {"uv": [25, 46], "uv_size": [0.5, 1.5]},
								"south": {"uv": [46, 25], "uv_size": [0.5, 1.5]},
								"west": {"uv": [27, 46], "uv_size": [0.5, 1.5]},
								"up": {"uv": [49, 24], "uv_size": [0.5, 0.5]},
								"down": {"uv": [25, 49.5], "uv_size": [0.5, -0.5]}
							}
						},
						{
							"origin": [-0.5, 18.97835, -8.11381],
							"size": [1, 0.3, 1.1],
							"pivot": [0, 19.25335, -7.56381],
							"rotation": [30, 0, 0],
							"uv": {
								"north": {"uv": [46, 27], "uv_size": [1, 0.5]},
								"east": {"uv": [28, 46], "uv_size": [1, 0.5]},
								"south": {"uv": [46, 28], "uv_size": [1, 0.5]},
								"west": {"uv": [29, 46], "uv_size": [1, 0.5]},
								"up": {"uv": [43, 30], "uv_size": [1, 1]},
								"down": {"uv": [43, 32], "uv_size": [1, -1]}
							}
						},
						{
							"origin": [-0.5, 19.25, -7.1],
							"size": [1, 0.3, 1.1],
							"uv": {
								"north": {"uv": [47, 27], "uv_size": [1, 0.5]},
								"east": {"uv": [28, 47], "uv_size": [1, 0.5]},
								"south": {"uv": [47, 28], "uv_size": [1, 0.5]},
								"west": {"uv": [29, 47], "uv_size": [1, 0.5]},
								"up": {"uv": [44, 21], "uv_size": [1, 1]},
								"down": {"uv": [22, 45], "uv_size": [1, -1]}
							}
						},
						{
							"origin": [-0.5, 16.428, -6.33045],
							"size": [1, 0.3, 1.1],
							"pivot": [0, 16.553, -4.33045],
							"rotation": [30, 0, 0],
							"uv": {
								"north": {"uv": [45, 46], "uv_size": [1, 0.5]},
								"east": {"uv": [46, 45], "uv_size": [1, 0.5]},
								"south": {"uv": [46, 46], "uv_size": [1, 0.5]},
								"west": {"uv": [47, 0], "uv_size": [1, 0.5]},
								"up": {"uv": [43, 36], "uv_size": [1, 1]},
								"down": {"uv": [37, 44], "uv_size": [1, -1]}
							}
						},
						{
							"origin": [-0.5, 18.39199, -8.68612],
							"size": [1, 0.3, 1.1],
							"pivot": [0, 18.44199, -8.08612],
							"rotation": [60, 0, 0],
							"uv": {
								"north": {"uv": [46, 31], "uv_size": [1, 0.5]},
								"east": {"uv": [32, 46], "uv_size": [1, 0.5]},
								"south": {"uv": [33, 46], "uv_size": [1, 0.5]},
								"west": {"uv": [46, 34], "uv_size": [1, 0.5]},
								"up": {"uv": [32, 43], "uv_size": [1, 1]},
								"down": {"uv": [33, 44], "uv_size": [1, -1]}
							}
						},
						{
							"origin": [-0.4, 18.24199, -8.78612],
							"size": [0.8, 0.55, 0.6],
							"pivot": [0, 18.29199, -8.18612],
							"rotation": [22.5, 0, 0],
							"uv": {
								"north": {"uv": [19, 47], "uv_size": [1, 0.5]},
								"east": {"uv": [41, 48], "uv_size": [0.5, 0.5]},
								"south": {"uv": [20, 47], "uv_size": [1, 0.5]},
								"west": {"uv": [48, 41], "uv_size": [0.5, 0.5]},
								"up": {"uv": [21, 47], "uv_size": [1, 0.5]},
								"down": {"uv": [47, 21.5], "uv_size": [1, -0.5]}
							}
						},
						{
							"origin": [-0.4, 17.47949, -8.62624],
							"size": [0.8, 0.75, 0.25],
							"pivot": [0, 17.52949, -8.02624],
							"rotation": [10, 0, 0],
							"uv": {
								"north": {"uv": [8, 44], "uv_size": [1, 1]},
								"east": {"uv": [22, 47], "uv_size": [0.5, 1]},
								"south": {"uv": [44, 8], "uv_size": [1, 1]},
								"west": {"uv": [23, 47], "uv_size": [0.5, 1]},
								"up": {"uv": [47, 23], "uv_size": [1, 0.5]},
								"down": {"uv": [24, 47.5], "uv_size": [1, -0.5]}
							}
						},
						{
							"origin": [-0.5, 13.30276, -5.51388],
							"size": [1, 3.3, 1.1],
							"pivot": [0, 16.55276, -5.01388],
							"rotation": [60, 0, 0],
							"uv": {
								"north": {"uv": [34, 27], "uv_size": [1, 3.5]},
								"east": {"uv": [32, 34], "uv_size": [1, 3.5]},
								"south": {"uv": [33, 34], "uv_size": [1, 3.5]},
								"west": {"uv": [34, 34], "uv_size": [1, 3.5]},
								"up": {"uv": [43, 37], "uv_size": [1, 1]},
								"down": {"uv": [38, 44], "uv_size": [1, -1]}
							}
						},
						{
							"origin": [-0.5, 16.63266, -8.81112],
							"size": [1, 0.3, 1.1],
							"pivot": [0, 16.68266, -8.16112],
							"rotation": [120, 0, 0],
							"uv": {
								"north": {"uv": [38, 46], "uv_size": [1, 0.5]},
								"east": {"uv": [46, 38], "uv_size": [1, 0.5]},
								"south": {"uv": [46, 39], "uv_size": [1, 0.5]},
								"west": {"uv": [46, 40], "uv_size": [1, 0.5]},
								"up": {"uv": [43, 34], "uv_size": [1, 1]},
								"down": {"uv": [35, 44], "uv_size": [1, -1]}
							}
						},
						{
							"origin": [-0.5, 15.93625, -8.18792],
							"size": [1, 0.3, 1.1],
							"pivot": [0, 15.98625, -7.53792],
							"rotation": [150, 0, 0],
							"uv": {
								"north": {"uv": [17, 47], "uv_size": [1, 0.5]},
								"east": {"uv": [47, 17], "uv_size": [1, 0.5]},
								"south": {"uv": [18, 47], "uv_size": [1, 0.5]},
								"west": {"uv": [47, 18], "uv_size": [1, 0.5]},
								"up": {"uv": [6, 44], "uv_size": [1, 1]},
								"down": {"uv": [44, 7], "uv_size": [1, -1]}
							}
						},
						{
							"origin": [-0.5, 18.25359, -6.18038],
							"size": [1, 0.55, 1.1],
							"pivot": [0, 18.90359, -5.68038],
							"rotation": [150, 0, 0],
							"uv": {
								"north": {"uv": [47, 1], "uv_size": [1, 0.5]},
								"east": {"uv": [2, 47], "uv_size": [1, 0.5]},
								"south": {"uv": [3, 47], "uv_size": [1, 0.5]},
								"west": {"uv": [4, 47], "uv_size": [1, 0.5]},
								"up": {"uv": [43, 38], "uv_size": [1, 1]},
								"down": {"uv": [43, 40], "uv_size": [1, -1]}
							}
						},
						{
							"origin": [-0.5, 15.64474, -7.2],
							"size": [1, 0.3, 1.1],
							"pivot": [0, 15.69474, -6.6],
							"rotation": [180, 0, 0],
							"uv": {
								"north": {"uv": [41, 46], "uv_size": [1, 0.5]},
								"east": {"uv": [46, 41], "uv_size": [1, 0.5]},
								"south": {"uv": [43, 46], "uv_size": [1, 0.5]},
								"west": {"uv": [44, 46], "uv_size": [1, 0.5]},
								"up": {"uv": [43, 35], "uv_size": [1, 1]},
								"down": {"uv": [36, 44], "uv_size": [1, -1]}
							}
						},
						{
							"origin": [-0.5, 17.49737, -8.95263],
							"size": [1, 0.3, 1.1],
							"pivot": [0, 17.54737, -8.35263],
							"rotation": [90, 0, 0],
							"uv": {
								"north": {"uv": [35, 46], "uv_size": [1, 0.5]},
								"east": {"uv": [46, 35], "uv_size": [1, 0.5]},
								"south": {"uv": [36, 46], "uv_size": [1, 0.5]},
								"west": {"uv": [37, 46], "uv_size": [1, 0.5]},
								"up": {"uv": [43, 33], "uv_size": [1, 1]},
								"down": {"uv": [34, 44], "uv_size": [1, -1]}
							}
						},
						{
							"origin": [-0.5, 16.19737, -5.74737],
							"size": [1, 1.3, 1.6],
							"pivot": [0, 17.44737, -4.74737],
							"rotation": [90, 0, 0],
							"uv": {
								"north": {"uv": [41, 32], "uv_size": [1, 1.5]},
								"east": {"uv": [39, 14], "uv_size": [1.5, 1.5]},
								"south": {"uv": [33, 41], "uv_size": [1, 1.5]},
								"west": {"uv": [19, 39], "uv_size": [1.5, 1.5]},
								"up": {"uv": [34, 41], "uv_size": [1, 1.5]},
								"down": {"uv": [41, 35.5], "uv_size": [1, -1.5]}
							}
						},
						{
							"origin": [-0.4, 18.24199, -6.23446],
							"size": [0.8, 0.55, 1],
							"pivot": [0, 18.49199, -5.73446],
							"rotation": [120, 0, 0],
							"uv": {
								"north": {"uv": [47, 12], "uv_size": [1, 0.5]},
								"east": {"uv": [13, 47], "uv_size": [1, 0.5]},
								"south": {"uv": [47, 13], "uv_size": [1, 0.5]},
								"west": {"uv": [14, 47], "uv_size": [1, 0.5]},
								"up": {"uv": [43, 43], "uv_size": [1, 1]},
								"down": {"uv": [44, 1], "uv_size": [1, -1]}
							}
						},
						{
							"origin": [-0.4, 19.0201, -6.77596],
							"size": [0.8, 0.55, 1.5],
							"pivot": [0, 19.1701, -6.27596],
							"rotation": [150, 0, 0],
							"uv": {
								"north": {"uv": [47, 10], "uv_size": [1, 0.5]},
								"east": {"uv": [45, 30], "uv_size": [1.5, 0.5]},
								"south": {"uv": [47, 11], "uv_size": [1, 0.5]},
								"west": {"uv": [32, 45], "uv_size": [1.5, 0.5]},
								"up": {"uv": [35, 41], "uv_size": [1, 1.5]},
								"down": {"uv": [36, 42.5], "uv_size": [1, -1.5]}
							}
						},
						{
							"origin": [-0.4, 17.43397, -6.01795],
							"size": [0.8, 0.55, 1],
							"pivot": [0, 17.68397, -5.51795],
							"rotation": [90, 0, 0],
							"uv": {
								"north": {"uv": [47, 8], "uv_size": [1, 0.5]},
								"east": {"uv": [9, 47], "uv_size": [1, 0.5]},
								"south": {"uv": [47, 9], "uv_size": [1, 0.5]},
								"west": {"uv": [10, 47], "uv_size": [1, 0.5]},
								"up": {"uv": [43, 41], "uv_size": [1, 1]},
								"down": {"uv": [43, 43], "uv_size": [1, -1]}
							}
						},
						{
							"origin": [-0.4, 16.62596, -6.23446],
							"size": [0.8, 0.55, 1],
							"pivot": [0, 16.87596, -5.73446],
							"rotation": [60, 0, 0],
							"uv": {
								"north": {"uv": [5, 47], "uv_size": [1, 0.5]},
								"east": {"uv": [6, 47], "uv_size": [1, 0.5]},
								"south": {"uv": [7, 47], "uv_size": [1, 0.5]},
								"west": {"uv": [8, 47], "uv_size": [1, 0.5]},
								"up": {"uv": [43, 40], "uv_size": [1, 1]},
								"down": {"uv": [41, 44], "uv_size": [1, -1]}
							}
						},
						{
							"origin": [-0.5, 18.05, -3.75],
							"size": [1, 4.45, 10.75],
							"pivot": [0, 20.375, -3.5],
							"rotation": [-60, 0, 0],
							"uv": {
								"north": {"uv": [9, 29], "uv_size": [1, 4.5]},
								"east": {"uv": [0, 0], "uv_size": [11, 4.5]},
								"south": {"uv": [17, 30], "uv_size": [1, 4.5]},
								"west": {"uv": [0, 5], "uv_size": [11, 4.5]},
								"up": {"uv": [0, 23], "uv_size": [1, 11]},
								"down": {"uv": [1, 34], "uv_size": [1, -11]}
							}
						},
						{
							"origin": [-0.5, 16.8, -1],
							"size": [1, 1.45, 2],
							"uv": {
								"north": {"uv": [38, 41], "uv_size": [1, 1.5]},
								"east": {"uv": [36, 18], "uv_size": [2, 1.5]},
								"south": {"uv": [41, 38], "uv_size": [1, 1.5]},
								"west": {"uv": [36, 20], "uv_size": [2, 1.5]},
								"up": {"uv": [6, 40], "uv_size": [1, 2]},
								"down": {"uv": [8, 42], "uv_size": [1, -2]}
							}
						},
						{
							"origin": [-0.5, 17.35726, -0.23233],
							"size": [1, 3.8, 2],
							"pivot": [-0.05, 19.08226, 0.76767],
							"rotation": [-50, 0, 0],
							"uv": {
								"north": {"uv": [33, 7], "uv_size": [1, 4]},
								"east": {"uv": [24, 22], "uv_size": [2, 4]},
								"south": {"uv": [11, 33], "uv_size": [1, 4]},
								"west": {"uv": [25, 0], "uv_size": [2, 4]},
								"up": {"uv": [16, 40], "uv_size": [1, 2]},
								"down": {"uv": [30, 42], "uv_size": [1, -2]}
							}
						},
						{
							"origin": [-1.09, 18.28084, -0.4066],
							"size": [0.59, 2.9, 1.6],
							"pivot": [-1.25, 19.10584, 0.7934],
							"rotation": [-50, 0, 0],
							"uv": {
								"north": {"uv": [39, 41], "uv_size": [0.5, 3]},
								"east": {"uv": [24, 30], "uv_size": [1.5, 3]},
								"south": {"uv": [40, 41], "uv_size": [0.5, 3]},
								"west": {"uv": [2, 31], "uv_size": [1.5, 3]},
								"up": {"uv": [34, 45], "uv_size": [0.5, 1.5]},
								"down": {"uv": [45, 35.5], "uv_size": [0.5, -1.5]}
							}
						},
						{
							"origin": [-0.97574, 17.97442, 0.75051],
							"size": [0.6, 2.9, 0.85],
							"pivot": [-0.67574, 18.79942, 1.05051],
							"rotation": [-59.31794, 27.03402, -37.45372],
							"uv": {
								"north": {"uv": [41, 40], "uv_size": [0.5, 3]},
								"east": {"uv": [21, 35], "uv_size": [1, 3]},
								"south": {"uv": [0, 42], "uv_size": [0.5, 3]},
								"west": {"uv": [2, 36], "uv_size": [1, 3]},
								"up": {"uv": [47, 30], "uv_size": [0.5, 1]},
								"down": {"uv": [31, 48], "uv_size": [0.5, -1]}
							}
						},
						{
							"origin": [-0.97678, 13.65861, -8.30549],
							"size": [0.6, 0.85, 10.75],
							"pivot": [-0.67678, 14.20861, -1.93049],
							"rotation": [-50.76848, -37.76124, -26.56505],
							"uv": {
								"north": {"uv": [47, 29], "uv_size": [0.5, 1]},
								"east": {"uv": [22, 5], "uv_size": [11, 1]},
								"south": {"uv": [30, 47], "uv_size": [0.5, 1]},
								"west": {"uv": [22, 6], "uv_size": [11, 1]},
								"up": {"uv": [10, 25], "uv_size": [0.5, 11]},
								"down": {"uv": [23, 38], "uv_size": [0.5, -11]}
							}
						},
						{
							"origin": [-1.099, 18.65, -3.75],
							"size": [2.199, 3.25, 10.75],
							"pivot": [0.25, 20.375, -3.5],
							"rotation": [-60, 0, 0],
							"uv": {
								"north": {"uv": [14, 26], "uv_size": [2, 3.5]},
								"east": {"uv": [0, 10], "uv_size": [11, 3.5]},
								"south": {"uv": [16, 26], "uv_size": [2, 3.5]},
								"west": {"uv": [11, 0], "uv_size": [11, 3.5]},
								"up": {"uv": [7, 14], "uv_size": [2, 11]},
								"down": {"uv": [9, 25], "uv_size": [2, -11]}
							}
						},
						{
							"origin": [-0.97679, 14.28336, -2.26463],
							"size": [0.6, 0.85, 6.75],
							"pivot": [-0.67679, 14.58336, 1.61037],
							"rotation": [-50.76848, 37.76124, 26.56505],
							"uv": {
								"north": {"uv": [47, 32], "uv_size": [0.5, 1]},
								"east": {"uv": [23, 13], "uv_size": [7, 1]},
								"south": {"uv": [33, 47], "uv_size": [0.5, 1]},
								"west": {"uv": [25, 4], "uv_size": [7, 1]},
								"up": {"uv": [14, 35], "uv_size": [0.5, 7]},
								"down": {"uv": [15, 42], "uv_size": [0.5, -7]}
							}
						},
						{
							"origin": [-0.97574, 16.7, 0.1],
							"size": [0.6, 2.3, 0.85],
							"pivot": [-0.67574, 17.85, 0.4],
							"rotation": [0, 45, 0],
							"uv": {
								"north": {"uv": [26, 42], "uv_size": [0.5, 2.5]},
								"east": {"uv": [38, 10], "uv_size": [1, 2.5]},
								"south": {"uv": [31, 42], "uv_size": [0.5, 2.5]},
								"west": {"uv": [38, 17], "uv_size": [1, 2.5]},
								"up": {"uv": [47, 31], "uv_size": [0.5, 1]},
								"down": {"uv": [32, 48], "uv_size": [0.5, -1]}
							}
						},
						{
							"origin": [-1.1, 16.7, -1.25],
							"size": [2.2, 2.8, 1.65],
							"uv": {
								"north": {"uv": [21, 27], "uv_size": [2, 3]},
								"east": {"uv": [14, 32], "uv_size": [1.5, 3]},
								"south": {"uv": [2, 28], "uv_size": [2, 3]},
								"west": {"uv": [20, 32], "uv_size": [1.5, 3]},
								"up": {"uv": [37, 6], "uv_size": [2, 1.5]},
								"down": {"uv": [37, 9.5], "uv_size": [2, -1.5]}
							}
						},
						{
							"origin": [0.37678, 17.95164, 0.72412],
							"size": [0.6, 2.9, 0.85],
							"pivot": [0.67678, 18.77664, 1.02412],
							"rotation": [-59.31794, -27.03402, 37.45372],
							"uv": {
								"north": {"uv": [4, 42], "uv_size": [0.5, 3]},
								"east": {"uv": [10, 36], "uv_size": [1, 3]},
								"south": {"uv": [42, 4], "uv_size": [0.5, 3]},
								"west": {"uv": [28, 36], "uv_size": [1, 3]},
								"up": {"uv": [47, 38], "uv_size": [0.5, 1]},
								"down": {"uv": [39, 48], "uv_size": [0.5, -1]}
							}
						},
						{
							"origin": [0.37574, 16.7, 0.1],
							"size": [0.6, 2.3, 0.85],
							"pivot": [0.67574, 17.85, 0.4],
							"rotation": [0, -45, 0],
							"uv": {
								"north": {"uv": [42, 39], "uv_size": [0.5, 2.5]},
								"east": {"uv": [23, 38], "uv_size": [1, 2.5]},
								"south": {"uv": [42, 42], "uv_size": [0.5, 2.5]},
								"west": {"uv": [32, 38], "uv_size": [1, 2.5]},
								"up": {"uv": [47, 37], "uv_size": [0.5, 1]},
								"down": {"uv": [38, 48], "uv_size": [0.5, -1]}
							}
						},
						{
							"origin": [0.37677, 14.28336, -2.26463],
							"size": [0.6, 0.85, 6.75],
							"pivot": [0.67677, 14.58336, 1.61037],
							"rotation": [-50.76848, -37.76124, -26.56505],
							"uv": {
								"north": {"uv": [47, 36], "uv_size": [0.5, 1]},
								"east": {"uv": [26, 9], "uv_size": [7, 1]},
								"south": {"uv": [37, 47], "uv_size": [0.5, 1]},
								"west": {"uv": [26, 10], "uv_size": [7, 1]},
								"up": {"uv": [17, 35], "uv_size": [0.5, 7]},
								"down": {"uv": [18, 42], "uv_size": [0.5, -7]}
							}
						},
						{
							"origin": [0.37678, 13.65861, -8.30549],
							"size": [0.6, 0.85, 10.75],
							"pivot": [0.67678, 14.20861, -1.93049],
							"rotation": [-50.76848, 37.76124, 26.56505],
							"uv": {
								"north": {"uv": [47, 35], "uv_size": [0.5, 1]},
								"east": {"uv": [22, 7], "uv_size": [11, 1]},
								"south": {"uv": [36, 47], "uv_size": [0.5, 1]},
								"west": {"uv": [22, 8], "uv_size": [11, 1]},
								"up": {"uv": [4, 28], "uv_size": [0.5, 11]},
								"down": {"uv": [5, 39], "uv_size": [0.5, -11]}
							}
						},
						{
							"origin": [-0.5, 8.20944, 0.64285],
							"size": [1, 4.45, 2.25],
							"pivot": [0, 10.53179, 1.92465],
							"rotation": [-72.5, 0, 0],
							"uv": {
								"north": {"uv": [16, 32], "uv_size": [1, 4.5]},
								"east": {"uv": [21, 18], "uv_size": [2.5, 4.5]},
								"south": {"uv": [22, 32], "uv_size": [1, 4.5]},
								"west": {"uv": [22, 0], "uv_size": [2.5, 4.5]},
								"up": {"uv": [2, 39], "uv_size": [1, 2.5]},
								"down": {"uv": [39, 6.5], "uv_size": [1, -2.5]}
							}
						},
						{
							"origin": [-0.9, 8.80944, 0.64285],
							"size": [1.8, 3.25, 2.5],
							"pivot": [0, 10.53179, 1.92465],
							"rotation": [-72.5, 0, 0],
							"uv": {
								"north": {"uv": [26, 22], "uv_size": [2, 3.5]},
								"east": {"uv": [23, 9], "uv_size": [2.5, 3.5]},
								"south": {"uv": [24, 26], "uv_size": [2, 3.5]},
								"west": {"uv": [21, 23], "uv_size": [2.5, 3.5]},
								"up": {"uv": [26, 29], "uv_size": [2, 2.5]},
								"down": {"uv": [11, 32.5], "uv_size": [2, -2.5]}
							}
						},
						{
							"origin": [-1, 10.13863, 1.58483],
							"size": [2, 0.55, 0.55],
							"pivot": [0, 10.41363, 1.85983],
							"rotation": [-55, 0, 0],
							"uv": {
								"north": {"uv": [45, 14], "uv_size": [2, 0.5]},
								"east": {"uv": [49, 22], "uv_size": [0.5, 0.5]},
								"south": {"uv": [45, 16], "uv_size": [2, 0.5]},
								"west": {"uv": [23, 49], "uv_size": [0.5, 0.5]},
								"up": {"uv": [45, 17], "uv_size": [2, 0.5]},
								"down": {"uv": [45, 18.5], "uv_size": [2, -0.5]}
							}
						},
						{
							"origin": [-1.9957, 9.24319, 0.64285],
							"size": [0.6, 0.85, 2.25],
							"pivot": [0, 10.53179, 1.92465],
							"rotation": [-65.96792, -42.406, -16.73634],
							"uv": {
								"north": {"uv": [20, 48], "uv_size": [0.5, 1]},
								"east": {"uv": [38, 38], "uv_size": [2.5, 1]},
								"south": {"uv": [48, 20], "uv_size": [0.5, 1]},
								"west": {"uv": [4, 39], "uv_size": [2.5, 1]},
								"up": {"uv": [11, 43], "uv_size": [0.5, 2.5]},
								"down": {"uv": [12, 45.5], "uv_size": [0.5, -2.5]}
							}
						},
						{
							"origin": [-1.1, 8.80944, 0.64285],
							"size": [2.2, 3.25, 1],
							"pivot": [0, 10.53179, 1.92465],
							"rotation": [-72.5, 0, 0],
							"uv": {
								"north": {"uv": [8, 25], "uv_size": [2, 3.5]},
								"east": {"uv": [19, 35], "uv_size": [1, 3.5]},
								"south": {"uv": [18, 25], "uv_size": [2, 3.5]},
								"west": {"uv": [20, 35], "uv_size": [1, 3.5]},
								"up": {"uv": [41, 21], "uv_size": [2, 1]},
								"down": {"uv": [41, 23], "uv_size": [2, -1]}
							}
						},
						{
							"origin": [-1.1, 10.80944, 1.64285],
							"size": [2.2, 1.25, 0.75],
							"pivot": [0, 10.53179, 1.92465],
							"rotation": [-72.5, 0, 0],
							"uv": {
								"north": {"uv": [37, 14], "uv_size": [2, 1.5]},
								"east": {"uv": [42, 12], "uv_size": [1, 1.5]},
								"south": {"uv": [26, 37], "uv_size": [2, 1.5]},
								"west": {"uv": [14, 42], "uv_size": [1, 1.5]},
								"up": {"uv": [23, 41], "uv_size": [2, 1]},
								"down": {"uv": [41, 24], "uv_size": [2, -1]}
							}
						},
						{
							"origin": [-1.1, 11.65944, 1.64285],
							"size": [2.2, 0.4, 1.25],
							"pivot": [0, 10.53179, 1.92465],
							"rotation": [-72.5, 0, 0],
							"uv": {
								"north": {"uv": [45, 9], "uv_size": [2, 0.5]},
								"east": {"uv": [46, 4], "uv_size": [1.5, 0.5]},
								"south": {"uv": [45, 10], "uv_size": [2, 0.5]},
								"west": {"uv": [46, 5], "uv_size": [1.5, 0.5]},
								"up": {"uv": [37, 34], "uv_size": [2, 1.5]},
								"down": {"uv": [37, 37.5], "uv_size": [2, -1.5]}
							}
						},
						{
							"origin": [-1.1, 8.80944, 1.64285],
							"size": [2.2, 0.4, 1.25],
							"pivot": [0, 10.53179, 1.92465],
							"rotation": [-72.5, 0, 0],
							"uv": {
								"north": {"uv": [45, 11], "uv_size": [2, 0.5]},
								"east": {"uv": [6, 46], "uv_size": [1.5, 0.5]},
								"south": {"uv": [45, 12], "uv_size": [2, 0.5]},
								"west": {"uv": [46, 6], "uv_size": [1.5, 0.5]},
								"up": {"uv": [0, 38], "uv_size": [2, 1.5]},
								"down": {"uv": [38, 3.5], "uv_size": [2, -1.5]}
							}
						},
						{
							"origin": [-1.1, 9.77458, 2.89659],
							"size": [2.2, 1, 0.5],
							"pivot": [0, 10.39958, 3.02159],
							"rotation": [-102.5, 0, 0],
							"uv": {
								"north": {"uv": [41, 28], "uv_size": [2, 1]},
								"east": {"uv": [30, 48], "uv_size": [0.5, 1]},
								"south": {"uv": [41, 29], "uv_size": [2, 1]},
								"west": {"uv": [48, 30], "uv_size": [0.5, 1]},
								"up": {"uv": [8, 45], "uv_size": [2, 0.5]},
								"down": {"uv": [45, 8.5], "uv_size": [2, -0.5]}
							}
						},
						{
							"origin": [-1.1, 9.29508, 0.96013],
							"size": [2.2, 1, 0.5],
							"pivot": [0, 9.92008, 1.08513],
							"rotation": [-42.5, 0, 0],
							"uv": {
								"north": {"uv": [41, 30], "uv_size": [2, 1]},
								"east": {"uv": [31, 48], "uv_size": [0.5, 1]},
								"south": {"uv": [41, 31], "uv_size": [2, 1]},
								"west": {"uv": [48, 31], "uv_size": [0.5, 1]},
								"up": {"uv": [45, 13], "uv_size": [2, 0.5]},
								"down": {"uv": [14, 45.5], "uv_size": [2, -0.5]}
							}
						},
						{
							"origin": [-1.1, 8.80944, 1.64285],
							"size": [2.2, 1.25, 0.75],
							"pivot": [0, 10.53179, 1.92465],
							"rotation": [-72.5, 0, 0],
							"uv": {
								"north": {"uv": [37, 27], "uv_size": [2, 1.5]},
								"east": {"uv": [42, 14], "uv_size": [1, 1.5]},
								"south": {"uv": [37, 29], "uv_size": [2, 1.5]},
								"west": {"uv": [15, 42], "uv_size": [1, 1.5]},
								"up": {"uv": [25, 41], "uv_size": [2, 1]},
								"down": {"uv": [41, 28], "uv_size": [2, -1]}
							}
						},
						{
							"origin": [-2.03482, 10.9343, 0.40442],
							"size": [0.6, 0.85, 2.25],
							"pivot": [-0.00001, 10.45661, 1.68622],
							"rotation": [-65.96792, 42.406, 16.73634],
							"uv": {
								"north": {"uv": [19, 48], "uv_size": [0.5, 1]},
								"east": {"uv": [38, 31], "uv_size": [2.5, 1]},
								"south": {"uv": [48, 19], "uv_size": [0.5, 1]},
								"west": {"uv": [35, 38], "uv_size": [2.5, 1]},
								"up": {"uv": [43, 5], "uv_size": [0.5, 2.5]},
								"down": {"uv": [43, 10.5], "uv_size": [0.5, -2.5]}
							}
						},
						{
							"origin": [1.3957, 9.24319, 0.64285],
							"size": [0.6, 0.85, 2.25],
							"pivot": [0, 10.53179, 1.92465],
							"rotation": [-65.96792, 42.406, 16.73634],
							"uv": {
								"north": {"uv": [21, 48], "uv_size": [0.5, 1]},
								"east": {"uv": [39, 7], "uv_size": [2.5, 1]},
								"south": {"uv": [48, 21], "uv_size": [0.5, 1]},
								"west": {"uv": [39, 8], "uv_size": [2.5, 1]},
								"up": {"uv": [43, 12], "uv_size": [0.5, 2.5]},
								"down": {"uv": [13, 45.5], "uv_size": [0.5, -2.5]}
							}
						},
						{
							"origin": [1.4348, 10.9343, 0.40442],
							"size": [0.6, 0.85, 2.25],
							"pivot": [-0.00001, 10.45661, 1.68622],
							"rotation": [-65.96792, -42.406, -16.73634],
							"uv": {
								"north": {"uv": [18, 48], "uv_size": [0.5, 1]},
								"east": {"uv": [38, 20], "uv_size": [2.5, 1]},
								"south": {"uv": [48, 18], "uv_size": [0.5, 1]},
								"west": {"uv": [38, 21], "uv_size": [2.5, 1]},
								"up": {"uv": [1, 43], "uv_size": [0.5, 2.5]},
								"down": {"uv": [2, 45.5], "uv_size": [0.5, -2.5]}
							}
						},
						{
							"origin": [0.509, 18.25726, -0.68233],
							"size": [0.59, 2.9, 1.85],
							"pivot": [1.25, 19.08226, 0.76767],
							"rotation": [-50, 0, 0],
							"uv": {
								"north": {"uv": [42, 1], "uv_size": [0.5, 3]},
								"east": {"uv": [26, 26], "uv_size": [2, 3]},
								"south": {"uv": [3, 42], "uv_size": [0.5, 3]},
								"west": {"uv": [27, 0], "uv_size": [2, 3]},
								"up": {"uv": [29, 44], "uv_size": [0.5, 2]},
								"down": {"uv": [44, 31], "uv_size": [0.5, -2]}
							}
						},
						{
							"origin": [0.5, 19.22592, 0.61263],
							"size": [0.75, 1.85, 0.35],
							"pivot": [0.925, 19.40092, 0.78763],
							"rotation": [-30, 0, 0],
							"uv": {
								"north": {"uv": [27, 41], "uv_size": [1, 2]},
								"east": {"uv": [26, 45], "uv_size": [0.5, 2]},
								"south": {"uv": [32, 41], "uv_size": [1, 2]},
								"west": {"uv": [45, 27], "uv_size": [0.5, 2]},
								"up": {"uv": [40, 48], "uv_size": [1, 0.5]},
								"down": {"uv": [48, 40.5], "uv_size": [1, -0.5]}
							}
						},
						{
							"origin": [-0.55, 20.9, -19],
							"size": [1.1, 1.1, 12.5],
							"pivot": [0, 21.45, -12.75],
							"rotation": [0, 0, 45],
							"uv": {
								"north": {"uv": [43, 29], "uv_size": [1, 1]},
								"east": {"uv": [20, 14], "uv_size": [12.5, 1]},
								"south": {"uv": [30, 43], "uv_size": [1, 1]},
								"west": {"uv": [20, 15], "uv_size": [12.5, 1]},
								"up": {"uv": [13, 19], "uv_size": [1, 12.5]},
								"down": {"uv": [20, 28.5], "uv_size": [1, -12.5]}
							}
						},
						{
							"origin": [-0.65, 20.8, -19.1],
							"size": [1.3, 1.3, 1.6],
							"pivot": [0, 21.45, -18.25],
							"rotation": [0, 0, 45],
							"uv": {
								"north": {"uv": [39, 27], "uv_size": [1.5, 1.5]},
								"east": {"uv": [39, 29], "uv_size": [1.5, 1.5]},
								"south": {"uv": [39, 34], "uv_size": [1.5, 1.5]},
								"west": {"uv": [35, 39], "uv_size": [1.5, 1.5]},
								"up": {"uv": [39, 36], "uv_size": [1.5, 1.5]},
								"down": {"uv": [37, 40.5], "uv_size": [1.5, -1.5]}
							}
						},
						{
							"origin": [-0.65, 20.8, -11],
							"size": [1.3, 1.3, 2],
							"pivot": [0, 21.45, -9.25],
							"rotation": [0, 0, 45],
							"uv": {
								"north": {"uv": [39, 22], "uv_size": [1.5, 1.5]},
								"east": {"uv": [35, 27], "uv_size": [2, 1.5]},
								"south": {"uv": [26, 39], "uv_size": [1.5, 1.5]},
								"west": {"uv": [35, 29], "uv_size": [2, 1.5]},
								"up": {"uv": [35, 34], "uv_size": [1.5, 2]},
								"down": {"uv": [0, 38], "uv_size": [1.5, -2]}
							}
						}
					]
				},
				{
					"name": "magazine",
					"parent": "main",
					"pivot": [0, 9.98894, 1.8797],
					"cubes": [
						{
							"origin": [-0.8, 16.65, -2.95],
							"size": [1.6, 2.75, 10.55],
							"pivot": [0.25, 18.125, -2.7],
							"rotation": [-60, 0, 0],
							"uv": {
								"north": {"uv": [32, 30], "uv_size": [1.5, 3]},
								"east": {"uv": [11, 4], "uv_size": [10.5, 3]},
								"south": {"uv": [33, 4], "uv_size": [1.5, 3]},
								"west": {"uv": [11, 7], "uv_size": [10.5, 3]},
								"up": {"uv": [18, 14], "uv_size": [1.5, 10.5]},
								"down": {"uv": [11, 29.5], "uv_size": [1.5, -10.5]}
							}
						},
						{
							"origin": [-1.15, 17.4, 7.05],
							"size": [2.3, 1.25, 1.3],
							"pivot": [0.25, 18.125, -2.7],
							"rotation": [-60, 0, 0],
							"uv": {
								"north": {"uv": [0, 34], "uv_size": [2.5, 1.5]},
								"east": {"uv": [40, 24], "uv_size": [1.5, 1.5]},
								"south": {"uv": [34, 7], "uv_size": [2.5, 1.5]},
								"west": {"uv": [28, 40], "uv_size": [1.5, 1.5]},
								"up": {"uv": [34, 9], "uv_size": [2.5, 1.5]},
								"down": {"uv": [34, 15.5], "uv_size": [2.5, -1.5]}
							}
						},
						{
							"origin": [-0.8, 17.39782, 7.59995],
							"size": [1.6, 1.25, 0.5],
							"pivot": [0.25, 18.12282, -2.70005],
							"rotation": [-60, 0, 0],
							"uv": {
								"north": {"uv": [40, 11], "uv_size": [1.5, 1.5]},
								"east": {"uv": [11, 46], "uv_size": [0.5, 1.5]},
								"south": {"uv": [40, 17], "uv_size": [1.5, 1.5]},
								"west": {"uv": [12, 46], "uv_size": [0.5, 1.5]},
								"up": {"uv": [13, 46], "uv_size": [1.5, 0.5]},
								"down": {"uv": [15, 46.5], "uv_size": [1.5, -0.5]}
							}
						},
						{
							"origin": [-0.8, 9.09728, 2.85573],
							"size": [1.6, 0.9, 0.5],
							"pivot": [0, 9.47228, 3.10573],
							"rotation": [-25, 0, 0],
							"uv": {
								"north": {"uv": [42, 17], "uv_size": [1.5, 1]},
								"east": {"uv": [33, 48], "uv_size": [0.5, 1]},
								"south": {"uv": [42, 18], "uv_size": [1.5, 1]},
								"west": {"uv": [48, 33], "uv_size": [0.5, 1]},
								"up": {"uv": [46, 15], "uv_size": [1.5, 0.5]},
								"down": {"uv": [17, 46.5], "uv_size": [1.5, -0.5]}
							}
						},
						{
							"origin": [-0.8, 8.25054, 1.40839],
							"size": [1.6, 0.9, 0.5],
							"pivot": [0, 8.67554, 1.65839],
							"rotation": [87.5, 0, 0],
							"uv": {
								"north": {"uv": [42, 19], "uv_size": [1.5, 1]},
								"east": {"uv": [34, 48], "uv_size": [0.5, 1]},
								"south": {"uv": [23, 42], "uv_size": [1.5, 1]},
								"west": {"uv": [48, 34], "uv_size": [0.5, 1]},
								"up": {"uv": [19, 46], "uv_size": [1.5, 0.5]},
								"down": {"uv": [46, 19.5], "uv_size": [1.5, -0.5]}
							}
						}
					]
				},
				{
					"name": "bullet",
					"parent": "magazine",
					"pivot": [0, 0, 10],
					"cubes": [
						{
							"origin": [-0.25, 16.9, -3.2],
							"size": [0.75, 2.25, 0.8],
							"pivot": [0.25, 18.125, -2.7],
							"rotation": [-60, 0, 0],
							"uv": {
								"north": {"uv": [18, 43], "uv_size": [0.5, 2.5]},
								"east": {"uv": [7, 39], "uv_size": [1, 2.5]},
								"south": {"uv": [19, 43], "uv_size": [0.5, 2.5]},
								"west": {"uv": [10, 39], "uv_size": [1, 2.5]},
								"up": {"uv": [35, 48], "uv_size": [0.5, 1]},
								"down": {"uv": [48, 36], "uv_size": [0.5, -1]}
							}
						}
					]
				},
				{
					"name": "togglerear",
					"parent": "main",
					"pivot": [0, 21.6617, 2.5134],
					"cubes": [
						{
							"origin": [-1.85, 21.75, -1.7],
							"size": [0.75, 1.6, 1.6],
							"pivot": [-2.475, 22.575, -0.625],
							"rotation": [45, 0, 0],
							"uv": {
								"north": {"uv": [5, 42], "uv_size": [1, 1.5]},
								"east": {"uv": [40, 2], "uv_size": [1.5, 1.5]},
								"south": {"uv": [6, 42], "uv_size": [1, 1.5]},
								"west": {"uv": [4, 40], "uv_size": [1.5, 1.5]},
								"up": {"uv": [7, 42], "uv_size": [1, 1.5]},
								"down": {"uv": [42, 8.5], "uv_size": [1, -1.5]}
							}
						},
						{
							"origin": [1.15, 21.56287, -1.60178],
							"size": [0.75, 1.6, 1.6],
							"pivot": [1.525, 22.36287, -0.80178],
							"rotation": [45, 0, 0],
							"uv": {
								"north": {"uv": [8, 42], "uv_size": [1, 1.5]},
								"east": {"uv": [40, 4], "uv_size": [1.5, 1.5]},
								"south": {"uv": [9, 42], "uv_size": [1, 1.5]},
								"west": {"uv": [11, 40], "uv_size": [1.5, 1.5]},
								"up": {"uv": [42, 9], "uv_size": [1, 1.5]},
								"down": {"uv": [10, 43.5], "uv_size": [1, -1.5]}
							}
						},
						{
							"origin": [-0.75, 21.9713, -0.78057],
							"size": [1.55, 0.95, 3.4],
							"uv": {
								"north": {"uv": [11, 42], "uv_size": [1.5, 1]},
								"east": {"uv": [34, 17], "uv_size": [3.5, 1]},
								"south": {"uv": [42, 11], "uv_size": [1.5, 1]},
								"west": {"uv": [34, 31], "uv_size": [3.5, 1]},
								"up": {"uv": [18, 29], "uv_size": [1.5, 3.5]},
								"down": {"uv": [29, 28.5], "uv_size": [1.5, -3.5]}
							}
						},
						{
							"origin": [-0.5, 22.9213, 2.21943],
							"size": [1, 0.1, 0.1],
							"uv": {
								"north": {"uv": [16, 48], "uv_size": [1, 0.5]},
								"east": {"uv": [49, 11], "uv_size": [0.5, 0.5]},
								"south": {"uv": [48, 16], "uv_size": [1, 0.5]},
								"west": {"uv": [12, 49], "uv_size": [0.5, 0.5]},
								"up": {"uv": [17, 48], "uv_size": [1, 0.5]},
								"down": {"uv": [48, 17.5], "uv_size": [1, -0.5]}
							}
						},
						{
							"origin": [-0.5, 23.0213, 2.21943],
							"size": [0.4, 0.2, 0.1],
							"uv": {
								"north": {"uv": [49, 12], "uv_size": [0.5, 0.5]},
								"east": {"uv": [13, 49], "uv_size": [0.5, 0.5]},
								"south": {"uv": [49, 13], "uv_size": [0.5, 0.5]},
								"west": {"uv": [14, 49], "uv_size": [0.5, 0.5]},
								"up": {"uv": [49, 14], "uv_size": [0.5, 0.5]},
								"down": {"uv": [15, 49.5], "uv_size": [0.5, -0.5]}
							}
						},
						{
							"origin": [0.1, 23.0213, 2.21943],
							"size": [0.4, 0.2, 0.1],
							"uv": {
								"north": {"uv": [49, 15], "uv_size": [0.5, 0.5]},
								"east": {"uv": [16, 49], "uv_size": [0.5, 0.5]},
								"south": {"uv": [49, 16], "uv_size": [0.5, 0.5]},
								"west": {"uv": [17, 49], "uv_size": [0.5, 0.5]},
								"up": {"uv": [49, 17], "uv_size": [0.5, 0.5]},
								"down": {"uv": [18, 49.5], "uv_size": [0.5, -0.5]}
							}
						},
						{
							"origin": [-0.75, 22.26471, 2.34746],
							"size": [1.55, 0.5, 0.65],
							"pivot": [0.025, 22.51471, 2.67246],
							"rotation": [-45, 0, 0],
							"uv": {
								"north": {"uv": [2, 46], "uv_size": [1.5, 0.5]},
								"east": {"uv": [49, 3], "uv_size": [0.5, 0.5]},
								"south": {"uv": [46, 2], "uv_size": [1.5, 0.5]},
								"west": {"uv": [4, 49], "uv_size": [0.5, 0.5]},
								"up": {"uv": [46, 3], "uv_size": [1.5, 0.5]},
								"down": {"uv": [4, 46.5], "uv_size": [1.5, -0.5]}
							}
						},
						{
							"origin": [-0.75, 21.00561, 2.21943],
							"size": [0.3, 0.8, 0.8],
							"pivot": [0.025, 21.55561, 2.61943],
							"rotation": [-135, 0, 0],
							"uv": {
								"north": {"uv": [8, 48], "uv_size": [0.5, 1]},
								"east": {"uv": [39, 44], "uv_size": [1, 1]},
								"south": {"uv": [48, 8], "uv_size": [0.5, 1]},
								"west": {"uv": [44, 39], "uv_size": [1, 1]},
								"up": {"uv": [9, 48], "uv_size": [0.5, 1]},
								"down": {"uv": [48, 10], "uv_size": [0.5, -1]}
							}
						},
						{
							"origin": [0.5, 21.26168, 2.11336],
							"size": [0.3, 0.8, 0.8],
							"pivot": [0, 21.66168, 2.51336],
							"rotation": [-135, 0, 0],
							"uv": {
								"north": {"uv": [12, 48], "uv_size": [0.5, 1]},
								"east": {"uv": [40, 44], "uv_size": [1, 1]},
								"south": {"uv": [48, 12], "uv_size": [0.5, 1]},
								"west": {"uv": [44, 40], "uv_size": [1, 1]},
								"up": {"uv": [13, 48], "uv_size": [0.5, 1]},
								"down": {"uv": [48, 14], "uv_size": [0.5, -1]}
							}
						},
						{
							"origin": [-0.75, 21.81168, 2.42905],
							"size": [0.3, 0.5, 0.8],
							"pivot": [0.025, 22.06168, 2.82905],
							"rotation": [-90, 0, 0],
							"uv": {
								"north": {"uv": [49, 4], "uv_size": [0.5, 0.5]},
								"east": {"uv": [4, 48], "uv_size": [1, 0.5]},
								"south": {"uv": [5, 49], "uv_size": [0.5, 0.5]},
								"west": {"uv": [48, 4], "uv_size": [1, 0.5]},
								"up": {"uv": [5, 48], "uv_size": [0.5, 1]},
								"down": {"uv": [48, 6], "uv_size": [0.5, -1]}
							}
						},
						{
							"origin": [0.5, 21.81168, 2.42905],
							"size": [0.3, 0.5, 0.8],
							"pivot": [0.025, 22.06168, 2.82905],
							"rotation": [-90, 0, 0],
							"uv": {
								"north": {"uv": [49, 7], "uv_size": [0.5, 0.5]},
								"east": {"uv": [10, 48], "uv_size": [1, 0.5]},
								"south": {"uv": [8, 49], "uv_size": [0.5, 0.5]},
								"west": {"uv": [48, 10], "uv_size": [1, 0.5]},
								"up": {"uv": [11, 48], "uv_size": [0.5, 1]},
								"down": {"uv": [48, 12], "uv_size": [0.5, -1]}
							}
						},
						{
							"origin": [0.4, 21.9713, -1.28057],
							"size": [0.75, 1, 1],
							"uv": {
								"north": {"uv": [2, 48], "uv_size": [0.5, 1]},
								"east": {"uv": [35, 44], "uv_size": [1, 1]},
								"south": {"uv": [48, 2], "uv_size": [0.5, 1]},
								"west": {"uv": [44, 35], "uv_size": [1, 1]},
								"up": {"uv": [3, 48], "uv_size": [0.5, 1]},
								"down": {"uv": [48, 4], "uv_size": [0.5, -1]}
							}
						},
						{
							"origin": [-1.1, 21.9713, -1.28057],
							"size": [0.75, 1, 1],
							"uv": {
								"north": {"uv": [36, 44], "uv_size": [1, 1]},
								"east": {"uv": [44, 36], "uv_size": [1, 1]},
								"south": {"uv": [37, 44], "uv_size": [1, 1]},
								"west": {"uv": [44, 37], "uv_size": [1, 1]},
								"up": {"uv": [38, 44], "uv_size": [1, 1]},
								"down": {"uv": [44, 39], "uv_size": [1, -1]}
							}
						}
					]
				},
				{
					"name": "togglefront",
					"parent": "togglerear",
					"pivot": [0, 22.3629, -0.8018],
					"cubes": [
						{
							"origin": [-0.5, 22.0713, -4.98057],
							"size": [1.05, 0.75, 4.2],
							"uv": {
								"north": {"uv": [47, 44], "uv_size": [1, 0.5]},
								"east": {"uv": [40, 26], "uv_size": [4, 0.5]},
								"south": {"uv": [45, 47], "uv_size": [1, 0.5]},
								"west": {"uv": [41, 20], "uv_size": [4, 0.5]},
								"up": {"uv": [12, 33], "uv_size": [1, 4]},
								"down": {"uv": [33, 18], "uv_size": [1, -4]}
							}
						}
					]
				},
				{
					"name": "slide",
					"parent": "main",
					"pivot": [0, 0, 0],
					"cubes": [
						{
							"origin": [-0.7, 21.45, -8.9],
							"size": [1.45, 1, 3],
							"uv": {
								"north": {"uv": [46, 7], "uv_size": [1.5, 0.5]},
								"east": {"uv": [16, 42], "uv_size": [3, 0.5]},
								"south": {"uv": [8, 46], "uv_size": [1.5, 0.5]},
								"west": {"uv": [42, 16], "uv_size": [3, 0.5]},
								"up": {"uv": [26, 32], "uv_size": [1.5, 3]},
								"down": {"uv": [32, 30], "uv_size": [1.5, -3]}
							}
						},
						{
							"origin": [-0.6, 21.8713, -5.38057],
							"size": [0.4, 1.2, 0.8],
							"uv": {
								"north": {"uv": [47, 45], "uv_size": [0.5, 1]},
								"east": {"uv": [30, 44], "uv_size": [1, 1]},
								"south": {"uv": [46, 47], "uv_size": [0.5, 1]},
								"west": {"uv": [44, 33], "uv_size": [1, 1]},
								"up": {"uv": [47, 46], "uv_size": [0.5, 1]},
								"down": {"uv": [47, 48], "uv_size": [0.5, -1]}
							}
						},
						{
							"origin": [0.25, 21.8713, -5.38057],
							"size": [0.4, 1.2, 0.8],
							"uv": {
								"north": {"uv": [22, 48], "uv_size": [0.5, 1]},
								"east": {"uv": [0, 45], "uv_size": [1, 1]},
								"south": {"uv": [48, 22], "uv_size": [0.5, 1]},
								"west": {"uv": [45, 0], "uv_size": [1, 1]},
								"up": {"uv": [23, 48], "uv_size": [0.5, 1]},
								"down": {"uv": [48, 24], "uv_size": [0.5, -1]}
							}
						},
						{
							"origin": [-0.2, 21.8713, -5.38057],
							"size": [0.45, 1.1, 0.8],
							"uv": {
								"north": {"uv": [24, 48], "uv_size": [0.5, 1]},
								"east": {"uv": [3, 45], "uv_size": [1, 1]},
								"south": {"uv": [48, 24], "uv_size": [0.5, 1]},
								"west": {"uv": [4, 45], "uv_size": [1, 1]},
								"up": {"uv": [25, 48], "uv_size": [0.5, 1]},
								"down": {"uv": [48, 26], "uv_size": [0.5, -1]}
							}
						},
						{
							"origin": [-0.6, 21.33334, -5.27429],
							"size": [0.4, 0.85, 0.8],
							"pivot": [0.025, 21.53334, -5.99929],
							"rotation": [45, 0, 0],
							"uv": {
								"north": {"uv": [0, 48], "uv_size": [0.5, 1]},
								"east": {"uv": [34, 44], "uv_size": [1, 1]},
								"south": {"uv": [48, 0], "uv_size": [0.5, 1]},
								"west": {"uv": [44, 34], "uv_size": [1, 1]},
								"up": {"uv": [1, 48], "uv_size": [0.5, 1]},
								"down": {"uv": [48, 2], "uv_size": [0.5, -1]}
							}
						},
						{
							"origin": [0.25, 21.33334, -5.27429],
							"size": [0.4, 0.85, 0.8],
							"pivot": [0.775, 21.53334, -5.99929],
							"rotation": [45, 0, 0],
							"uv": {
								"north": {"uv": [26, 48], "uv_size": [0.5, 1]},
								"east": {"uv": [5, 45], "uv_size": [1, 1]},
								"south": {"uv": [48, 26], "uv_size": [0.5, 1]},
								"west": {"uv": [45, 5], "uv_size": [1, 1]},
								"up": {"uv": [27, 48], "uv_size": [0.5, 1]},
								"down": {"uv": [48, 28], "uv_size": [0.5, -1]}
							}
						},
						{
							"origin": [-0.2, 21.33334, -5.27429],
							"size": [0.45, 0.75, 0.8],
							"pivot": [0.325, 21.43334, -5.99929],
							"rotation": [45, 0, 0],
							"uv": {
								"north": {"uv": [28, 48], "uv_size": [0.5, 1]},
								"east": {"uv": [6, 45], "uv_size": [1, 1]},
								"south": {"uv": [48, 28], "uv_size": [0.5, 1]},
								"west": {"uv": [45, 6], "uv_size": [1, 1]},
								"up": {"uv": [29, 48], "uv_size": [0.5, 1]},
								"down": {"uv": [48, 30], "uv_size": [0.5, -1]}
							}
						}
					]
				}
			]
		}
	]
}