{
	"format_version": "1.12.0",
	"minecraft:geometry": [
		{
			"description": {
				"identifier": "geometry.unknown",
				"texture_width": 128,
				"texture_height": 128,
				"visible_bounds_width": 10,
				"visible_bounds_height": 4,
				"visible_bounds_offset": [0, 1, 0]
			},
			"bones": [
				{
					"name": "main",
					"pivot": [0, 19, 4]
				},
				{
					"name": "rightarm",
					"parent": "main",
					"pivot": [-4.3, 7.8, 25.8],
					"rotation": [-101.81106, -12.40003, -2.46982],
					"cubes": [
						{"origin": [-8.31862, -16.21235, 21.72091], "size": [8, 24, 8], "uv": [0, 32]}
					]
				},
				{
					"name": "leftarm",
					"parent": "main",
					"pivot": [10.7, 10.3, -4.6],
					"rotation": [-119.61483, 1.67666, -38.31282],
					"cubes": [
						{"origin": [5.73134, -11.73675, -8.6665], "size": [8, 24, 8], "uv": [0, 0]}
					]
				},
				{
					"name": "muzzleflash",
					"parent": "main",
					"pivot": [0, 22.6, -66.75],
					"mirror": true,
					"cubes": [
						{"origin": [-0.5225, 20.82905, -70.55], "size": [1, 1, 1], "inflate": -0.4, "uv": [32, 0], "mirror": false}
					]
				},
				{
					"name": "gun",
					"parent": "main",
					"pivot": [0, 50.16, -6.98],
					"cubes": [
						{
							"origin": [-1.625, 17.5, -8.8],
							"size": [3.25, 2.95, 11.75],
							"uv": {
								"north": {"uv": [51, 30], "uv_size": [3.5, 3]},
								"east": {"uv": [47, 33], "uv_size": [12, 3]},
								"south": {"uv": [72, 8], "uv_size": [3.5, 3]},
								"west": {"uv": [47, 36], "uv_size": [12, 3]},
								"up": {"uv": [43, 48], "uv_size": [3.5, 12]},
								"down": {"uv": [47, 60], "uv_size": [3.5, -12]}
							}
						},
						{
							"origin": [-1.625, 20.45, -8.9],
							"size": [3.25, 0.55, 7.1],
							"uv": {
								"north": {"uv": [88, 18], "uv_size": [3.5, 0.5]},
								"east": {"uv": [83, 75], "uv_size": [7, 0.5]},
								"south": {"uv": [88, 19], "uv_size": [3.5, 0.5]},
								"west": {"uv": [78, 83], "uv_size": [7, 0.5]},
								"up": {"uv": [17, 64], "uv_size": [3.5, 7]},
								"down": {"uv": [21, 71], "uv_size": [3.5, -7]}
							}
						},
						{
							"origin": [-1.625, 20.45, -1.8],
							"size": [2.8, 0.55, 4.9],
							"uv": {
								"north": {"uv": [88, 39], "uv_size": [3, 0.5]},
								"east": {"uv": [75, 85], "uv_size": [5, 0.5]},
								"south": {"uv": [45, 88], "uv_size": [3, 0.5]},
								"west": {"uv": [80, 85], "uv_size": [5, 0.5]},
								"up": {"uv": [29, 64], "uv_size": [3, 5]},
								"down": {"uv": [4, 74], "uv_size": [3, -5]}
							}
						},
						{
							"origin": [-1.175, 21, -0.4],
							"size": [0.6, 0.2, 3.5],
							"uv": {
								"north": {"uv": [34, 94], "uv_size": [0.5, 0.5]},
								"east": {"uv": [88, 21], "uv_size": [3.5, 0.5]},
								"south": {"uv": [94, 34], "uv_size": [0.5, 0.5]},
								"west": {"uv": [88, 22], "uv_size": [3.5, 0.5]},
								"up": {"uv": [22, 88], "uv_size": [0.5, 3.5]},
								"down": {"uv": [26, 91.5], "uv_size": [0.5, -3.5]}
							}
						},
						{
							"origin": [-1.07374, 21.73128, -11.25],
							"size": [1, 0.6, 2.35],
							"pivot": [-0.59874, 21.98128, -6.4],
							"rotation": [0, 0, -45],
							"uv": {
								"north": {"uv": [3, 93], "uv_size": [1, 0.5]},
								"east": {"uv": [90, 27], "uv_size": [2.5, 0.5]},
								"south": {"uv": [93, 3], "uv_size": [1, 0.5]},
								"west": {"uv": [90, 28], "uv_size": [2.5, 0.5]},
								"up": {"uv": [14, 86], "uv_size": [1, 2.5]},
								"down": {"uv": [15, 88.5], "uv_size": [1, -2.5]}
							}
						},
						{
							"origin": [-1.175, 21, -11.25],
							"size": [0.6, 0.9, 2.35],
							"uv": {
								"north": {"uv": [2, 93], "uv_size": [0.5, 1]},
								"east": {"uv": [85, 83], "uv_size": [2.5, 1]},
								"south": {"uv": [93, 2], "uv_size": [0.5, 1]},
								"west": {"uv": [86, 13], "uv_size": [2.5, 1]},
								"up": {"uv": [17, 89], "uv_size": [0.5, 2.5]},
								"down": {"uv": [30, 91.5], "uv_size": [0.5, -2.5]}
							}
						},
						{
							"origin": [-1.175, 21, -2.4],
							"size": [0.6, 0.9, 2],
							"uv": {
								"north": {"uv": [69, 93], "uv_size": [0.5, 1]},
								"east": {"uv": [81, 87], "uv_size": [2, 1]},
								"south": {"uv": [93, 69], "uv_size": [0.5, 1]},
								"west": {"uv": [83, 87], "uv_size": [2, 1]},
								"up": {"uv": [59, 91], "uv_size": [0.5, 2]},
								"down": {"uv": [91, 61], "uv_size": [0.5, -2]}
							}
						},
						{
							"origin": [-1.175, 21, -9.15],
							"size": [0.6, 0.15, 6.75],
							"uv": {
								"north": {"uv": [94, 46], "uv_size": [0.5, 0.5]},
								"east": {"uv": [83, 80], "uv_size": [7, 0.5]},
								"south": {"uv": [47, 94], "uv_size": [0.5, 0.5]},
								"west": {"uv": [83, 81], "uv_size": [7, 0.5]},
								"up": {"uv": [56, 83], "uv_size": [0.5, 7]},
								"down": {"uv": [18, 91], "uv_size": [0.5, -7]}
							}
						},
						{
							"origin": [-0.475, 22, -11.25],
							"size": [0.95, 0.6, 2.35],
							"uv": {
								"north": {"uv": [1, 93], "uv_size": [1, 0.5]},
								"east": {"uv": [90, 2], "uv_size": [2.5, 0.5]},
								"south": {"uv": [93, 1], "uv_size": [1, 0.5]},
								"west": {"uv": [14, 90], "uv_size": [2.5, 0.5]},
								"up": {"uv": [86, 7], "uv_size": [1, 2.5]},
								"down": {"uv": [86, 12.5], "uv_size": [1, -2.5]}
							}
						},
						{
							"origin": [0.08839, 21.76664, -11.25],
							"size": [1, 0.6, 2.35],
							"pivot": [0.56339, 22.01664, -6.4],
							"rotation": [0, 0, 45],
							"uv": {
								"north": {"uv": [0, 93], "uv_size": [1, 0.5]},
								"east": {"uv": [90, 0], "uv_size": [2.5, 0.5]},
								"south": {"uv": [93, 0], "uv_size": [1, 0.5]},
								"west": {"uv": [90, 1], "uv_size": [2.5, 0.5]},
								"up": {"uv": [72, 85], "uv_size": [1, 2.5]},
								"down": {"uv": [85, 87.5], "uv_size": [1, -2.5]}
							}
						},
						{
							"origin": [-1.07374, 21.73128, -2.4],
							"size": [1, 0.6, 2],
							"pivot": [-0.59874, 21.98128, -6.15],
							"rotation": [0, 0, -45],
							"uv": {
								"north": {"uv": [6, 93], "uv_size": [1, 0.5]},
								"east": {"uv": [91, 20], "uv_size": [2, 0.5]},
								"south": {"uv": [93, 6], "uv_size": [1, 0.5]},
								"west": {"uv": [23, 91], "uv_size": [2, 0.5]},
								"up": {"uv": [34, 87], "uv_size": [1, 2]},
								"down": {"uv": [87, 36], "uv_size": [1, -2]}
							}
						},
						{
							"origin": [0.08839, 21.76664, -2.4],
							"size": [1, 0.6, 5.5],
							"pivot": [0.56339, 22.01664, -6.15],
							"rotation": [0, 0, 45],
							"uv": {
								"north": {"uv": [70, 93], "uv_size": [1, 0.5]},
								"east": {"uv": [84, 84], "uv_size": [5.5, 0.5]},
								"south": {"uv": [93, 70], "uv_size": [1, 0.5]},
								"west": {"uv": [85, 20], "uv_size": [5.5, 0.5]},
								"up": {"uv": [40, 79], "uv_size": [1, 5.5]},
								"down": {"uv": [50, 84.5], "uv_size": [1, -5.5]}
							}
						},
						{
							"origin": [-0.475, 22, -1.9],
							"size": [0.95, 0.6, 1.5],
							"uv": {
								"north": {"uv": [93, 4], "uv_size": [1, 0.5]},
								"east": {"uv": [92, 26], "uv_size": [1.5, 0.5]},
								"south": {"uv": [5, 93], "uv_size": [1, 0.5]},
								"west": {"uv": [92, 29], "uv_size": [1.5, 0.5]},
								"up": {"uv": [54, 88], "uv_size": [1, 1.5]},
								"down": {"uv": [67, 89.5], "uv_size": [1, -1.5]}
							}
						},
						{
							"origin": [0.025, 22, -0.4],
							"size": [0.45, 0.6, 3.5],
							"uv": {
								"north": {"uv": [35, 94], "uv_size": [0.5, 0.5]},
								"east": {"uv": [88, 24], "uv_size": [3.5, 0.5]},
								"south": {"uv": [94, 35], "uv_size": [0.5, 0.5]},
								"west": {"uv": [88, 25], "uv_size": [3.5, 0.5]},
								"up": {"uv": [27, 88], "uv_size": [0.5, 3.5]},
								"down": {"uv": [28, 91.5], "uv_size": [0.5, -3.5]}
							}
						},
						{
							"origin": [0.575, 21, -11.25],
							"size": [0.6, 0.9, 14.6],
							"uv": {
								"north": {"uv": [92, 91], "uv_size": [0.5, 1]},
								"east": {"uv": [68, 32], "uv_size": [14.5, 1]},
								"south": {"uv": [92, 92], "uv_size": [0.5, 1]},
								"west": {"uv": [68, 33], "uv_size": [14.5, 1]},
								"up": {"uv": [32, 76], "uv_size": [0.5, 14.5]},
								"down": {"uv": [21, 91.5], "uv_size": [0.5, -14.5]}
							}
						},
						{
							"origin": [-0.0204, 21.69542, -13.65],
							"size": [0.78, 0.4, 2],
							"pivot": [0.4846, 21.74542, -8.9],
							"rotation": [0, 0, 45],
							"uv": {
								"north": {"uv": [93, 38], "uv_size": [1, 0.5]},
								"east": {"uv": [44, 91], "uv_size": [2, 0.5]},
								"south": {"uv": [93, 39], "uv_size": [1, 0.5]},
								"west": {"uv": [91, 45], "uv_size": [2, 0.5]},
								"up": {"uv": [87, 67], "uv_size": [1, 2]},
								"down": {"uv": [87, 72], "uv_size": [1, -2]}
							}
						},
						{
							"origin": [-0.375, 21.95, -13.65],
							"size": [0.75, 0.4, 2],
							"uv": {
								"north": {"uv": [93, 37], "uv_size": [1, 0.5]},
								"east": {"uv": [39, 91], "uv_size": [2, 0.5]},
								"south": {"uv": [38, 93], "uv_size": [1, 0.5]},
								"west": {"uv": [42, 91], "uv_size": [2, 0.5]},
								"up": {"uv": [63, 87], "uv_size": [1, 2]},
								"down": {"uv": [87, 66], "uv_size": [1, -2]}
							}
						},
						{
							"origin": [-0.375, 21.58712, -14.84383],
							"size": [0.75, 0.55, 1.25],
							"pivot": [0, 21.98712, -14.59383],
							"rotation": [12.5, 0, 0],
							"uv": {
								"north": {"uv": [93, 40], "uv_size": [1, 0.5]},
								"east": {"uv": [36, 92], "uv_size": [1.5, 0.5]},
								"south": {"uv": [93, 41], "uv_size": [1, 0.5]},
								"west": {"uv": [92, 36], "uv_size": [1.5, 0.5]},
								"up": {"uv": [72, 88], "uv_size": [1, 1.5]},
								"down": {"uv": [83, 89.5], "uv_size": [1, -1.5]}
							}
						},
						{
							"origin": [0.525, 21, -13.65],
							"size": [0.4, 0.8, 2],
							"uv": {
								"north": {"uv": [36, 93], "uv_size": [0.5, 1]},
								"east": {"uv": [61, 87], "uv_size": [2, 1]},
								"south": {"uv": [37, 93], "uv_size": [0.5, 1]},
								"west": {"uv": [87, 61], "uv_size": [2, 1]},
								"up": {"uv": [38, 91], "uv_size": [0.5, 2]},
								"down": {"uv": [91, 40], "uv_size": [0.5, -2]}
							}
						},
						{
							"origin": [-0.75374, 21.68128, -13.65],
							"size": [0.78, 0.4, 2],
							"pivot": [-0.49874, 21.73128, -8.9],
							"rotation": [0, 0, -45],
							"uv": {
								"north": {"uv": [35, 93], "uv_size": [1, 0.5]},
								"east": {"uv": [36, 91], "uv_size": [2, 0.5]},
								"south": {"uv": [93, 35], "uv_size": [1, 0.5]},
								"west": {"uv": [91, 37], "uv_size": [2, 0.5]},
								"up": {"uv": [87, 52], "uv_size": [1, 2]},
								"down": {"uv": [87, 61], "uv_size": [1, -2]}
							}
						},
						{
							"origin": [-0.925, 21, -13.65],
							"size": [0.4, 0.8, 2],
							"uv": {
								"north": {"uv": [93, 33], "uv_size": [0.5, 1]},
								"east": {"uv": [87, 29], "uv_size": [2, 1]},
								"south": {"uv": [93, 34], "uv_size": [0.5, 1]},
								"west": {"uv": [87, 51], "uv_size": [2, 1]},
								"up": {"uv": [32, 91], "uv_size": [0.5, 2]},
								"down": {"uv": [35, 93], "uv_size": [0.5, -2]}
							}
						},
						{
							"origin": [0.16212, 21, -14.84383],
							"size": [0.55, 0.8, 1.25],
							"pivot": [0.56212, 21.4, -14.59383],
							"rotation": [0, 12.5, 0],
							"uv": {
								"north": {"uv": [44, 93], "uv_size": [0.5, 1]},
								"east": {"uv": [88, 85], "uv_size": [1.5, 1]},
								"south": {"uv": [45, 93], "uv_size": [0.5, 1]},
								"west": {"uv": [88, 86], "uv_size": [1.5, 1]},
								"up": {"uv": [40, 92], "uv_size": [0.5, 1.5]},
								"down": {"uv": [92, 41.5], "uv_size": [0.5, -1.5]}
							}
						},
						{
							"origin": [-0.71212, 21, -14.84383],
							"size": [0.55, 0.8, 1.25],
							"pivot": [-0.56212, 21.4, -14.59383],
							"rotation": [0, -12.5, 0],
							"uv": {
								"north": {"uv": [42, 93], "uv_size": [0.5, 1]},
								"east": {"uv": [88, 83], "uv_size": [1.5, 1]},
								"south": {"uv": [43, 93], "uv_size": [0.5, 1]},
								"west": {"uv": [84, 88], "uv_size": [1.5, 1]},
								"up": {"uv": [92, 38], "uv_size": [0.5, 1.5]},
								"down": {"uv": [39, 93.5], "uv_size": [0.5, -1.5]}
							}
						},
						{
							"origin": [0.625, 20.95, -11.65],
							"size": [0.5, 0.9, 0.4],
							"uv": {
								"north": {"uv": [93, 30], "uv_size": [0.5, 1]},
								"east": {"uv": [93, 31], "uv_size": [0.5, 1]},
								"south": {"uv": [32, 93], "uv_size": [0.5, 1]},
								"west": {"uv": [93, 32], "uv_size": [0.5, 1]},
								"up": {"uv": [40, 94], "uv_size": [0.5, 0.5]},
								"down": {"uv": [94, 40.5], "uv_size": [0.5, -0.5]}
							}
						},
						{
							"origin": [0.03839, 21.81664, -11.65],
							"size": [1, 0.5, 0.4],
							"pivot": [0.51339, 21.96664, -8.5],
							"rotation": [0, 0, 45],
							"uv": {
								"north": {"uv": [24, 93], "uv_size": [1, 0.5]},
								"east": {"uv": [39, 94], "uv_size": [0.5, 0.5]},
								"south": {"uv": [25, 93], "uv_size": [1, 0.5]},
								"west": {"uv": [94, 39], "uv_size": [0.5, 0.5]},
								"up": {"uv": [93, 27], "uv_size": [1, 0.5]},
								"down": {"uv": [93, 28.5], "uv_size": [1, -0.5]}
							}
						},
						{
							"origin": [-0.425, 22.1, -11.65],
							"size": [0.85, 0.45, 0.4],
							"uv": {
								"north": {"uv": [20, 93], "uv_size": [1, 0.5]},
								"east": {"uv": [38, 94], "uv_size": [0.5, 0.5]},
								"south": {"uv": [93, 20], "uv_size": [1, 0.5]},
								"west": {"uv": [94, 38], "uv_size": [0.5, 0.5]},
								"up": {"uv": [93, 21], "uv_size": [1, 0.5]},
								"down": {"uv": [93, 22.5], "uv_size": [1, -0.5]}
							}
						},
						{
							"origin": [-1.125, 20.95, -11.65],
							"size": [0.5, 0.9, 0.4],
							"uv": {
								"north": {"uv": [16, 93], "uv_size": [0.5, 1]},
								"east": {"uv": [17, 93], "uv_size": [0.5, 1]},
								"south": {"uv": [18, 93], "uv_size": [0.5, 1]},
								"west": {"uv": [19, 93], "uv_size": [0.5, 1]},
								"up": {"uv": [37, 94], "uv_size": [0.5, 0.5]},
								"down": {"uv": [94, 37.5], "uv_size": [0.5, -0.5]}
							}
						},
						{
							"origin": [-1.02374, 21.78128, -11.65],
							"size": [1, 0.5, 0.4],
							"pivot": [-0.54874, 21.93128, -8.5],
							"rotation": [0, 0, -45],
							"uv": {
								"north": {"uv": [93, 10], "uv_size": [1, 0.5]},
								"east": {"uv": [36, 94], "uv_size": [0.5, 0.5]},
								"south": {"uv": [93, 13], "uv_size": [1, 0.5]},
								"west": {"uv": [94, 36], "uv_size": [0.5, 0.5]},
								"up": {"uv": [93, 14], "uv_size": [1, 0.5]},
								"down": {"uv": [15, 93.5], "uv_size": [1, -0.5]}
							}
						},
						{
							"origin": [-0.4975, 20.30502, -22.37162],
							"size": [1, 2, 7.5],
							"uv": {
								"north": {"uv": [22, 86], "uv_size": [1, 2]},
								"east": {"uv": [68, 18], "uv_size": [7.5, 2]},
								"south": {"uv": [49, 86], "uv_size": [1, 2]},
								"west": {"uv": [68, 20], "uv_size": [7.5, 2]},
								"up": {"uv": [30, 76], "uv_size": [1, 7.5]},
								"down": {"uv": [31, 83.5], "uv_size": [1, -7.5]}
							}
						},
						{
							"origin": [0.35605, 21.20147, -22.37162],
							"size": [0.5, 0.75, 7.5],
							"uv": {
								"north": {"uv": [92, 55], "uv_size": [0.5, 1]},
								"east": {"uv": [75, 64], "uv_size": [7.5, 1]},
								"south": {"uv": [56, 92], "uv_size": [0.5, 1]},
								"west": {"uv": [75, 65], "uv_size": [7.5, 1]},
								"up": {"uv": [6, 83], "uv_size": [0.5, 7.5]},
								"down": {"uv": [7, 90.5], "uv_size": [0.5, -7.5]}
							}
						},
						{
							"origin": [-0.85105, 21.20147, -22.37162],
							"size": [0.5, 0.75, 7.5],
							"uv": {
								"north": {"uv": [92, 56], "uv_size": [0.5, 1]},
								"east": {"uv": [76, 18], "uv_size": [7.5, 1]},
								"south": {"uv": [57, 92], "uv_size": [0.5, 1]},
								"west": {"uv": [76, 19], "uv_size": [7.5, 1]},
								"up": {"uv": [8, 83], "uv_size": [0.5, 7.5]},
								"down": {"uv": [9, 90.5], "uv_size": [0.5, -7.5]}
							}
						},
						{
							"origin": [0.2525, 21.70147, -22.37162],
							"size": [0.5, 0.5, 7.5],
							"pivot": [0.5025, 21.95147, -19.12162],
							"rotation": [0, 0, 45],
							"uv": {
								"north": {"uv": [94, 4], "uv_size": [0.5, 0.5]},
								"east": {"uv": [82, 76], "uv_size": [7.5, 0.5]},
								"south": {"uv": [5, 94], "uv_size": [0.5, 0.5]},
								"west": {"uv": [82, 77], "uv_size": [7.5, 0.5]},
								"up": {"uv": [60, 82], "uv_size": [0.5, 7.5]},
								"down": {"uv": [73, 89.5], "uv_size": [0.5, -7.5]}
							}
						},
						{
							"origin": [-0.7475, 21.70147, -22.37162],
							"size": [0.5, 0.5, 7.5],
							"pivot": [-0.4975, 21.95147, -19.12162],
							"rotation": [0, 0, -45],
							"uv": {
								"north": {"uv": [94, 5], "uv_size": [0.5, 0.5]},
								"east": {"uv": [78, 82], "uv_size": [7.5, 0.5]},
								"south": {"uv": [6, 94], "uv_size": [0.5, 0.5]},
								"west": {"uv": [82, 78], "uv_size": [7.5, 0.5]},
								"up": {"uv": [4, 83], "uv_size": [0.5, 7.5]},
								"down": {"uv": [5, 90.5], "uv_size": [0.5, -7.5]}
							}
						},
						{
							"origin": [-0.7475, 22.05502, -15.62162],
							"size": [1.5, 0.5, 0.75],
							"uv": {
								"north": {"uv": [15, 92], "uv_size": [1.5, 0.5]},
								"east": {"uv": [92, 54], "uv_size": [1, 0.5]},
								"south": {"uv": [92, 15], "uv_size": [1.5, 0.5]},
								"west": {"uv": [55, 92], "uv_size": [1, 0.5]},
								"up": {"uv": [88, 35], "uv_size": [1.5, 1]},
								"down": {"uv": [88, 37], "uv_size": [1.5, -1]}
							}
						},
						{
							"origin": [-0.7475, 22.55502, -15.62162],
							"size": [1.5, 0.3, 0.4],
							"uv": {
								"north": {"uv": [92, 17], "uv_size": [1.5, 0.5]},
								"east": {"uv": [94, 6], "uv_size": [0.5, 0.5]},
								"south": {"uv": [92, 18], "uv_size": [1.5, 0.5]},
								"west": {"uv": [7, 94], "uv_size": [0.5, 0.5]},
								"up": {"uv": [19, 92], "uv_size": [1.5, 0.5]},
								"down": {"uv": [92, 19.5], "uv_size": [1.5, -0.5]}
							}
						},
						{
							"origin": [0.1525, 22.85502, -15.72162],
							"size": [0.35, 0.45, 0.3],
							"uv": {
								"north": {"uv": [94, 7], "uv_size": [0.5, 0.5]},
								"east": {"uv": [8, 94], "uv_size": [0.5, 0.5]},
								"south": {"uv": [94, 8], "uv_size": [0.5, 0.5]},
								"west": {"uv": [9, 94], "uv_size": [0.5, 0.5]},
								"up": {"uv": [94, 9], "uv_size": [0.5, 0.5]},
								"down": {"uv": [10, 94.5], "uv_size": [0.5, -0.5]}
							}
						},
						{
							"origin": [0.11286, 23.09718, -15.72162],
							"size": [0.25, 0.5, 0.3],
							"pivot": [0.18786, 23.37218, -15.57162],
							"rotation": [0, 0, -45],
							"uv": {
								"north": {"uv": [25, 94], "uv_size": [0.5, 0.5]},
								"east": {"uv": [94, 25], "uv_size": [0.5, 0.5]},
								"south": {"uv": [26, 94], "uv_size": [0.5, 0.5]},
								"west": {"uv": [94, 26], "uv_size": [0.5, 0.5]},
								"up": {"uv": [27, 94], "uv_size": [0.5, 0.5]},
								"down": {"uv": [94, 27.5], "uv_size": [0.5, -0.5]}
							}
						},
						{
							"origin": [-0.32857, 23.16789, -15.72162],
							"size": [0.25, 0.5, 0.3],
							"pivot": [-0.25357, 23.44289, -15.57162],
							"rotation": [0, 0, 45],
							"uv": {
								"north": {"uv": [28, 94], "uv_size": [0.5, 0.5]},
								"east": {"uv": [94, 28], "uv_size": [0.5, 0.5]},
								"south": {"uv": [29, 94], "uv_size": [0.5, 0.5]},
								"west": {"uv": [94, 29], "uv_size": [0.5, 0.5]},
								"up": {"uv": [30, 94], "uv_size": [0.5, 0.5]},
								"down": {"uv": [94, 30.5], "uv_size": [0.5, -0.5]}
							}
						},
						{
							"origin": [-0.1475, 22.85502, -15.72162],
							"size": [0.3, 0.2, 0.3],
							"uv": {
								"north": {"uv": [17, 94], "uv_size": [0.5, 0.5]},
								"east": {"uv": [94, 17], "uv_size": [0.5, 0.5]},
								"south": {"uv": [18, 94], "uv_size": [0.5, 0.5]},
								"west": {"uv": [94, 18], "uv_size": [0.5, 0.5]},
								"up": {"uv": [19, 94], "uv_size": [0.5, 0.5]},
								"down": {"uv": [94, 19.5], "uv_size": [0.5, -0.5]}
							}
						},
						{
							"origin": [-0.1475, 23.35502, -15.72162],
							"size": [0.3, 0.3, 0.3],
							"uv": {
								"north": {"uv": [22, 94], "uv_size": [0.5, 0.5]},
								"east": {"uv": [94, 22], "uv_size": [0.5, 0.5]},
								"south": {"uv": [23, 94], "uv_size": [0.5, 0.5]},
								"west": {"uv": [94, 23], "uv_size": [0.5, 0.5]},
								"up": {"uv": [24, 94], "uv_size": [0.5, 0.5]},
								"down": {"uv": [94, 24.5], "uv_size": [0.5, -0.5]}
							}
						},
						{
							"origin": [-0.4975, 22.85502, -15.72162],
							"size": [0.35, 0.45, 0.3],
							"uv": {
								"north": {"uv": [94, 10], "uv_size": [0.5, 0.5]},
								"east": {"uv": [94, 11], "uv_size": [0.5, 0.5]},
								"south": {"uv": [94, 12], "uv_size": [0.5, 0.5]},
								"west": {"uv": [94, 13], "uv_size": [0.5, 0.5]},
								"up": {"uv": [14, 94], "uv_size": [0.5, 0.5]},
								"down": {"uv": [94, 14.5], "uv_size": [0.5, -0.5]}
							}
						},
						{
							"origin": [-0.7475, 21.86308, -16.08501],
							"size": [1.5, 0.5, 0.75],
							"pivot": [0.0025, 22.11308, -15.71001],
							"rotation": [45, 0, 0],
							"uv": {
								"north": {"uv": [92, 16], "uv_size": [1.5, 0.5]},
								"east": {"uv": [92, 57], "uv_size": [1, 0.5]},
								"south": {"uv": [17, 92], "uv_size": [1.5, 0.5]},
								"west": {"uv": [58, 92], "uv_size": [1, 0.5]},
								"up": {"uv": [88, 37], "uv_size": [1.5, 1]},
								"down": {"uv": [88, 39], "uv_size": [1.5, -1]}
							}
						},
						{
							"origin": [0.4025, 22.50502, -21.87162],
							"size": [0.35, 0.25, 6.25],
							"uv": {
								"north": {"uv": [94, 3], "uv_size": [0.5, 0.5]},
								"east": {"uv": [84, 3], "uv_size": [6.5, 0.5]},
								"south": {"uv": [4, 94], "uv_size": [0.5, 0.5]},
								"west": {"uv": [84, 4], "uv_size": [6.5, 0.5]},
								"up": {"uv": [19, 84], "uv_size": [0.5, 6.5]},
								"down": {"uv": [23, 90.5], "uv_size": [0.5, -6.5]}
							}
						},
						{
							"origin": [-0.7475, 22.50502, -21.87162],
							"size": [0.35, 0.25, 6.25],
							"uv": {
								"north": {"uv": [20, 94], "uv_size": [0.5, 0.5]},
								"east": {"uv": [84, 5], "uv_size": [6.5, 0.5]},
								"south": {"uv": [94, 20], "uv_size": [0.5, 0.5]},
								"west": {"uv": [84, 6], "uv_size": [6.5, 0.5]},
								"up": {"uv": [24, 84], "uv_size": [0.5, 6.5]},
								"down": {"uv": [25, 90.5], "uv_size": [0.5, -6.5]}
							}
						},
						{
							"origin": [-0.3975, 22.50502, -21.87162],
							"size": [0.8, 0.25, 0.35],
							"uv": {
								"north": {"uv": [61, 92], "uv_size": [1, 0.5]},
								"east": {"uv": [21, 94], "uv_size": [0.5, 0.5]},
								"south": {"uv": [92, 61], "uv_size": [1, 0.5]},
								"west": {"uv": [94, 21], "uv_size": [0.5, 0.5]},
								"up": {"uv": [92, 62], "uv_size": [1, 0.5]},
								"down": {"uv": [92, 63.5], "uv_size": [1, -0.5]}
							}
						},
						{
							"origin": [-1.2475, 22.40502, -16.37162],
							"size": [2.5, 0.45, 0.75],
							"uv": {
								"north": {"uv": [84, 89], "uv_size": [2.5, 0.5]},
								"east": {"uv": [92, 58], "uv_size": [1, 0.5]},
								"south": {"uv": [87, 89], "uv_size": [2.5, 0.5]},
								"west": {"uv": [92, 59], "uv_size": [1, 0.5]},
								"up": {"uv": [85, 63], "uv_size": [2.5, 1]},
								"down": {"uv": [64, 86], "uv_size": [2.5, -1]}
							}
						},
						{
							"origin": [-1.1475, 22.50502, -20.37162],
							"size": [0.3, 0.25, 4],
							"uv": {
								"north": {"uv": [16, 94], "uv_size": [0.5, 0.5]},
								"east": {"uv": [79, 86], "uv_size": [4, 0.5]},
								"south": {"uv": [94, 16], "uv_size": [0.5, 0.5]},
								"west": {"uv": [86, 82], "uv_size": [4, 0.5]},
								"up": {"uv": [65, 86], "uv_size": [0.5, 4]},
								"down": {"uv": [66, 90], "uv_size": [0.5, -4]}
							}
						},
						{
							"origin": [0.8525, 22.50502, -20.37162],
							"size": [0.3, 0.25, 4],
							"uv": {
								"north": {"uv": [15, 94], "uv_size": [0.5, 0.5]},
								"east": {"uv": [86, 41], "uv_size": [4, 0.5]},
								"south": {"uv": [94, 15], "uv_size": [0.5, 0.5]},
								"west": {"uv": [75, 86], "uv_size": [4, 0.5]},
								"up": {"uv": [59, 86], "uv_size": [0.5, 4]},
								"down": {"uv": [64, 90], "uv_size": [0.5, -4]}
							}
						},
						{
							"origin": [-1.625, 18.55, -15.55],
							"size": [3.25, 1.9, 6.75],
							"uv": {
								"north": {"uv": [78, 76], "uv_size": [3.5, 2]},
								"east": {"uv": [68, 34], "uv_size": [7, 2]},
								"south": {"uv": [78, 78], "uv_size": [3.5, 2]},
								"west": {"uv": [68, 64], "uv_size": [7, 2]},
								"up": {"uv": [64, 8], "uv_size": [3.5, 7]},
								"down": {"uv": [64, 22], "uv_size": [3.5, -7]}
							}
						},
						{
							"origin": [-1.625, 18.38035, -27.35647],
							"size": [3.25, 1.25, 18.65],
							"pivot": [0, 19.13035, -19.95647],
							"rotation": [-4.5, 0, 0],
							"uv": {
								"north": {"uv": [75, 80], "uv_size": [3.5, 1.5]},
								"east": {"uv": [59, 36], "uv_size": [18.5, 1.5]},
								"south": {"uv": [79, 80], "uv_size": [3.5, 1.5]},
								"west": {"uv": [60, 24], "uv_size": [18.5, 1.5]},
								"up": {"uv": [39, 6], "uv_size": [3.5, 18.5]},
								"down": {"uv": [39, 43.5], "uv_size": [3.5, -18.5]}
							}
						},
						{
							"origin": [-1.625, 20.45, -15.55],
							"size": [3.25, 1, 5],
							"uv": {
								"north": {"uv": [83, 60], "uv_size": [3.5, 1]},
								"east": {"uv": [79, 61], "uv_size": [5, 1]},
								"south": {"uv": [83, 64], "uv_size": [3.5, 1]},
								"west": {"uv": [81, 7], "uv_size": [5, 1]},
								"up": {"uv": [11, 66], "uv_size": [3.5, 5]},
								"down": {"uv": [66, 56], "uv_size": [3.5, -5]}
							}
						},
						{
							"origin": [-1.625, 20.46703, -10.67942],
							"size": [3.25, 1, 2],
							"pivot": [1.625, 20.96698, -10.6794],
							"rotation": [-15, 0, 0],
							"uv": {
								"north": {"uv": [83, 65], "uv_size": [3.5, 1]},
								"east": {"uv": [57, 32], "uv_size": [2, 1]},
								"south": {"uv": [83, 67], "uv_size": [3.5, 1]},
								"west": {"uv": [66, 59], "uv_size": [2, 1]},
								"up": {"uv": [51, 78], "uv_size": [3.5, 2]},
								"down": {"uv": [68, 80], "uv_size": [3.5, -2]}
							}
						},
						{
							"origin": [-1.625, 18.95, -30.3],
							"size": [3.25, 2.5, 3],
							"uv": {
								"north": {"uv": [33, 74], "uv_size": [3.5, 2.5]},
								"east": {"uv": [32, 58], "uv_size": [3, 2.5]},
								"south": {"uv": [37, 74], "uv_size": [3.5, 2.5]},
								"west": {"uv": [76, 14], "uv_size": [3, 2.5]},
								"up": {"uv": [72, 59], "uv_size": [3.5, 3]},
								"down": {"uv": [72, 73], "uv_size": [3.5, -3]}
							}
						},
						{
							"origin": [-1.425, 21.2, -30.3],
							"size": [2.85, 0.75, 9],
							"uv": {
								"north": {"uv": [36, 3], "uv_size": [3, 1]},
								"east": {"uv": [72, 17], "uv_size": [9, 1]},
								"south": {"uv": [33, 69], "uv_size": [3, 1]},
								"west": {"uv": [72, 22], "uv_size": [9, 1]},
								"up": {"uv": [36, 61], "uv_size": [3, 9]},
								"down": {"uv": [39, 70], "uv_size": [3, -9]}
							}
						},
						{
							"origin": [-0.675, 21.95, -30.3],
							"size": [1.35, 0.75, 8],
							"uv": {
								"north": {"uv": [88, 45], "uv_size": [1.5, 1]},
								"east": {"uv": [73, 40], "uv_size": [8, 1]},
								"south": {"uv": [88, 46], "uv_size": [1.5, 1]},
								"west": {"uv": [74, 41], "uv_size": [8, 1]},
								"up": {"uv": [68, 70], "uv_size": [1.5, 8]},
								"down": {"uv": [70, 78], "uv_size": [1.5, -8]}
							}
						},
						{
							"origin": [0.37426, 21.47396, -30.3],
							"size": [1.05, 0.75, 8],
							"pivot": [1.09926, 22.09896, -26.55],
							"rotation": [0, 0, 45],
							"uv": {
								"north": {"uv": [90, 53], "uv_size": [1, 1]},
								"east": {"uv": [75, 30], "uv_size": [8, 1]},
								"south": {"uv": [54, 90], "uv_size": [1, 1]},
								"west": {"uv": [75, 31], "uv_size": [8, 1]},
								"up": {"uv": [22, 74], "uv_size": [1, 8]},
								"down": {"uv": [55, 83], "uv_size": [1, -8]}
							}
						},
						{
							"origin": [-1.54142, 21.7568, -30.3],
							"size": [1.05, 0.75, 8],
							"pivot": [-0.81642, 22.3818, -26.55],
							"rotation": [0, 0, -45],
							"uv": {
								"north": {"uv": [90, 54], "uv_size": [1, 1]},
								"east": {"uv": [75, 34], "uv_size": [8, 1]},
								"south": {"uv": [55, 90], "uv_size": [1, 1]},
								"west": {"uv": [75, 35], "uv_size": [8, 1]},
								"up": {"uv": [56, 75], "uv_size": [1, 8]},
								"down": {"uv": [29, 84], "uv_size": [1, -8]}
							}
						},
						{
							"origin": [-1.54142, 21.7568, -56.8],
							"size": [1.05, 0.75, 26.5],
							"pivot": [-0.81642, 22.3818, -34.05],
							"rotation": [0, 0, -45],
							"uv": {
								"north": {"uv": [90, 64], "uv_size": [1, 1]},
								"east": {"uv": [60, 28], "uv_size": [26.5, 1]},
								"south": {"uv": [65, 90], "uv_size": [1, 1]},
								"west": {"uv": [60, 29], "uv_size": [26.5, 1]},
								"up": {"uv": [62, 60], "uv_size": [1, 26.5]},
								"down": {"uv": [63, 86.5], "uv_size": [1, -26.5]}
							}
						},
						{
							"origin": [-0.675, 21.95, -56.8],
							"size": [1.35, 0.75, 26.5],
							"uv": {
								"north": {"uv": [88, 54], "uv_size": [1.5, 1]},
								"east": {"uv": [60, 26], "uv_size": [26.5, 1]},
								"south": {"uv": [88, 55], "uv_size": [1.5, 1]},
								"west": {"uv": [60, 27], "uv_size": [26.5, 1]},
								"up": {"uv": [51, 48], "uv_size": [1.5, 26.5]},
								"down": {"uv": [53, 74.5], "uv_size": [1.5, -26.5]}
							}
						},
						{
							"origin": [-0.675, 18.95, -56.8],
							"size": [1.35, 0.75, 26.5],
							"uv": {
								"north": {"uv": [57, 88], "uv_size": [1.5, 1]},
								"east": {"uv": [61, 45], "uv_size": [26.5, 1]},
								"south": {"uv": [88, 57], "uv_size": [1.5, 1]},
								"west": {"uv": [61, 46], "uv_size": [26.5, 1]},
								"up": {"uv": [55, 6], "uv_size": [1.5, 26.5]},
								"down": {"uv": [55, 74.5], "uv_size": [1.5, -26.5]}
							}
						},
						{
							"origin": [0.37426, 21.47396, -56.8],
							"size": [1.05, 0.75, 26.5],
							"pivot": [1.09926, 22.09896, -34.05],
							"rotation": [0, 0, 45],
							"uv": {
								"north": {"uv": [90, 63], "uv_size": [1, 1]},
								"east": {"uv": [47, 41], "uv_size": [26.5, 1]},
								"south": {"uv": [64, 90], "uv_size": [1, 1]},
								"west": {"uv": [59, 38], "uv_size": [26.5, 1]},
								"up": {"uv": [42, 61], "uv_size": [1, 26.5]},
								"down": {"uv": [61, 86.5], "uv_size": [1, -26.5]}
							}
						},
						{
							"origin": [0.02825, 19.28713, -56.8],
							"size": [1.05, 0.75, 26.5],
							"pivot": [0.75325, 19.91213, -34.05],
							"rotation": [0, 0, -45],
							"uv": {
								"north": {"uv": [67, 90], "uv_size": [1, 1]},
								"east": {"uv": [63, 1], "uv_size": [26.5, 1]},
								"south": {"uv": [90, 67], "uv_size": [1, 1]},
								"west": {"uv": [63, 2], "uv_size": [26.5, 1]},
								"up": {"uv": [2, 64], "uv_size": [1, 26.5]},
								"down": {"uv": [3, 90.5], "uv_size": [1, -26.5]}
							}
						},
						{
							"origin": [-1.8318, 18.93358, -56.8],
							"size": [1.05, 0.75, 26.5],
							"pivot": [-1.1068, 19.55858, -34.05],
							"rotation": [0, 0, -135],
							"uv": {
								"north": {"uv": [90, 65], "uv_size": [1, 1]},
								"east": {"uv": [61, 47], "uv_size": [26.5, 1]},
								"south": {"uv": [66, 90], "uv_size": [1, 1]},
								"west": {"uv": [63, 0], "uv_size": [26.5, 1]},
								"up": {"uv": [0, 64], "uv_size": [1, 26.5]},
								"down": {"uv": [1, 90.5], "uv_size": [1, -26.5]}
							}
						},
						{
							"origin": [-1.425, 19.7, -56.8],
							"size": [2.85, 2.25, 26.5],
							"uv": {
								"north": {"uv": [76, 70], "uv_size": [3, 2.5]},
								"east": {"uv": [36, 0], "uv_size": [26.5, 2.5]},
								"south": {"uv": [75, 76], "uv_size": [3, 2.5]},
								"west": {"uv": [39, 3], "uv_size": [26.5, 2.5]},
								"up": {"uv": [32, 4], "uv_size": [3, 26.5]},
								"down": {"uv": [32, 57.5], "uv_size": [3, -26.5]}
							}
						},
						{
							"origin": [-1.525, 19.65, -32.1],
							"size": [3.05, 2.4, 1.8],
							"uv": {
								"north": {"uv": [48, 76], "uv_size": [3, 2.5]},
								"east": {"uv": [81, 20], "uv_size": [2, 2.5]},
								"south": {"uv": [76, 59], "uv_size": [3, 2.5]},
								"west": {"uv": [33, 81], "uv_size": [2, 2.5]},
								"up": {"uv": [79, 24], "uv_size": [3, 2]},
								"down": {"uv": [33, 81], "uv_size": [3, -2]}
							}
						},
						{
							"origin": [0.47426, 21.57396, -30.8],
							"size": [1.05, 0.75, 0.5],
							"pivot": [1.19926, 22.19896, -34.05],
							"rotation": [0, 0, 45],
							"uv": {
								"north": {"uv": [90, 56], "uv_size": [1, 1]},
								"east": {"uv": [92, 76], "uv_size": [0.5, 1]},
								"south": {"uv": [90, 57], "uv_size": [1, 1]},
								"west": {"uv": [77, 92], "uv_size": [0.5, 1]},
								"up": {"uv": [92, 77], "uv_size": [1, 0.5]},
								"down": {"uv": [92, 79.5], "uv_size": [1, -0.5]}
							}
						},
						{
							"origin": [-0.775, 22.05, -30.8],
							"size": [1.55, 0.75, 0.5],
							"uv": {
								"north": {"uv": [88, 47], "uv_size": [1.5, 1]},
								"east": {"uv": [92, 74], "uv_size": [0.5, 1]},
								"south": {"uv": [48, 88], "uv_size": [1.5, 1]},
								"west": {"uv": [76, 92], "uv_size": [0.5, 1]},
								"up": {"uv": [92, 23], "uv_size": [1.5, 0.5]},
								"down": {"uv": [24, 92.5], "uv_size": [1.5, -0.5]}
							}
						},
						{
							"origin": [-0.775, 18.9, -32.1],
							"size": [1.55, 0.75, 1.8],
							"uv": {
								"north": {"uv": [50, 88], "uv_size": [1.5, 1]},
								"east": {"uv": [83, 86], "uv_size": [2, 1]},
								"south": {"uv": [52, 88], "uv_size": [1.5, 1]},
								"west": {"uv": [86, 85], "uv_size": [2, 1]},
								"up": {"uv": [26, 84], "uv_size": [1.5, 2]},
								"down": {"uv": [28, 86], "uv_size": [1.5, -2]}
							}
						},
						{
							"origin": [-1.625, 19.2, -54.3],
							"size": [0.25, 0.25, 24],
							"uv": {
								"north": {"uv": [94, 48], "uv_size": [0.5, 0.5]},
								"east": {"uv": [71, 42], "uv_size": [24, 0.5]},
								"south": {"uv": [49, 94], "uv_size": [0.5, 0.5]},
								"west": {"uv": [71, 43], "uv_size": [24, 0.5]},
								"up": {"uv": [41, 70], "uv_size": [0.5, 24]},
								"down": {"uv": [11, 95], "uv_size": [0.5, -24]}
							}
						},
						{
							"origin": [-1.625, 20.89454, -56.64099],
							"size": [0.25, 0.25, 0.75],
							"uv": {
								"north": {"uv": [94, 50], "uv_size": [0.5, 0.5]},
								"east": {"uv": [73, 93], "uv_size": [1, 0.5]},
								"south": {"uv": [51, 94], "uv_size": [0.5, 0.5]},
								"west": {"uv": [93, 73], "uv_size": [1, 0.5]},
								"up": {"uv": [74, 93], "uv_size": [0.5, 1]},
								"down": {"uv": [93, 75], "uv_size": [0.5, -1]}
							}
						},
						{
							"origin": [-1.625, 18.89454, -56.64099],
							"size": [0.25, 0.25, 2],
							"uv": {
								"north": {"uv": [94, 52], "uv_size": [0.5, 0.5]},
								"east": {"uv": [91, 64], "uv_size": [2, 0.5]},
								"south": {"uv": [53, 94], "uv_size": [0.5, 0.5]},
								"west": {"uv": [65, 91], "uv_size": [2, 0.5]},
								"up": {"uv": [67, 91], "uv_size": [0.5, 2]},
								"down": {"uv": [91, 69], "uv_size": [0.5, -2]}
							}
						},
						{
							"origin": [-1.375, 18.89454, -54.89099],
							"size": [2.8, 0.25, 0.25],
							"uv": {
								"north": {"uv": [88, 87], "uv_size": [3, 0.5]},
								"east": {"uv": [94, 53], "uv_size": [0.5, 0.5]},
								"south": {"uv": [88, 88], "uv_size": [3, 0.5]},
								"west": {"uv": [54, 94], "uv_size": [0.5, 0.5]},
								"up": {"uv": [89, 7], "uv_size": [3, 0.5]},
								"down": {"uv": [89, 12.5], "uv_size": [3, -0.5]}
							}
						},
						{
							"origin": [-1.625, 19.14454, -56.64099],
							"size": [0.25, 1.75, 0.25],
							"uv": {
								"north": {"uv": [62, 91], "uv_size": [0.5, 2]},
								"east": {"uv": [91, 62], "uv_size": [0.5, 2]},
								"south": {"uv": [63, 91], "uv_size": [0.5, 2]},
								"west": {"uv": [64, 91], "uv_size": [0.5, 2]},
								"up": {"uv": [94, 51], "uv_size": [0.5, 0.5]},
								"down": {"uv": [52, 94.5], "uv_size": [0.5, -0.5]}
							}
						},
						{
							"origin": [-1.625, 19.83263, -56.2273],
							"size": [0.25, 0.25, 2.5],
							"pivot": [-0.85, 20.20763, -54.7773],
							"rotation": [-45, 0, 0],
							"uv": {
								"north": {"uv": [94, 49], "uv_size": [0.5, 0.5]},
								"east": {"uv": [90, 30], "uv_size": [2.5, 0.5]},
								"south": {"uv": [50, 94], "uv_size": [0.5, 0.5]},
								"west": {"uv": [90, 31], "uv_size": [2.5, 0.5]},
								"up": {"uv": [31, 89], "uv_size": [0.5, 2.5]},
								"down": {"uv": [33, 91.5], "uv_size": [0.5, -2.5]}
							}
						},
						{
							"origin": [1.425, 18.89454, -56.64099],
							"size": [0.25, 0.25, 2],
							"uv": {
								"north": {"uv": [94, 58], "uv_size": [0.5, 0.5]},
								"east": {"uv": [91, 65], "uv_size": [2, 0.5]},
								"south": {"uv": [59, 94], "uv_size": [0.5, 0.5]},
								"west": {"uv": [72, 91], "uv_size": [2, 0.5]},
								"up": {"uv": [74, 91], "uv_size": [0.5, 2]},
								"down": {"uv": [75, 93], "uv_size": [0.5, -2]}
							}
						},
						{
							"origin": [1.425, 19.14454, -56.64099],
							"size": [0.25, 1.75, 0.25],
							"uv": {
								"north": {"uv": [68, 91], "uv_size": [0.5, 2]},
								"east": {"uv": [69, 91], "uv_size": [0.5, 2]},
								"south": {"uv": [91, 70], "uv_size": [0.5, 2]},
								"west": {"uv": [71, 91], "uv_size": [0.5, 2]},
								"up": {"uv": [94, 57], "uv_size": [0.5, 0.5]},
								"down": {"uv": [58, 94.5], "uv_size": [0.5, -0.5]}
							}
						},
						{
							"origin": [1.425, 20.89454, -56.64099],
							"size": [0.25, 0.25, 0.75],
							"uv": {
								"north": {"uv": [94, 56], "uv_size": [0.5, 0.5]},
								"east": {"uv": [75, 93], "uv_size": [1, 0.5]},
								"south": {"uv": [57, 94], "uv_size": [0.5, 0.5]},
								"west": {"uv": [93, 75], "uv_size": [1, 0.5]},
								"up": {"uv": [76, 93], "uv_size": [0.5, 1]},
								"down": {"uv": [93, 77], "uv_size": [0.5, -1]}
							}
						},
						{
							"origin": [1.425, 19.83263, -56.2273],
							"size": [0.25, 0.25, 2.5],
							"pivot": [2.2, 20.20763, -54.7773],
							"rotation": [-45, 0, 0],
							"uv": {
								"north": {"uv": [94, 55], "uv_size": [0.5, 0.5]},
								"east": {"uv": [90, 32], "uv_size": [2.5, 0.5]},
								"south": {"uv": [56, 94], "uv_size": [0.5, 0.5]},
								"west": {"uv": [90, 33], "uv_size": [2.5, 0.5]},
								"up": {"uv": [34, 89], "uv_size": [0.5, 2.5]},
								"down": {"uv": [57, 91.5], "uv_size": [0.5, -2.5]}
							}
						},
						{
							"origin": [1.425, 19.2, -54.3],
							"size": [0.25, 0.25, 24],
							"uv": {
								"north": {"uv": [94, 54], "uv_size": [0.5, 0.5]},
								"east": {"uv": [71, 44], "uv_size": [24, 0.5]},
								"south": {"uv": [55, 94], "uv_size": [0.5, 0.5]},
								"west": {"uv": [71, 66], "uv_size": [24, 0.5]},
								"up": {"uv": [12, 71], "uv_size": [0.5, 24]},
								"down": {"uv": [13, 95], "uv_size": [0.5, -24]}
							}
						},
						{
							"origin": [-1.64142, 21.8568, -30.8],
							"size": [1.05, 0.75, 0.5],
							"pivot": [-0.91642, 22.4818, -34.05],
							"rotation": [0, 0, -45],
							"uv": {
								"north": {"uv": [90, 55], "uv_size": [1, 1]},
								"east": {"uv": [72, 92], "uv_size": [0.5, 1]},
								"south": {"uv": [56, 90], "uv_size": [1, 1]},
								"west": {"uv": [92, 72], "uv_size": [0.5, 1]},
								"up": {"uv": [73, 92], "uv_size": [1, 0.5]},
								"down": {"uv": [92, 73.5], "uv_size": [1, -0.5]}
							}
						},
						{
							"origin": [0.46673, 21.56642, -32.1],
							"size": [1.05, 0.75, 0.5],
							"pivot": [1.19173, 22.19142, -35.35],
							"rotation": [0, 0, 45],
							"uv": {
								"north": {"uv": [90, 62], "uv_size": [1, 1]},
								"east": {"uv": [86, 92], "uv_size": [0.5, 1]},
								"south": {"uv": [63, 90], "uv_size": [1, 1]},
								"west": {"uv": [92, 86], "uv_size": [0.5, 1]},
								"up": {"uv": [87, 92], "uv_size": [1, 0.5]},
								"down": {"uv": [92, 87.5], "uv_size": [1, -0.5]}
							}
						},
						{
							"origin": [-0.78254, 22.04246, -32.1],
							"size": [1.55, 0.75, 0.5],
							"uv": {
								"north": {"uv": [88, 52], "uv_size": [1.5, 1]},
								"east": {"uv": [84, 92], "uv_size": [0.5, 1]},
								"south": {"uv": [88, 53], "uv_size": [1.5, 1]},
								"west": {"uv": [92, 84], "uv_size": [0.5, 1]},
								"up": {"uv": [92, 24], "uv_size": [1.5, 0.5]},
								"down": {"uv": [92, 25.5], "uv_size": [1.5, -0.5]}
							}
						},
						{
							"origin": [-1.64896, 21.84926, -32.1],
							"size": [1.05, 0.75, 0.5],
							"pivot": [-0.92396, 22.47426, -35.35],
							"rotation": [0, 0, -45],
							"uv": {
								"north": {"uv": [61, 90], "uv_size": [1, 1]},
								"east": {"uv": [81, 92], "uv_size": [0.5, 1]},
								"south": {"uv": [62, 90], "uv_size": [1, 1]},
								"west": {"uv": [82, 92], "uv_size": [0.5, 1]},
								"up": {"uv": [83, 92], "uv_size": [1, 0.5]},
								"down": {"uv": [92, 83.5], "uv_size": [1, -0.5]}
							}
						},
						{
							"origin": [0.3636, 19.16893, -32.1],
							"size": [1.05, 0.75, 1.8],
							"pivot": [0.8886, 19.54393, -30.55],
							"rotation": [0, 0, 135],
							"uv": {
								"north": {"uv": [60, 90], "uv_size": [1, 1]},
								"east": {"uv": [87, 12], "uv_size": [2, 1]},
								"south": {"uv": [90, 60], "uv_size": [1, 1]},
								"west": {"uv": [87, 26], "uv_size": [2, 1]},
								"up": {"uv": [87, 27], "uv_size": [1, 2]},
								"down": {"uv": [30, 89], "uv_size": [1, -2]}
							}
						},
						{
							"origin": [-1.4136, 19.16893, -32.1],
							"size": [1.05, 0.75, 1.8],
							"pivot": [-0.8886, 19.54393, -30.55],
							"rotation": [0, 0, -135],
							"uv": {
								"north": {"uv": [59, 90], "uv_size": [1, 1]},
								"east": {"uv": [86, 86], "uv_size": [2, 1]},
								"south": {"uv": [90, 59], "uv_size": [1, 1]},
								"west": {"uv": [87, 7], "uv_size": [2, 1]},
								"up": {"uv": [87, 8], "uv_size": [1, 2]},
								"down": {"uv": [87, 12], "uv_size": [1, -2]}
							}
						},
						{
							"origin": [-1.525, 19.65, -57.6],
							"size": [3.05, 2.4, 0.8],
							"uv": {
								"north": {"uv": [77, 3], "uv_size": [3, 2.5]},
								"east": {"uv": [70, 85], "uv_size": [1, 2.5]},
								"south": {"uv": [18, 77], "uv_size": [3, 2.5]},
								"west": {"uv": [71, 85], "uv_size": [1, 2.5]},
								"up": {"uv": [75, 79], "uv_size": [3, 1]},
								"down": {"uv": [84, 62], "uv_size": [3, -1]}
							}
						},
						{
							"origin": [-0.775, 22.05, -57.6],
							"size": [1.55, 0.75, 0.8],
							"uv": {
								"north": {"uv": [88, 63], "uv_size": [1.5, 1]},
								"east": {"uv": [90, 84], "uv_size": [1, 1]},
								"south": {"uv": [88, 64], "uv_size": [1.5, 1]},
								"west": {"uv": [85, 90], "uv_size": [1, 1]},
								"up": {"uv": [88, 65], "uv_size": [1.5, 1]},
								"down": {"uv": [88, 68], "uv_size": [1.5, -1]}
							}
						},
						{
							"origin": [0.47426, 21.57396, -57.6],
							"size": [1.05, 0.75, 0.8],
							"pivot": [1.19926, 22.19896, -60.55],
							"rotation": [0, 0, 45],
							"uv": {
								"north": {"uv": [90, 81], "uv_size": [1, 1]},
								"east": {"uv": [82, 90], "uv_size": [1, 1]},
								"south": {"uv": [90, 82], "uv_size": [1, 1]},
								"west": {"uv": [83, 90], "uv_size": [1, 1]},
								"up": {"uv": [90, 83], "uv_size": [1, 1]},
								"down": {"uv": [84, 91], "uv_size": [1, -1]}
							}
						},
						{
							"origin": [0.3636, 19.16893, -57.6],
							"size": [1.05, 0.75, 0.8],
							"pivot": [0.8886, 19.54393, -57.05],
							"rotation": [0, 0, 135],
							"uv": {
								"north": {"uv": [78, 90], "uv_size": [1, 1]},
								"east": {"uv": [90, 78], "uv_size": [1, 1]},
								"south": {"uv": [79, 90], "uv_size": [1, 1]},
								"west": {"uv": [80, 90], "uv_size": [1, 1]},
								"up": {"uv": [90, 80], "uv_size": [1, 1]},
								"down": {"uv": [81, 91], "uv_size": [1, -1]}
							}
						},
						{
							"origin": [-0.775, 18.9, -57.6],
							"size": [1.55, 0.75, 0.8],
							"uv": {
								"north": {"uv": [88, 59], "uv_size": [1.5, 1]},
								"east": {"uv": [77, 90], "uv_size": [1, 1]},
								"south": {"uv": [88, 60], "uv_size": [1.5, 1]},
								"west": {"uv": [90, 77], "uv_size": [1, 1]},
								"up": {"uv": [61, 88], "uv_size": [1.5, 1]},
								"down": {"uv": [88, 63], "uv_size": [1.5, -1]}
							}
						},
						{
							"origin": [-1.4136, 19.16893, -57.6],
							"size": [1.05, 0.75, 0.8],
							"pivot": [-0.8886, 19.54393, -57.05],
							"rotation": [0, 0, -135],
							"uv": {
								"north": {"uv": [73, 90], "uv_size": [1, 1]},
								"east": {"uv": [74, 90], "uv_size": [1, 1]},
								"south": {"uv": [75, 90], "uv_size": [1, 1]},
								"west": {"uv": [90, 75], "uv_size": [1, 1]},
								"up": {"uv": [76, 90], "uv_size": [1, 1]},
								"down": {"uv": [90, 77], "uv_size": [1, -1]}
							}
						},
						{
							"origin": [-1.64142, 21.8568, -57.6],
							"size": [1.05, 0.75, 0.8],
							"pivot": [-0.91642, 22.4818, -60.55],
							"rotation": [0, 0, -45],
							"uv": {
								"north": {"uv": [68, 90], "uv_size": [1, 1]},
								"east": {"uv": [90, 68], "uv_size": [1, 1]},
								"south": {"uv": [69, 90], "uv_size": [1, 1]},
								"west": {"uv": [90, 70], "uv_size": [1, 1]},
								"up": {"uv": [90, 71], "uv_size": [1, 1]},
								"down": {"uv": [72, 91], "uv_size": [1, -1]}
							}
						},
						{
							"origin": [-1.64142, 21.3568, -58.4],
							"size": [1.05, 0.75, 0.8],
							"pivot": [-0.91642, 21.9818, -61.35],
							"rotation": [0, 0, -45],
							"uv": {
								"north": {"uv": [14, 91], "uv_size": [1, 1]},
								"east": {"uv": [15, 91], "uv_size": [1, 1]},
								"south": {"uv": [16, 91], "uv_size": [1, 1]},
								"west": {"uv": [91, 16], "uv_size": [1, 1]},
								"up": {"uv": [91, 17], "uv_size": [1, 1]},
								"down": {"uv": [18, 92], "uv_size": [1, -1]}
							}
						},
						{
							"origin": [-1.4136, 19.16893, -58.4],
							"size": [1.05, 0.75, 0.8],
							"pivot": [-0.8886, 19.54393, -57.85],
							"rotation": [0, 0, -135],
							"uv": {
								"north": {"uv": [91, 5], "uv_size": [1, 1]},
								"east": {"uv": [6, 91], "uv_size": [1, 1]},
								"south": {"uv": [91, 6], "uv_size": [1, 1]},
								"west": {"uv": [7, 91], "uv_size": [1, 1]},
								"up": {"uv": [8, 91], "uv_size": [1, 1]},
								"down": {"uv": [9, 92], "uv_size": [1, -1]}
							}
						},
						{
							"origin": [-0.775, 18.9, -58.4],
							"size": [1.55, 0.75, 0.8],
							"uv": {
								"north": {"uv": [75, 88], "uv_size": [1.5, 1]},
								"east": {"uv": [91, 4], "uv_size": [1, 1]},
								"south": {"uv": [77, 88], "uv_size": [1.5, 1]},
								"west": {"uv": [5, 91], "uv_size": [1, 1]},
								"up": {"uv": [79, 88], "uv_size": [1.5, 1]},
								"down": {"uv": [81, 89], "uv_size": [1.5, -1]}
							}
						},
						{
							"origin": [0.3636, 19.16893, -58.4],
							"size": [1.05, 0.75, 0.8],
							"pivot": [0.8886, 19.54393, -57.85],
							"rotation": [0, 0, 135],
							"uv": {
								"north": {"uv": [0, 91], "uv_size": [1, 1]},
								"east": {"uv": [1, 91], "uv_size": [1, 1]},
								"south": {"uv": [2, 91], "uv_size": [1, 1]},
								"west": {"uv": [3, 91], "uv_size": [1, 1]},
								"up": {"uv": [91, 3], "uv_size": [1, 1]},
								"down": {"uv": [4, 92], "uv_size": [1, -1]}
							}
						},
						{
							"origin": [0.47426, 21.07396, -58.4],
							"size": [1.05, 0.75, 0.8],
							"pivot": [1.19926, 21.69896, -61.35],
							"rotation": [0, 0, 45],
							"uv": {
								"north": {"uv": [90, 86], "uv_size": [1, 1]},
								"east": {"uv": [87, 90], "uv_size": [1, 1]},
								"south": {"uv": [88, 90], "uv_size": [1, 1]},
								"west": {"uv": [89, 90], "uv_size": [1, 1]},
								"up": {"uv": [90, 89], "uv_size": [1, 1]},
								"down": {"uv": [90, 91], "uv_size": [1, -1]}
							}
						},
						{
							"origin": [-0.775, 21.55, -58.4],
							"size": [1.55, 0.75, 0.8],
							"uv": {
								"north": {"uv": [88, 68], "uv_size": [1.5, 1]},
								"east": {"uv": [90, 85], "uv_size": [1, 1]},
								"south": {"uv": [70, 88], "uv_size": [1.5, 1]},
								"west": {"uv": [86, 90], "uv_size": [1, 1]},
								"up": {"uv": [88, 70], "uv_size": [1.5, 1]},
								"down": {"uv": [88, 72], "uv_size": [1.5, -1]}
							}
						},
						{
							"origin": [-1.525, 19.65, -58.4],
							"size": [3.05, 1.9, 0.8],
							"uv": {
								"north": {"uv": [36, 79], "uv_size": [3, 2]},
								"east": {"uv": [31, 87], "uv_size": [1, 2]},
								"south": {"uv": [47, 79], "uv_size": [3, 2]},
								"west": {"uv": [33, 87], "uv_size": [1, 2]},
								"up": {"uv": [64, 84], "uv_size": [3, 1]},
								"down": {"uv": [67, 85], "uv_size": [3, -1]}
							}
						},
						{
							"origin": [-1.625, 19.2, -27.3],
							"size": [3.25, 1, 12.75],
							"uv": {
								"north": {"uv": [83, 68], "uv_size": [3.5, 1]},
								"east": {"uv": [70, 52], "uv_size": [13, 1]},
								"south": {"uv": [83, 70], "uv_size": [3.5, 1]},
								"west": {"uv": [70, 53], "uv_size": [13, 1]},
								"up": {"uv": [35, 48], "uv_size": [3.5, 13]},
								"down": {"uv": [39, 61], "uv_size": [3.5, -13]}
							}
						},
						{
							"origin": [-1.375, 20.2, -27.3],
							"size": [2.75, 1, 11.75],
							"uv": {
								"north": {"uv": [70, 84], "uv_size": [3, 1]},
								"east": {"uv": [70, 54], "uv_size": [12, 1]},
								"south": {"uv": [75, 84], "uv_size": [3, 1]},
								"west": {"uv": [70, 55], "uv_size": [12, 1]},
								"up": {"uv": [57, 6], "uv_size": [3, 12]},
								"down": {"uv": [57, 30], "uv_size": [3, -12]}
							}
						},
						{
							"origin": [-1.625, 21.2, -27.3],
							"size": [3.25, 0.25, 11.75],
							"uv": {
								"north": {"uv": [88, 10], "uv_size": [3.5, 0.5]},
								"east": {"uv": [77, 50], "uv_size": [12, 0.5]},
								"south": {"uv": [88, 11], "uv_size": [3.5, 0.5]},
								"west": {"uv": [77, 58], "uv_size": [12, 0.5]},
								"up": {"uv": [51, 6], "uv_size": [3.5, 12]},
								"down": {"uv": [51, 30], "uv_size": [3.5, -12]}
							}
						},
						{
							"origin": [-1.1625, 16.00405, 1.49],
							"size": [2.28, 1.675, 0.7125],
							"uv": {
								"north": {"uv": [64, 82], "uv_size": [2.5, 1.5]},
								"east": {"uv": [91, 76], "uv_size": [0.5, 1.5]},
								"south": {"uv": [67, 82], "uv_size": [2.5, 1.5]},
								"west": {"uv": [78, 91], "uv_size": [0.5, 1.5]},
								"up": {"uv": [89, 13], "uv_size": [2.5, 0.5]},
								"down": {"uv": [14, 89.5], "uv_size": [2.5, -0.5]}
							}
						},
						{
							"origin": [-1.1625, 15.83775, -3.24034],
							"size": [2.28, 1.925, 0.7125],
							"uv": {
								"north": {"uv": [81, 5], "uv_size": [2.5, 2]},
								"east": {"uv": [71, 89], "uv_size": [0.5, 2]},
								"south": {"uv": [6, 81], "uv_size": [2.5, 2]},
								"west": {"uv": [10, 90], "uv_size": [0.5, 2]},
								"up": {"uv": [89, 50], "uv_size": [2.5, 0.5]},
								"down": {"uv": [51, 89.5], "uv_size": [2.5, -0.5]}
							}
						},
						{
							"origin": [-1.1625, 16.19768, -2.3124],
							"size": [2.28, 0.675, 0.7125],
							"pivot": [2.8275, 14.02268, -0.1749],
							"rotation": [22.5, 0, 0],
							"uv": {
								"north": {"uv": [89, 51], "uv_size": [2.5, 0.5]},
								"east": {"uv": [86, 93], "uv_size": [0.5, 0.5]},
								"south": {"uv": [89, 58], "uv_size": [2.5, 0.5]},
								"west": {"uv": [93, 86], "uv_size": [0.5, 0.5]},
								"up": {"uv": [61, 89], "uv_size": [2.5, 0.5]},
								"down": {"uv": [89, 61.5], "uv_size": [2.5, -0.5]}
							}
						},
						{
							"origin": [-1.1625, 14.82067, 0.29088],
							"size": [2.28, 0.855, 0.7125],
							"pivot": [2.8275, 12.82567, 2.42838],
							"rotation": [-22.5, 0, 0],
							"uv": {
								"north": {"uv": [85, 21], "uv_size": [2.5, 1]},
								"east": {"uv": [42, 92], "uv_size": [0.5, 1]},
								"south": {"uv": [85, 22], "uv_size": [2.5, 1]},
								"west": {"uv": [43, 92], "uv_size": [0.5, 1]},
								"up": {"uv": [89, 14], "uv_size": [2.5, 0.5]},
								"down": {"uv": [89, 15.5], "uv_size": [2.5, -0.5]}
							}
						},
						{
							"origin": [-0.6625, 16.25405, 0.065],
							"size": [1.28, 1.425, 0.7125],
							"uv": {
								"north": {"uv": [86, 18], "uv_size": [1.5, 1.5]},
								"east": {"uv": [79, 91], "uv_size": [0.5, 1.5]},
								"south": {"uv": [86, 24], "uv_size": [1.5, 1.5]},
								"west": {"uv": [80, 91], "uv_size": [0.5, 1.5]},
								"up": {"uv": [91, 78], "uv_size": [1.5, 0.5]},
								"down": {"uv": [91, 80.5], "uv_size": [1.5, -0.5]}
							}
						},
						{
							"origin": [-0.6625, 15.07067, -1.13412],
							"size": [1.28, 0.855, 0.7125],
							"pivot": [2.8275, 13.07567, 1.00338],
							"rotation": [-22.5, 0, 0],
							"uv": {
								"north": {"uv": [88, 27], "uv_size": [1.5, 1]},
								"east": {"uv": [44, 92], "uv_size": [0.5, 1]},
								"south": {"uv": [88, 28], "uv_size": [1.5, 1]},
								"west": {"uv": [45, 92], "uv_size": [0.5, 1]},
								"up": {"uv": [81, 91], "uv_size": [1.5, 0.5]},
								"down": {"uv": [91, 81.5], "uv_size": [1.5, -0.5]}
							}
						},
						{
							"origin": [-1.1625, 15.02342, 0.91652],
							"size": [2.28, 0.7125, 0.855],
							"pivot": [-0.0225, 15.37967, 1.34402],
							"rotation": [22.5, 0, 0],
							"uv": {
								"north": {"uv": [89, 26], "uv_size": [2.5, 0.5]},
								"east": {"uv": [46, 92], "uv_size": [1, 0.5]},
								"south": {"uv": [89, 29], "uv_size": [2.5, 0.5]},
								"west": {"uv": [92, 46], "uv_size": [1, 0.5]},
								"up": {"uv": [85, 30], "uv_size": [2.5, 1]},
								"down": {"uv": [85, 32], "uv_size": [2.5, -1]}
							}
						},
						{
							"origin": [-1.1625, 15.02342, -2.87824],
							"size": [2.28, 0.7125, 0.855],
							"pivot": [-0.0225, 15.37967, -2.45074],
							"rotation": [-22.5, 0, 0],
							"uv": {
								"north": {"uv": [89, 69], "uv_size": [2.5, 0.5]},
								"east": {"uv": [47, 92], "uv_size": [1, 0.5]},
								"south": {"uv": [89, 72], "uv_size": [2.5, 0.5]},
								"west": {"uv": [48, 92], "uv_size": [1, 0.5]},
								"up": {"uv": [85, 32], "uv_size": [2.5, 1]},
								"down": {"uv": [47, 86], "uv_size": [2.5, -1]}
							}
						},
						{
							"origin": [-1.1625, 14.88694, -2.19211],
							"size": [2.28, 0.67, 3.2775],
							"uv": {
								"north": {"uv": [45, 89], "uv_size": [2.5, 0.5]},
								"east": {"uv": [88, 8], "uv_size": [3.5, 0.5]},
								"south": {"uv": [48, 89], "uv_size": [2.5, 0.5]},
								"west": {"uv": [88, 9], "uv_size": [3.5, 0.5]},
								"up": {"uv": [72, 73], "uv_size": [2.5, 3.5]},
								"down": {"uv": [4, 77.5], "uv_size": [2.5, -3.5]}
							}
						},
						{
							"origin": [-1.625, 17.81979, 4.91955],
							"size": [3.25, 4.6625, 1.425],
							"pivot": [2.8275, 19.24479, 12.04455],
							"rotation": [45, 0, 0],
							"uv": {
								"north": {"uv": [68, 8], "uv_size": [3.5, 4.5]},
								"east": {"uv": [72, 77], "uv_size": [1.5, 4.5]},
								"south": {"uv": [68, 13], "uv_size": [3.5, 4.5]},
								"west": {"uv": [4, 78], "uv_size": [1.5, 4.5]},
								"up": {"uv": [79, 59], "uv_size": [3.5, 1.5]},
								"down": {"uv": [64, 80.5], "uv_size": [3.5, -1.5]}
							}
						},
						{
							"origin": [-1.625, 15.85035, 4.63449],
							"size": [3.25, 1.425, 3.3125],
							"pivot": [2.8275, 22.97535, 7.40949],
							"rotation": [-22.5, 0, 0],
							"uv": {
								"north": {"uv": [79, 70], "uv_size": [3.5, 1.5]},
								"east": {"uv": [79, 72], "uv_size": [3.5, 1.5]},
								"south": {"uv": [79, 74], "uv_size": [3.5, 1.5]},
								"west": {"uv": [80, 3], "uv_size": [3.5, 1.5]},
								"up": {"uv": [43, 69], "uv_size": [3.5, 3.5]},
								"down": {"uv": [47, 72.5], "uv_size": [3.5, -3.5]}
							}
						},
						{
							"origin": [-1.6225, 14.68988, 15.38917],
							"size": [3.25, 3.8, 8.7],
							"uv": {
								"north": {"uv": [7, 69], "uv_size": [3.5, 4]},
								"east": {"uv": [57, 48], "uv_size": [8.5, 4]},
								"south": {"uv": [29, 69], "uv_size": [3.5, 4]},
								"west": {"uv": [57, 52], "uv_size": [8.5, 4]},
								"up": {"uv": [43, 60], "uv_size": [3.5, 8.5]},
								"down": {"uv": [47, 68.5], "uv_size": [3.5, -8.5]}
							}
						},
						{
							"origin": [-1.6225, 14.68988, 24.08917],
							"size": [3.25, 3.6, 9.2],
							"uv": {
								"north": {"uv": [37, 70], "uv_size": [3.5, 3.5]},
								"east": {"uv": [57, 56], "uv_size": [9, 3.5]},
								"south": {"uv": [64, 70], "uv_size": [3.5, 3.5]},
								"west": {"uv": [59, 32], "uv_size": [9, 3.5]},
								"up": {"uv": [60, 6], "uv_size": [3.5, 9]},
								"down": {"uv": [60, 24], "uv_size": [3.5, -9]}
							}
						},
						{
							"origin": [-1.6225, 12.68988, 15.58917],
							"size": [3.25, 2, 17.7],
							"uv": {
								"north": {"uv": [77, 6], "uv_size": [3.5, 2]},
								"east": {"uv": [47, 39], "uv_size": [17.5, 2]},
								"south": {"uv": [33, 77], "uv_size": [3.5, 2]},
								"west": {"uv": [57, 30], "uv_size": [17.5, 2]},
								"up": {"uv": [43, 6], "uv_size": [3.5, 17.5]},
								"down": {"uv": [43, 41.5], "uv_size": [3.5, -17.5]}
							}
						},
						{
							"origin": [-1.6225, 10.68988, 20.33917],
							"size": [3.25, 2, 12.95],
							"uv": {
								"north": {"uv": [37, 77], "uv_size": [3.5, 2]},
								"east": {"uv": [4, 64], "uv_size": [13, 2]},
								"south": {"uv": [77, 48], "uv_size": [3.5, 2]},
								"west": {"uv": [64, 6], "uv_size": [13, 2]},
								"up": {"uv": [47, 6], "uv_size": [3.5, 13]},
								"down": {"uv": [47, 32], "uv_size": [3.5, -13]}
							}
						},
						{
							"origin": [-1.6225, 8.68988, 25.08917],
							"size": [3.25, 2, 8.2],
							"uv": {
								"north": {"uv": [77, 56], "uv_size": [3.5, 2]},
								"east": {"uv": [64, 22], "uv_size": [8, 2]},
								"south": {"uv": [64, 77], "uv_size": [3.5, 2]},
								"west": {"uv": [65, 39], "uv_size": [8, 2]},
								"up": {"uv": [57, 60], "uv_size": [3.5, 8]},
								"down": {"uv": [32, 69], "uv_size": [3.5, -8]}
							}
						},
						{
							"origin": [-1.6225, 6.68988, 30.08917],
							"size": [3.25, 2, 3.2],
							"uv": {
								"north": {"uv": [78, 36], "uv_size": [3.5, 2]},
								"east": {"uv": [6, 79], "uv_size": [3, 2]},
								"south": {"uv": [43, 78], "uv_size": [3.5, 2]},
								"west": {"uv": [79, 14], "uv_size": [3, 2]},
								"up": {"uv": [7, 73], "uv_size": [3.5, 3]},
								"down": {"uv": [29, 76], "uv_size": [3.5, -3]}
							}
						},
						{
							"origin": [-1.6225, 5.68988, 30.83917],
							"size": [3.25, 1, 2.45],
							"uv": {
								"north": {"uv": [83, 53], "uv_size": [3.5, 1]},
								"east": {"uv": [85, 57], "uv_size": [2.5, 1]},
								"south": {"uv": [83, 59], "uv_size": [3.5, 1]},
								"west": {"uv": [85, 62], "uv_size": [2.5, 1]},
								"up": {"uv": [75, 73], "uv_size": [3.5, 2.5]},
								"down": {"uv": [7, 78.5], "uv_size": [3.5, -2.5]}
							}
						},
						{
							"origin": [-1.6225, 16.22143, 13.63633],
							"size": [3.25, 1.425, 2.4875],
							"pivot": [1.8325, 16.22147, 13.63634],
							"rotation": [22.5, 0, 0],
							"uv": {
								"north": {"uv": [51, 80], "uv_size": [3.5, 1.5]},
								"east": {"uv": [70, 82], "uv_size": [2.5, 1.5]},
								"south": {"uv": [68, 80], "uv_size": [3.5, 1.5]},
								"west": {"uv": [75, 82], "uv_size": [2.5, 1.5]},
								"up": {"uv": [18, 74], "uv_size": [3.5, 2.5]},
								"down": {"uv": [25, 76.5], "uv_size": [3.5, -2.5]}
							}
						},
						{
							"origin": [-1.6225, 14.68988, 9.38917],
							"size": [3.25, 3.2, 6],
							"uv": {
								"north": {"uv": [72, 11], "uv_size": [3.5, 3]},
								"east": {"uv": [65, 42], "uv_size": [6, 3]},
								"south": {"uv": [72, 14], "uv_size": [3.5, 3]},
								"west": {"uv": [66, 3], "uv_size": [6, 3]},
								"up": {"uv": [25, 64], "uv_size": [3.5, 6]},
								"down": {"uv": [64, 66], "uv_size": [3.5, -6]}
							}
						},
						{
							"origin": [-1.625, 14.69897, 7.43224],
							"size": [3.25, 1.425, 1.5975],
							"pivot": [-0.0225, 15.41147, 11.49349],
							"rotation": [22.5, 0, 0],
							"uv": {
								"north": {"uv": [80, 8], "uv_size": [3.5, 1.5]},
								"east": {"uv": [26, 86], "uv_size": [1.5, 1.5]},
								"south": {"uv": [80, 10], "uv_size": [3.5, 1.5]},
								"west": {"uv": [28, 86], "uv_size": [1.5, 1.5]},
								"up": {"uv": [80, 12], "uv_size": [3.5, 1.5]},
								"down": {"uv": [43, 81.5], "uv_size": [3.5, -1.5]}
							}
						},
						{
							"origin": [-1.625, 13.69897, 8.43224],
							"size": [3.25, 1.175, 3.5975],
							"uv": {
								"north": {"uv": [83, 34], "uv_size": [3.5, 1]},
								"east": {"uv": [83, 35], "uv_size": [3.5, 1]},
								"south": {"uv": [83, 51], "uv_size": [3.5, 1]},
								"west": {"uv": [83, 52], "uv_size": [3.5, 1]},
								"up": {"uv": [25, 70], "uv_size": [3.5, 3.5]},
								"down": {"uv": [33, 73.5], "uv_size": [3.5, -3.5]}
							}
						},
						{
							"origin": [-1.625, 14.85988, 6.59167],
							"size": [3.25, 2.35, 4.56],
							"uv": {
								"north": {"uv": [73, 48], "uv_size": [3.5, 2.5]},
								"east": {"uv": [18, 71], "uv_size": [4.5, 2.5]},
								"south": {"uv": [73, 56], "uv_size": [3.5, 2.5]},
								"west": {"uv": [72, 3], "uv_size": [4.5, 2.5]},
								"up": {"uv": [57, 68], "uv_size": [3.5, 4.5]},
								"down": {"uv": [68, 63.5], "uv_size": [3.5, -4.5]}
							}
						},
						{
							"origin": [-1.625, 13.94571, 3.11369],
							"size": [1, 2.5625, 6.7625],
							"pivot": [-0.0225, 17.72071, 13.20119],
							"rotation": [-22.5, 0, 0],
							"uv": {
								"north": {"uv": [33, 84], "uv_size": [1, 2.5]},
								"east": {"uv": [4, 66], "uv_size": [7, 2.5]},
								"south": {"uv": [34, 84], "uv_size": [1, 2.5]},
								"west": {"uv": [66, 48], "uv_size": [7, 2.5]},
								"up": {"uv": [25, 77], "uv_size": [1, 7]},
								"down": {"uv": [26, 84], "uv_size": [1, -7]}
							}
						},
						{
							"origin": [0.625, 13.94571, 3.11369],
							"size": [1, 2.5625, 6.7625],
							"pivot": [-0.0225, 17.72071, 13.20119],
							"rotation": [-22.5, 0, 0],
							"uv": {
								"north": {"uv": [50, 85], "uv_size": [1, 2.5]},
								"east": {"uv": [66, 56], "uv_size": [7, 2.5]},
								"south": {"uv": [67, 85], "uv_size": [1, 2.5]},
								"west": {"uv": [64, 66], "uv_size": [7, 2.5]},
								"up": {"uv": [27, 77], "uv_size": [1, 7]},
								"down": {"uv": [28, 84], "uv_size": [1, -7]}
							}
						},
						{
							"origin": [-1.625, 20.50029, 2.15363],
							"size": [0.9, 1.3125, 1.3625],
							"pivot": [0, 20.53154, 1.53488],
							"rotation": [-45, 0, 0],
							"uv": {
								"north": {"uv": [40, 88], "uv_size": [1, 1.5]},
								"east": {"uv": [43, 86], "uv_size": [1.5, 1.5]},
								"south": {"uv": [42, 88], "uv_size": [1, 1.5]},
								"west": {"uv": [45, 86], "uv_size": [1.5, 1.5]},
								"up": {"uv": [43, 88], "uv_size": [1, 1.5]},
								"down": {"uv": [44, 89.5], "uv_size": [1, -1.5]}
							}
						},
						{
							"origin": [0.725, 19.14833, 2.80505],
							"size": [0.9, 1.3125, 0.6125],
							"uv": {
								"north": {"uv": [29, 88], "uv_size": [1, 1.5]},
								"east": {"uv": [21, 92], "uv_size": [0.5, 1.5]},
								"south": {"uv": [38, 88], "uv_size": [1, 1.5]},
								"west": {"uv": [92, 21], "uv_size": [0.5, 1.5]},
								"up": {"uv": [60, 92], "uv_size": [1, 0.5]},
								"down": {"uv": [92, 60.5], "uv_size": [1, -0.5]}
							}
						},
						{
							"origin": [-0.625, 13.94571, 6.11369],
							"size": [1.25, 2.5625, 3.7625],
							"pivot": [-1.0225, 17.72071, 13.20119],
							"rotation": [-22.5, 0, 0],
							"uv": {
								"north": {"uv": [14, 83], "uv_size": [1.5, 2.5]},
								"east": {"uv": [43, 73], "uv_size": [4, 2.5]},
								"south": {"uv": [16, 83], "uv_size": [1.5, 2.5]},
								"west": {"uv": [47, 73], "uv_size": [4, 2.5]},
								"up": {"uv": [9, 79], "uv_size": [1.5, 4]},
								"down": {"uv": [15, 83], "uv_size": [1.5, -4]}
							}
						},
						{
							"origin": [-0.625, 17.28084, 2.40918],
							"size": [1.25, 2.5625, 3.5125],
							"pivot": [0, 18.56209, 4.04043],
							"rotation": [-15, 0, 0],
							"uv": {
								"north": {"uv": [83, 20], "uv_size": [1.5, 2.5]},
								"east": {"uv": [76, 8], "uv_size": [3.5, 2.5]},
								"south": {"uv": [83, 30], "uv_size": [1.5, 2.5]},
								"west": {"uv": [76, 11], "uv_size": [3.5, 2.5]},
								"up": {"uv": [18, 80], "uv_size": [1.5, 3.5]},
								"down": {"uv": [23, 83.5], "uv_size": [1.5, -3.5]}
							}
						},
						{
							"origin": [-1.625, 9.69571, 11.61369],
							"size": [3.25, 2.5625, 21.5125],
							"pivot": [-0.0225, 13.47071, 21.70119],
							"rotation": [-22.5, 0, 0],
							"uv": {
								"north": {"uv": [64, 74], "uv_size": [3.5, 2.5]},
								"east": {"uv": [43, 42], "uv_size": [21.5, 2.5]},
								"south": {"uv": [51, 75], "uv_size": [3.5, 2.5]},
								"west": {"uv": [39, 45], "uv_size": [21.5, 2.5]},
								"up": {"uv": [35, 4], "uv_size": [3.5, 21.5]},
								"down": {"uv": [35, 47.5], "uv_size": [3.5, -21.5]}
							}
						},
						{
							"origin": [-0.875, 20.5, -66.75],
							"size": [1.7, 1.95, 1.5],
							"uv": {
								"north": {"uv": [84, 8], "uv_size": [1.5, 2]},
								"east": {"uv": [84, 10], "uv_size": [1.5, 2]},
								"south": {"uv": [84, 12], "uv_size": [1.5, 2]},
								"west": {"uv": [84, 18], "uv_size": [1.5, 2]},
								"up": {"uv": [86, 36], "uv_size": [1.5, 1.5]},
								"down": {"uv": [86, 39.5], "uv_size": [1.5, -1.5]}
							}
						},
						{
							"origin": [0.525, 22.45, -66.75],
							"size": [0.3, 1.45, 1.5],
							"uv": {
								"north": {"uv": [26, 92], "uv_size": [0.5, 1.5]},
								"east": {"uv": [47, 86], "uv_size": [1.5, 1.5]},
								"south": {"uv": [27, 92], "uv_size": [0.5, 1.5]},
								"west": {"uv": [51, 86], "uv_size": [1.5, 1.5]},
								"up": {"uv": [28, 92], "uv_size": [0.5, 1.5]},
								"down": {"uv": [29, 93.5], "uv_size": [0.5, -1.5]}
							}
						},
						{
							"origin": [-0.875, 22.45, -66.75],
							"size": [0.3, 1.45, 1.5],
							"uv": {
								"north": {"uv": [30, 92], "uv_size": [0.5, 1.5]},
								"east": {"uv": [53, 86], "uv_size": [1.5, 1.5]},
								"south": {"uv": [31, 92], "uv_size": [0.5, 1.5]},
								"west": {"uv": [86, 54], "uv_size": [1.5, 1.5]},
								"up": {"uv": [33, 92], "uv_size": [0.5, 1.5]},
								"down": {"uv": [34, 93.5], "uv_size": [0.5, -1.5]}
							}
						},
						{
							"origin": [-0.175, 22.45, -66.5],
							"size": [0.3, 0.7, 1],
							"uv": {
								"north": {"uv": [33, 94], "uv_size": [0.5, 0.5]},
								"east": {"uv": [89, 92], "uv_size": [1, 0.5]},
								"south": {"uv": [94, 33], "uv_size": [0.5, 0.5]},
								"west": {"uv": [92, 89], "uv_size": [1, 0.5]},
								"up": {"uv": [90, 92], "uv_size": [0.5, 1]},
								"down": {"uv": [92, 91], "uv_size": [0.5, -1]}
							}
						},
						{
							"origin": [-0.225, 19.25, -65],
							"size": [0.4, 0.4, 7],
							"uv": {
								"north": {"uv": [85, 93], "uv_size": [0.5, 0.5]},
								"east": {"uv": [82, 79], "uv_size": [7, 0.5]},
								"south": {"uv": [93, 85], "uv_size": [0.5, 0.5]},
								"west": {"uv": [83, 33], "uv_size": [7, 0.5]},
								"up": {"uv": [10, 83], "uv_size": [0.5, 7]},
								"down": {"uv": [55, 90], "uv_size": [0.5, -7]}
							}
						},
						{
							"origin": [-0.625, 20.75, -66.75],
							"size": [1.2, 1.2, 8.75],
							"uv": {
								"north": {"uv": [19, 91], "uv_size": [1, 1]},
								"east": {"uv": [72, 23], "uv_size": [9, 1]},
								"south": {"uv": [20, 91], "uv_size": [1, 1]},
								"west": {"uv": [72, 62], "uv_size": [9, 1]},
								"up": {"uv": [23, 71], "uv_size": [1, 9]},
								"down": {"uv": [24, 80], "uv_size": [1, -9]}
							}
						},
						{
							"origin": [-0.425, 20.95, -69.75],
							"size": [0.8, 0.8, 3],
							"pivot": [-0.025, 21.35, -68.25],
							"rotation": [0, 0, -45],
							"uv": {
								"north": {"uv": [46, 91], "uv_size": [1, 1]},
								"east": {"uv": [78, 84], "uv_size": [3, 1]},
								"south": {"uv": [91, 46], "uv_size": [1, 1]},
								"west": {"uv": [81, 84], "uv_size": [3, 1]},
								"up": {"uv": [30, 84], "uv_size": [1, 3]},
								"down": {"uv": [31, 87], "uv_size": [1, -3]}
							}
						},
						{
							"origin": [-0.325, 19.15, -66.75],
							"size": [0.6, 0.6, 2],
							"uv": {
								"north": {"uv": [89, 93], "uv_size": [0.5, 0.5]},
								"east": {"uv": [36, 90], "uv_size": [2, 0.5]},
								"south": {"uv": [93, 89], "uv_size": [0.5, 0.5]},
								"west": {"uv": [90, 36], "uv_size": [2, 0.5]},
								"up": {"uv": [29, 90], "uv_size": [0.5, 2]},
								"down": {"uv": [90, 39], "uv_size": [0.5, -2]}
							}
						},
						{
							"origin": [-1.725, 19.34999, -13.12162],
							"size": [3.45, 1, 1],
							"pivot": [0, 19.84999, -12.62162],
							"rotation": [17.5, 0, 0],
							"uv": {
								"north": {"uv": [83, 71], "uv_size": [3.5, 1]},
								"east": {"uv": [90, 52], "uv_size": [1, 1]},
								"south": {"uv": [83, 72], "uv_size": [3.5, 1]},
								"west": {"uv": [53, 90], "uv_size": [1, 1]},
								"up": {"uv": [83, 73], "uv_size": [3.5, 1]},
								"down": {"uv": [83, 75], "uv_size": [3.5, -1]}
							}
						},
						{
							"origin": [1.175, 20.45, -1.8],
							"size": [0.45, 1.25, 4.9],
							"uv": {
								"north": {"uv": [22, 92], "uv_size": [0.5, 1.5]},
								"east": {"uv": [76, 20], "uv_size": [5, 1.5]},
								"south": {"uv": [23, 92], "uv_size": [0.5, 1.5]},
								"west": {"uv": [43, 76], "uv_size": [5, 1.5]},
								"up": {"uv": [68, 85], "uv_size": [0.5, 5]},
								"down": {"uv": [69, 90], "uv_size": [0.5, -5]}
							}
						},
						{
							"origin": [1.425, 21.7, -1.8],
							"size": [0.2, 0.25, 1],
							"uv": {
								"north": {"uv": [31, 94], "uv_size": [0.5, 0.5]},
								"east": {"uv": [65, 92], "uv_size": [1, 0.5]},
								"south": {"uv": [94, 31], "uv_size": [0.5, 0.5]},
								"west": {"uv": [66, 92], "uv_size": [1, 0.5]},
								"up": {"uv": [92, 67], "uv_size": [0.5, 1]},
								"down": {"uv": [92, 69], "uv_size": [0.5, -1]}
							}
						},
						{
							"origin": [1.175, 21.7, 2.2],
							"size": [0.45, 0.25, 0.9],
							"uv": {
								"north": {"uv": [32, 94], "uv_size": [0.5, 0.5]},
								"east": {"uv": [92, 69], "uv_size": [1, 0.5]},
								"south": {"uv": [94, 32], "uv_size": [0.5, 0.5]},
								"west": {"uv": [70, 92], "uv_size": [1, 0.5]},
								"up": {"uv": [92, 70], "uv_size": [0.5, 1]},
								"down": {"uv": [92, 72], "uv_size": [0.5, -1]}
							}
						}
					]
				},
				{
					"name": "bolt",
					"parent": "main",
					"pivot": [0, 21.75, -8.85]
				},
				{
					"name": "boltmain",
					"parent": "bolt",
					"pivot": [0, 21.6, -2.2712],
					"cubes": [
						{
							"origin": [-0.5, 21.1, -9.25],
							"size": [1, 0.9, 12.8575],
							"uv": {
								"north": {"uv": [6, 78], "uv_size": [1, 1]},
								"east": {"uv": [64, 69], "uv_size": [13, 1]},
								"south": {"uv": [47, 78], "uv_size": [1, 1]},
								"west": {"uv": [70, 51], "uv_size": [13, 1]},
								"up": {"uv": [15, 66], "uv_size": [1, 13]},
								"down": {"uv": [16, 79], "uv_size": [1, -13]}
							}
						},
						{
							"origin": [-0.75, 21.25, -9.25],
							"size": [0.25, 0.6, 9.2575],
							"uv": {
								"north": {"uv": [94, 47], "uv_size": [0.5, 0.5]},
								"east": {"uv": [81, 17], "uv_size": [9.5, 0.5]},
								"south": {"uv": [48, 94], "uv_size": [0.5, 0.5]},
								"west": {"uv": [81, 23], "uv_size": [9.5, 0.5]},
								"up": {"uv": [20, 80], "uv_size": [0.5, 9.5]},
								"down": {"uv": [35, 90.5], "uv_size": [0.5, -9.5]}
							}
						},
						{
							"origin": [-0.45, 21.85, 3.1],
							"size": [0.9, 0.55, 0.85],
							"uv": {
								"north": {"uv": [93, 46], "uv_size": [1, 0.5]},
								"east": {"uv": [47, 93], "uv_size": [1, 0.5]},
								"south": {"uv": [93, 47], "uv_size": [1, 0.5]},
								"west": {"uv": [48, 93], "uv_size": [1, 0.5]},
								"up": {"uv": [91, 48], "uv_size": [1, 1]},
								"down": {"uv": [49, 92], "uv_size": [1, -1]}
							}
						},
						{
							"origin": [-0.45, 20.6, 3.1],
							"size": [0.9, 0.55, 0.85],
							"uv": {
								"north": {"uv": [71, 93], "uv_size": [1, 0.5]},
								"east": {"uv": [93, 71], "uv_size": [1, 0.5]},
								"south": {"uv": [72, 93], "uv_size": [1, 0.5]},
								"west": {"uv": [93, 72], "uv_size": [1, 0.5]},
								"up": {"uv": [60, 91], "uv_size": [1, 1]},
								"down": {"uv": [61, 92], "uv_size": [1, -1]}
							}
						},
						{
							"origin": [-0.83839, 21.76841, 3.1],
							"size": [0.65, 0.45, 0.85],
							"pivot": [-0.53839, 21.99341, 3.775],
							"rotation": [0, 0, -45],
							"uv": {
								"north": {"uv": [41, 94], "uv_size": [0.5, 0.5]},
								"east": {"uv": [93, 48], "uv_size": [1, 0.5]},
								"south": {"uv": [94, 41], "uv_size": [0.5, 0.5]},
								"west": {"uv": [49, 93], "uv_size": [1, 0.5]},
								"up": {"uv": [93, 49], "uv_size": [0.5, 1]},
								"down": {"uv": [50, 94], "uv_size": [0.5, -1]}
							}
						},
						{
							"origin": [0.20303, 21.80377, 3.1],
							"size": [0.65, 0.45, 0.85],
							"pivot": [0.50303, 22.02877, 3.775],
							"rotation": [0, 0, 45],
							"uv": {
								"north": {"uv": [42, 94], "uv_size": [0.5, 0.5]},
								"east": {"uv": [93, 50], "uv_size": [1, 0.5]},
								"south": {"uv": [43, 94], "uv_size": [0.5, 0.5]},
								"west": {"uv": [51, 93], "uv_size": [1, 0.5]},
								"up": {"uv": [93, 51], "uv_size": [0.5, 1]},
								"down": {"uv": [52, 94], "uv_size": [0.5, -1]}
							}
						},
						{
							"origin": [-0.80303, 20.74623, 3.1],
							"size": [0.65, 0.45, 0.85],
							"pivot": [-0.50303, 20.97123, 3.775],
							"rotation": [0, 0, -135],
							"uv": {
								"north": {"uv": [94, 45], "uv_size": [0.5, 0.5]},
								"east": {"uv": [93, 54], "uv_size": [1, 0.5]},
								"south": {"uv": [46, 94], "uv_size": [0.5, 0.5]},
								"west": {"uv": [55, 93], "uv_size": [1, 0.5]},
								"up": {"uv": [93, 55], "uv_size": [0.5, 1]},
								"down": {"uv": [56, 94], "uv_size": [0.5, -1]}
							}
						},
						{
							"origin": [0.23839, 20.78159, 3.1],
							"size": [0.65, 0.45, 0.85],
							"pivot": [0.53839, 21.00659, 3.775],
							"rotation": [0, 0, 135],
							"uv": {
								"north": {"uv": [44, 94], "uv_size": [0.5, 0.5]},
								"east": {"uv": [93, 52], "uv_size": [1, 0.5]},
								"south": {"uv": [45, 94], "uv_size": [0.5, 0.5]},
								"west": {"uv": [53, 93], "uv_size": [1, 0.5]},
								"up": {"uv": [93, 53], "uv_size": [0.5, 1]},
								"down": {"uv": [54, 94], "uv_size": [0.5, -1]}
							}
						},
						{
							"origin": [-0.9, 21.05, 3.6],
							"size": [1.8, 0.9, 0.35],
							"uv": {
								"north": {"uv": [87, 72], "uv_size": [2, 1]},
								"east": {"uv": [93, 45], "uv_size": [0.5, 1]},
								"south": {"uv": [87, 73], "uv_size": [2, 1]},
								"west": {"uv": [46, 93], "uv_size": [0.5, 1]},
								"up": {"uv": [47, 91], "uv_size": [2, 0.5]},
								"down": {"uv": [91, 47.5], "uv_size": [2, -0.5]}
							}
						},
						{
							"origin": [-0.45, 20.45, 3.95],
							"size": [0.9, 0.6, 0.85],
							"uv": {
								"north": {"uv": [67, 93], "uv_size": [1, 0.5]},
								"east": {"uv": [93, 67], "uv_size": [1, 0.5]},
								"south": {"uv": [68, 93], "uv_size": [1, 0.5]},
								"west": {"uv": [93, 68], "uv_size": [1, 0.5]},
								"up": {"uv": [91, 56], "uv_size": [1, 1]},
								"down": {"uv": [91, 58], "uv_size": [1, -1]}
							}
						},
						{
							"origin": [-0.45, 21.95, 3.95],
							"size": [0.9, 0.6, 0.85],
							"uv": {
								"north": {"uv": [93, 64], "uv_size": [1, 0.5]},
								"east": {"uv": [65, 93], "uv_size": [1, 0.5]},
								"south": {"uv": [93, 65], "uv_size": [1, 0.5]},
								"west": {"uv": [66, 93], "uv_size": [1, 0.5]},
								"up": {"uv": [91, 55], "uv_size": [1, 1]},
								"down": {"uv": [56, 92], "uv_size": [1, -1]}
							}
						},
						{
							"origin": [-1.03839, 21.91841, 3.95],
							"size": [0.85, 0.45, 0.85],
							"pivot": [-0.53839, 22.14341, 4.625],
							"rotation": [0, 0, -45],
							"uv": {
								"north": {"uv": [93, 62], "uv_size": [1, 0.5]},
								"east": {"uv": [63, 93], "uv_size": [1, 0.5]},
								"south": {"uv": [93, 63], "uv_size": [1, 0.5]},
								"west": {"uv": [64, 93], "uv_size": [1, 0.5]},
								"up": {"uv": [91, 54], "uv_size": [1, 1]},
								"down": {"uv": [55, 92], "uv_size": [1, -1]}
							}
						},
						{
							"origin": [0.20303, 21.95377, 3.95],
							"size": [0.85, 0.45, 0.85],
							"pivot": [0.50303, 22.17877, 4.625],
							"rotation": [0, 0, 45],
							"uv": {
								"north": {"uv": [93, 60], "uv_size": [1, 0.5]},
								"east": {"uv": [61, 93], "uv_size": [1, 0.5]},
								"south": {"uv": [93, 61], "uv_size": [1, 0.5]},
								"west": {"uv": [62, 93], "uv_size": [1, 0.5]},
								"up": {"uv": [91, 53], "uv_size": [1, 1]},
								"down": {"uv": [54, 92], "uv_size": [1, -1]}
							}
						},
						{
							"origin": [0.03839, 20.63159, 3.95],
							"size": [0.85, 0.45, 0.85],
							"pivot": [0.53839, 20.85659, 4.625],
							"rotation": [0, 0, 135],
							"uv": {
								"north": {"uv": [93, 58], "uv_size": [1, 0.5]},
								"east": {"uv": [59, 93], "uv_size": [1, 0.5]},
								"south": {"uv": [93, 59], "uv_size": [1, 0.5]},
								"west": {"uv": [60, 93], "uv_size": [1, 0.5]},
								"up": {"uv": [91, 52], "uv_size": [1, 1]},
								"down": {"uv": [53, 92], "uv_size": [1, -1]}
							}
						},
						{
							"origin": [-1.05, 21.05, 3.95],
							"size": [2.1, 0.9, 0.85],
							"uv": {
								"north": {"uv": [87, 74], "uv_size": [2, 1]},
								"east": {"uv": [51, 91], "uv_size": [1, 1]},
								"south": {"uv": [75, 87], "uv_size": [2, 1]},
								"west": {"uv": [52, 91], "uv_size": [1, 1]},
								"up": {"uv": [77, 87], "uv_size": [2, 1]},
								"down": {"uv": [79, 88], "uv_size": [2, -1]}
							}
						},
						{
							"origin": [-0.80303, 20.59623, 3.95],
							"size": [0.85, 0.45, 0.85],
							"pivot": [-0.50303, 20.82123, 4.625],
							"rotation": [0, 0, -135],
							"uv": {
								"north": {"uv": [93, 56], "uv_size": [1, 0.5]},
								"east": {"uv": [57, 93], "uv_size": [1, 0.5]},
								"south": {"uv": [93, 57], "uv_size": [1, 0.5]},
								"west": {"uv": [58, 93], "uv_size": [1, 0.5]},
								"up": {"uv": [91, 49], "uv_size": [1, 1]},
								"down": {"uv": [50, 92], "uv_size": [1, -1]}
							}
						},
						{
							"origin": [-4.4, 21.05, -0.15],
							"size": [1.5, 1, 1],
							"uv": {
								"north": {"uv": [88, 30], "uv_size": [1.5, 1]},
								"east": {"uv": [80, 5], "uv_size": [1, 1]},
								"south": {"uv": [88, 31], "uv_size": [1.5, 1]},
								"west": {"uv": [20, 90], "uv_size": [1, 1]},
								"up": {"uv": [88, 32], "uv_size": [1.5, 1]},
								"down": {"uv": [88, 35], "uv_size": [1.5, -1]}
							}
						},
						{
							"origin": [-2.9, 21.15, -0.05],
							"size": [0.25, 0.8, 0.8],
							"uv": {
								"north": {"uv": [92, 52], "uv_size": [0.5, 1]},
								"east": {"uv": [51, 90], "uv_size": [1, 1]},
								"south": {"uv": [53, 92], "uv_size": [0.5, 1]},
								"west": {"uv": [52, 90], "uv_size": [1, 1]},
								"up": {"uv": [92, 53], "uv_size": [0.5, 1]},
								"down": {"uv": [54, 93], "uv_size": [0.5, -1]}
							}
						},
						{
							"origin": [-4.65, 21.15, -0.05],
							"size": [0.25, 0.8, 0.8],
							"uv": {
								"north": {"uv": [93, 7], "uv_size": [0.5, 1]},
								"east": {"uv": [91, 23], "uv_size": [1, 1]},
								"south": {"uv": [8, 93], "uv_size": [0.5, 1]},
								"west": {"uv": [25, 91], "uv_size": [1, 1]},
								"up": {"uv": [9, 93], "uv_size": [0.5, 1]},
								"down": {"uv": [93, 10], "uv_size": [0.5, -1]}
							}
						},
						{
							"origin": [-2.9, 21.3, 0.1],
							"size": [2.25, 0.5, 0.5],
							"uv": {
								"north": {"uv": [89, 73], "uv_size": [2.5, 0.5]},
								"east": {"uv": [87, 93], "uv_size": [0.5, 0.5]},
								"south": {"uv": [74, 89], "uv_size": [2.5, 0.5]},
								"west": {"uv": [93, 87], "uv_size": [0.5, 0.5]},
								"up": {"uv": [89, 74], "uv_size": [2.5, 0.5]},
								"down": {"uv": [77, 89.5], "uv_size": [2.5, -0.5]}
							}
						},
						{
							"origin": [-1.25, 21.2, 0],
							"size": [0.75, 0.7, 0.7],
							"uv": {
								"north": {"uv": [92, 48], "uv_size": [1, 0.5]},
								"east": {"uv": [88, 93], "uv_size": [0.5, 0.5]},
								"south": {"uv": [49, 92], "uv_size": [1, 0.5]},
								"west": {"uv": [93, 88], "uv_size": [0.5, 0.5]},
								"up": {"uv": [92, 49], "uv_size": [1, 0.5]},
								"down": {"uv": [50, 92.5], "uv_size": [1, -0.5]}
							}
						}
					]
				},
				{
					"name": "dustcover",
					"parent": "bolt",
					"pivot": [0, 0, 0],
					"cubes": [
						{
							"origin": [-1.09839, 22.34593, 0.95],
							"size": [1.06, 0.05, 2.15],
							"pivot": [-0.56339, 21.99593, -2.65],
							"rotation": [0, 0, -45],
							"uv": {
								"north": {"uv": [80, 93], "uv_size": [1, 0.5]},
								"east": {"uv": [91, 75], "uv_size": [2, 0.5]},
								"south": {"uv": [93, 80], "uv_size": [1, 0.5]},
								"west": {"uv": [76, 91], "uv_size": [2, 0.5]},
								"up": {"uv": [86, 87], "uv_size": [1, 2]},
								"down": {"uv": [87, 89], "uv_size": [1, -2]}
							}
						},
						{
							"origin": [-1.09839, 22.34593, -8.9],
							"size": [1.06, 0.05, 8.65],
							"pivot": [-0.56339, 21.99593, -6.15],
							"rotation": [0, 0, -45],
							"uv": {
								"north": {"uv": [82, 93], "uv_size": [1, 0.5]},
								"east": {"uv": [81, 49], "uv_size": [8.5, 0.5]},
								"south": {"uv": [93, 82], "uv_size": [1, 0.5]},
								"west": {"uv": [81, 56], "uv_size": [8.5, 0.5]},
								"up": {"uv": [59, 73], "uv_size": [1, 8.5]},
								"down": {"uv": [60, 81.5], "uv_size": [1, -8.5]}
							}
						},
						{
							"origin": [0.0501, 22.37421, -8.9],
							"size": [1.06, 0.05, 12],
							"pivot": [0.5351, 22.02421, -6.15],
							"rotation": [0, 0, 45],
							"uv": {
								"north": {"uv": [81, 93], "uv_size": [1, 0.5]},
								"east": {"uv": [77, 69], "uv_size": [12, 0.5]},
								"south": {"uv": [93, 81], "uv_size": [1, 0.5]},
								"west": {"uv": [79, 16], "uv_size": [12, 0.5]},
								"up": {"uv": [14, 71], "uv_size": [1, 12]},
								"down": {"uv": [17, 83], "uv_size": [1, -12]}
							}
						},
						{
							"origin": [-0.475, 22.6, 0.75],
							"size": [0.95, 0.05, 2.35],
							"uv": {
								"north": {"uv": [77, 93], "uv_size": [1, 0.5]},
								"east": {"uv": [90, 34], "uv_size": [2.5, 0.5]},
								"south": {"uv": [93, 77], "uv_size": [1, 0.5]},
								"west": {"uv": [90, 35], "uv_size": [2.5, 0.5]},
								"up": {"uv": [16, 86], "uv_size": [1, 2.5]},
								"down": {"uv": [17, 88.5], "uv_size": [1, -2.5]}
							}
						},
						{
							"origin": [-0.475, 22.6, -8.9],
							"size": [0.95, 0.05, 8.85],
							"uv": {
								"north": {"uv": [84, 93], "uv_size": [1, 0.5]},
								"east": {"uv": [81, 40], "uv_size": [9, 0.5]},
								"south": {"uv": [93, 84], "uv_size": [1, 0.5]},
								"west": {"uv": [81, 48], "uv_size": [9, 0.5]},
								"up": {"uv": [57, 73], "uv_size": [1, 9]},
								"down": {"uv": [58, 82], "uv_size": [1, -9]}
							}
						},
						{
							"origin": [1.175, 21, -8.9],
							"size": [0.05, 0.9, 12],
							"uv": {
								"north": {"uv": [78, 93], "uv_size": [0.5, 1]},
								"east": {"uv": [71, 67], "uv_size": [12, 1]},
								"south": {"uv": [93, 78], "uv_size": [0.5, 1]},
								"west": {"uv": [71, 68], "uv_size": [12, 1]},
								"up": {"uv": [74, 77], "uv_size": [0.5, 12]},
								"down": {"uv": [39, 91], "uv_size": [0.5, -12]}
							}
						},
						{
							"origin": [-1.225, 21, 0.75],
							"size": [0.05, 0.9, 2.35],
							"uv": {
								"north": {"uv": [79, 93], "uv_size": [0.5, 1]},
								"east": {"uv": [86, 14], "uv_size": [2.5, 1]},
								"south": {"uv": [93, 79], "uv_size": [0.5, 1]},
								"west": {"uv": [86, 15], "uv_size": [2.5, 1]},
								"up": {"uv": [58, 89], "uv_size": [0.5, 2.5]},
								"down": {"uv": [70, 91.5], "uv_size": [0.5, -2.5]}
							}
						},
						{
							"origin": [-1.225, 21, -8.9],
							"size": [0.05, 0.9, 8.85],
							"uv": {
								"north": {"uv": [83, 93], "uv_size": [0.5, 1]},
								"east": {"uv": [72, 63], "uv_size": [9, 1]},
								"south": {"uv": [93, 83], "uv_size": [0.5, 1]},
								"west": {"uv": [73, 39], "uv_size": [9, 1]},
								"up": {"uv": [36, 81], "uv_size": [0.5, 9]},
								"down": {"uv": [37, 90], "uv_size": [0.5, -9]}
							}
						}
					]
				},
				{
					"name": "clip",
					"parent": "main",
					"pivot": [0, 16, 30.5]
				},
				{
					"name": "strip",
					"parent": "clip",
					"pivot": [-0.5, 15.95368, 30.59799],
					"cubes": [
						{
							"origin": [-1.0225, 21.53988, 36.38917],
							"size": [1, 0.3, 2.15],
							"pivot": [-0.0225, 21.53988, 30.28917],
							"rotation": [-90, 0, 0],
							"uv": {
								"north": {"uv": [92, 50], "uv_size": [1, 0.5]},
								"east": {"uv": [90, 40], "uv_size": [2, 0.5]},
								"south": {"uv": [51, 92], "uv_size": [1, 0.5]},
								"west": {"uv": [90, 41], "uv_size": [2, 0.5]},
								"up": {"uv": [57, 86], "uv_size": [1, 2]},
								"down": {"uv": [58, 88], "uv_size": [1, -2]}
							}
						},
						{
							"origin": [-1.0225, 23.38329, 35.19306],
							"size": [1, 0.3, 2.4],
							"pivot": [-0.0225, 23.38329, 29.59306],
							"rotation": [-85, 0, 0],
							"uv": {
								"north": {"uv": [92, 51], "uv_size": [1, 0.5]},
								"east": {"uv": [89, 79], "uv_size": [2.5, 0.5]},
								"south": {"uv": [52, 92], "uv_size": [1, 0.5]},
								"west": {"uv": [80, 89], "uv_size": [2.5, 0.5]},
								"up": {"uv": [38, 85], "uv_size": [1, 2.5]},
								"down": {"uv": [40, 87.5], "uv_size": [1, -2.5]}
							}
						}
					]
				},
				{
					"name": "bullet",
					"parent": "clip",
					"pivot": [-0.515, 15.90072, 27.06026],
					"cubes": [
						{
							"origin": [-0.9225, 14.21738, 26.17417],
							"size": [0.77, 0.77, 4.2],
							"pivot": [-0.5375, 14.60238, 27.52417],
							"rotation": [0, 0, -30],
							"uv": {
								"north": {"uv": [38, 90], "uv_size": [1, 1]},
								"east": {"uv": [39, 44], "uv_size": [4, 1]},
								"south": {"uv": [40, 90], "uv_size": [1, 1]},
								"west": {"uv": [47, 32], "uv_size": [4, 1]},
								"up": {"uv": [38, 81], "uv_size": [1, 4]},
								"down": {"uv": [47, 85], "uv_size": [1, -4]}
							}
						},
						{
							"origin": [-0.8225, 14.31738, 24.67417],
							"size": [0.57, 0.57, 1.5],
							"pivot": [-0.5375, 14.60238, 23.32417],
							"rotation": [0, 0, -30],
							"uv": {
								"north": {"uv": [90, 93], "uv_size": [0.5, 0.5]},
								"east": {"uv": [91, 82], "uv_size": [1.5, 0.5]},
								"south": {"uv": [93, 90], "uv_size": [0.5, 0.5]},
								"west": {"uv": [83, 91], "uv_size": [1.5, 0.5]},
								"up": {"uv": [91, 83], "uv_size": [0.5, 1.5]},
								"down": {"uv": [85, 92.5], "uv_size": [0.5, -1.5]}
							}
						},
						{
							"origin": [-0.9225, 13.36738, 26.17417],
							"size": [0.77, 0.77, 4.2],
							"pivot": [-0.5375, 13.75238, 27.52417],
							"rotation": [0, 0, -27.5],
							"uv": {
								"north": {"uv": [42, 90], "uv_size": [1, 1]},
								"east": {"uv": [81, 57], "uv_size": [4, 1]},
								"south": {"uv": [43, 90], "uv_size": [1, 1]},
								"west": {"uv": [81, 62], "uv_size": [4, 1]},
								"up": {"uv": [48, 81], "uv_size": [1, 4]},
								"down": {"uv": [49, 85], "uv_size": [1, -4]}
							}
						},
						{
							"origin": [-0.8225, 13.46738, 24.67417],
							"size": [0.57, 0.57, 1.5],
							"pivot": [-0.5375, 13.75238, 23.32417],
							"rotation": [0, 0, -27.5],
							"uv": {
								"north": {"uv": [91, 93], "uv_size": [0.5, 0.5]},
								"east": {"uv": [91, 85], "uv_size": [1.5, 0.5]},
								"south": {"uv": [93, 91], "uv_size": [0.5, 0.5]},
								"west": {"uv": [86, 91], "uv_size": [1.5, 0.5]},
								"up": {"uv": [91, 86], "uv_size": [0.5, 1.5]},
								"down": {"uv": [88, 92.5], "uv_size": [0.5, -1.5]}
							}
						},
						{
							"origin": [-0.9225, 15.06738, 26.17417],
							"size": [0.77, 0.77, 4.2],
							"pivot": [-0.5375, 15.45238, 27.52417],
							"rotation": [0, 0, -30],
							"uv": {
								"north": {"uv": [44, 90], "uv_size": [1, 1]},
								"east": {"uv": [81, 63], "uv_size": [4, 1]},
								"south": {"uv": [45, 90], "uv_size": [1, 1]},
								"west": {"uv": [64, 81], "uv_size": [4, 1]},
								"up": {"uv": [22, 82], "uv_size": [1, 4]},
								"down": {"uv": [43, 86], "uv_size": [1, -4]}
							}
						},
						{
							"origin": [-0.8225, 15.16738, 24.67417],
							"size": [0.57, 0.57, 1.5],
							"pivot": [-0.5375, 15.45238, 23.32417],
							"rotation": [0, 0, -30],
							"uv": {
								"north": {"uv": [92, 93], "uv_size": [0.5, 0.5]},
								"east": {"uv": [91, 88], "uv_size": [1.5, 0.5]},
								"south": {"uv": [93, 92], "uv_size": [0.5, 0.5]},
								"west": {"uv": [89, 91], "uv_size": [1.5, 0.5]},
								"up": {"uv": [91, 89], "uv_size": [0.5, 1.5]},
								"down": {"uv": [91, 92.5], "uv_size": [0.5, -1.5]}
							}
						},
						{
							"origin": [-0.9225, 15.91738, 26.17417],
							"size": [0.77, 0.77, 4.2],
							"pivot": [-0.5375, 16.30238, 27.52417],
							"rotation": [2.16541, 1.2497, -29.97638],
							"uv": {
								"north": {"uv": [90, 45], "uv_size": [1, 1]},
								"east": {"uv": [82, 14], "uv_size": [4, 1]},
								"south": {"uv": [46, 90], "uv_size": [1, 1]},
								"west": {"uv": [82, 15], "uv_size": [4, 1]},
								"up": {"uv": [44, 82], "uv_size": [1, 4]},
								"down": {"uv": [45, 86], "uv_size": [1, -4]}
							}
						},
						{
							"origin": [-0.8225, 15.83418, 24.67817],
							"size": [0.57, 0.57, 1.5],
							"pivot": [-0.5375, 16.11918, 23.32817],
							"rotation": [2.16541, 1.2497, -29.97638],
							"uv": {
								"north": {"uv": [93, 93], "uv_size": [0.5, 0.5]},
								"east": {"uv": [0, 92], "uv_size": [1.5, 0.5]},
								"south": {"uv": [0, 94], "uv_size": [0.5, 0.5]},
								"west": {"uv": [2, 92], "uv_size": [1.5, 0.5]},
								"up": {"uv": [92, 3], "uv_size": [0.5, 1.5]},
								"down": {"uv": [4, 93.5], "uv_size": [0.5, -1.5]}
							}
						},
						{
							"origin": [-0.9225, 16.76738, 26.17417],
							"size": [0.77, 0.77, 4.2],
							"pivot": [-0.5375, 17.15238, 27.52417],
							"rotation": [2.16541, 1.2497, -29.97638],
							"uv": {
								"north": {"uv": [90, 46], "uv_size": [1, 1]},
								"east": {"uv": [82, 24], "uv_size": [4, 1]},
								"south": {"uv": [47, 90], "uv_size": [1, 1]},
								"west": {"uv": [82, 25], "uv_size": [4, 1]},
								"up": {"uv": [46, 82], "uv_size": [1, 4]},
								"down": {"uv": [51, 86], "uv_size": [1, -4]}
							}
						},
						{
							"origin": [-0.8225, 16.68418, 24.67817],
							"size": [0.57, 0.57, 1.5],
							"pivot": [-0.5375, 16.96918, 23.32817],
							"rotation": [2.16541, 1.2497, -29.97638],
							"uv": {
								"north": {"uv": [94, 0], "uv_size": [0.5, 0.5]},
								"east": {"uv": [5, 92], "uv_size": [1.5, 0.5]},
								"south": {"uv": [1, 94], "uv_size": [0.5, 0.5]},
								"west": {"uv": [92, 5], "uv_size": [1.5, 0.5]},
								"up": {"uv": [92, 6], "uv_size": [0.5, 1.5]},
								"down": {"uv": [7, 93.5], "uv_size": [0.5, -1.5]}
							}
						}
					]
				},
				{
					"name": "scope",
					"parent": "main",
					"pivot": [0, 23.2, 8.75],
					"cubes": [
						{"origin": [-0.5225, 22.72905, 8.23917], "size": [1, 1, 1], "inflate": -0.4, "uv": [32, 2]}
					]
				},
				{
					"name": "bulletsingle",
					"parent": "main",
					"pivot": [-0.515, 14.2125, 27.31],
					"rotation": [0, 0, -30],
					"cubes": [
						{
							"origin": [-1.14954, 13.44028, 26.42417],
							"size": [0.77, 0.77, 4.2],
							"uv": {
								"north": {"uv": [90, 47], "uv_size": [1, 1]},
								"east": {"uv": [82, 36], "uv_size": [4, 1]},
								"south": {"uv": [48, 90], "uv_size": [1, 1]},
								"west": {"uv": [82, 37], "uv_size": [4, 1]},
								"up": {"uv": [52, 82], "uv_size": [1, 4]},
								"down": {"uv": [53, 86], "uv_size": [1, -4]}
							}
						},
						{
							"origin": [-1.04954, 13.54028, 24.92417],
							"size": [0.57, 0.57, 1.5],
							"uv": {
								"north": {"uv": [94, 1], "uv_size": [0.5, 0.5]},
								"east": {"uv": [8, 92], "uv_size": [1.5, 0.5]},
								"south": {"uv": [2, 94], "uv_size": [0.5, 0.5]},
								"west": {"uv": [92, 8], "uv_size": [1.5, 0.5]},
								"up": {"uv": [92, 9], "uv_size": [0.5, 1.5]},
								"down": {"uv": [10, 93.5], "uv_size": [0.5, -1.5]}
							}
						}
					]
				},
				{
					"name": "bulletloaded",
					"parent": "main",
					"pivot": [-0.515, 14.2125, 27.31],
					"rotation": [0, 0, -30],
					"cubes": [
						{
							"origin": [-1.14954, 13.44028, 26.42417],
							"size": [0.77, 0.77, 4.2],
							"uv": {
								"north": {"uv": [90, 48], "uv_size": [1, 1]},
								"east": {"uv": [82, 39], "uv_size": [4, 1]},
								"south": {"uv": [49, 90], "uv_size": [1, 1]},
								"west": {"uv": [82, 41], "uv_size": [4, 1]},
								"up": {"uv": [54, 82], "uv_size": [1, 4]},
								"down": {"uv": [57, 86], "uv_size": [1, -4]}
							}
						},
						{
							"origin": [-1.04954, 13.54028, 24.92417],
							"size": [0.57, 0.57, 1.5],
							"uv": {
								"north": {"uv": [94, 2], "uv_size": [0.5, 0.5]},
								"east": {"uv": [92, 11], "uv_size": [1.5, 0.5]},
								"south": {"uv": [3, 94], "uv_size": [0.5, 0.5]},
								"west": {"uv": [92, 12], "uv_size": [1.5, 0.5]},
								"up": {"uv": [92, 13], "uv_size": [0.5, 1.5]},
								"down": {"uv": [14, 93.5], "uv_size": [0.5, -1.5]}
							}
						}
					]
				},
				{
					"name": "casing",
					"parent": "main",
					"pivot": [-0.515, 14.2125, 27.31],
					"rotation": [0, 0, -30],
					"cubes": [
						{
							"origin": [-1.14954, 13.44028, 26.42417],
							"size": [0.77, 0.77, 4.2],
							"uv": {
								"north": {"uv": [90, 49], "uv_size": [1, 1]},
								"east": {"uv": [82, 54], "uv_size": [4, 1]},
								"south": {"uv": [50, 90], "uv_size": [1, 1]},
								"west": {"uv": [82, 55], "uv_size": [4, 1]},
								"up": {"uv": [58, 82], "uv_size": [1, 4]},
								"down": {"uv": [59, 86], "uv_size": [1, -4]}
							}
						}
					]
				}
			]
		}
	]
}