{
	"format_version": "1.12.0",
	"minecraft:geometry": [
		{
			"description": {
				"identifier": "geometry.unknown",
				"texture_width": 72,
				"texture_height": 72,
				"visible_bounds_width": 16,
				"visible_bounds_height": 4,
				"visible_bounds_offset": [0, 1, 0]
			},
			"bones": [
				{
					"name": "main",
					"pivot": [0, 29, -10]
				},
				{
					"name": "rightarm",
					"parent": "main",
					"pivot": [-4.575, 14.65, 7.225],
					"rotation": [-102.28533, -12.5887, -22.11721],
					"cubes": [
						{"origin": [-9.93174, -8.96577, 2.48198], "size": [8, 24, 8], "pivot": [-1.575, 2.65, 4.225], "rotation": [-3.24593, 16.06617, 3.04407], "uv": [32, 32]}
					]
				},
				{
					"name": "leftarm",
					"parent": "main",
					"pivot": [27.7, 16.4, 13.3],
					"rotation": [-22.40919, 37.06713, -6.36775],
					"cubes": [
						{"origin": [23.7, -7.6, 9.3], "size": [8, 24, 8], "uv": [40, 0]}
					]
				},
				{
					"name": "grenade",
					"parent": "main",
					"pivot": [2, 20, -16],
					"rotation": [-152.5, 45, 180],
					"cubes": [
						{
							"origin": [0, 20, -18],
							"size": [4, 6, 4],
							"uv": {
								"north": {"uv": [0, 0], "uv_size": [4, 6]},
								"east": {"uv": [4, 0], "uv_size": [4, 6]},
								"south": {"uv": [0, 6], "uv_size": [4, 6]},
								"west": {"uv": [4, 6], "uv_size": [4, 6]},
								"up": {"uv": [8, 0], "uv_size": [4, 4]},
								"down": {"uv": [8, 8], "uv_size": [4, -4]}
							}
						},
						{
							"origin": [1.5, 26, -16.5],
							"size": [1, 3, 1],
							"uv": {
								"north": {"uv": [15, 14], "uv_size": [1, 3]},
								"east": {"uv": [16, 0], "uv_size": [1, 3]},
								"south": {"uv": [16, 3], "uv_size": [1, 3]},
								"west": {"uv": [8, 16], "uv_size": [1, 3]},
								"up": {"uv": [12, 17], "uv_size": [1, 1]},
								"down": {"uv": [17, 13], "uv_size": [1, -1]}
							}
						},
						{
							"origin": [1.4, 26.25, -16.6],
							"size": [1.2, 2.85, 1.2],
							"uv": {
								"north": {"uv": [11, 14], "uv_size": [1.25, 2.75]},
								"east": {"uv": [13, 14], "uv_size": [1.25, 2.75]},
								"south": {"uv": [0, 15], "uv_size": [1.25, 2.75]},
								"west": {"uv": [2, 15], "uv_size": [1.25, 2.75]},
								"up": {"uv": [16, 6], "uv_size": [1.25, 1.25]},
								"down": {"uv": [16, 15.25], "uv_size": [1.25, -1.25]}
							}
						},
						{
							"origin": [0.05, 24.84672, -18.2294],
							"size": [3.9, 1, 1],
							"pivot": [2, 25.34672, -17.7294],
							"rotation": [-22.5, 0, 0],
							"uv": {
								"north": {"uv": [8, 8], "uv_size": [4, 1]},
								"east": {"uv": [16, 16], "uv_size": [1, 1]},
								"south": {"uv": [8, 9], "uv_size": [4, 1]},
								"west": {"uv": [17, 0], "uv_size": [1, 1]},
								"up": {"uv": [8, 10], "uv_size": [4, 1]},
								"down": {"uv": [8, 12], "uv_size": [4, -1]}
							}
						},
						{
							"origin": [-0.2294, 24.84672, -17.95],
							"size": [1, 1, 3.9],
							"pivot": [0.2706, 25.34672, -16],
							"rotation": [0, 0, 22.5],
							"uv": {
								"north": {"uv": [11, 17], "uv_size": [1, 1]},
								"east": {"uv": [13, 13], "uv_size": [4, 1]},
								"south": {"uv": [17, 11], "uv_size": [1, 1]},
								"west": {"uv": [0, 14], "uv_size": [4, 1]},
								"up": {"uv": [9, 14], "uv_size": [1, 4]},
								"down": {"uv": [10, 18], "uv_size": [1, -4]}
							}
						},
						{
							"origin": [3.2294, 24.84672, -17.95],
							"size": [1, 1, 3.9],
							"pivot": [3.7294, 25.34672, -16],
							"rotation": [0, 0, -22.5],
							"uv": {
								"north": {"uv": [17, 9], "uv_size": [1, 1]},
								"east": {"uv": [13, 11], "uv_size": [4, 1]},
								"south": {"uv": [17, 10], "uv_size": [1, 1]},
								"west": {"uv": [13, 12], "uv_size": [4, 1]},
								"up": {"uv": [6, 13], "uv_size": [1, 4]},
								"down": {"uv": [7, 17], "uv_size": [1, -4]}
							}
						},
						{
							"origin": [0.05, 24.84672, -14.7706],
							"size": [3.9, 1, 1],
							"pivot": [2, 25.34672, -14.2706],
							"rotation": [22.5, 0, 0],
							"uv": {
								"north": {"uv": [13, 8], "uv_size": [4, 1]},
								"east": {"uv": [7, 17], "uv_size": [1, 1]},
								"south": {"uv": [9, 13], "uv_size": [4, 1]},
								"west": {"uv": [17, 8], "uv_size": [1, 1]},
								"up": {"uv": [13, 9], "uv_size": [4, 1]},
								"down": {"uv": [13, 11], "uv_size": [4, -1]}
							}
						},
						{
							"origin": [0.05, 20.15328, -18.2294],
							"size": [3.9, 1, 1],
							"pivot": [2, 20.65328, -17.7294],
							"rotation": [22.5, 0, 0],
							"uv": {
								"north": {"uv": [0, 12], "uv_size": [4, 1]},
								"east": {"uv": [17, 1], "uv_size": [1, 1]},
								"south": {"uv": [12, 0], "uv_size": [4, 1]},
								"west": {"uv": [17, 2], "uv_size": [1, 1]},
								"up": {"uv": [12, 1], "uv_size": [4, 1]},
								"down": {"uv": [12, 3], "uv_size": [4, -1]}
							}
						},
						{
							"origin": [0.05, 20.15328, -14.7706],
							"size": [3.9, 1, 1],
							"pivot": [2, 20.65328, -14.2706],
							"rotation": [-22.5, 0, 0],
							"uv": {
								"north": {"uv": [12, 3], "uv_size": [4, 1]},
								"east": {"uv": [17, 3], "uv_size": [1, 1]},
								"south": {"uv": [4, 12], "uv_size": [4, 1]},
								"west": {"uv": [4, 17], "uv_size": [1, 1]},
								"up": {"uv": [12, 4], "uv_size": [4, 1]},
								"down": {"uv": [12, 6], "uv_size": [4, -1]}
							}
						},
						{
							"origin": [3.2294, 20.15328, -17.95],
							"size": [1, 1, 3.9],
							"pivot": [3.7294, 20.65328, -16],
							"rotation": [0, 0, 22.5],
							"uv": {
								"north": {"uv": [17, 4], "uv_size": [1, 1]},
								"east": {"uv": [12, 6], "uv_size": [4, 1]},
								"south": {"uv": [5, 17], "uv_size": [1, 1]},
								"west": {"uv": [12, 7], "uv_size": [4, 1]},
								"up": {"uv": [8, 12], "uv_size": [1, 4]},
								"down": {"uv": [12, 12], "uv_size": [1, -4]}
							}
						},
						{
							"origin": [-0.2294, 20.15328, -17.95],
							"size": [1, 1, 3.9],
							"pivot": [0.2706, 20.65328, -16],
							"rotation": [0, 0, -22.5],
							"uv": {
								"north": {"uv": [17, 5], "uv_size": [1, 1]},
								"east": {"uv": [9, 12], "uv_size": [4, 1]},
								"south": {"uv": [6, 17], "uv_size": [1, 1]},
								"west": {"uv": [0, 13], "uv_size": [4, 1]},
								"up": {"uv": [4, 13], "uv_size": [1, 4]},
								"down": {"uv": [5, 17], "uv_size": [1, -4]}
							}
						}
					]
				},
				{
					"name": "pin",
					"parent": "grenade",
					"pivot": [2, 28.5, -16],
					"rotation": [-32.08762, 38.34671, -18.06587],
					"cubes": [
						{
							"origin": [1, 28.25, -16.15],
							"size": [1.5, 0.3, 0.3],
							"uv": {
								"north": {"uv": [3, 18], "uv_size": [1.5, 0.25]},
								"east": {"uv": [13, 19], "uv_size": [0.25, 0.25]},
								"south": {"uv": [18, 3], "uv_size": [1.5, 0.25]},
								"west": {"uv": [14, 19], "uv_size": [0.25, 0.25]},
								"up": {"uv": [18, 4], "uv_size": [1.5, 0.25]},
								"down": {"uv": [5, 18.25], "uv_size": [1.5, -0.25]}
							}
						},
						{
							"origin": [0.7, 28.25, -16.5],
							"size": [0.3, 0.3, 1],
							"uv": {
								"north": {"uv": [19, 14], "uv_size": [0.25, 0.25]},
								"east": {"uv": [7, 18], "uv_size": [1, 0.25]},
								"south": {"uv": [15, 19], "uv_size": [0.25, 0.25]},
								"west": {"uv": [9, 18], "uv_size": [1, 0.25]},
								"up": {"uv": [18, 9], "uv_size": [0.25, 1]},
								"down": {"uv": [10, 19], "uv_size": [0.25, -1]}
							}
						},
						{
							"origin": [0, 28.25, -16.5],
							"size": [0.3, 0.3, 1],
							"uv": {
								"north": {"uv": [19, 15], "uv_size": [0.25, 0.25]},
								"east": {"uv": [18, 10], "uv_size": [1, 0.25]},
								"south": {"uv": [16, 19], "uv_size": [0.25, 0.25]},
								"west": {"uv": [11, 18], "uv_size": [1, 0.25]},
								"up": {"uv": [18, 11], "uv_size": [0.25, 1]},
								"down": {"uv": [12, 19], "uv_size": [0.25, -1]}
							}
						},
						{
							"origin": [0.3, 28.25, -15.8],
							"size": [0.4, 0.3, 0.3],
							"uv": {
								"north": {"uv": [9, 19], "uv_size": [0.5, 0.25]},
								"east": {"uv": [17, 19], "uv_size": [0.25, 0.25]},
								"south": {"uv": [19, 9], "uv_size": [0.5, 0.25]},
								"west": {"uv": [19, 17], "uv_size": [0.25, 0.25]},
								"up": {"uv": [10, 19], "uv_size": [0.5, 0.25]},
								"down": {"uv": [19, 10.25], "uv_size": [0.5, -0.25]}
							}
						},
						{
							"origin": [0.3, 28.25, -16.5],
							"size": [0.4, 0.3, 0.3],
							"uv": {
								"north": {"uv": [11, 19], "uv_size": [0.5, 0.25]},
								"east": {"uv": [18, 19], "uv_size": [0.25, 0.25]},
								"south": {"uv": [19, 11], "uv_size": [0.5, 0.25]},
								"west": {"uv": [19, 18], "uv_size": [0.25, 0.25]},
								"up": {"uv": [12, 19], "uv_size": [0.5, 0.25]},
								"down": {"uv": [19, 12.25], "uv_size": [0.5, -0.25]}
							}
						}
					]
				},
				{
					"name": "pin2",
					"parent": "pin",
					"pivot": [0.15, 28.4, -16],
					"rotation": [0, 0, 5],
					"cubes": [
						{
							"origin": [-1.69868, 25.12862, -16.15],
							"size": [1.25, 0.3, 0.3],
							"pivot": [-1.07368, 25.27862, -16],
							"rotation": [-90, 0, 105],
							"uv": {
								"north": {"uv": [18, 5], "uv_size": [1.25, 0.25]},
								"east": {"uv": [5, 20], "uv_size": [0.25, 0.25]},
								"south": {"uv": [18, 6], "uv_size": [1.25, 0.25]},
								"west": {"uv": [20, 5], "uv_size": [0.25, 0.25]},
								"up": {"uv": [18, 7], "uv_size": [1.25, 0.25]},
								"down": {"uv": [18, 8.25], "uv_size": [1.25, -0.25]}
							}
						},
						{
							"origin": [-1.18017, 25.62508, -16.25],
							"size": [0.5, 0.5, 0.5],
							"pivot": [-0.93017, 25.87508, -16],
							"rotation": [-90, 0, 150],
							"uv": {
								"north": {"uv": [3, 19], "uv_size": [0.5, 0.5]},
								"east": {"uv": [4, 19], "uv_size": [0.5, 0.5]},
								"south": {"uv": [5, 19], "uv_size": [0.5, 0.5]},
								"west": {"uv": [6, 19], "uv_size": [0.5, 0.5]},
								"up": {"uv": [7, 19], "uv_size": [0.5, 0.5]},
								"down": {"uv": [8, 19.5], "uv_size": [0.5, -0.5]}
							}
						},
						{
							"origin": [-0.5081, 26.66175, -16.5],
							"size": [0.3, 0.3, 1],
							"pivot": [-1.2581, 26.81175, -16],
							"rotation": [-90, 0, 45],
							"uv": {
								"north": {"uv": [4, 20], "uv_size": [0.25, 0.25]},
								"east": {"uv": [15, 18], "uv_size": [1, 0.25]},
								"south": {"uv": [20, 4], "uv_size": [0.25, 0.25]},
								"west": {"uv": [18, 15], "uv_size": [1, 0.25]},
								"up": {"uv": [16, 18], "uv_size": [0.25, 1]},
								"down": {"uv": [17, 19], "uv_size": [0.25, -1]}
							}
						},
						{
							"origin": [0.71404, 26.15552, -16.5],
							"size": [0.3, 0.3, 1],
							"pivot": [-0.03596, 26.30552, -16],
							"rotation": [-90, 0, 180],
							"uv": {
								"north": {"uv": [6, 20], "uv_size": [0.25, 0.25]},
								"east": {"uv": [18, 18], "uv_size": [1, 0.25]},
								"south": {"uv": [20, 6], "uv_size": [0.25, 0.25]},
								"west": {"uv": [0, 19], "uv_size": [1, 0.25]},
								"up": {"uv": [1, 19], "uv_size": [0.25, 1]},
								"down": {"uv": [2, 20], "uv_size": [0.25, -1]}
							}
						},
						{
							"origin": [-1, 27.85, -16.5],
							"size": [0.3, 0.3, 1],
							"pivot": [-0.05, 28, -16],
							"rotation": [-90, 0, 112.5],
							"uv": {
								"north": {"uv": [3, 20], "uv_size": [0.25, 0.25]},
								"east": {"uv": [18, 12], "uv_size": [1, 0.25]},
								"south": {"uv": [20, 3], "uv_size": [0.25, 0.25]},
								"west": {"uv": [13, 18], "uv_size": [1, 0.25]},
								"up": {"uv": [14, 18], "uv_size": [0.25, 1]},
								"down": {"uv": [18, 15], "uv_size": [0.25, -1]}
							}
						},
						{
							"origin": [-0.7, 27.85, -15.8],
							"size": [2.15, 0.3, 0.3],
							"pivot": [-0.05, 28, -16],
							"rotation": [-90, 0, 112.5],
							"uv": {
								"north": {"uv": [0, 18], "uv_size": [2.25, 0.25]},
								"east": {"uv": [1, 20], "uv_size": [0.25, 0.25]},
								"south": {"uv": [18, 0], "uv_size": [2.25, 0.25]},
								"west": {"uv": [2, 20], "uv_size": [0.25, 0.25]},
								"up": {"uv": [18, 1], "uv_size": [2.25, 0.25]},
								"down": {"uv": [18, 2.25], "uv_size": [2.25, -0.25]}
							}
						},
						{
							"origin": [-0.7, 27.85, -16.5],
							"size": [2.15, 0.3, 0.3],
							"pivot": [-0.05, 28, -16],
							"rotation": [-90, 0, 112.5],
							"uv": {
								"north": {"uv": [13, 17], "uv_size": [2.25, 0.25]},
								"east": {"uv": [19, 19], "uv_size": [0.25, 0.25]},
								"south": {"uv": [17, 13], "uv_size": [2.25, 0.25]},
								"west": {"uv": [0, 20], "uv_size": [0.25, 0.25]},
								"up": {"uv": [16, 17], "uv_size": [2.25, 0.25]},
								"down": {"uv": [17, 16.25], "uv_size": [2.25, -0.25]}
							}
						}
					]
				}
			]
		}
	]
}