{
	"format_version": "1.12.0",
	"minecraft:geometry": [
		{
			"description": {
				"identifier": "geometry.unknown",
				"texture_width": 128,
				"texture_height": 128,
				"visible_bounds_width": 9,
				"visible_bounds_height": 4,
				"visible_bounds_offset": [0, 1, 0]
			},
			"bones": [
				{
					"name": "main",
					"pivot": [0, 19, 4]
				},
				{
					"name": "rightarm",
					"parent": "main",
					"pivot": [-5.3, 8.8, 25.8],
					"rotation": [-101.81106, -12.40003, -2.46982],
					"cubes": [
						{"origin": [-9.3, -15.2, 21.8], "size": [8, 24, 8], "uv": [0, 32]}
					]
				},
				{
					"name": "leftarm",
					"parent": "main",
					"pivot": [9.7, 8.55, -0.6],
					"rotation": [-119.61483, 1.67666, -38.31282],
					"cubes": [
						{"origin": [4.7, -13.45, -4.6], "size": [8, 24, 8], "uv": [0, 0]}
					]
				},
				{
					"name": "muzzleflash",
					"parent": "main",
					"pivot": [0, 22.6, -66.75],
					"mirror": true,
					"cubes": [
						{"origin": [-0.5, 20.8992, -50.8], "size": [1, 1, 1], "inflate": -0.4, "uv": [32, 0], "mirror": false}
					]
				},
				{
					"name": "gun",
					"parent": "main",
					"pivot": [0, 50.16, -6.98],
					"cubes": [
						{
							"origin": [-1.4525, 18.92094, -8.87162],
							"size": [0.55, 2, 13],
							"uv": {
								"north": {"uv": [64, 89], "uv_size": [0.5, 2]},
								"east": {"uv": [54, 56], "uv_size": [12.5, 2]},
								"south": {"uv": [89, 64], "uv_size": [0.5, 2]},
								"west": {"uv": [57, 4], "uv_size": [12.5, 2]},
								"up": {"uv": [64, 76], "uv_size": [0.5, 12.5]},
								"down": {"uv": [65, 88.5], "uv_size": [0.5, -12.5]}
							}
						},
						{
							"origin": [-1.4525, 19.67094, -20.62162],
							"size": [0.3, 1.25, 11.75],
							"uv": {
								"north": {"uv": [91, 32], "uv_size": [0.5, 1.5]},
								"east": {"uv": [64, 37], "uv_size": [12, 1.5]},
								"south": {"uv": [34, 91], "uv_size": [0.5, 1.5]},
								"west": {"uv": [64, 54], "uv_size": [12, 1.5]},
								"up": {"uv": [72, 76], "uv_size": [0.5, 12]},
								"down": {"uv": [73, 88], "uv_size": [0.5, -12]}
							}
						},
						{
							"origin": [1.1975, 19.67094, -19.12162],
							"size": [0.3, 1.25, 10.25],
							"uv": {
								"north": {"uv": [2, 91], "uv_size": [0.5, 1.5]},
								"east": {"uv": [9, 66], "uv_size": [10.5, 1.5]},
								"south": {"uv": [91, 2], "uv_size": [0.5, 1.5]},
								"west": {"uv": [66, 39], "uv_size": [10.5, 1.5]},
								"up": {"uv": [2, 79], "uv_size": [0.5, 10.5]},
								"down": {"uv": [22, 89.5], "uv_size": [0.5, -10.5]}
							}
						},
						{
							"origin": [0.9475, 19.67094, -20.62162],
							"size": [0.55, 0.5, 1],
							"uv": {
								"north": {"uv": [86, 92], "uv_size": [0.5, 0.5]},
								"east": {"uv": [92, 32], "uv_size": [1, 0.5]},
								"south": {"uv": [92, 86], "uv_size": [0.5, 0.5]},
								"west": {"uv": [33, 92], "uv_size": [1, 0.5]},
								"up": {"uv": [92, 33], "uv_size": [0.5, 1]},
								"down": {"uv": [92, 35], "uv_size": [0.5, -1]}
							}
						},
						{
							"origin": [0.9475, 18.92094, -8.87162],
							"size": [0.55, 2, 13],
							"uv": {
								"north": {"uv": [7, 90], "uv_size": [0.5, 2]},
								"east": {"uv": [53, 43], "uv_size": [13, 2]},
								"south": {"uv": [90, 8], "uv_size": [0.5, 2]},
								"west": {"uv": [51, 54], "uv_size": [13, 2]},
								"up": {"uv": [43, 76], "uv_size": [0.5, 13]},
								"down": {"uv": [44, 89], "uv_size": [0.5, -13]}
							}
						},
						{
							"origin": [1.4475, 18.42094, 1.12838],
							"size": [0.1, 1.25, 2.75],
							"uv": {
								"north": {"uv": [91, 34], "uv_size": [0.5, 1.5]},
								"east": {"uv": [32, 83], "uv_size": [3, 1.5]},
								"south": {"uv": [36, 91], "uv_size": [0.5, 1.5]},
								"west": {"uv": [83, 33], "uv_size": [3, 1.5]},
								"up": {"uv": [50, 89], "uv_size": [0.5, 3]},
								"down": {"uv": [51, 92], "uv_size": [0.5, -3]}
							}
						},
						{
							"origin": [1.5475, 18.77094, 2.22838],
							"size": [0.35, 0.55, 0.55],
							"pivot": [1.5975, 19.04594, 2.50338],
							"rotation": [45, 0, 0],
							"uv": {
								"north": {"uv": [93, 10], "uv_size": [0.5, 0.5]},
								"east": {"uv": [11, 93], "uv_size": [0.5, 0.5]},
								"south": {"uv": [93, 11], "uv_size": [0.5, 0.5]},
								"west": {"uv": [12, 93], "uv_size": [0.5, 0.5]},
								"up": {"uv": [93, 12], "uv_size": [0.5, 0.5]},
								"down": {"uv": [13, 93.5], "uv_size": [0.5, -0.5]}
							}
						},
						{
							"origin": [0.4475, 20.27094, -22.62162],
							"size": [4.55, 2.3, 3.4],
							"pivot": [2.7225, 21.42094, -21.04662],
							"rotation": [0, 12.5, 0],
							"uv": {
								"north": {"uv": [69, 14], "uv_size": [4.5, 2.5]},
								"east": {"uv": [73, 56], "uv_size": [3.5, 2.5]},
								"south": {"uv": [69, 46], "uv_size": [4.5, 2.5]},
								"west": {"uv": [64, 73], "uv_size": [3.5, 2.5]},
								"up": {"uv": [20, 66], "uv_size": [4.5, 3.5]},
								"down": {"uv": [66, 44.5], "uv_size": [4.5, -3.5]}
							}
						},
						{
							"origin": [-1.4525, 19.42094, -25.87162],
							"size": [2.95, 0.75, 5.25],
							"uv": {
								"north": {"uv": [85, 9], "uv_size": [3, 1]},
								"east": {"uv": [76, 21], "uv_size": [5.5, 1]},
								"south": {"uv": [10, 85], "uv_size": [3, 1]},
								"west": {"uv": [77, 16], "uv_size": [5.5, 1]},
								"up": {"uv": [63, 64], "uv_size": [3, 5.5]},
								"down": {"uv": [49, 70.5], "uv_size": [3, -5.5]}
							}
						},
						{
							"origin": [-0.8525, 18.42094, -27.62162],
							"size": [1.75, 2, 1.75],
							"uv": {
								"north": {"uv": [70, 82], "uv_size": [2, 2]},
								"east": {"uv": [0, 83], "uv_size": [2, 2]},
								"south": {"uv": [20, 83], "uv_size": [2, 2]},
								"west": {"uv": [36, 83], "uv_size": [2, 2]},
								"up": {"uv": [83, 37], "uv_size": [2, 2]},
								"down": {"uv": [83, 48], "uv_size": [2, -2]}
							}
						},
						{
							"origin": [-1.3525, 22.07094, -25.87162],
							"size": [2.75, 0.75, 1.75],
							"uv": {
								"north": {"uv": [85, 22], "uv_size": [3, 1]},
								"east": {"uv": [16, 81], "uv_size": [2, 1]},
								"south": {"uv": [85, 23], "uv_size": [3, 1]},
								"west": {"uv": [81, 86], "uv_size": [2, 1]},
								"up": {"uv": [20, 77], "uv_size": [3, 2]},
								"down": {"uv": [77, 41], "uv_size": [3, -2]}
							}
						},
						{
							"origin": [-1.4525, 17.78512, -19.88741],
							"size": [2.95, 0.75, 11],
							"pivot": [0.0225, 18.53512, -8.26241],
							"rotation": [-2, 0, 0],
							"uv": {
								"north": {"uv": [85, 7], "uv_size": [3, 1]},
								"east": {"uv": [69, 12], "uv_size": [11, 1]},
								"south": {"uv": [85, 8], "uv_size": [3, 1]},
								"west": {"uv": [69, 17], "uv_size": [11, 1]},
								"up": {"uv": [35, 42], "uv_size": [3, 11]},
								"down": {"uv": [44, 25], "uv_size": [3, -11]}
							}
						},
						{
							"origin": [-1.4525, 19.28512, -19.78741],
							"size": [2.95, 0.5, 11],
							"pivot": [0.0225, 20.03512, -8.26241],
							"rotation": [-2, 0, 0],
							"uv": {
								"north": {"uv": [89, 43], "uv_size": [3, 0.5]},
								"east": {"uv": [77, 58], "uv_size": [11, 0.5]},
								"south": {"uv": [89, 44], "uv_size": [3, 0.5]},
								"west": {"uv": [78, 68], "uv_size": [11, 0.5]},
								"up": {"uv": [44, 25], "uv_size": [3, 11]},
								"down": {"uv": [44, 47], "uv_size": [3, -11]}
							}
						},
						{
							"origin": [-1.4525, 17.78512, -8.88741],
							"size": [2.95, 1.75, 12.75],
							"pivot": [0.0225, 18.53512, -8.26241],
							"rotation": [-2, 0, 0],
							"uv": {
								"north": {"uv": [77, 56], "uv_size": [3, 2]},
								"east": {"uv": [53, 39], "uv_size": [13, 2]},
								"south": {"uv": [76, 77], "uv_size": [3, 2]},
								"west": {"uv": [53, 41], "uv_size": [13, 2]},
								"up": {"uv": [38, 10], "uv_size": [3, 13]},
								"down": {"uv": [38, 36], "uv_size": [3, -13]}
							}
						},
						{
							"origin": [-0.3525, 17.40474, -4.91762],
							"size": [0.75, 0.25, 0.75],
							"pivot": [0.0225, 17.60474, -4.54262],
							"rotation": [-2.82728, 44.96511, -1.99878],
							"uv": {
								"north": {"uv": [61, 92], "uv_size": [1, 0.5]},
								"east": {"uv": [92, 61], "uv_size": [1, 0.5]},
								"south": {"uv": [62, 92], "uv_size": [1, 0.5]},
								"west": {"uv": [92, 62], "uv_size": [1, 0.5]},
								"up": {"uv": [90, 18], "uv_size": [1, 1]},
								"down": {"uv": [90, 20], "uv_size": [1, -1]}
							}
						},
						{
							"origin": [-1.2025, 18.28512, -19.88741],
							"size": [2.45, 1.5, 11],
							"pivot": [0.0225, 18.53512, -8.26241],
							"rotation": [-2, 0, 0],
							"uv": {
								"north": {"uv": [55, 83], "uv_size": [2.5, 1.5]},
								"east": {"uv": [65, 18], "uv_size": [11, 1.5]},
								"south": {"uv": [83, 64], "uv_size": [2.5, 1.5]},
								"west": {"uv": [65, 20], "uv_size": [11, 1.5]},
								"up": {"uv": [32, 48], "uv_size": [2.5, 11]},
								"down": {"uv": [38, 59], "uv_size": [2.5, -11]}
							}
						},
						{
							"origin": [-1.4525, 17.78512, -25.88741],
							"size": [2.95, 1.6, 6],
							"pivot": [0.0225, 18.53512, -8.26241],
							"rotation": [-2, 0, 0],
							"uv": {
								"north": {"uv": [83, 0], "uv_size": [3, 1.5]},
								"east": {"uv": [9, 73], "uv_size": [6, 1.5]},
								"south": {"uv": [83, 19], "uv_size": [3, 1.5]},
								"west": {"uv": [73, 33], "uv_size": [6, 1.5]},
								"up": {"uv": [27, 64], "uv_size": [3, 6]},
								"down": {"uv": [64, 37], "uv_size": [3, -6]}
							}
						},
						{
							"origin": [-1.29787, 23.01489, 0.87838],
							"size": [1.05, 0.45, 3.25],
							"pivot": [0.35213, 22.71485, -13.3716],
							"rotation": [0, 0, -45],
							"uv": {
								"north": {"uv": [55, 91], "uv_size": [1, 0.5]},
								"east": {"uv": [52, 87], "uv_size": [3.5, 0.5]},
								"south": {"uv": [56, 91], "uv_size": [1, 0.5]},
								"west": {"uv": [87, 70], "uv_size": [3.5, 0.5]},
								"up": {"uv": [83, 83], "uv_size": [1, 3.5]},
								"down": {"uv": [3, 87.5], "uv_size": [1, -3.5]}
							}
						},
						{
							"origin": [-0.6025, 22.37094, 0.87838],
							"size": [1.25, 0.45, 3.25],
							"uv": {
								"north": {"uv": [90, 64], "uv_size": [1.5, 0.5]},
								"east": {"uv": [87, 46], "uv_size": [3.5, 0.5]},
								"south": {"uv": [65, 90], "uv_size": [1.5, 0.5]},
								"west": {"uv": [87, 47], "uv_size": [3.5, 0.5]},
								"up": {"uv": [70, 78], "uv_size": [1.5, 3.5]},
								"down": {"uv": [0, 82.5], "uv_size": [1.5, -3.5]}
							}
						},
						{
							"origin": [-0.6025, 20.08602, 0.87838],
							"size": [1.25, 0.45, 3.25],
							"uv": {
								"north": {"uv": [76, 90], "uv_size": [1.5, 0.5]},
								"east": {"uv": [87, 79], "uv_size": [3.5, 0.5]},
								"south": {"uv": [90, 76], "uv_size": [1.5, 0.5]},
								"west": {"uv": [81, 87], "uv_size": [3.5, 0.5]},
								"up": {"uv": [20, 79], "uv_size": [1.5, 3.5]},
								"down": {"uv": [56, 82.5], "uv_size": [1.5, -3.5]}
							}
						},
						{
							"origin": [-1.34496, 20.82848, 0.87838],
							"size": [0.45, 1.25, 3.25],
							"uv": {
								"north": {"uv": [45, 90], "uv_size": [0.5, 1.5]},
								"east": {"uv": [52, 79], "uv_size": [3.5, 1.5]},
								"south": {"uv": [59, 90], "uv_size": [0.5, 1.5]},
								"west": {"uv": [79, 54], "uv_size": [3.5, 1.5]},
								"up": {"uv": [33, 87], "uv_size": [0.5, 3.5]},
								"down": {"uv": [36, 90.5], "uv_size": [0.5, -3.5]}
							}
						},
						{
							"origin": [-0.24898, 21.70674, 0.87838],
							"size": [1.05, 0.45, 3.25],
							"pivot": [1.00102, 21.4067, -13.3716],
							"rotation": [0, 0, 45],
							"uv": {
								"north": {"uv": [91, 53], "uv_size": [1, 0.5]},
								"east": {"uv": [87, 39], "uv_size": [3.5, 0.5]},
								"south": {"uv": [54, 91], "uv_size": [1, 0.5]},
								"west": {"uv": [87, 40], "uv_size": [3.5, 0.5]},
								"up": {"uv": [9, 82], "uv_size": [1, 3.5]},
								"down": {"uv": [38, 86.5], "uv_size": [1, -3.5]}
							}
						},
						{
							"origin": [-1.23357, 20.34742, 0.87838],
							"size": [1.05, 0.45, 3.25],
							"pivot": [-0.70857, 20.72242, 2.25338],
							"rotation": [0, 0, 45],
							"uv": {
								"north": {"uv": [64, 91], "uv_size": [1, 0.5]},
								"east": {"uv": [87, 74], "uv_size": [3.5, 0.5]},
								"south": {"uv": [65, 91], "uv_size": [1, 0.5]},
								"west": {"uv": [87, 75], "uv_size": [3.5, 0.5]},
								"up": {"uv": [6, 84], "uv_size": [1, 3.5]},
								"down": {"uv": [7, 87.5], "uv_size": [1, -3.5]}
							}
						},
						{
							"origin": [0.22857, 20.34742, 0.87838],
							"size": [1.05, 0.45, 3.25],
							"pivot": [0.75357, 20.72242, 2.25338],
							"rotation": [0, 0, -45],
							"uv": {
								"north": {"uv": [91, 62], "uv_size": [1, 0.5]},
								"east": {"uv": [87, 71], "uv_size": [3.5, 0.5]},
								"south": {"uv": [91, 63], "uv_size": [1, 0.5]},
								"west": {"uv": [87, 73], "uv_size": [3.5, 0.5]},
								"up": {"uv": [4, 84], "uv_size": [1, 3.5]},
								"down": {"uv": [5, 87.5], "uv_size": [1, -3.5]}
							}
						},
						{
							"origin": [0.93996, 20.82848, 0.87838],
							"size": [0.45, 1.25, 3.25],
							"uv": {
								"north": {"uv": [31, 90], "uv_size": [0.5, 1.5]},
								"east": {"uv": [79, 37], "uv_size": [3.5, 1.5]},
								"south": {"uv": [35, 90], "uv_size": [0.5, 1.5]},
								"west": {"uv": [79, 46], "uv_size": [3.5, 1.5]},
								"up": {"uv": [17, 87], "uv_size": [0.5, 3.5]},
								"down": {"uv": [32, 90.5], "uv_size": [0.5, -3.5]}
							}
						},
						{
							"origin": [1.38996, 21.07848, 2.37838],
							"size": [0.25, 0.75, 0.75],
							"pivot": [1.28996, 21.45348, 2.75338],
							"rotation": [20, 0, 0],
							"uv": {
								"north": {"uv": [22, 92], "uv_size": [0.5, 1]},
								"east": {"uv": [4, 90], "uv_size": [1, 1]},
								"south": {"uv": [92, 22], "uv_size": [0.5, 1]},
								"west": {"uv": [6, 90], "uv_size": [1, 1]},
								"up": {"uv": [23, 92], "uv_size": [0.5, 1]},
								"down": {"uv": [92, 24], "uv_size": [0.5, -1]}
							}
						},
						{
							"origin": [-1.61004, 21.07848, 2.37838],
							"size": [0.25, 0.75, 0.75],
							"pivot": [-1.71004, 21.45348, 2.75338],
							"rotation": [20, 0, 0],
							"uv": {
								"north": {"uv": [45, 92], "uv_size": [0.5, 1]},
								"east": {"uv": [90, 11], "uv_size": [1, 1]},
								"south": {"uv": [92, 45], "uv_size": [0.5, 1]},
								"west": {"uv": [90, 13], "uv_size": [1, 1]},
								"up": {"uv": [46, 92], "uv_size": [0.5, 1]},
								"down": {"uv": [47, 93], "uv_size": [0.5, -1]}
							}
						},
						{
							"origin": [-1.36004, 21.27848, 2.57838],
							"size": [2.75, 0.35, 0.35],
							"pivot": [1.03996, 21.45348, 2.75338],
							"rotation": [20, 0, 0],
							"uv": {
								"north": {"uv": [89, 7], "uv_size": [3, 0.5]},
								"east": {"uv": [82, 92], "uv_size": [0.5, 0.5]},
								"south": {"uv": [89, 24], "uv_size": [3, 0.5]},
								"west": {"uv": [92, 82], "uv_size": [0.5, 0.5]},
								"up": {"uv": [89, 29], "uv_size": [3, 0.5]},
								"down": {"uv": [43, 89.5], "uv_size": [3, -0.5]}
							}
						},
						{
							"origin": [-0.6025, 20.08602, 0.37838],
							"size": [1.25, 1.45, 0.5],
							"uv": {
								"north": {"uv": [76, 86], "uv_size": [1.5, 1.5]},
								"east": {"uv": [91, 20], "uv_size": [0.5, 1.5]},
								"south": {"uv": [79, 86], "uv_size": [1.5, 1.5]},
								"west": {"uv": [91, 22], "uv_size": [0.5, 1.5]},
								"up": {"uv": [23, 91], "uv_size": [1.5, 0.5]},
								"down": {"uv": [25, 91.5], "uv_size": [1.5, -0.5]}
							}
						},
						{
							"origin": [-1.34496, 20.82848, 0.37838],
							"size": [1.45, 1.25, 0.5],
							"uv": {
								"north": {"uv": [66, 86], "uv_size": [1.5, 1.5]},
								"east": {"uv": [18, 91], "uv_size": [0.5, 1.5]},
								"south": {"uv": [69, 86], "uv_size": [1.5, 1.5]},
								"west": {"uv": [19, 91], "uv_size": [0.5, 1.5]},
								"up": {"uv": [91, 19], "uv_size": [1.5, 0.5]},
								"down": {"uv": [20, 91.5], "uv_size": [1.5, -0.5]}
							}
						},
						{
							"origin": [-1.23357, 20.34742, 0.37838],
							"size": [1.05, 1.45, 0.5],
							"pivot": [-0.70857, 20.72242, 1.75338],
							"rotation": [0, 0, 45],
							"uv": {
								"north": {"uv": [34, 89], "uv_size": [1, 1.5]},
								"east": {"uv": [17, 91], "uv_size": [0.5, 1.5]},
								"south": {"uv": [89, 41], "uv_size": [1, 1.5]},
								"west": {"uv": [91, 17], "uv_size": [0.5, 1.5]},
								"up": {"uv": [21, 92], "uv_size": [1, 0.5]},
								"down": {"uv": [92, 21.5], "uv_size": [1, -0.5]}
							}
						},
						{
							"origin": [-1.29787, 22.01489, 0.37838],
							"size": [1.05, 1.45, 0.5],
							"pivot": [0.35213, 22.71485, -13.8716],
							"rotation": [0, 0, -45],
							"uv": {
								"north": {"uv": [89, 22], "uv_size": [1, 1.5]},
								"east": {"uv": [91, 14], "uv_size": [0.5, 1.5]},
								"south": {"uv": [89, 27], "uv_size": [1, 1.5]},
								"west": {"uv": [16, 91], "uv_size": [0.5, 1.5]},
								"up": {"uv": [20, 92], "uv_size": [1, 0.5]},
								"down": {"uv": [92, 20.5], "uv_size": [1, -0.5]}
							}
						},
						{
							"origin": [-0.6025, 21.37094, 0.37838],
							"size": [1.25, 1.45, 0.5],
							"uv": {
								"north": {"uv": [86, 54], "uv_size": [1.5, 1.5]},
								"east": {"uv": [12, 91], "uv_size": [0.5, 1.5]},
								"south": {"uv": [86, 64], "uv_size": [1.5, 1.5]},
								"west": {"uv": [13, 91], "uv_size": [0.5, 1.5]},
								"up": {"uv": [91, 13], "uv_size": [1.5, 0.5]},
								"down": {"uv": [14, 91.5], "uv_size": [1.5, -0.5]}
							}
						},
						{
							"origin": [-0.24898, 20.70674, 0.37838],
							"size": [1.05, 1.45, 0.5],
							"pivot": [1.00102, 21.4067, -13.8716],
							"rotation": [0, 0, 45],
							"uv": {
								"north": {"uv": [89, 18], "uv_size": [1, 1.5]},
								"east": {"uv": [11, 91], "uv_size": [0.5, 1.5]},
								"south": {"uv": [89, 20], "uv_size": [1, 1.5]},
								"west": {"uv": [91, 11], "uv_size": [0.5, 1.5]},
								"up": {"uv": [92, 17], "uv_size": [1, 0.5]},
								"down": {"uv": [92, 18.5], "uv_size": [1, -0.5]}
							}
						},
						{
							"origin": [-0.06004, 20.82848, 0.37838],
							"size": [1.45, 1.25, 0.5],
							"uv": {
								"north": {"uv": [86, 19], "uv_size": [1.5, 1.5]},
								"east": {"uv": [9, 91], "uv_size": [0.5, 1.5]},
								"south": {"uv": [86, 33], "uv_size": [1.5, 1.5]},
								"west": {"uv": [10, 91], "uv_size": [0.5, 1.5]},
								"up": {"uv": [91, 6], "uv_size": [1.5, 0.5]},
								"down": {"uv": [91, 10.5], "uv_size": [1.5, -0.5]}
							}
						},
						{
							"origin": [0.22857, 20.34742, 0.37838],
							"size": [1.05, 1.45, 0.5],
							"pivot": [0.75357, 20.72242, 1.75338],
							"rotation": [0, 0, -45],
							"uv": {
								"north": {"uv": [11, 89], "uv_size": [1, 1.5]},
								"east": {"uv": [8, 91], "uv_size": [0.5, 1.5]},
								"south": {"uv": [14, 89], "uv_size": [1, 1.5]},
								"west": {"uv": [91, 8], "uv_size": [0.5, 1.5]},
								"up": {"uv": [92, 15], "uv_size": [1, 0.5]},
								"down": {"uv": [92, 16.5], "uv_size": [1, -0.5]}
							}
						},
						{
							"origin": [1.13996, 20.82848, -26.37162],
							"size": [0.25, 1.25, 9.25],
							"uv": {
								"north": {"uv": [90, 83], "uv_size": [0.5, 1.5]},
								"east": {"uv": [66, 64], "uv_size": [9.5, 1.5]},
								"south": {"uv": [84, 90], "uv_size": [0.5, 1.5]},
								"west": {"uv": [66, 66], "uv_size": [9.5, 1.5]},
								"up": {"uv": [59, 80], "uv_size": [0.5, 9.5]},
								"down": {"uv": [63, 89.5], "uv_size": [0.5, -9.5]}
							}
						},
						{
							"origin": [-0.24898, 21.90674, -24.12162],
							"size": [1.05, 0.25, 7],
							"pivot": [1.00102, 21.4067, -34.6216],
							"rotation": [0, 0, 45],
							"uv": {
								"north": {"uv": [69, 91], "uv_size": [1, 0.5]},
								"east": {"uv": [83, 67], "uv_size": [7, 0.5]},
								"south": {"uv": [91, 70], "uv_size": [1, 0.5]},
								"west": {"uv": [83, 69], "uv_size": [7, 0.5]},
								"up": {"uv": [74, 73], "uv_size": [1, 7]},
								"down": {"uv": [9, 82], "uv_size": [1, -7]}
							}
						},
						{
							"origin": [-0.24898, 21.90674, -26.37162],
							"size": [1.05, 0.25, 0.5],
							"pivot": [1.00102, 21.4067, -34.6216],
							"rotation": [0, 0, 45],
							"uv": {
								"north": {"uv": [92, 29], "uv_size": [1, 0.5]},
								"east": {"uv": [85, 92], "uv_size": [0.5, 0.5]},
								"south": {"uv": [30, 92], "uv_size": [1, 0.5]},
								"west": {"uv": [92, 85], "uv_size": [0.5, 0.5]},
								"up": {"uv": [31, 92], "uv_size": [1, 0.5]},
								"down": {"uv": [32, 92.5], "uv_size": [1, -0.5]}
							}
						},
						{
							"origin": [-1.34496, 20.82848, -26.37162],
							"size": [0.25, 1.25, 2.75],
							"uv": {
								"north": {"uv": [82, 90], "uv_size": [0.5, 1.5]},
								"east": {"uv": [66, 82], "uv_size": [3, 1.5]},
								"south": {"uv": [83, 90], "uv_size": [0.5, 1.5]},
								"west": {"uv": [82, 81], "uv_size": [3, 1.5]},
								"up": {"uv": [68, 87], "uv_size": [0.5, 3]},
								"down": {"uv": [75, 90], "uv_size": [0.5, -3]}
							}
						},
						{
							"origin": [-1.34496, 21.32848, -23.62162],
							"size": [0.25, 0.75, 3],
							"uv": {
								"north": {"uv": [24, 92], "uv_size": [0.5, 1]},
								"east": {"uv": [85, 17], "uv_size": [3, 1]},
								"south": {"uv": [92, 24], "uv_size": [0.5, 1]},
								"west": {"uv": [85, 21], "uv_size": [3, 1]},
								"up": {"uv": [46, 89], "uv_size": [0.5, 3]},
								"down": {"uv": [49, 92], "uv_size": [0.5, -3]}
							}
						},
						{
							"origin": [-1.34496, 20.82848, -20.72162],
							"size": [0.25, 1.25, 3.6],
							"uv": {
								"north": {"uv": [27, 91], "uv_size": [0.5, 1.5]},
								"east": {"uv": [79, 64], "uv_size": [3.5, 1.5]},
								"south": {"uv": [28, 91], "uv_size": [0.5, 1.5]},
								"west": {"uv": [79, 66], "uv_size": [3.5, 1.5]},
								"up": {"uv": [37, 87], "uv_size": [0.5, 3.5]},
								"down": {"uv": [38, 90.5], "uv_size": [0.5, -3.5]}
							}
						},
						{
							"origin": [-0.6025, 22.57094, -24.12162],
							"size": [1.25, 0.25, 7],
							"uv": {
								"north": {"uv": [90, 78], "uv_size": [1.5, 0.5]},
								"east": {"uv": [83, 16], "uv_size": [7, 0.5]},
								"south": {"uv": [80, 90], "uv_size": [1.5, 0.5]},
								"west": {"uv": [83, 66], "uv_size": [7, 0.5]},
								"up": {"uv": [43, 69], "uv_size": [1.5, 7]},
								"down": {"uv": [23, 77], "uv_size": [1.5, -7]}
							}
						},
						{
							"origin": [-0.6025, 22.57094, -26.37162],
							"size": [1.25, 0.25, 0.5],
							"uv": {
								"north": {"uv": [91, 25], "uv_size": [1.5, 0.5]},
								"east": {"uv": [83, 92], "uv_size": [0.5, 0.5]},
								"south": {"uv": [91, 30], "uv_size": [1.5, 0.5]},
								"west": {"uv": [92, 83], "uv_size": [0.5, 0.5]},
								"up": {"uv": [91, 31], "uv_size": [1.5, 0.5]},
								"down": {"uv": [32, 91.5], "uv_size": [1.5, -0.5]}
							}
						},
						{
							"origin": [-1.23357, 22.30955, -24.12162],
							"size": [1.05, 0.25, 4.25],
							"pivot": [-0.70857, 22.18455, -21.74662],
							"rotation": [0, 0, -45],
							"uv": {
								"north": {"uv": [68, 91], "uv_size": [1, 0.5]},
								"east": {"uv": [85, 26], "uv_size": [4.5, 0.5]},
								"south": {"uv": [91, 68], "uv_size": [1, 0.5]},
								"west": {"uv": [85, 56], "uv_size": [4.5, 0.5]},
								"up": {"uv": [69, 80], "uv_size": [1, 4.5]},
								"down": {"uv": [74, 84.5], "uv_size": [1, -4.5]}
							}
						},
						{
							"origin": [-1.23357, 22.30955, -26.37162],
							"size": [1.05, 0.25, 0.5],
							"pivot": [-0.70857, 22.18455, -21.74662],
							"rotation": [0, 0, -45],
							"uv": {
								"north": {"uv": [92, 26], "uv_size": [1, 0.5]},
								"east": {"uv": [84, 92], "uv_size": [0.5, 0.5]},
								"south": {"uv": [92, 27], "uv_size": [1, 0.5]},
								"west": {"uv": [92, 84], "uv_size": [0.5, 0.5]},
								"up": {"uv": [92, 28], "uv_size": [1, 0.5]},
								"down": {"uv": [29, 92.5], "uv_size": [1, -0.5]}
							}
						},
						{
							"origin": [-0.38357, 22.05955, -21.12162],
							"size": [0.2, 0.5, 4],
							"pivot": [-0.70857, 22.18455, -21.74662],
							"rotation": [0, 0, -45],
							"uv": {
								"north": {"uv": [78, 92], "uv_size": [0.5, 0.5]},
								"east": {"uv": [85, 57], "uv_size": [4, 0.5]},
								"south": {"uv": [92, 78], "uv_size": [0.5, 0.5]},
								"west": {"uv": [85, 72], "uv_size": [4, 0.5]},
								"up": {"uv": [34, 85], "uv_size": [0.5, 4]},
								"down": {"uv": [58, 89], "uv_size": [0.5, -4]}
							}
						},
						{
							"origin": [-1.23357, 22.05955, -21.12162],
							"size": [0.2, 0.5, 4],
							"pivot": [-0.70857, 22.18455, -21.74662],
							"rotation": [0, 0, -45],
							"uv": {
								"north": {"uv": [79, 92], "uv_size": [0.5, 0.5]},
								"east": {"uv": [86, 83], "uv_size": [4, 0.5]},
								"south": {"uv": [92, 79], "uv_size": [0.5, 0.5]},
								"west": {"uv": [86, 84], "uv_size": [4, 0.5]},
								"up": {"uv": [74, 85], "uv_size": [0.5, 4]},
								"down": {"uv": [71, 90], "uv_size": [0.5, -4]}
							}
						},
						{
							"origin": [0.22857, 20.34742, -26.37162],
							"size": [1.05, 0.25, 9.25],
							"pivot": [0.75357, 20.72242, -18.99662],
							"rotation": [0, 0, -45],
							"uv": {
								"north": {"uv": [91, 66], "uv_size": [1, 0.5]},
								"east": {"uv": [80, 78], "uv_size": [9.5, 0.5]},
								"south": {"uv": [91, 67], "uv_size": [1, 0.5]},
								"west": {"uv": [79, 80], "uv_size": [9.5, 0.5]},
								"up": {"uv": [58, 70], "uv_size": [1, 9.5]},
								"down": {"uv": [63, 79.5], "uv_size": [1, -9.5]}
							}
						},
						{
							"origin": [-0.6025, 20.08602, -26.37162],
							"size": [1.25, 0.25, 9.25],
							"uv": {
								"north": {"uv": [90, 77], "uv_size": [1.5, 0.5]},
								"east": {"uv": [80, 76], "uv_size": [9.5, 0.5]},
								"south": {"uv": [78, 90], "uv_size": [1.5, 0.5]},
								"west": {"uv": [80, 77], "uv_size": [9.5, 0.5]},
								"up": {"uv": [30, 64], "uv_size": [1.5, 9.5]},
								"down": {"uv": [45, 74.5], "uv_size": [1.5, -9.5]}
							}
						},
						{
							"origin": [-1.23357, 20.34742, -26.37162],
							"size": [1.05, 0.25, 2.75],
							"pivot": [-0.70857, 20.72242, -18.99662],
							"rotation": [0, 0, 45],
							"uv": {
								"north": {"uv": [91, 65], "uv_size": [1, 0.5]},
								"east": {"uv": [3, 88], "uv_size": [3, 0.5]},
								"south": {"uv": [66, 91], "uv_size": [1, 0.5]},
								"west": {"uv": [88, 3], "uv_size": [3, 0.5]},
								"up": {"uv": [17, 84], "uv_size": [1, 3]},
								"down": {"uv": [68, 87], "uv_size": [1, -3]}
							}
						},
						{
							"origin": [-1.23357, 20.34742, -20.72162],
							"size": [1.05, 0.25, 3.6],
							"pivot": [-0.70857, 20.72242, -18.99662],
							"rotation": [0, 0, 45],
							"uv": {
								"north": {"uv": [25, 92], "uv_size": [1, 0.5]},
								"east": {"uv": [87, 81], "uv_size": [3.5, 0.5]},
								"south": {"uv": [26, 92], "uv_size": [1, 0.5]},
								"west": {"uv": [87, 82], "uv_size": [3.5, 0.5]},
								"up": {"uv": [84, 7], "uv_size": [1, 3.5]},
								"down": {"uv": [8, 87.5], "uv_size": [1, -3.5]}
							}
						},
						{
							"origin": [-1.23357, 20.34742, -27.62162],
							"size": [1.05, 0.75, 1.25],
							"pivot": [-0.70857, 20.72242, -28.24662],
							"rotation": [0, 0, 45],
							"uv": {
								"north": {"uv": [89, 87], "uv_size": [1, 1]},
								"east": {"uv": [88, 89], "uv_size": [1, 1]},
								"south": {"uv": [89, 89], "uv_size": [1, 1]},
								"west": {"uv": [0, 90], "uv_size": [1, 1]},
								"up": {"uv": [90, 0], "uv_size": [1, 1]},
								"down": {"uv": [1, 91], "uv_size": [1, -1]}
							}
						},
						{
							"origin": [-0.6025, 20.08602, -27.62162],
							"size": [1.25, 0.75, 1.25],
							"uv": {
								"north": {"uv": [88, 88], "uv_size": [1.5, 1]},
								"east": {"uv": [0, 89], "uv_size": [1.5, 1]},
								"south": {"uv": [3, 89], "uv_size": [1.5, 1]},
								"west": {"uv": [89, 6], "uv_size": [1.5, 1]},
								"up": {"uv": [11, 86], "uv_size": [1.5, 1.5]},
								"down": {"uv": [15, 87.5], "uv_size": [1.5, -1.5]}
							}
						},
						{
							"origin": [0.22857, 20.34742, -27.62162],
							"size": [1.05, 0.75, 1.25],
							"pivot": [0.75357, 20.72242, -28.24662],
							"rotation": [0, 0, -45],
							"uv": {
								"north": {"uv": [83, 89], "uv_size": [1, 1]},
								"east": {"uv": [84, 89], "uv_size": [1, 1]},
								"south": {"uv": [85, 89], "uv_size": [1, 1]},
								"west": {"uv": [89, 85], "uv_size": [1, 1]},
								"up": {"uv": [86, 89], "uv_size": [1, 1]},
								"down": {"uv": [89, 87], "uv_size": [1, -1]}
							}
						},
						{
							"origin": [-1.29787, 22.71489, -27.62162],
							"size": [1.05, 0.75, 1.25],
							"pivot": [0.35213, 22.71485, -43.8716],
							"rotation": [0, 0, -45],
							"uv": {
								"north": {"uv": [81, 89], "uv_size": [1, 1]},
								"east": {"uv": [83, 88], "uv_size": [1.5, 1]},
								"south": {"uv": [82, 89], "uv_size": [1, 1]},
								"west": {"uv": [85, 88], "uv_size": [1.5, 1]},
								"up": {"uv": [73, 88], "uv_size": [1, 1.5]},
								"down": {"uv": [87, 89.5], "uv_size": [1, -1.5]}
							}
						},
						{
							"origin": [-0.6025, 22.07094, -27.62162],
							"size": [1.25, 0.75, 1.25],
							"uv": {
								"north": {"uv": [88, 60], "uv_size": [1.5, 1]},
								"east": {"uv": [76, 88], "uv_size": [1.5, 1]},
								"south": {"uv": [79, 88], "uv_size": [1.5, 1]},
								"west": {"uv": [81, 88], "uv_size": [1.5, 1]},
								"up": {"uv": [86, 2], "uv_size": [1.5, 1.5]},
								"down": {"uv": [9, 87.5], "uv_size": [1.5, -1.5]}
							}
						},
						{
							"origin": [-1.34496, 20.82848, -27.62162],
							"size": [0.75, 1.25, 1.25],
							"uv": {
								"north": {"uv": [67, 88], "uv_size": [1, 1.5]},
								"east": {"uv": [84, 85], "uv_size": [1.5, 1.5]},
								"south": {"uv": [69, 88], "uv_size": [1, 1.5]},
								"west": {"uv": [86, 0], "uv_size": [1.5, 1.5]},
								"up": {"uv": [70, 88], "uv_size": [1, 1.5]},
								"down": {"uv": [72, 89.5], "uv_size": [1, -1.5]}
							}
						},
						{
							"origin": [-0.24898, 21.40674, -27.62162],
							"size": [1.05, 0.75, 1.25],
							"pivot": [1.00102, 21.4067, -43.8716],
							"rotation": [0, 0, 45],
							"uv": {
								"north": {"uv": [80, 89], "uv_size": [1, 1]},
								"east": {"uv": [88, 58], "uv_size": [1.5, 1]},
								"south": {"uv": [89, 80], "uv_size": [1, 1]},
								"west": {"uv": [88, 59], "uv_size": [1.5, 1]},
								"up": {"uv": [88, 64], "uv_size": [1, 1.5]},
								"down": {"uv": [66, 89.5], "uv_size": [1, -1.5]}
							}
						},
						{
							"origin": [0.63996, 20.82848, -27.62162],
							"size": [0.75, 1.25, 1.25],
							"uv": {
								"north": {"uv": [88, 54], "uv_size": [1, 1.5]},
								"east": {"uv": [85, 74], "uv_size": [1.5, 1.5]},
								"south": {"uv": [55, 88], "uv_size": [1, 1.5]},
								"west": {"uv": [85, 81], "uv_size": [1.5, 1.5]},
								"up": {"uv": [56, 88], "uv_size": [1, 1.5]},
								"down": {"uv": [57, 89.5], "uv_size": [1, -1.5]}
							}
						},
						{
							"origin": [-1.23357, 20.34742, -44.12162],
							"size": [1.05, 0.75, 5],
							"pivot": [-0.70857, 20.72242, -40.99662],
							"rotation": [0, 0, 45],
							"uv": {
								"north": {"uv": [78, 89], "uv_size": [1, 1]},
								"east": {"uv": [80, 74], "uv_size": [5, 1]},
								"south": {"uv": [79, 89], "uv_size": [1, 1]},
								"west": {"uv": [80, 75], "uv_size": [5, 1]},
								"up": {"uv": [48, 80], "uv_size": [1, 5]},
								"down": {"uv": [58, 85], "uv_size": [1, -5]}
							}
						},
						{
							"origin": [-0.6025, 20.08602, -44.12162],
							"size": [1.25, 0.75, 5],
							"uv": {
								"north": {"uv": [88, 9], "uv_size": [1.5, 1]},
								"east": {"uv": [80, 56], "uv_size": [5, 1]},
								"south": {"uv": [10, 88], "uv_size": [1.5, 1]},
								"west": {"uv": [80, 57], "uv_size": [5, 1]},
								"up": {"uv": [54, 74], "uv_size": [1.5, 5]},
								"down": {"uv": [56, 79], "uv_size": [1.5, -5]}
							}
						},
						{
							"origin": [0.22857, 20.34742, -44.12162],
							"size": [1.05, 0.75, 5],
							"pivot": [0.75357, 20.72242, -40.99662],
							"rotation": [0, 0, -45],
							"uv": {
								"north": {"uv": [76, 89], "uv_size": [1, 1]},
								"east": {"uv": [80, 39], "uv_size": [5, 1]},
								"south": {"uv": [77, 89], "uv_size": [1, 1]},
								"west": {"uv": [80, 40], "uv_size": [5, 1]},
								"up": {"uv": [26, 80], "uv_size": [1, 5]},
								"down": {"uv": [47, 85], "uv_size": [1, -5]}
							}
						},
						{
							"origin": [-1.29787, 22.71489, -44.12162],
							"size": [1.05, 0.75, 5],
							"pivot": [0.35213, 22.71485, -56.6216],
							"rotation": [0, 0, -45],
							"uv": {
								"north": {"uv": [89, 72], "uv_size": [1, 1]},
								"east": {"uv": [80, 15], "uv_size": [5, 1]},
								"south": {"uv": [74, 89], "uv_size": [1, 1]},
								"west": {"uv": [80, 17], "uv_size": [5, 1]},
								"up": {"uv": [13, 80], "uv_size": [1, 5]},
								"down": {"uv": [25, 85], "uv_size": [1, -5]}
							}
						},
						{
							"origin": [-0.6025, 22.07094, -44.12162],
							"size": [1.25, 0.75, 5],
							"uv": {
								"north": {"uv": [8, 88], "uv_size": [1.5, 1]},
								"east": {"uv": [80, 12], "uv_size": [5, 1]},
								"south": {"uv": [88, 8], "uv_size": [1.5, 1]},
								"west": {"uv": [80, 14], "uv_size": [5, 1]},
								"up": {"uv": [36, 72], "uv_size": [1.5, 5]},
								"down": {"uv": [52, 79], "uv_size": [1.5, -5]}
							}
						},
						{
							"origin": [-1.34496, 20.82848, -44.12162],
							"size": [0.75, 1.25, 5],
							"uv": {
								"north": {"uv": [88, 6], "uv_size": [1, 1.5]},
								"east": {"uv": [27, 74], "uv_size": [5, 1.5]},
								"south": {"uv": [7, 88], "uv_size": [1, 1.5]},
								"west": {"uv": [74, 46], "uv_size": [5, 1.5]},
								"up": {"uv": [11, 80], "uv_size": [1, 5]},
								"down": {"uv": [12, 85], "uv_size": [1, -5]}
							}
						},
						{
							"origin": [-0.24898, 21.40674, -44.12162],
							"size": [1.05, 0.75, 5],
							"pivot": [1.00102, 21.4067, -56.6216],
							"rotation": [0, 0, 45],
							"uv": {
								"north": {"uv": [65, 89], "uv_size": [1, 1]},
								"east": {"uv": [79, 79], "uv_size": [5, 1]},
								"south": {"uv": [89, 68], "uv_size": [1, 1]},
								"west": {"uv": [80, 6], "uv_size": [5, 1]},
								"up": {"uv": [80, 7], "uv_size": [1, 5]},
								"down": {"uv": [10, 85], "uv_size": [1, -5]}
							}
						},
						{
							"origin": [0.63996, 20.82848, -44.12162],
							"size": [0.75, 1.25, 5],
							"uv": {
								"north": {"uv": [78, 87], "uv_size": [1, 1.5]},
								"east": {"uv": [73, 68], "uv_size": [5, 1.5]},
								"south": {"uv": [6, 88], "uv_size": [1, 1.5]},
								"west": {"uv": [74, 0], "uv_size": [5, 1.5]},
								"up": {"uv": [77, 79], "uv_size": [1, 5]},
								"down": {"uv": [78, 84], "uv_size": [1, -5]}
							}
						},
						{
							"origin": [-0.6025, 22.27094, -17.12162],
							"size": [1.25, 0.45, 21.5],
							"uv": {
								"north": {"uv": [68, 90], "uv_size": [1.5, 0.5]},
								"east": {"uv": [69, 51], "uv_size": [21.5, 0.5]},
								"south": {"uv": [90, 69], "uv_size": [1.5, 0.5]},
								"west": {"uv": [69, 52], "uv_size": [21.5, 0.5]},
								"up": {"uv": [41, 46], "uv_size": [1.5, 21.5]},
								"down": {"uv": [47, 39.5], "uv_size": [1.5, -21.5]}
							}
						},
						{
							"origin": [-0.4025, 22.72094, -2.37162],
							"size": [0.85, 0.15, 2.25],
							"uv": {
								"north": {"uv": [91, 84], "uv_size": [1, 0.5]},
								"east": {"uv": [52, 89], "uv_size": [2.5, 0.5]},
								"south": {"uv": [85, 91], "uv_size": [1, 0.5]},
								"west": {"uv": [89, 54], "uv_size": [2.5, 0.5]},
								"up": {"uv": [20, 85], "uv_size": [1, 2.5]},
								"down": {"uv": [21, 87.5], "uv_size": [1, -2.5]}
							}
						},
						{
							"origin": [-0.4025, 22.87094, -1.37162],
							"size": [0.85, 0.55, 0.25],
							"uv": {
								"north": {"uv": [90, 1], "uv_size": [1, 1]},
								"east": {"uv": [86, 91], "uv_size": [0.5, 1]},
								"south": {"uv": [2, 90], "uv_size": [1, 1]},
								"west": {"uv": [91, 87], "uv_size": [0.5, 1]},
								"up": {"uv": [91, 88], "uv_size": [1, 0.5]},
								"down": {"uv": [91, 89.5], "uv_size": [1, -0.5]}
							}
						},
						{
							"origin": [0.2475, 23.42094, -1.37162],
							"size": [0.2, 0.5, 0.25],
							"uv": {
								"north": {"uv": [71, 92], "uv_size": [0.5, 0.5]},
								"east": {"uv": [92, 71], "uv_size": [0.5, 0.5]},
								"south": {"uv": [72, 92], "uv_size": [0.5, 0.5]},
								"west": {"uv": [92, 72], "uv_size": [0.5, 0.5]},
								"up": {"uv": [73, 92], "uv_size": [0.5, 0.5]},
								"down": {"uv": [92, 73.5], "uv_size": [0.5, -0.5]}
							}
						},
						{
							"origin": [-0.4025, 23.42094, -1.37162],
							"size": [0.2, 0.5, 0.25],
							"uv": {
								"north": {"uv": [74, 92], "uv_size": [0.5, 0.5]},
								"east": {"uv": [92, 74], "uv_size": [0.5, 0.5]},
								"south": {"uv": [75, 92], "uv_size": [0.5, 0.5]},
								"west": {"uv": [92, 75], "uv_size": [0.5, 0.5]},
								"up": {"uv": [76, 92], "uv_size": [0.5, 0.5]},
								"down": {"uv": [92, 76.5], "uv_size": [0.5, -0.5]}
							}
						},
						{
							"origin": [-0.2025, 23.82094, -1.37162],
							"size": [0.45, 0.1, 0.25],
							"uv": {
								"north": {"uv": [0, 0], "uv_size": [0.5, 0.5]},
								"east": {"uv": [0, 1], "uv_size": [0.5, 0.5]},
								"south": {"uv": [1, 0], "uv_size": [0.5, 0.5]},
								"west": {"uv": [1, 1], "uv_size": [0.5, 0.5]},
								"up": {"uv": [0, 2], "uv_size": [0.5, 0.5]},
								"down": {"uv": [2, 0.5], "uv_size": [0.5, -0.5]}
							}
						},
						{
							"origin": [-0.6025, 20.12744, -17.12162],
							"size": [1.25, 0.45, 21.5],
							"uv": {
								"north": {"uv": [90, 72], "uv_size": [1.5, 0.5]},
								"east": {"uv": [70, 4], "uv_size": [21.5, 0.5]},
								"south": {"uv": [74, 90], "uv_size": [1.5, 0.5]},
								"west": {"uv": [70, 5], "uv_size": [21.5, 0.5]},
								"up": {"uv": [47, 40], "uv_size": [1.5, 21.5]},
								"down": {"uv": [43, 68.5], "uv_size": [1.5, -21.5]}
							}
						},
						{
							"origin": [-1.19787, 22.91489, -17.12162],
							"size": [0.2, 0.45, 9],
							"pivot": [0.35213, 22.61485, -16.6216],
							"rotation": [0, 0, -45],
							"uv": {
								"north": {"uv": [80, 92], "uv_size": [0.5, 0.5]},
								"east": {"uv": [81, 11], "uv_size": [9, 0.5]},
								"south": {"uv": [92, 80], "uv_size": [0.5, 0.5]},
								"west": {"uv": [81, 13], "uv_size": [9, 0.5]},
								"up": {"uv": [23, 81], "uv_size": [0.5, 9]},
								"down": {"uv": [24, 90], "uv_size": [0.5, -9]}
							}
						},
						{
							"origin": [-0.44787, 22.91489, -17.12162],
							"size": [0.2, 0.45, 9],
							"pivot": [0.35213, 22.61485, -16.6216],
							"rotation": [0, 0, -45],
							"uv": {
								"north": {"uv": [81, 92], "uv_size": [0.5, 0.5]},
								"east": {"uv": [81, 36], "uv_size": [9, 0.5]},
								"south": {"uv": [92, 81], "uv_size": [0.5, 0.5]},
								"west": {"uv": [81, 45], "uv_size": [9, 0.5]},
								"up": {"uv": [39, 81], "uv_size": [0.5, 9]},
								"down": {"uv": [40, 90], "uv_size": [0.5, -9]}
							}
						},
						{
							"origin": [-1.19787, 22.91489, -8.12162],
							"size": [0.95, 0.45, 12.5],
							"pivot": [0.35213, 22.61485, -16.6216],
							"rotation": [0, 0, -45],
							"uv": {
								"north": {"uv": [90, 91], "uv_size": [1, 0.5]},
								"east": {"uv": [75, 30], "uv_size": [12.5, 0.5]},
								"south": {"uv": [91, 90], "uv_size": [1, 0.5]},
								"west": {"uv": [76, 18], "uv_size": [12.5, 0.5]},
								"up": {"uv": [16, 68], "uv_size": [1, 12.5]},
								"down": {"uv": [17, 80.5], "uv_size": [1, -12.5]}
							}
						},
						{
							"origin": [-1.27425, 20.79919, -17.12162],
							"size": [0.45, 1.25, 21.5],
							"uv": {
								"north": {"uv": [67, 90], "uv_size": [0.5, 1.5]},
								"east": {"uv": [47, 14], "uv_size": [21.5, 1.5]},
								"south": {"uv": [90, 67], "uv_size": [0.5, 1.5]},
								"west": {"uv": [47, 16], "uv_size": [21.5, 1.5]},
								"up": {"uv": [41, 68], "uv_size": [0.5, 21.5]},
								"down": {"uv": [42, 89.5], "uv_size": [0.5, -21.5]}
							}
						},
						{
							"origin": [-0.24898, 21.60674, -17.12162],
							"size": [0.95, 0.45, 21.5],
							"pivot": [1.00102, 21.3067, -16.6216],
							"rotation": [0, 0, 45],
							"uv": {
								"north": {"uv": [57, 91], "uv_size": [1, 0.5]},
								"east": {"uv": [69, 49], "uv_size": [21.5, 0.5]},
								"south": {"uv": [58, 91], "uv_size": [1, 0.5]},
								"west": {"uv": [69, 50], "uv_size": [21.5, 0.5]},
								"up": {"uv": [32, 59], "uv_size": [1, 21.5]},
								"down": {"uv": [33, 80.5], "uv_size": [1, -21.5]}
							}
						},
						{
							"origin": [-1.14821, 20.35348, -17.12162],
							"size": [0.95, 0.45, 21.5],
							"pivot": [-0.67321, 20.72848, -8.62162],
							"rotation": [0, 0, 45],
							"uv": {
								"north": {"uv": [91, 61], "uv_size": [1, 0.5]},
								"east": {"uv": [69, 62], "uv_size": [21.5, 0.5]},
								"south": {"uv": [62, 91], "uv_size": [1, 0.5]},
								"west": {"uv": [69, 63], "uv_size": [21.5, 0.5]},
								"up": {"uv": [39, 59], "uv_size": [1, 21.5]},
								"down": {"uv": [40, 80.5], "uv_size": [1, -21.5]}
							}
						},
						{
							"origin": [0.24321, 20.35348, -17.12162],
							"size": [0.95, 0.45, 21.5],
							"pivot": [0.71821, 20.72848, -8.62162],
							"rotation": [0, 0, -45],
							"uv": {
								"north": {"uv": [60, 91], "uv_size": [1, 0.5]},
								"east": {"uv": [69, 53], "uv_size": [21.5, 0.5]},
								"south": {"uv": [61, 91], "uv_size": [1, 0.5]},
								"west": {"uv": [69, 61], "uv_size": [21.5, 0.5]},
								"up": {"uv": [34, 59], "uv_size": [1, 21.5]},
								"down": {"uv": [38, 80.5], "uv_size": [1, -21.5]}
							}
						},
						{
							"origin": [0.86925, 20.79919, -17.12162],
							"size": [0.45, 1.25, 21.5],
							"uv": {
								"north": {"uv": [63, 90], "uv_size": [0.5, 1.5]},
								"east": {"uv": [45, 0], "uv_size": [21.5, 1.5]},
								"south": {"uv": [90, 65], "uv_size": [0.5, 1.5]},
								"west": {"uv": [45, 2], "uv_size": [21.5, 1.5]},
								"up": {"uv": [18, 68], "uv_size": [0.5, 21.5]},
								"down": {"uv": [19, 89.5], "uv_size": [0.5, -21.5]}
							}
						},
						{
							"origin": [0.96925, 20.79919, -45.62162],
							"size": [0.25, 1.25, 18],
							"uv": {
								"north": {"uv": [88, 90], "uv_size": [0.5, 1.5]},
								"east": {"uv": [51, 50], "uv_size": [18, 1.5]},
								"south": {"uv": [89, 90], "uv_size": [0.5, 1.5]},
								"west": {"uv": [51, 52], "uv_size": [18, 1.5]},
								"up": {"uv": [51, 71], "uv_size": [0.5, 18]},
								"down": {"uv": [35, 90], "uv_size": [0.5, -18]}
							}
						},
						{
							"origin": [-0.1722, 21.67139, -45.62162],
							"size": [0.8, 0.25, 18],
							"pivot": [1.0778, 21.27134, -44.6216],
							"rotation": [0, 0, 45],
							"uv": {
								"north": {"uv": [76, 91], "uv_size": [1, 0.5]},
								"east": {"uv": [73, 31], "uv_size": [18, 0.5]},
								"south": {"uv": [77, 91], "uv_size": [1, 0.5]},
								"west": {"uv": [73, 32], "uv_size": [18, 0.5]},
								"up": {"uv": [7, 64], "uv_size": [1, 18]},
								"down": {"uv": [8, 82], "uv_size": [1, -18]}
							}
						},
						{
							"origin": [-1.17425, 20.79919, -45.62162],
							"size": [0.25, 1.25, 18],
							"uv": {
								"north": {"uv": [87, 90], "uv_size": [0.5, 1.5]},
								"east": {"uv": [51, 46], "uv_size": [18, 1.5]},
								"south": {"uv": [90, 87], "uv_size": [0.5, 1.5]},
								"west": {"uv": [51, 48], "uv_size": [18, 1.5]},
								"up": {"uv": [49, 71], "uv_size": [0.5, 18]},
								"down": {"uv": [50, 89], "uv_size": [0.5, -18]}
							}
						},
						{
							"origin": [-1.12465, 22.97954, -45.62162],
							"size": [0.8, 0.25, 18],
							"pivot": [0.27535, 22.57949, -44.6216],
							"rotation": [0, 0, -45],
							"uv": {
								"north": {"uv": [75, 91], "uv_size": [1, 0.5]},
								"east": {"uv": [67, 71], "uv_size": [18, 0.5]},
								"south": {"uv": [91, 75], "uv_size": [1, 0.5]},
								"west": {"uv": [67, 72], "uv_size": [18, 0.5]},
								"up": {"uv": [5, 64], "uv_size": [1, 18]},
								"down": {"uv": [6, 82], "uv_size": [1, -18]}
							}
						},
						{
							"origin": [-0.6025, 22.37094, -45.62162],
							"size": [1.25, 0.25, 18],
							"uv": {
								"north": {"uv": [90, 85], "uv_size": [1.5, 0.5]},
								"east": {"uv": [71, 43], "uv_size": [18, 0.5]},
								"south": {"uv": [90, 86], "uv_size": [1.5, 0.5]},
								"west": {"uv": [71, 44], "uv_size": [18, 0.5]},
								"up": {"uv": [49, 46], "uv_size": [1.5, 18]},
								"down": {"uv": [51, 46], "uv_size": [1.5, -18]}
							}
						},
						{
							"origin": [0.31999, 20.48884, -45.62162],
							"size": [0.8, 0.25, 18],
							"pivot": [0.79499, 20.76384, -36.62162],
							"rotation": [0, 0, -45],
							"uv": {
								"north": {"uv": [74, 91], "uv_size": [1, 0.5]},
								"east": {"uv": [71, 41], "uv_size": [18, 0.5]},
								"south": {"uv": [91, 74], "uv_size": [1, 0.5]},
								"west": {"uv": [71, 42], "uv_size": [18, 0.5]},
								"up": {"uv": [3, 64], "uv_size": [1, 18]},
								"down": {"uv": [4, 82], "uv_size": [1, -18]}
							}
						},
						{
							"origin": [-1.07499, 20.48884, -45.62162],
							"size": [0.8, 0.25, 18],
							"pivot": [-0.74999, 20.76384, -36.62162],
							"rotation": [0, 0, 45],
							"uv": {
								"north": {"uv": [91, 71], "uv_size": [1, 0.5]},
								"east": {"uv": [70, 60], "uv_size": [18, 0.5]},
								"south": {"uv": [91, 73], "uv_size": [1, 0.5]},
								"west": {"uv": [67, 70], "uv_size": [18, 0.5]},
								"up": {"uv": [47, 62], "uv_size": [1, 18]},
								"down": {"uv": [48, 80], "uv_size": [1, -18]}
							}
						},
						{
							"origin": [-0.6025, 20.22744, -45.62162],
							"size": [1.25, 0.25, 18],
							"uv": {
								"north": {"uv": [90, 80], "uv_size": [1.5, 0.5]},
								"east": {"uv": [70, 35], "uv_size": [18, 0.5]},
								"south": {"uv": [85, 90], "uv_size": [1.5, 0.5]},
								"west": {"uv": [70, 59], "uv_size": [18, 0.5]},
								"up": {"uv": [45, 47], "uv_size": [1.5, 18]},
								"down": {"uv": [49, 46], "uv_size": [1.5, -18]}
							}
						},
						{
							"origin": [-0.5025, 20.42744, -48.37162],
							"size": [1.05, 0.2, 2.75],
							"uv": {
								"north": {"uv": [91, 82], "uv_size": [1, 0.5]},
								"east": {"uv": [88, 48], "uv_size": [3, 0.5]},
								"south": {"uv": [91, 83], "uv_size": [1, 0.5]},
								"west": {"uv": [52, 88], "uv_size": [3, 0.5]},
								"up": {"uv": [1, 85], "uv_size": [1, 3]},
								"down": {"uv": [13, 88], "uv_size": [1, -3]}
							}
						},
						{
							"origin": [-0.97833, 20.73934, -48.37162],
							"size": [0.67, 0.2, 2.75],
							"pivot": [-0.78333, 20.81434, -54.62162],
							"rotation": [0, 0, 45],
							"uv": {
								"north": {"uv": [70, 92], "uv_size": [0.5, 0.5]},
								"east": {"uv": [88, 34], "uv_size": [3, 0.5]},
								"south": {"uv": [92, 70], "uv_size": [0.5, 0.5]},
								"west": {"uv": [88, 35], "uv_size": [3, 0.5]},
								"up": {"uv": [47, 88], "uv_size": [0.5, 3]},
								"down": {"uv": [48, 91], "uv_size": [0.5, -3]}
							}
						},
						{
							"origin": [0.39141, 20.64742, -48.37162],
							"size": [0.67, 0.2, 2.75],
							"pivot": [0.73641, 20.72242, -54.62162],
							"rotation": [0, 0, -45],
							"uv": {
								"north": {"uv": [69, 92], "uv_size": [0.5, 0.5]},
								"east": {"uv": [88, 30], "uv_size": [3, 0.5]},
								"south": {"uv": [92, 69], "uv_size": [0.5, 0.5]},
								"west": {"uv": [88, 33], "uv_size": [3, 0.5]},
								"up": {"uv": [25, 88], "uv_size": [0.5, 3]},
								"down": {"uv": [26, 91], "uv_size": [0.5, -3]}
							}
						},
						{
							"origin": [-0.5025, 22.22094, -48.37162],
							"size": [1.05, 0.2, 2.75],
							"uv": {
								"north": {"uv": [81, 91], "uv_size": [1, 0.5]},
								"east": {"uv": [88, 17], "uv_size": [3, 0.5]},
								"south": {"uv": [91, 81], "uv_size": [1, 0.5]},
								"west": {"uv": [88, 25], "uv_size": [3, 0.5]},
								"up": {"uv": [78, 84], "uv_size": [1, 3]},
								"down": {"uv": [0, 88], "uv_size": [1, -3]}
							}
						},
						{
							"origin": [-1.028, 22.77903, -48.37162],
							"size": [0.67, 0.2, 2.75],
							"pivot": [0.242, 22.52899, -62.6216],
							"rotation": [0, 0, -45],
							"uv": {
								"north": {"uv": [68, 92], "uv_size": [0.5, 0.5]},
								"east": {"uv": [88, 14], "uv_size": [3, 0.5]},
								"south": {"uv": [92, 68], "uv_size": [0.5, 0.5]},
								"west": {"uv": [88, 15], "uv_size": [3, 0.5]},
								"up": {"uv": [21, 88], "uv_size": [0.5, 3]},
								"down": {"uv": [88, 25], "uv_size": [0.5, -3]}
							}
						},
						{
							"origin": [-0.97425, 20.89919, -48.37162],
							"size": [0.2, 1.05, 2.75],
							"uv": {
								"north": {"uv": [91, 79], "uv_size": [0.5, 1]},
								"east": {"uv": [85, 14], "uv_size": [3, 1]},
								"south": {"uv": [80, 91], "uv_size": [0.5, 1]},
								"west": {"uv": [85, 15], "uv_size": [3, 1]},
								"up": {"uv": [88, 19], "uv_size": [0.5, 3]},
								"down": {"uv": [20, 91], "uv_size": [0.5, -3]}
							}
						},
						{
							"origin": [-0.10078, 21.56281, -48.37162],
							"size": [0.67, 0.2, 2.75],
							"pivot": [1.01922, 21.31277, -62.6216],
							"rotation": [0, 0, 45],
							"uv": {
								"north": {"uv": [67, 92], "uv_size": [0.5, 0.5]},
								"east": {"uv": [88, 10], "uv_size": [3, 0.5]},
								"south": {"uv": [92, 67], "uv_size": [0.5, 0.5]},
								"west": {"uv": [88, 12], "uv_size": [3, 0.5]},
								"up": {"uv": [15, 88], "uv_size": [0.5, 3]},
								"down": {"uv": [16, 91], "uv_size": [0.5, -3]}
							}
						},
						{
							"origin": [0.81925, 20.89919, -48.37162],
							"size": [0.2, 1.05, 2.75],
							"uv": {
								"north": {"uv": [78, 91], "uv_size": [0.5, 1]},
								"east": {"uv": [85, 10], "uv_size": [3, 1]},
								"south": {"uv": [79, 91], "uv_size": [0.5, 1]},
								"west": {"uv": [85, 12], "uv_size": [3, 1]},
								"up": {"uv": [12, 88], "uv_size": [0.5, 3]},
								"down": {"uv": [13, 91], "uv_size": [0.5, -3]}
							}
						},
						{
							"origin": [0.56925, 20.89919, -48.62162],
							"size": [0.45, 1.05, 0.25],
							"uv": {
								"north": {"uv": [43, 92], "uv_size": [0.5, 1]},
								"east": {"uv": [92, 43], "uv_size": [0.5, 1]},
								"south": {"uv": [44, 92], "uv_size": [0.5, 1]},
								"west": {"uv": [92, 44], "uv_size": [0.5, 1]},
								"up": {"uv": [93, 9], "uv_size": [0.5, 0.5]},
								"down": {"uv": [10, 93.5], "uv_size": [0.5, -0.5]}
							}
						},
						{
							"origin": [-0.10078, 21.31281, -48.62162],
							"size": [0.67, 0.45, 0.25],
							"pivot": [1.01922, 21.31277, -62.8716],
							"rotation": [0, 0, 45],
							"uv": {
								"north": {"uv": [93, 6], "uv_size": [0.5, 0.5]},
								"east": {"uv": [7, 93], "uv_size": [0.5, 0.5]},
								"south": {"uv": [93, 7], "uv_size": [0.5, 0.5]},
								"west": {"uv": [8, 93], "uv_size": [0.5, 0.5]},
								"up": {"uv": [93, 8], "uv_size": [0.5, 0.5]},
								"down": {"uv": [9, 93.5], "uv_size": [0.5, -0.5]}
							}
						},
						{
							"origin": [-0.97425, 20.89919, -48.62162],
							"size": [0.45, 1.05, 0.25],
							"uv": {
								"north": {"uv": [41, 92], "uv_size": [0.5, 1]},
								"east": {"uv": [92, 41], "uv_size": [0.5, 1]},
								"south": {"uv": [42, 92], "uv_size": [0.5, 1]},
								"west": {"uv": [92, 42], "uv_size": [0.5, 1]},
								"up": {"uv": [93, 5], "uv_size": [0.5, 0.5]},
								"down": {"uv": [6, 93.5], "uv_size": [0.5, -0.5]}
							}
						},
						{
							"origin": [-1.028, 22.52903, -48.62162],
							"size": [0.67, 0.45, 0.25],
							"pivot": [0.242, 22.52899, -62.8716],
							"rotation": [0, 0, -45],
							"uv": {
								"north": {"uv": [93, 2], "uv_size": [0.5, 0.5]},
								"east": {"uv": [3, 93], "uv_size": [0.5, 0.5]},
								"south": {"uv": [93, 3], "uv_size": [0.5, 0.5]},
								"west": {"uv": [4, 93], "uv_size": [0.5, 0.5]},
								"up": {"uv": [93, 4], "uv_size": [0.5, 0.5]},
								"down": {"uv": [5, 93.5], "uv_size": [0.5, -0.5]}
							}
						},
						{
							"origin": [-0.5025, 21.97094, -48.62162],
							"size": [1.05, 0.45, 0.25],
							"uv": {
								"north": {"uv": [38, 92], "uv_size": [1, 0.5]},
								"east": {"uv": [93, 1], "uv_size": [0.5, 0.5]},
								"south": {"uv": [92, 38], "uv_size": [1, 0.5]},
								"west": {"uv": [2, 93], "uv_size": [0.5, 0.5]},
								"up": {"uv": [92, 39], "uv_size": [1, 0.5]},
								"down": {"uv": [40, 92.5], "uv_size": [1, -0.5]}
							}
						},
						{
							"origin": [0.39141, 20.64742, -48.62162],
							"size": [0.67, 0.45, 0.25],
							"pivot": [0.73641, 20.72242, -54.87162],
							"rotation": [0, 0, -45],
							"uv": {
								"north": {"uv": [91, 92], "uv_size": [0.5, 0.5]},
								"east": {"uv": [92, 91], "uv_size": [0.5, 0.5]},
								"south": {"uv": [92, 92], "uv_size": [0.5, 0.5]},
								"west": {"uv": [0, 93], "uv_size": [0.5, 0.5]},
								"up": {"uv": [93, 0], "uv_size": [0.5, 0.5]},
								"down": {"uv": [1, 93.5], "uv_size": [0.5, -0.5]}
							}
						},
						{
							"origin": [-0.97833, 20.73934, -48.62162],
							"size": [0.67, 0.45, 0.25],
							"pivot": [-0.78333, 20.81434, -54.87162],
							"rotation": [0, 0, 45],
							"uv": {
								"north": {"uv": [88, 92], "uv_size": [0.5, 0.5]},
								"east": {"uv": [92, 88], "uv_size": [0.5, 0.5]},
								"south": {"uv": [89, 92], "uv_size": [0.5, 0.5]},
								"west": {"uv": [92, 89], "uv_size": [0.5, 0.5]},
								"up": {"uv": [90, 92], "uv_size": [0.5, 0.5]},
								"down": {"uv": [92, 90.5], "uv_size": [0.5, -0.5]}
							}
						},
						{
							"origin": [-0.5025, 20.42744, -48.62162],
							"size": [1.05, 0.45, 0.25],
							"uv": {
								"north": {"uv": [35, 92], "uv_size": [1, 0.5]},
								"east": {"uv": [87, 92], "uv_size": [0.5, 0.5]},
								"south": {"uv": [92, 35], "uv_size": [1, 0.5]},
								"west": {"uv": [92, 87], "uv_size": [0.5, 0.5]},
								"up": {"uv": [92, 36], "uv_size": [1, 0.5]},
								"down": {"uv": [37, 92.5], "uv_size": [1, -0.5]}
							}
						},
						{
							"origin": [-0.64, 15.925, 2.49],
							"size": [1.28, 1.675, 0.7125],
							"uv": {
								"north": {"uv": [32, 85], "uv_size": [1.5, 1.5]},
								"east": {"uv": [22, 90], "uv_size": [0.5, 1.5]},
								"south": {"uv": [36, 85], "uv_size": [1.5, 1.5]},
								"west": {"uv": [90, 22], "uv_size": [0.5, 1.5]},
								"up": {"uv": [23, 90], "uv_size": [1.5, 0.5]},
								"down": {"uv": [90, 26.5], "uv_size": [1.5, -0.5]}
							}
						},
						{
							"origin": [-0.64, 15.7587, -2.24034],
							"size": [1.28, 1.925, 0.7125],
							"uv": {
								"north": {"uv": [66, 84], "uv_size": [1.5, 2]},
								"east": {"uv": [58, 89], "uv_size": [0.5, 2]},
								"south": {"uv": [70, 84], "uv_size": [1.5, 2]},
								"west": {"uv": [60, 89], "uv_size": [0.5, 2]},
								"up": {"uv": [52, 90], "uv_size": [1.5, 0.5]},
								"down": {"uv": [54, 90.5], "uv_size": [1.5, -0.5]}
							}
						},
						{
							"origin": [-0.74, 17.2587, -3.24034],
							"size": [1.48, 0.425, 2.7125],
							"uv": {
								"north": {"uv": [47, 91], "uv_size": [1.5, 0.5]},
								"east": {"uv": [89, 55], "uv_size": [2.5, 0.5]},
								"south": {"uv": [91, 47], "uv_size": [1.5, 0.5]},
								"west": {"uv": [89, 57], "uv_size": [2.5, 0.5]},
								"up": {"uv": [79, 83], "uv_size": [1.5, 2.5]},
								"down": {"uv": [81, 85.5], "uv_size": [1.5, -2.5]}
							}
						},
						{
							"origin": [-0.64, 16.11863, -1.3124],
							"size": [1.28, 0.675, 0.7125],
							"pivot": [2.85, 13.94363, 0.8251],
							"rotation": [22.5, 0, 0],
							"uv": {
								"north": {"uv": [56, 90], "uv_size": [1.5, 0.5]},
								"east": {"uv": [66, 92], "uv_size": [0.5, 0.5]},
								"south": {"uv": [90, 56], "uv_size": [1.5, 0.5]},
								"west": {"uv": [92, 66], "uv_size": [0.5, 0.5]},
								"up": {"uv": [90, 58], "uv_size": [1.5, 0.5]},
								"down": {"uv": [90, 59.5], "uv_size": [1.5, -0.5]}
							}
						},
						{
							"origin": [-0.64, 14.74162, 1.29088],
							"size": [1.28, 0.855, 0.7125],
							"pivot": [2.85, 12.74662, 3.42838],
							"rotation": [-22.5, 0, 0],
							"uv": {
								"north": {"uv": [47, 87], "uv_size": [1.5, 1]},
								"east": {"uv": [44, 91], "uv_size": [0.5, 1]},
								"south": {"uv": [56, 87], "uv_size": [1.5, 1]},
								"west": {"uv": [91, 48], "uv_size": [0.5, 1]},
								"up": {"uv": [27, 90], "uv_size": [1.5, 0.5]},
								"down": {"uv": [90, 27.5], "uv_size": [1.5, -0.5]}
							}
						},
						{
							"origin": [-0.64, 16.425, 1.065],
							"size": [1.28, 1.425, 0.4625],
							"uv": {
								"north": {"uv": [85, 37], "uv_size": [1.5, 1.5]},
								"east": {"uv": [29, 90], "uv_size": [0.5, 1.5]},
								"south": {"uv": [85, 39], "uv_size": [1.5, 1.5]},
								"west": {"uv": [30, 90], "uv_size": [0.5, 1.5]},
								"up": {"uv": [90, 28], "uv_size": [1.5, 0.5]},
								"down": {"uv": [90, 36.5], "uv_size": [1.5, -0.5]}
							}
						},
						{
							"origin": [-0.64, 15.73887, 0.92852],
							"size": [1.28, 0.855, 0.4625],
							"pivot": [0, 16.16637, 1.03477],
							"rotation": [-22.5, 0, 0],
							"uv": {
								"north": {"uv": [85, 87], "uv_size": [1.5, 1]},
								"east": {"uv": [91, 49], "uv_size": [0.5, 1]},
								"south": {"uv": [87, 85], "uv_size": [1.5, 1]},
								"west": {"uv": [91, 50], "uv_size": [0.5, 1]},
								"up": {"uv": [39, 90], "uv_size": [1.5, 0.5]},
								"down": {"uv": [41, 90.5], "uv_size": [1.5, -0.5]}
							}
						},
						{
							"origin": [-0.64, 14.94437, 1.91652],
							"size": [1.28, 0.7125, 0.855],
							"pivot": [0, 15.30062, 2.34402],
							"rotation": [22.5, 0, 0],
							"uv": {
								"north": {"uv": [90, 41], "uv_size": [1.5, 0.5]},
								"east": {"uv": [91, 51], "uv_size": [1, 0.5]},
								"south": {"uv": [90, 42], "uv_size": [1.5, 0.5]},
								"west": {"uv": [52, 91], "uv_size": [1, 0.5]},
								"up": {"uv": [87, 86], "uv_size": [1.5, 1]},
								"down": {"uv": [87, 88], "uv_size": [1.5, -1]}
							}
						},
						{
							"origin": [-0.64, 14.94437, -1.87824],
							"size": [1.28, 0.7125, 0.855],
							"pivot": [0, 15.30062, -1.45074],
							"rotation": [-22.5, 0, 0],
							"uv": {
								"north": {"uv": [90, 60], "uv_size": [1.5, 0.5]},
								"east": {"uv": [91, 52], "uv_size": [1, 0.5]},
								"south": {"uv": [61, 90], "uv_size": [1.5, 0.5]},
								"west": {"uv": [53, 91], "uv_size": [1, 0.5]},
								"up": {"uv": [88, 1], "uv_size": [1.5, 1]},
								"down": {"uv": [88, 3], "uv_size": [1.5, -1]}
							}
						},
						{
							"origin": [-0.64, 14.80789, -1.19211],
							"size": [1.28, 0.67, 3.2775],
							"uv": {
								"north": {"uv": [43, 90], "uv_size": [1.5, 0.5]},
								"east": {"uv": [87, 37], "uv_size": [3.5, 0.5]},
								"south": {"uv": [90, 45], "uv_size": [1.5, 0.5]},
								"west": {"uv": [87, 38], "uv_size": [3.5, 0.5]},
								"up": {"uv": [23, 77], "uv_size": [1.5, 3.5]},
								"down": {"uv": [36, 80.5], "uv_size": [1.5, -3.5]}
							}
						},
						{
							"origin": [-1.4525, 17.77991, 5.63038],
							"size": [2.95, 4.6625, 1.425],
							"pivot": [2.85, 19.20491, 12.75538],
							"rotation": [45, 0, 0],
							"uv": {
								"north": {"uv": [67, 31], "uv_size": [3, 4.5]},
								"east": {"uv": [10, 75], "uv_size": [1.5, 4.5]},
								"south": {"uv": [67, 56], "uv_size": [3, 4.5]},
								"west": {"uv": [12, 75], "uv_size": [1.5, 4.5]},
								"up": {"uv": [66, 80], "uv_size": [3, 1.5]},
								"down": {"uv": [81, 3.5], "uv_size": [3, -1.5]}
							}
						},
						{
							"origin": [-1.4525, 15.81047, 5.34533],
							"size": [2.95, 1.425, 3.3125],
							"pivot": [2.85, 22.93547, 8.12033],
							"rotation": [-22.5, 0, 0],
							"uv": {
								"north": {"uv": [81, 7], "uv_size": [3, 1.5]},
								"east": {"uv": [66, 78], "uv_size": [3.5, 1.5]},
								"south": {"uv": [81, 9], "uv_size": [3, 1.5]},
								"west": {"uv": [79, 0], "uv_size": [3.5, 1.5]},
								"up": {"uv": [0, 70], "uv_size": [3, 3.5]},
								"down": {"uv": [20, 73.5], "uv_size": [3, -3.5]}
							}
						},
						{
							"origin": [-1.4525, 18.41034, 2.6049],
							"size": [0.55, 1.425, 1.5625],
							"pivot": [0.0225, 19.12284, 4.26115],
							"rotation": [-62.5, 0, 0],
							"uv": {
								"north": {"uv": [70, 90], "uv_size": [0.5, 1.5]},
								"east": {"uv": [52, 85], "uv_size": [1.5, 1.5]},
								"south": {"uv": [71, 90], "uv_size": [0.5, 1.5]},
								"west": {"uv": [54, 85], "uv_size": [1.5, 1.5]},
								"up": {"uv": [72, 90], "uv_size": [0.5, 1.5]},
								"down": {"uv": [73, 91.5], "uv_size": [0.5, -1.5]}
							}
						},
						{
							"origin": [0.9475, 18.41034, 2.6049],
							"size": [0.55, 1.425, 1.5625],
							"pivot": [0.0225, 19.12284, 4.26115],
							"rotation": [-62.5, 0, 0],
							"uv": {
								"north": {"uv": [90, 89], "uv_size": [0.5, 1.5]},
								"east": {"uv": [56, 85], "uv_size": [1.5, 1.5]},
								"south": {"uv": [0, 91], "uv_size": [0.5, 1.5]},
								"west": {"uv": [85, 70], "uv_size": [1.5, 1.5]},
								"up": {"uv": [91, 0], "uv_size": [0.5, 1.5]},
								"down": {"uv": [1, 92.5], "uv_size": [0.5, -1.5]}
							}
						},
						{
							"origin": [-1.45, 14.65, 16.1],
							"size": [2.95, 3.8, 8.7],
							"uv": {
								"north": {"uv": [35, 68], "uv_size": [3, 4]},
								"east": {"uv": [36, 0], "uv_size": [8.5, 4]},
								"south": {"uv": [60, 68], "uv_size": [3, 4]},
								"west": {"uv": [44, 10], "uv_size": [8.5, 4]},
								"up": {"uv": [35, 53], "uv_size": [3, 8.5]},
								"down": {"uv": [51, 64.5], "uv_size": [3, -8.5]}
							}
						},
						{
							"origin": [-1.45, 14.65, 24.8],
							"size": [2.95, 3.6, 7.7],
							"uv": {
								"north": {"uv": [52, 70], "uv_size": [3, 3.5]},
								"east": {"uv": [53, 31], "uv_size": [7.5, 3.5]},
								"south": {"uv": [55, 70], "uv_size": [3, 3.5]},
								"west": {"uv": [53, 35], "uv_size": [7.5, 3.5]},
								"up": {"uv": [54, 58], "uv_size": [3, 7.5]},
								"down": {"uv": [57, 65.5], "uv_size": [3, -7.5]}
							}
						},
						{
							"origin": [-1.45, 12.65, 16.3],
							"size": [2.95, 2, 16.2],
							"uv": {
								"north": {"uv": [76, 19], "uv_size": [3, 2]},
								"east": {"uv": [49, 18], "uv_size": [16, 2]},
								"south": {"uv": [76, 37], "uv_size": [3, 2]},
								"west": {"uv": [49, 20], "uv_size": [16, 2]},
								"up": {"uv": [35, 10], "uv_size": [3, 16]},
								"down": {"uv": [35, 42], "uv_size": [3, -16]}
							}
						},
						{
							"origin": [-1.45, 10.65, 21.05],
							"size": [2.95, 2, 11.45],
							"uv": {
								"north": {"uv": [76, 54], "uv_size": [3, 2]},
								"east": {"uv": [57, 6], "uv_size": [11.5, 2]},
								"south": {"uv": [76, 64], "uv_size": [3, 2]},
								"west": {"uv": [57, 8], "uv_size": [11.5, 2]},
								"up": {"uv": [41, 22], "uv_size": [3, 11.5]},
								"down": {"uv": [41, 45.5], "uv_size": [3, -11.5]}
							}
						},
						{
							"origin": [-1.45, 8.65, 25.8],
							"size": [2.95, 2, 6.7],
							"uv": {
								"north": {"uv": [66, 76], "uv_size": [3, 2]},
								"east": {"uv": [68, 27], "uv_size": [6.5, 2]},
								"south": {"uv": [76, 66], "uv_size": [3, 2]},
								"west": {"uv": [68, 29], "uv_size": [6.5, 2]},
								"up": {"uv": [61, 31], "uv_size": [3, 6.5]},
								"down": {"uv": [60, 67.5], "uv_size": [3, -6.5]}
							}
						},
						{
							"origin": [-1.45, 6.65, 30.8],
							"size": [2.95, 2, 1.7],
							"uv": {
								"north": {"uv": [69, 76], "uv_size": [3, 2]},
								"east": {"uv": [76, 84], "uv_size": [1.5, 2]},
								"south": {"uv": [76, 73], "uv_size": [3, 2]},
								"west": {"uv": [84, 83], "uv_size": [1.5, 2]},
								"up": {"uv": [82, 23], "uv_size": [3, 1.5]},
								"down": {"uv": [82, 26.5], "uv_size": [3, -1.5]}
							}
						},
						{
							"origin": [-1.45, 5.65, 31.55],
							"size": [2.95, 1, 0.95],
							"uv": {
								"north": {"uv": [61, 38], "uv_size": [3, 1]},
								"east": {"uv": [61, 89], "uv_size": [1, 1]},
								"south": {"uv": [84, 73], "uv_size": [3, 1]},
								"west": {"uv": [62, 89], "uv_size": [1, 1]},
								"up": {"uv": [84, 79], "uv_size": [3, 1]},
								"down": {"uv": [85, 7], "uv_size": [3, -1]}
							}
						},
						{
							"origin": [-1.45, 16.18155, 14.34716],
							"size": [2.95, 1.425, 2.4875],
							"pivot": [1.855, 16.18159, 14.34717],
							"rotation": [22.5, 0, 0],
							"uv": {
								"north": {"uv": [3, 82], "uv_size": [3, 1.5]},
								"east": {"uv": [52, 83], "uv_size": [2.5, 1.5]},
								"south": {"uv": [6, 82], "uv_size": [3, 1.5]},
								"west": {"uv": [83, 54], "uv_size": [2.5, 1.5]},
								"up": {"uv": [74, 6], "uv_size": [3, 2.5]},
								"down": {"uv": [74, 11.5], "uv_size": [3, -2.5]}
							}
						},
						{
							"origin": [-1.45, 14.65, 10.1],
							"size": [2.95, 3.2, 6],
							"uv": {
								"north": {"uv": [70, 56], "uv_size": [3, 3]},
								"east": {"uv": [62, 28], "uv_size": [6, 3]},
								"south": {"uv": [64, 70], "uv_size": [3, 3]},
								"west": {"uv": [63, 61], "uv_size": [6, 3]},
								"up": {"uv": [35, 62], "uv_size": [3, 6]},
								"down": {"uv": [0, 70], "uv_size": [3, -6]}
							}
						},
						{
							"origin": [-1.4525, 14.65909, 8.14307],
							"size": [2.95, 1.425, 1.5975],
							"pivot": [0, 15.37159, 12.20432],
							"rotation": [22.5, 0, 0],
							"uv": {
								"north": {"uv": [32, 81], "uv_size": [3, 1.5]},
								"east": {"uv": [85, 46], "uv_size": [1.5, 1.5]},
								"south": {"uv": [36, 81], "uv_size": [3, 1.5]},
								"west": {"uv": [47, 85], "uv_size": [1.5, 1.5]},
								"up": {"uv": [52, 81], "uv_size": [3, 1.5]},
								"down": {"uv": [79, 82.5], "uv_size": [3, -1.5]}
							}
						},
						{
							"origin": [-1.4525, 13.40909, 9.14307],
							"size": [2.95, 1.425, 3.5975],
							"uv": {
								"north": {"uv": [15, 82], "uv_size": [3, 1.5]},
								"east": {"uv": [79, 19], "uv_size": [3.5, 1.5]},
								"south": {"uv": [82, 21], "uv_size": [3, 1.5]},
								"west": {"uv": [79, 33], "uv_size": [3.5, 1.5]},
								"up": {"uv": [27, 70], "uv_size": [3, 3.5]},
								"down": {"uv": [70, 34.5], "uv_size": [3, -3.5]}
							}
						},
						{
							"origin": [-1.4525, 14.82, 7.3025],
							"size": [2.95, 2.35, 4.56],
							"uv": {
								"north": {"uv": [60, 72], "uv_size": [3, 2.5]},
								"east": {"uv": [69, 6], "uv_size": [4.5, 2.5]},
								"south": {"uv": [68, 73], "uv_size": [3, 2.5]},
								"west": {"uv": [69, 9], "uv_size": [4.5, 2.5]},
								"up": {"uv": [9, 68], "uv_size": [3, 4.5]},
								"down": {"uv": [12, 72.5], "uv_size": [3, -4.5]}
							}
						},
						{
							"origin": [-1.4525, 13.90583, 3.82452],
							"size": [2.95, 2.5625, 11.7625],
							"pivot": [0, 17.68083, 13.91202],
							"rotation": [-22.5, 0, 0],
							"uv": {
								"north": {"uv": [71, 73], "uv_size": [3, 2.5]},
								"east": {"uv": [49, 22], "uv_size": [12, 2.5]},
								"south": {"uv": [0, 74], "uv_size": [3, 2.5]},
								"west": {"uv": [49, 25], "uv_size": [12, 2.5]},
								"up": {"uv": [38, 36], "uv_size": [3, 12]},
								"down": {"uv": [41, 22], "uv_size": [3, -12]}
							}
						},
						{
							"origin": [-1.4525, 9.65583, 12.32452],
							"size": [2.95, 2.5625, 21.5125],
							"pivot": [0, 13.43083, 22.41202],
							"rotation": [-22.5, 0, 0],
							"uv": {
								"north": {"uv": [74, 14], "uv_size": [3, 2.5]},
								"east": {"uv": [35, 4], "uv_size": [21.5, 2.5]},
								"south": {"uv": [20, 74], "uv_size": [3, 2.5]},
								"west": {"uv": [35, 7], "uv_size": [21.5, 2.5]},
								"up": {"uv": [32, 4], "uv_size": [3, 21.5]},
								"down": {"uv": [32, 47.5], "uv_size": [3, -21.5]}
							}
						},
						{
							"origin": [-0.4525, 12.22202, 14.18318],
							"size": [0.95, 0.1, 2.1625],
							"pivot": [0.0225, 12.27202, 15.21443],
							"rotation": [-22.5, 0, 0],
							"uv": {
								"north": {"uv": [54, 92], "uv_size": [1, 0.5]},
								"east": {"uv": [90, 16], "uv_size": [2, 0.5]},
								"south": {"uv": [92, 54], "uv_size": [1, 0.5]},
								"west": {"uv": [18, 90], "uv_size": [2, 0.5]},
								"up": {"uv": [55, 81], "uv_size": [1, 2]},
								"down": {"uv": [86, 87], "uv_size": [1, -2]}
							}
						},
						{
							"origin": [-0.3025, 11.87202, 14.98318],
							"size": [0.65, 0.35, 0.55],
							"pivot": [0.0225, 12.27202, 15.21443],
							"rotation": [-22.5, 0, 0],
							"uv": {
								"north": {"uv": [93, 17], "uv_size": [0.5, 0.5]},
								"east": {"uv": [18, 93], "uv_size": [0.5, 0.5]},
								"south": {"uv": [93, 18], "uv_size": [0.5, 0.5]},
								"west": {"uv": [19, 93], "uv_size": [0.5, 0.5]},
								"up": {"uv": [93, 19], "uv_size": [0.5, 0.5]},
								"down": {"uv": [20, 93.5], "uv_size": [0.5, -0.5]}
							}
						},
						{
							"origin": [-0.1425, 23.0825, -43.6125],
							"size": [0.285, 0.405, 0.5675],
							"uv": {
								"north": {"uv": [63, 92], "uv_size": [0.5, 0.5]},
								"east": {"uv": [92, 63], "uv_size": [0.5, 0.5]},
								"south": {"uv": [64, 92], "uv_size": [0.5, 0.5]},
								"west": {"uv": [92, 64], "uv_size": [0.5, 0.5]},
								"up": {"uv": [65, 92], "uv_size": [0.5, 0.5]},
								"down": {"uv": [92, 65.5], "uv_size": [0.5, -0.5]}
							}
						},
						{
							"origin": [-0.92, 22.2625, -44.1125],
							"size": [1.84, 0.82, 1.5675],
							"uv": {
								"north": {"uv": [49, 64], "uv_size": [2, 1]},
								"east": {"uv": [0, 88], "uv_size": [1.5, 1]},
								"south": {"uv": [52, 65], "uv_size": [2, 1]},
								"west": {"uv": [88, 0], "uv_size": [1.5, 1]},
								"up": {"uv": [84, 2], "uv_size": [2, 1.5]},
								"down": {"uv": [15, 85.5], "uv_size": [2, -1.5]}
							}
						},
						{
							"origin": [-0.53, 20.8992, -49.76],
							"size": [1.1, 1.1, 5.1075],
							"uv": {
								"north": {"uv": [43, 46], "uv_size": [1, 1]},
								"east": {"uv": [78, 69], "uv_size": [5, 1]},
								"south": {"uv": [69, 85], "uv_size": [1, 1]},
								"west": {"uv": [79, 73], "uv_size": [5, 1]},
								"up": {"uv": [79, 74], "uv_size": [1, 5]},
								"down": {"uv": [76, 84], "uv_size": [1, -5]}
							}
						}
					]
				},
				{
					"name": "scope",
					"parent": "main",
					"pivot": [0.025, 23.55, 3.95],
					"cubes": [
						{"origin": [-0.475, 23.05, 3.45], "size": [1, 1, 1], "inflate": -0.4, "uv": [32, 2]}
					]
				},
				{
					"name": "bolt",
					"parent": "main",
					"pivot": [-0.2174, 21.67703, -6.52162],
					"cubes": [
						{
							"origin": [0.31925, 20.89919, -12.62162],
							"size": [0.7, 1.05, 13.25],
							"uv": {
								"north": {"uv": [92, 14], "uv_size": [0.5, 1]},
								"east": {"uv": [68, 25], "uv_size": [13.5, 1]},
								"south": {"uv": [15, 92], "uv_size": [0.5, 1]},
								"west": {"uv": [68, 26], "uv_size": [13.5, 1]},
								"up": {"uv": [30, 76], "uv_size": [0.5, 13.5]},
								"down": {"uv": [31, 89.5], "uv_size": [0.5, -13.5]}
							}
						},
						{
							"origin": [-0.10078, 20.56281, -12.62162],
							"size": [0.67, 1.2, 13.25],
							"pivot": [1.01922, 21.31277, -22.6216],
							"rotation": [0, 0, 45],
							"uv": {
								"north": {"uv": [92, 12], "uv_size": [0.5, 1]},
								"east": {"uv": [68, 23], "uv_size": [13.5, 1]},
								"south": {"uv": [14, 92], "uv_size": [0.5, 1]},
								"west": {"uv": [68, 24], "uv_size": [13.5, 1]},
								"up": {"uv": [28, 76], "uv_size": [0.5, 13.5]},
								"down": {"uv": [29, 89.5], "uv_size": [0.5, -13.5]}
							}
						},
						{
							"origin": [-0.97425, 20.89919, -12.62162],
							"size": [0.7, 1.05, 13.25],
							"uv": {
								"north": {"uv": [92, 9], "uv_size": [0.5, 1]},
								"east": {"uv": [67, 45], "uv_size": [13.5, 1]},
								"south": {"uv": [92, 11], "uv_size": [0.5, 1]},
								"west": {"uv": [68, 22], "uv_size": [13.5, 1]},
								"up": {"uv": [75, 73], "uv_size": [0.5, 13.5]},
								"down": {"uv": [27, 89.5], "uv_size": [0.5, -13.5]}
							}
						},
						{
							"origin": [-1.028, 21.77903, -12.62162],
							"size": [0.67, 1.2, 13.25],
							"pivot": [0.242, 22.52899, -22.6216],
							"rotation": [0, 0, -45],
							"uv": {
								"north": {"uv": [92, 7], "uv_size": [0.5, 1]},
								"east": {"uv": [67, 13], "uv_size": [13.5, 1]},
								"south": {"uv": [92, 8], "uv_size": [0.5, 1]},
								"west": {"uv": [67, 36], "uv_size": [13.5, 1]},
								"up": {"uv": [61, 75], "uv_size": [0.5, 13.5]},
								"down": {"uv": [62, 88.5], "uv_size": [0.5, -13.5]}
							}
						},
						{
							"origin": [-0.5025, 21.72094, -12.62162],
							"size": [1.05, 0.7, 13.25],
							"uv": {
								"north": {"uv": [92, 5], "uv_size": [1, 0.5]},
								"east": {"uv": [75, 28], "uv_size": [13.5, 0.5]},
								"south": {"uv": [7, 92], "uv_size": [1, 0.5]},
								"west": {"uv": [75, 29], "uv_size": [13.5, 0.5]},
								"up": {"uv": [59, 66], "uv_size": [1, 13.5]},
								"down": {"uv": [15, 81.5], "uv_size": [1, -13.5]}
							}
						},
						{
							"origin": [0.39141, 20.64742, -12.62162],
							"size": [0.67, 1.2, 13.25],
							"pivot": [0.73641, 20.72242, -14.62162],
							"rotation": [0, 0, -45],
							"uv": {
								"north": {"uv": [92, 3], "uv_size": [0.5, 1]},
								"east": {"uv": [67, 2], "uv_size": [13.5, 1]},
								"south": {"uv": [92, 4], "uv_size": [0.5, 1]},
								"west": {"uv": [67, 3], "uv_size": [13.5, 1]},
								"up": {"uv": [46, 75], "uv_size": [0.5, 13.5]},
								"down": {"uv": [60, 88.5], "uv_size": [0.5, -13.5]}
							}
						},
						{
							"origin": [-0.97833, 20.73934, -12.62162],
							"size": [0.67, 1.2, 13.25],
							"pivot": [-0.78333, 20.81434, -14.62162],
							"rotation": [0, 0, 45],
							"uv": {
								"north": {"uv": [92, 1], "uv_size": [0.5, 1]},
								"east": {"uv": [53, 13], "uv_size": [13.5, 1]},
								"south": {"uv": [92, 2], "uv_size": [0.5, 1]},
								"west": {"uv": [53, 45], "uv_size": [13.5, 1]},
								"up": {"uv": [14, 75], "uv_size": [0.5, 13.5]},
								"down": {"uv": [45, 88.5], "uv_size": [0.5, -13.5]}
							}
						},
						{
							"origin": [-0.5025, 20.42744, -12.62162],
							"size": [1.05, 0.7, 13.25],
							"uv": {
								"north": {"uv": [91, 91], "uv_size": [1, 0.5]},
								"east": {"uv": [74, 48], "uv_size": [13.5, 0.5]},
								"south": {"uv": [92, 0], "uv_size": [1, 0.5]},
								"west": {"uv": [75, 27], "uv_size": [13.5, 0.5]},
								"up": {"uv": [25, 66], "uv_size": [1, 13.5]},
								"down": {"uv": [26, 79.5], "uv_size": [1, -13.5]}
							}
						},
						{
							"origin": [-1.898, 22.28433, -9.12162],
							"size": [1, 1.5, 1],
							"pivot": [-1.398, 22.90933, -8.62162],
							"rotation": [0, 45, -45],
							"uv": {
								"north": {"uv": [5, 89], "uv_size": [1, 1.5]},
								"east": {"uv": [8, 89], "uv_size": [1, 1.5]},
								"south": {"uv": [9, 89], "uv_size": [1, 1.5]},
								"west": {"uv": [10, 89], "uv_size": [1, 1.5]},
								"up": {"uv": [90, 2], "uv_size": [1, 1]},
								"down": {"uv": [3, 91], "uv_size": [1, -1]}
							}
						},
						{
							"origin": [-1.648, 21.53433, -8.87162],
							"size": [0.5, 1.25, 0.5],
							"pivot": [-1.398, 22.90933, -8.62162],
							"rotation": [0, 0, -45],
							"uv": {
								"north": {"uv": [3, 91], "uv_size": [0.5, 1.5]},
								"east": {"uv": [4, 91], "uv_size": [0.5, 1.5]},
								"south": {"uv": [5, 91], "uv_size": [0.5, 1.5]},
								"west": {"uv": [6, 91], "uv_size": [0.5, 1.5]},
								"up": {"uv": [77, 92], "uv_size": [0.5, 0.5]},
								"down": {"uv": [92, 77.5], "uv_size": [0.5, -0.5]}
							}
						}
					]
				},
				{
					"name": "slingfront",
					"parent": "main",
					"pivot": [1.7225, 19.03776, 2.50292],
					"cubes": [
						{
							"origin": [1.6475, 18.97094, 1.72838],
							"size": [0.15, 0.15, 1.55],
							"uv": {
								"north": {"uv": [93, 13], "uv_size": [0.5, 0.5]},
								"east": {"uv": [37, 91], "uv_size": [1.5, 0.5]},
								"south": {"uv": [14, 93], "uv_size": [0.5, 0.5]},
								"west": {"uv": [91, 37], "uv_size": [1.5, 0.5]},
								"up": {"uv": [91, 38], "uv_size": [0.5, 1.5]},
								"down": {"uv": [39, 92.5], "uv_size": [0.5, -1.5]}
							}
						},
						{
							"origin": [1.6475, 18.00087, 2.12656],
							"size": [0.15, 0.15, 0.75],
							"uv": {
								"north": {"uv": [93, 14], "uv_size": [0.5, 0.5]},
								"east": {"uv": [48, 92], "uv_size": [1, 0.5]},
								"south": {"uv": [15, 93], "uv_size": [0.5, 0.5]},
								"west": {"uv": [92, 48], "uv_size": [1, 0.5]},
								"up": {"uv": [49, 92], "uv_size": [0.5, 1]},
								"down": {"uv": [92, 50], "uv_size": [0.5, -1]}
							}
						},
						{
							"origin": [1.6475, 18.43961, 2.48318],
							"size": [0.15, 0.15, 1.05],
							"pivot": [1.7225, 18.51461, 3.00818],
							"rotation": [67.5, 0, 0],
							"uv": {
								"north": {"uv": [93, 15], "uv_size": [0.5, 0.5]},
								"east": {"uv": [50, 92], "uv_size": [1, 0.5]},
								"south": {"uv": [16, 93], "uv_size": [0.5, 0.5]},
								"west": {"uv": [92, 50], "uv_size": [1, 0.5]},
								"up": {"uv": [51, 92], "uv_size": [0.5, 1]},
								"down": {"uv": [92, 52], "uv_size": [0.5, -1]}
							}
						},
						{
							"origin": [1.6475, 18.43961, 1.47358],
							"size": [0.15, 0.15, 1.05],
							"pivot": [1.7225, 18.51461, 1.99858],
							"rotation": [112.5, 0, 0],
							"uv": {
								"north": {"uv": [93, 16], "uv_size": [0.5, 0.5]},
								"east": {"uv": [52, 92], "uv_size": [1, 0.5]},
								"south": {"uv": [17, 93], "uv_size": [0.5, 0.5]},
								"west": {"uv": [92, 52], "uv_size": [1, 0.5]},
								"up": {"uv": [53, 92], "uv_size": [0.5, 1]},
								"down": {"uv": [92, 54], "uv_size": [0.5, -1]}
							}
						}
					]
				},
				{
					"name": "slingback",
					"parent": "main",
					"pivot": [0.0225, 12.0474, 15.1687],
					"rotation": [-65, 0, 0],
					"cubes": [
						{
							"origin": [0.4523, 11.76907, 15.13463],
							"size": [0.15, 0.15, 1.05],
							"pivot": [0.5273, 11.84407, 15.65963],
							"rotation": [-24.14867, -20.70481, 9.00717],
							"uv": {
								"north": {"uv": [93, 20], "uv_size": [0.5, 0.5]},
								"east": {"uv": [55, 92], "uv_size": [1, 0.5]},
								"south": {"uv": [21, 93], "uv_size": [0.5, 0.5]},
								"west": {"uv": [92, 55], "uv_size": [1, 0.5]},
								"up": {"uv": [56, 92], "uv_size": [0.5, 1]},
								"down": {"uv": [92, 57], "uv_size": [0.5, -1]}
							}
						},
						{
							"origin": [-0.5573, 11.76907, 15.13463],
							"size": [0.15, 0.15, 1.05],
							"pivot": [-0.4823, 11.84407, 15.65963],
							"rotation": [-24.14867, 20.70481, -9.00717],
							"uv": {
								"north": {"uv": [93, 23], "uv_size": [0.5, 0.5]},
								"east": {"uv": [59, 92], "uv_size": [1, 0.5]},
								"south": {"uv": [24, 93], "uv_size": [0.5, 0.5]},
								"west": {"uv": [92, 59], "uv_size": [1, 0.5]},
								"up": {"uv": [60, 92], "uv_size": [0.5, 1]},
								"down": {"uv": [92, 61], "uv_size": [0.5, -1]}
							}
						},
						{
							"origin": [-0.7525, 11.9724, 15.09374],
							"size": [1.55, 0.15, 0.15],
							"pivot": [0.0225, 12.0474, 15.16874],
							"rotation": [-22.5, 0, 0],
							"uv": {
								"north": {"uv": [40, 91], "uv_size": [1.5, 0.5]},
								"east": {"uv": [93, 22], "uv_size": [0.5, 0.5]},
								"south": {"uv": [91, 40], "uv_size": [1.5, 0.5]},
								"west": {"uv": [23, 93], "uv_size": [0.5, 0.5]},
								"up": {"uv": [42, 91], "uv_size": [1.5, 0.5]},
								"down": {"uv": [91, 46.5], "uv_size": [1.5, -0.5]}
							}
						},
						{
							"origin": [-0.35432, 11.98347, 16.15553],
							"size": [0.75, 0.15, 0.15],
							"pivot": [-0.17932, 12.28347, 15.18678],
							"rotation": [-22.5, 0, 0],
							"uv": {
								"north": {"uv": [57, 92], "uv_size": [1, 0.5]},
								"east": {"uv": [93, 21], "uv_size": [0.5, 0.5]},
								"south": {"uv": [92, 57], "uv_size": [1, 0.5]},
								"west": {"uv": [22, 93], "uv_size": [0.5, 0.5]},
								"up": {"uv": [58, 92], "uv_size": [1, 0.5]},
								"down": {"uv": [92, 58.5], "uv_size": [1, -0.5]}
							}
						}
					]
				},
				{
					"name": "magazine",
					"parent": "main",
					"pivot": [10.88105, 21.42094, -24.52777],
					"cubes": [
						{
							"origin": [0.4475, 20.52094, -22.37162],
							"size": [9.05, 1.8, 2.9],
							"pivot": [2.7225, 21.42094, -21.04662],
							"rotation": [0, 12.5, 0],
							"uv": {
								"north": {"uv": [9, 64], "uv_size": [9, 2]},
								"east": {"uv": [76, 75], "uv_size": [3, 2]},
								"south": {"uv": [18, 64], "uv_size": [9, 2]},
								"west": {"uv": [0, 77], "uv_size": [3, 2]},
								"up": {"uv": [53, 10], "uv_size": [9, 3]},
								"down": {"uv": [53, 31], "uv_size": [9, -3]}
							}
						},
						{
							"origin": [8.63188, 20.52094, -24.31373],
							"size": [6.55, 1.8, 2.9],
							"pivot": [9.90688, 21.42094, -22.98873],
							"rotation": [0, 32.5, 0],
							"uv": {
								"north": {"uv": [52, 68], "uv_size": [6.5, 2]},
								"east": {"uv": [77, 6], "uv_size": [3, 2]},
								"south": {"uv": [66, 68], "uv_size": [6.5, 2]},
								"west": {"uv": [77, 8], "uv_size": [3, 2]},
								"up": {"uv": [61, 25], "uv_size": [6.5, 3]},
								"down": {"uv": [62, 13], "uv_size": [6.5, -3]}
							}
						},
						{
							"origin": [12.94173, 20.52094, -28.5866],
							"size": [7.05, 1.8, 2.9],
							"pivot": [15.21673, 21.42094, -27.2616],
							"rotation": [0, 55, 0],
							"uv": {
								"north": {"uv": [52, 66], "uv_size": [7, 2]},
								"east": {"uv": [77, 10], "uv_size": [3, 2]},
								"south": {"uv": [67, 0], "uv_size": [7, 2]},
								"west": {"uv": [77, 14], "uv_size": [3, 2]},
								"up": {"uv": [60, 58], "uv_size": [7, 3]},
								"down": {"uv": [61, 25], "uv_size": [7, -3]}
							}
						}
					]
				},
				{
					"name": "bulletloaded",
					"parent": "magazine",
					"pivot": [0.64344, 21.61359, -20.40225],
					"cubes": [
						{
							"origin": [0.27789, 21.27094, -21.6376],
							"size": [0.8, 0.8, 2.4],
							"pivot": [0.80289, 21.54594, -20.4376],
							"rotation": [-4.8493, 11.53486, -22.99008],
							"uv": {
								"north": {"uv": [90, 20], "uv_size": [1, 1]},
								"east": {"uv": [85, 24], "uv_size": [2.5, 1]},
								"south": {"uv": [90, 21], "uv_size": [1, 1]},
								"west": {"uv": [85, 25], "uv_size": [2.5, 1]},
								"up": {"uv": [25, 85], "uv_size": [1, 2.5]},
								"down": {"uv": [26, 87.5], "uv_size": [1, -2.5]}
							}
						}
					]
				}
			]
		}
	]
}