{
	"format_version": "1.12.0",
	"minecraft:geometry": [
		{
			"description": {
				"identifier": "geometry.unknown",
				"texture_width": 128,
				"texture_height": 128,
				"visible_bounds_width": 10,
				"visible_bounds_height": 4,
				"visible_bounds_offset": [0, 1, 0]
			},
			"bones": [
				{
					"name": "main",
					"pivot": [0, 19, 4]
				},
				{
					"name": "rightarm",
					"parent": "main",
					"pivot": [-4.3, 7.8, 25.8],
					"rotation": [-101.81106, -12.40003, -2.46982],
					"cubes": [
						{"origin": [-8.3, -16.2, 21.8], "size": [8, 24, 8], "uv": [0, 32]}
					]
				},
				{
					"name": "leftarm",
					"parent": "main",
					"pivot": [10.7, 10.3, -4.6],
					"rotation": [-119.61483, 1.67666, -38.31282],
					"cubes": [
						{"origin": [5.7, -11.7, -8.6], "size": [8, 24, 8], "uv": [0, 0]}
					]
				},
				{
					"name": "muzzleflash",
					"parent": "main",
					"pivot": [0, 22.6, -66.75],
					"mirror": true,
					"cubes": [
						{"origin": [-0.5, 21, -83.55], "size": [1, 1, 1], "inflate": -0.4, "uv": [32, 0], "mirror": false}
					]
				},
				{
					"name": "gun",
					"parent": "main",
					"pivot": [0, 50.16, -6.98],
					"cubes": [
						{
							"origin": [-1.6025, 17.42094, -8.87162],
							"size": [3.25, 3.5, 11.75],
							"uv": {
								"north": {"uv": [76, 71], "uv_size": [3.5, 3.5]},
								"east": {"uv": [48, 38], "uv_size": [12, 3.5]},
								"south": {"uv": [26, 77], "uv_size": [3.5, 3.5]},
								"west": {"uv": [48, 42], "uv_size": [12, 3.5]},
								"up": {"uv": [48, 46], "uv_size": [3.5, 12]},
								"down": {"uv": [44, 63], "uv_size": [3.5, -12]}
							}
						},
						{
							"origin": [-1.29787, 22.71489, -11.62162],
							"size": [1.05, 0.75, 3.5],
							"pivot": [0.35213, 22.71485, -26.3716],
							"rotation": [0, 0, -45],
							"uv": {
								"north": {"uv": [96, 33], "uv_size": [1, 1]},
								"east": {"uv": [89, 44], "uv_size": [3.5, 1]},
								"south": {"uv": [34, 96], "uv_size": [1, 1]},
								"west": {"uv": [89, 58], "uv_size": [3.5, 1]},
								"up": {"uv": [4, 90], "uv_size": [1, 3.5]},
								"down": {"uv": [5, 93.5], "uv_size": [1, -3.5]}
							}
						},
						{
							"origin": [-1.23357, 20.34742, -11.62162],
							"size": [1.05, 0.75, 3.5],
							"pivot": [-0.70857, 20.72242, -10.24662],
							"rotation": [0, 0, -135],
							"uv": {
								"north": {"uv": [97, 46], "uv_size": [1, 1]},
								"east": {"uv": [89, 72], "uv_size": [3.5, 1]},
								"south": {"uv": [47, 97], "uv_size": [1, 1]},
								"west": {"uv": [89, 73], "uv_size": [3.5, 1]},
								"up": {"uv": [6, 90], "uv_size": [1, 3.5]},
								"down": {"uv": [19, 93.5], "uv_size": [1, -3.5]}
							}
						},
						{
							"origin": [-0.6025, 22.07094, -11.62162],
							"size": [1.25, 0.75, 3.5],
							"uv": {
								"north": {"uv": [94, 54], "uv_size": [1.5, 1]},
								"east": {"uv": [89, 12], "uv_size": [3.5, 1]},
								"south": {"uv": [94, 55], "uv_size": [1.5, 1]},
								"west": {"uv": [89, 43], "uv_size": [3.5, 1]},
								"up": {"uv": [48, 83], "uv_size": [1.5, 3.5]},
								"down": {"uv": [28, 87.5], "uv_size": [1.5, -3.5]}
							}
						},
						{
							"origin": [-1.34496, 20.82848, -11.62162],
							"size": [0.75, 1.25, 3.5],
							"uv": {
								"north": {"uv": [51, 94], "uv_size": [1, 1.5]},
								"east": {"uv": [85, 11], "uv_size": [3.5, 1.5]},
								"south": {"uv": [94, 52], "uv_size": [1, 1.5]},
								"west": {"uv": [85, 30], "uv_size": [3.5, 1.5]},
								"up": {"uv": [85, 89], "uv_size": [1, 3.5]},
								"down": {"uv": [3, 93.5], "uv_size": [1, -3.5]}
							}
						},
						{
							"origin": [-0.24898, 21.40674, -11.62162],
							"size": [1.05, 0.75, 3.5],
							"pivot": [1.00102, 21.4067, -26.3716],
							"rotation": [0, 0, 45],
							"uv": {
								"north": {"uv": [29, 96], "uv_size": [1, 1]},
								"east": {"uv": [89, 10], "uv_size": [3.5, 1]},
								"south": {"uv": [96, 32], "uv_size": [1, 1]},
								"west": {"uv": [89, 11], "uv_size": [3.5, 1]},
								"up": {"uv": [58, 89], "uv_size": [1, 3.5]},
								"down": {"uv": [59, 92.5], "uv_size": [1, -3.5]}
							}
						},
						{
							"origin": [0.63996, 20.82848, -11.62162],
							"size": [0.75, 1.25, 3.5],
							"uv": {
								"north": {"uv": [50, 94], "uv_size": [1, 1.5]},
								"east": {"uv": [84, 74], "uv_size": [3.5, 1.5]},
								"south": {"uv": [94, 50], "uv_size": [1, 1.5]},
								"west": {"uv": [85, 7], "uv_size": [3.5, 1.5]},
								"up": {"uv": [89, 50], "uv_size": [1, 3.5]},
								"down": {"uv": [89, 57.5], "uv_size": [1, -3.5]}
							}
						},
						{
							"origin": [-0.6025, 21.97094, -12.12162],
							"size": [1.25, 0.75, 0.5],
							"uv": {
								"north": {"uv": [94, 58], "uv_size": [1.5, 1]},
								"east": {"uv": [57, 98], "uv_size": [0.5, 1]},
								"south": {"uv": [94, 59], "uv_size": [1.5, 1]},
								"west": {"uv": [98, 57], "uv_size": [0.5, 1]},
								"up": {"uv": [97, 81], "uv_size": [1.5, 0.5]},
								"down": {"uv": [97, 83.5], "uv_size": [1.5, -0.5]}
							}
						},
						{
							"origin": [-1.19787, 22.61489, -12.12162],
							"size": [0.95, 0.75, 0.5],
							"pivot": [0.35213, 22.61485, -28.6216],
							"rotation": [0, 0, -45],
							"uv": {
								"north": {"uv": [36, 96], "uv_size": [1, 1]},
								"east": {"uv": [98, 51], "uv_size": [0.5, 1]},
								"south": {"uv": [37, 96], "uv_size": [1, 1]},
								"west": {"uv": [98, 53], "uv_size": [0.5, 1]},
								"up": {"uv": [56, 98], "uv_size": [1, 0.5]},
								"down": {"uv": [98, 56.5], "uv_size": [1, -0.5]}
							}
						},
						{
							"origin": [-1.27425, 20.79919, -12.12162],
							"size": [0.75, 1.25, 0.5],
							"uv": {
								"north": {"uv": [57, 94], "uv_size": [1, 1.5]},
								"east": {"uv": [97, 77], "uv_size": [0.5, 1.5]},
								"south": {"uv": [58, 94], "uv_size": [1, 1.5]},
								"west": {"uv": [78, 97], "uv_size": [0.5, 1.5]},
								"up": {"uv": [98, 49], "uv_size": [1, 0.5]},
								"down": {"uv": [98, 50.5], "uv_size": [1, -0.5]}
							}
						},
						{
							"origin": [-0.24898, 21.30674, -12.12162],
							"size": [0.95, 0.75, 0.5],
							"pivot": [1.00102, 21.3067, -28.6216],
							"rotation": [0, 0, 45],
							"uv": {
								"north": {"uv": [96, 34], "uv_size": [1, 1]},
								"east": {"uv": [47, 98], "uv_size": [0.5, 1]},
								"south": {"uv": [35, 96], "uv_size": [1, 1]},
								"west": {"uv": [98, 47], "uv_size": [0.5, 1]},
								"up": {"uv": [48, 98], "uv_size": [1, 0.5]},
								"down": {"uv": [98, 48.5], "uv_size": [1, -0.5]}
							}
						},
						{
							"origin": [0.56925, 20.79919, -12.12162],
							"size": [0.75, 1.25, 0.5],
							"uv": {
								"north": {"uv": [56, 94], "uv_size": [1, 1.5]},
								"east": {"uv": [72, 97], "uv_size": [0.5, 1.5]},
								"south": {"uv": [94, 56], "uv_size": [1, 1.5]},
								"west": {"uv": [73, 97], "uv_size": [0.5, 1.5]},
								"up": {"uv": [46, 98], "uv_size": [1, 0.5]},
								"down": {"uv": [98, 46.5], "uv_size": [1, -0.5]}
							}
						},
						{
							"origin": [-0.24898, 21.20674, -14.37162],
							"size": [0.85, 0.75, 2.25],
							"pivot": [1.00102, 21.2067, -29.1216],
							"rotation": [0, 0, 45],
							"uv": {
								"north": {"uv": [96, 42], "uv_size": [1, 1]},
								"east": {"uv": [91, 62], "uv_size": [2.5, 1]},
								"south": {"uv": [43, 96], "uv_size": [1, 1]},
								"west": {"uv": [91, 63], "uv_size": [2.5, 1]},
								"up": {"uv": [18, 91], "uv_size": [1, 2.5]},
								"down": {"uv": [28, 93.5], "uv_size": [1, -2.5]}
							}
						},
						{
							"origin": [-1.09787, 22.51489, -14.37162],
							"size": [0.85, 0.75, 2.25],
							"pivot": [0.35213, 22.51485, -29.1216],
							"rotation": [0, 0, -45],
							"uv": {
								"north": {"uv": [96, 39], "uv_size": [1, 1]},
								"east": {"uv": [91, 60], "uv_size": [2.5, 1]},
								"south": {"uv": [41, 96], "uv_size": [1, 1]},
								"west": {"uv": [91, 61], "uv_size": [2.5, 1]},
								"up": {"uv": [15, 91], "uv_size": [1, 2.5]},
								"down": {"uv": [17, 93.5], "uv_size": [1, -2.5]}
							}
						},
						{
							"origin": [-1.20354, 20.7699, -14.37162],
							"size": [0.75, 1.25, 2.25],
							"uv": {
								"north": {"uv": [94, 63], "uv_size": [1, 1.5]},
								"east": {"uv": [88, 60], "uv_size": [2.5, 1.5]},
								"south": {"uv": [67, 94], "uv_size": [1, 1.5]},
								"west": {"uv": [62, 88], "uv_size": [2.5, 1.5]},
								"up": {"uv": [7, 91], "uv_size": [1, 2.5]},
								"down": {"uv": [8, 93.5], "uv_size": [1, -2.5]}
							}
						},
						{
							"origin": [-0.6025, 21.87094, -14.37162],
							"size": [1.25, 0.75, 2.25],
							"uv": {
								"north": {"uv": [62, 94], "uv_size": [1.5, 1]},
								"east": {"uv": [91, 42], "uv_size": [2.5, 1]},
								"south": {"uv": [94, 62], "uv_size": [1.5, 1]},
								"west": {"uv": [48, 91], "uv_size": [2.5, 1]},
								"up": {"uv": [88, 45], "uv_size": [1.5, 2.5]},
								"down": {"uv": [60, 90.5], "uv_size": [1.5, -2.5]}
							}
						},
						{
							"origin": [0.49854, 20.7699, -14.37162],
							"size": [0.75, 1.25, 2.25],
							"uv": {
								"north": {"uv": [59, 94], "uv_size": [1, 1.5]},
								"east": {"uv": [88, 41], "uv_size": [2.5, 1.5]},
								"south": {"uv": [94, 60], "uv_size": [1, 1.5]},
								"west": {"uv": [44, 88], "uv_size": [2.5, 1.5]},
								"up": {"uv": [66, 90], "uv_size": [1, 2.5]},
								"down": {"uv": [73, 92.5], "uv_size": [1, -2.5]}
							}
						},
						{
							"origin": [-0.475, 20.47597, -23.87162],
							"size": [1, 2, 8.5],
							"uv": {
								"north": {"uv": [64, 93], "uv_size": [1, 2]},
								"east": {"uv": [69, 44], "uv_size": [8.5, 2]},
								"south": {"uv": [66, 93], "uv_size": [1, 2]},
								"west": {"uv": [73, 5], "uv_size": [8.5, 2]},
								"up": {"uv": [58, 80], "uv_size": [1, 8.5]},
								"down": {"uv": [59, 88.5], "uv_size": [1, -8.5]}
							}
						},
						{
							"origin": [0.37855, 21.37242, -23.87162],
							"size": [0.5, 0.75, 8.5],
							"uv": {
								"north": {"uv": [99, 7], "uv_size": [0.5, 1]},
								"east": {"uv": [79, 25], "uv_size": [8.5, 1]},
								"south": {"uv": [8, 99], "uv_size": [0.5, 1]},
								"west": {"uv": [80, 3], "uv_size": [8.5, 1]},
								"up": {"uv": [27, 86], "uv_size": [0.5, 8.5]},
								"down": {"uv": [36, 94.5], "uv_size": [0.5, -8.5]}
							}
						},
						{
							"origin": [-0.82855, 21.37242, -23.87162],
							"size": [0.5, 0.75, 8.5],
							"uv": {
								"north": {"uv": [99, 8], "uv_size": [0.5, 1]},
								"east": {"uv": [80, 4], "uv_size": [8.5, 1]},
								"south": {"uv": [9, 99], "uv_size": [0.5, 1]},
								"west": {"uv": [80, 66], "uv_size": [8.5, 1]},
								"up": {"uv": [37, 86], "uv_size": [0.5, 8.5]},
								"down": {"uv": [38, 94.5], "uv_size": [0.5, -8.5]}
							}
						},
						{
							"origin": [0.275, 21.87242, -23.87162],
							"size": [0.5, 0.5, 8.5],
							"pivot": [0.525, 22.12242, -19.62162],
							"rotation": [0, 0, 45],
							"uv": {
								"north": {"uv": [99, 46], "uv_size": [0.5, 0.5]},
								"east": {"uv": [86, 14], "uv_size": [8.5, 0.5]},
								"south": {"uv": [47, 99], "uv_size": [0.5, 0.5]},
								"west": {"uv": [86, 15], "uv_size": [8.5, 0.5]},
								"up": {"uv": [9, 86], "uv_size": [0.5, 8.5]},
								"down": {"uv": [24, 94.5], "uv_size": [0.5, -8.5]}
							}
						},
						{
							"origin": [-0.725, 21.87242, -23.87162],
							"size": [0.5, 0.5, 8.5],
							"pivot": [-0.475, 22.12242, -19.62162],
							"rotation": [0, 0, -45],
							"uv": {
								"north": {"uv": [99, 47], "uv_size": [0.5, 0.5]},
								"east": {"uv": [86, 16], "uv_size": [8.5, 0.5]},
								"south": {"uv": [48, 99], "uv_size": [0.5, 0.5]},
								"west": {"uv": [86, 17], "uv_size": [8.5, 0.5]},
								"up": {"uv": [25, 86], "uv_size": [0.5, 8.5]},
								"down": {"uv": [26, 94.5], "uv_size": [0.5, -8.5]}
							}
						},
						{
							"origin": [-0.725, 22.22597, -16.12162],
							"size": [1.5, 0.5, 0.75],
							"uv": {
								"north": {"uv": [98, 24], "uv_size": [1.5, 0.5]},
								"east": {"uv": [6, 99], "uv_size": [1, 0.5]},
								"south": {"uv": [26, 98], "uv_size": [1.5, 0.5]},
								"west": {"uv": [99, 6], "uv_size": [1, 0.5]},
								"up": {"uv": [48, 95], "uv_size": [1.5, 1]},
								"down": {"uv": [95, 51], "uv_size": [1.5, -1]}
							}
						},
						{
							"origin": [-0.725, 22.72597, -16.12162],
							"size": [1.5, 0.3, 0.4],
							"uv": {
								"north": {"uv": [28, 98], "uv_size": [1.5, 0.5]},
								"east": {"uv": [99, 48], "uv_size": [0.5, 0.5]},
								"south": {"uv": [98, 28], "uv_size": [1.5, 0.5]},
								"west": {"uv": [49, 99], "uv_size": [0.5, 0.5]},
								"up": {"uv": [98, 29], "uv_size": [1.5, 0.5]},
								"down": {"uv": [98, 30.5], "uv_size": [1.5, -0.5]}
							}
						},
						{
							"origin": [0.175, 23.02597, -16.22162],
							"size": [0.6, 0.45, 0.3],
							"uv": {
								"north": {"uv": [99, 49], "uv_size": [0.5, 0.5]},
								"east": {"uv": [50, 99], "uv_size": [0.5, 0.5]},
								"south": {"uv": [99, 50], "uv_size": [0.5, 0.5]},
								"west": {"uv": [51, 99], "uv_size": [0.5, 0.5]},
								"up": {"uv": [99, 51], "uv_size": [0.5, 0.5]},
								"down": {"uv": [99, 52.5], "uv_size": [0.5, -0.5]}
							}
						},
						{
							"origin": [-0.125, 23.02597, -16.22162],
							"size": [0.3, 0.3, 0.3],
							"uv": {
								"north": {"uv": [99, 59], "uv_size": [0.5, 0.5]},
								"east": {"uv": [60, 99], "uv_size": [0.5, 0.5]},
								"south": {"uv": [99, 60], "uv_size": [0.5, 0.5]},
								"west": {"uv": [61, 99], "uv_size": [0.5, 0.5]},
								"up": {"uv": [99, 61], "uv_size": [0.5, 0.5]},
								"down": {"uv": [62, 99.5], "uv_size": [0.5, -0.5]}
							}
						},
						{
							"origin": [-0.725, 23.02597, -16.22162],
							"size": [0.6, 0.45, 0.3],
							"uv": {
								"north": {"uv": [99, 53], "uv_size": [0.5, 0.5]},
								"east": {"uv": [99, 54], "uv_size": [0.5, 0.5]},
								"south": {"uv": [99, 55], "uv_size": [0.5, 0.5]},
								"west": {"uv": [56, 99], "uv_size": [0.5, 0.5]},
								"up": {"uv": [99, 56], "uv_size": [0.5, 0.5]},
								"down": {"uv": [57, 99.5], "uv_size": [0.5, -0.5]}
							}
						},
						{
							"origin": [-0.725, 22.03403, -16.58501],
							"size": [1.5, 0.5, 0.75],
							"pivot": [0.025, 22.28403, -16.21001],
							"rotation": [45, 0, 0],
							"uv": {
								"north": {"uv": [98, 26], "uv_size": [1.5, 0.5]},
								"east": {"uv": [99, 9], "uv_size": [1, 0.5]},
								"south": {"uv": [98, 27], "uv_size": [1.5, 0.5]},
								"west": {"uv": [99, 10], "uv_size": [1, 0.5]},
								"up": {"uv": [95, 51], "uv_size": [1.5, 1]},
								"down": {"uv": [95, 53], "uv_size": [1.5, -1]}
							}
						},
						{
							"origin": [0.425, 22.67597, -23.37162],
							"size": [0.35, 0.25, 7.25],
							"uv": {
								"north": {"uv": [99, 45], "uv_size": [0.5, 0.5]},
								"east": {"uv": [88, 1], "uv_size": [7.5, 0.5]},
								"south": {"uv": [46, 99], "uv_size": [0.5, 0.5]},
								"west": {"uv": [88, 48], "uv_size": [7.5, 0.5]},
								"up": {"uv": [65, 88], "uv_size": [0.5, 7.5]},
								"down": {"uv": [78, 95.5], "uv_size": [0.5, -7.5]}
							}
						},
						{
							"origin": [-0.725, 22.67597, -23.37162],
							"size": [0.35, 0.25, 7.25],
							"uv": {
								"north": {"uv": [99, 64], "uv_size": [0.5, 0.5]},
								"east": {"uv": [88, 69], "uv_size": [7.5, 0.5]},
								"south": {"uv": [65, 99], "uv_size": [0.5, 0.5]},
								"west": {"uv": [88, 70], "uv_size": [7.5, 0.5]},
								"up": {"uv": [79, 88], "uv_size": [0.5, 7.5]},
								"down": {"uv": [89, 37.5], "uv_size": [0.5, -7.5]}
							}
						},
						{
							"origin": [-0.375, 22.67597, -23.37162],
							"size": [0.8, 0.25, 0.35],
							"uv": {
								"north": {"uv": [99, 16], "uv_size": [1, 0.5]},
								"east": {"uv": [99, 65], "uv_size": [0.5, 0.5]},
								"south": {"uv": [17, 99], "uv_size": [1, 0.5]},
								"west": {"uv": [66, 99], "uv_size": [0.5, 0.5]},
								"up": {"uv": [99, 17], "uv_size": [1, 0.5]},
								"down": {"uv": [18, 99.5], "uv_size": [1, -0.5]}
							}
						},
						{
							"origin": [-1.225, 22.57597, -16.87162],
							"size": [2.5, 0.45, 0.75],
							"uv": {
								"north": {"uv": [96, 15], "uv_size": [2.5, 0.5]},
								"east": {"uv": [11, 99], "uv_size": [1, 0.5]},
								"south": {"uv": [17, 96], "uv_size": [2.5, 0.5]},
								"west": {"uv": [99, 11], "uv_size": [1, 0.5]},
								"up": {"uv": [67, 91], "uv_size": [2.5, 1]},
								"down": {"uv": [80, 92], "uv_size": [2.5, -1]}
							}
						},
						{
							"origin": [-1.125, 22.67597, -20.87162],
							"size": [0.3, 0.25, 4],
							"uv": {
								"north": {"uv": [99, 58], "uv_size": [0.5, 0.5]},
								"east": {"uv": [93, 85], "uv_size": [4, 0.5]},
								"south": {"uv": [59, 99], "uv_size": [0.5, 0.5]},
								"west": {"uv": [87, 93], "uv_size": [4, 0.5]},
								"up": {"uv": [91, 93], "uv_size": [0.5, 4]},
								"down": {"uv": [92, 97], "uv_size": [0.5, -4]}
							}
						},
						{
							"origin": [0.875, 22.67597, -20.87162],
							"size": [0.3, 0.25, 4],
							"uv": {
								"north": {"uv": [99, 57], "uv_size": [0.5, 0.5]},
								"east": {"uv": [93, 83], "uv_size": [4, 0.5]},
								"south": {"uv": [58, 99], "uv_size": [0.5, 0.5]},
								"west": {"uv": [93, 84], "uv_size": [4, 0.5]},
								"up": {"uv": [85, 93], "uv_size": [0.5, 4]},
								"down": {"uv": [86, 97], "uv_size": [0.5, -4]}
							}
						},
						{
							"origin": [-0.6025, 21.54536, -15.25847],
							"size": [1.25, 0.75, 1.25],
							"pivot": [0.6475, 21.54532, -15.00845],
							"rotation": [22.5, 0, 0],
							"uv": {
								"north": {"uv": [94, 65], "uv_size": [1.5, 1]},
								"east": {"uv": [94, 81], "uv_size": [1.5, 1]},
								"south": {"uv": [83, 94], "uv_size": [1.5, 1]},
								"west": {"uv": [94, 86], "uv_size": [1.5, 1]},
								"up": {"uv": [92, 50], "uv_size": [1.5, 1.5]},
								"down": {"uv": [92, 53.5], "uv_size": [1.5, -1.5]}
							}
						},
						{
							"origin": [0.11587, 20.7699, -15.54549],
							"size": [0.75, 1.25, 1.25],
							"pivot": [0.86583, 20.7699, -15.29547],
							"rotation": [0, 22.5, 0],
							"uv": {
								"north": {"uv": [72, 94], "uv_size": [1, 1.5]},
								"east": {"uv": [92, 45], "uv_size": [1.5, 1.5]},
								"south": {"uv": [94, 72], "uv_size": [1, 1.5]},
								"west": {"uv": [48, 92], "uv_size": [1.5, 1.5]},
								"up": {"uv": [94, 79], "uv_size": [1, 1.5]},
								"down": {"uv": [82, 95.5], "uv_size": [1, -1.5]}
							}
						},
						{
							"origin": [-0.87796, 20.7699, -15.25847],
							"size": [0.75, 1.25, 1.25],
							"pivot": [-0.12792, 20.7699, -15.00845],
							"rotation": [0, -22.5, 0],
							"uv": {
								"north": {"uv": [68, 94], "uv_size": [1, 1.5]},
								"east": {"uv": [39, 92], "uv_size": [1.5, 1.5]},
								"south": {"uv": [69, 94], "uv_size": [1, 1.5]},
								"west": {"uv": [44, 92], "uv_size": [1.5, 1.5]},
								"up": {"uv": [70, 94], "uv_size": [1, 1.5]},
								"down": {"uv": [71, 95.5], "uv_size": [1, -1.5]}
							}
						},
						{
							"origin": [-1.6025, 20.17094, -15.62162],
							"size": [2.75, 0.75, 5.25],
							"uv": {
								"north": {"uv": [90, 88], "uv_size": [3, 1]},
								"east": {"uv": [83, 72], "uv_size": [5.5, 1]},
								"south": {"uv": [90, 89], "uv_size": [3, 1]},
								"west": {"uv": [83, 73], "uv_size": [5.5, 1]},
								"up": {"uv": [0, 73], "uv_size": [3, 5.5]},
								"down": {"uv": [16, 78.5], "uv_size": [3, -5.5]}
							}
						},
						{
							"origin": [1.1475, 20.42094, -15.62162],
							"size": [0.5, 0.5, 6.75],
							"uv": {
								"north": {"uv": [99, 62], "uv_size": [0.5, 0.5]},
								"east": {"uv": [90, 25], "uv_size": [7, 0.5]},
								"south": {"uv": [63, 99], "uv_size": [0.5, 0.5]},
								"west": {"uv": [90, 26], "uv_size": [7, 0.5]},
								"up": {"uv": [20, 90], "uv_size": [0.5, 7]},
								"down": {"uv": [21, 97], "uv_size": [0.5, -7]}
							}
						},
						{
							"origin": [-1.6025, 20.03368, -11.13388],
							"size": [2.75, 1.25, 0.75],
							"pivot": [0.0225, 20.90868, -10.75888],
							"rotation": [30, 0, 0],
							"uv": {
								"north": {"uv": [3, 86], "uv_size": [3, 1.5]},
								"east": {"uv": [95, 56], "uv_size": [1, 1.5]},
								"south": {"uv": [6, 86], "uv_size": [3, 1.5]},
								"west": {"uv": [60, 95], "uv_size": [1, 1.5]},
								"up": {"uv": [90, 47], "uv_size": [3, 1]},
								"down": {"uv": [90, 68], "uv_size": [3, -1]}
							}
						},
						{
							"origin": [-1.6025, 20.03368, -9.10936],
							"size": [2.75, 0.75, 0.75],
							"pivot": [0.0225, 20.40868, -8.73436],
							"rotation": [-30, 0, 0],
							"uv": {
								"north": {"uv": [90, 90], "uv_size": [3, 1]},
								"east": {"uv": [97, 47], "uv_size": [1, 1]},
								"south": {"uv": [91, 18], "uv_size": [3, 1]},
								"west": {"uv": [48, 97], "uv_size": [1, 1]},
								"up": {"uv": [91, 19], "uv_size": [3, 1]},
								"down": {"uv": [91, 21], "uv_size": [3, -1]}
							}
						},
						{
							"origin": [-1.6025, 18.52094, -15.62162],
							"size": [3.25, 1.9, 6.75],
							"uv": {
								"north": {"uv": [82, 28], "uv_size": [3.5, 2]},
								"east": {"uv": [74, 11], "uv_size": [7, 2]},
								"south": {"uv": [36, 82], "uv_size": [3.5, 2]},
								"west": {"uv": [74, 69], "uv_size": [7, 2]},
								"up": {"uv": [64, 60], "uv_size": [3.5, 7]},
								"down": {"uv": [0, 73], "uv_size": [3.5, -7]}
							}
						},
						{
							"origin": [-1.6025, 17.61723, -43.36734],
							"size": [3.25, 1.25, 34.5],
							"pivot": [1.6475, 17.61719, -13.36732],
							"rotation": [-2.5, 0, 0],
							"uv": {
								"north": {"uv": [85, 36], "uv_size": [3.5, 1.5]},
								"east": {"uv": [44, 22], "uv_size": [34.5, 1.5]},
								"south": {"uv": [85, 43], "uv_size": [3.5, 1.5]},
								"west": {"uv": [44, 24], "uv_size": [34.5, 1.5]},
								"up": {"uv": [32, 4], "uv_size": [3.5, 34.5]},
								"down": {"uv": [36, 34.5], "uv_size": [3.5, -34.5]}
							}
						},
						{
							"origin": [-1.6025, 20.92094, -15.62162],
							"size": [3.25, 0.5, 5],
							"uv": {
								"north": {"uv": [93, 90], "uv_size": [3.5, 0.5]},
								"east": {"uv": [91, 77], "uv_size": [5, 0.5]},
								"south": {"uv": [93, 93], "uv_size": [3.5, 0.5]},
								"west": {"uv": [91, 78], "uv_size": [5, 0.5]},
								"up": {"uv": [52, 71], "uv_size": [3.5, 5]},
								"down": {"uv": [26, 77], "uv_size": [3.5, -5]}
							}
						},
						{
							"origin": [-1.6025, 21.17094, -20.87162],
							"size": [3.25, 0.25, 5.25],
							"uv": {
								"north": {"uv": [94, 0], "uv_size": [3.5, 0.5]},
								"east": {"uv": [91, 29], "uv_size": [5.5, 0.5]},
								"south": {"uv": [3, 94], "uv_size": [3.5, 0.5]},
								"west": {"uv": [91, 31], "uv_size": [5.5, 0.5]},
								"up": {"uv": [12, 68], "uv_size": [3.5, 5.5]},
								"down": {"uv": [69, 39.5], "uv_size": [3.5, -5.5]}
							}
						},
						{
							"origin": [1.1475, 20.93798, -10.75104],
							"size": [0.5, 0.5, 2],
							"pivot": [1.6475, 20.93793, -10.75102],
							"rotation": [-15, 0, 0],
							"uv": {
								"north": {"uv": [99, 33], "uv_size": [0.5, 0.5]},
								"east": {"uv": [97, 18], "uv_size": [2, 0.5]},
								"south": {"uv": [34, 99], "uv_size": [0.5, 0.5]},
								"west": {"uv": [97, 19], "uv_size": [2, 0.5]},
								"up": {"uv": [20, 97], "uv_size": [0.5, 2]},
								"down": {"uv": [97, 22], "uv_size": [0.5, -2]}
							}
						},
						{
							"origin": [-1.6025, 19.67094, -43.37162],
							"size": [3.25, 1.75, 12],
							"uv": {
								"north": {"uv": [80, 75], "uv_size": [3.5, 2]},
								"east": {"uv": [4, 66], "uv_size": [12, 2]},
								"south": {"uv": [81, 7], "uv_size": [3.5, 2]},
								"west": {"uv": [66, 13], "uv_size": [12, 2]},
								"up": {"uv": [52, 0], "uv_size": [3.5, 12]},
								"down": {"uv": [40, 64], "uv_size": [3.5, -12]}
							}
						},
						{
							"origin": [-1.6025, 18.67094, -31.37162],
							"size": [3.25, 1.5, 15.75],
							"uv": {
								"north": {"uv": [85, 32], "uv_size": [3.5, 1.5]},
								"east": {"uv": [66, 16], "uv_size": [16, 1.5]},
								"south": {"uv": [85, 34], "uv_size": [3.5, 1.5]},
								"west": {"uv": [66, 18], "uv_size": [16, 1.5]},
								"up": {"uv": [40, 36], "uv_size": [3.5, 16]},
								"down": {"uv": [44, 16], "uv_size": [3.5, -16]}
							}
						},
						{
							"origin": [-1.6025, 21.17094, -31.37162],
							"size": [3.25, 0.25, 10.5],
							"uv": {
								"north": {"uv": [94, 7], "uv_size": [3.5, 0.5]},
								"east": {"uv": [83, 79], "uv_size": [10.5, 0.5]},
								"south": {"uv": [94, 8], "uv_size": [3.5, 0.5]},
								"west": {"uv": [84, 2], "uv_size": [10.5, 0.5]},
								"up": {"uv": [56, 0], "uv_size": [3.5, 10.5]},
								"down": {"uv": [60, 10.5], "uv_size": [3.5, -10.5]}
							}
						},
						{
							"origin": [-1.14, 15.925, 1.49],
							"size": [2.28, 1.675, 0.7125],
							"uv": {
								"north": {"uv": [88, 18], "uv_size": [2.5, 1.5]},
								"east": {"uv": [97, 48], "uv_size": [0.5, 1.5]},
								"south": {"uv": [88, 20], "uv_size": [2.5, 1.5]},
								"west": {"uv": [49, 97], "uv_size": [0.5, 1.5]},
								"up": {"uv": [95, 53], "uv_size": [2.5, 0.5]},
								"down": {"uv": [95, 68.5], "uv_size": [2.5, -0.5]}
							}
						},
						{
							"origin": [-1.14, 15.7587, -3.24034],
							"size": [2.28, 1.925, 0.7125],
							"uv": {
								"north": {"uv": [85, 45], "uv_size": [2.5, 2]},
								"east": {"uv": [10, 96], "uv_size": [0.5, 2]},
								"south": {"uv": [85, 47], "uv_size": [2.5, 2]},
								"west": {"uv": [15, 96], "uv_size": [0.5, 2]},
								"up": {"uv": [95, 82], "uv_size": [2.5, 0.5]},
								"down": {"uv": [95, 94.5], "uv_size": [2.5, -0.5]}
							}
						},
						{
							"origin": [-1.14, 16.11863, -2.3124],
							"size": [2.28, 0.675, 0.7125],
							"pivot": [2.85, 13.94363, -0.1749],
							"rotation": [22.5, 0, 0],
							"uv": {
								"north": {"uv": [95, 95], "uv_size": [2.5, 0.5]},
								"east": {"uv": [99, 22], "uv_size": [0.5, 0.5]},
								"south": {"uv": [0, 96], "uv_size": [2.5, 0.5]},
								"west": {"uv": [24, 99], "uv_size": [0.5, 0.5]},
								"up": {"uv": [96, 1], "uv_size": [2.5, 0.5]},
								"down": {"uv": [96, 2.5], "uv_size": [2.5, -0.5]}
							}
						},
						{
							"origin": [-1.14, 14.74162, 0.29088],
							"size": [2.28, 0.855, 0.7125],
							"pivot": [2.85, 12.74662, 2.42838],
							"rotation": [-22.5, 0, 0],
							"uv": {
								"north": {"uv": [91, 32], "uv_size": [2.5, 1]},
								"east": {"uv": [98, 32], "uv_size": [0.5, 1]},
								"south": {"uv": [91, 33], "uv_size": [2.5, 1]},
								"west": {"uv": [98, 33], "uv_size": [0.5, 1]},
								"up": {"uv": [95, 73], "uv_size": [2.5, 0.5]},
								"down": {"uv": [95, 74.5], "uv_size": [2.5, -0.5]}
							}
						},
						{
							"origin": [-0.64, 16.175, 0.065],
							"size": [1.28, 1.425, 0.7125],
							"uv": {
								"north": {"uv": [60, 91], "uv_size": [1.5, 1.5]},
								"east": {"uv": [50, 97], "uv_size": [0.5, 1.5]},
								"south": {"uv": [91, 82], "uv_size": [1.5, 1.5]},
								"west": {"uv": [97, 50], "uv_size": [0.5, 1.5]},
								"up": {"uv": [97, 52], "uv_size": [1.5, 0.5]},
								"down": {"uv": [97, 54.5], "uv_size": [1.5, -0.5]}
							}
						},
						{
							"origin": [-0.64, 14.99162, -1.13412],
							"size": [1.28, 0.855, 0.7125],
							"pivot": [2.85, 12.99662, 1.00338],
							"rotation": [-22.5, 0, 0],
							"uv": {
								"north": {"uv": [0, 94], "uv_size": [1.5, 1]},
								"east": {"uv": [34, 98], "uv_size": [0.5, 1]},
								"south": {"uv": [7, 94], "uv_size": [1.5, 1]},
								"west": {"uv": [98, 34], "uv_size": [0.5, 1]},
								"up": {"uv": [97, 55], "uv_size": [1.5, 0.5]},
								"down": {"uv": [56, 97.5], "uv_size": [1.5, -0.5]}
							}
						},
						{
							"origin": [-1.14, 14.94437, 0.91652],
							"size": [2.28, 0.7125, 0.855],
							"pivot": [0, 15.30062, 1.34402],
							"rotation": [22.5, 0, 0],
							"uv": {
								"north": {"uv": [95, 75], "uv_size": [2.5, 0.5]},
								"east": {"uv": [35, 98], "uv_size": [1, 0.5]},
								"south": {"uv": [95, 76], "uv_size": [2.5, 0.5]},
								"west": {"uv": [98, 35], "uv_size": [1, 0.5]},
								"up": {"uv": [39, 91], "uv_size": [2.5, 1]},
								"down": {"uv": [91, 40], "uv_size": [2.5, -1]}
							}
						},
						{
							"origin": [-1.14, 14.94437, -2.87824],
							"size": [2.28, 0.7125, 0.855],
							"pivot": [0, 15.30062, -2.45074],
							"rotation": [-22.5, 0, 0],
							"uv": {
								"north": {"uv": [96, 3], "uv_size": [2.5, 0.5]},
								"east": {"uv": [43, 98], "uv_size": [1, 0.5]},
								"south": {"uv": [96, 9], "uv_size": [2.5, 0.5]},
								"west": {"uv": [98, 43], "uv_size": [1, 0.5]},
								"up": {"uv": [91, 40], "uv_size": [2.5, 1]},
								"down": {"uv": [91, 42], "uv_size": [2.5, -1]}
							}
						},
						{
							"origin": [-1.14, 14.80789, -2.19211],
							"size": [2.28, 0.67, 3.2775],
							"uv": {
								"north": {"uv": [95, 79], "uv_size": [2.5, 0.5]},
								"east": {"uv": [93, 88], "uv_size": [3.5, 0.5]},
								"south": {"uv": [95, 80], "uv_size": [2.5, 0.5]},
								"west": {"uv": [93, 89], "uv_size": [3.5, 0.5]},
								"up": {"uv": [80, 71], "uv_size": [2.5, 3.5]},
								"down": {"uv": [78, 83.5], "uv_size": [2.5, -3.5]}
							}
						},
						{
							"origin": [-1.6025, 17.74074, 4.91955],
							"size": [3.25, 4.6625, 1.425],
							"pivot": [2.85, 19.16574, 12.04455],
							"rotation": [45, 0, 0],
							"uv": {
								"north": {"uv": [19, 73], "uv_size": [3.5, 4.5]},
								"east": {"uv": [82, 39], "uv_size": [1.5, 4.5]},
								"south": {"uv": [3, 74], "uv_size": [3.5, 4.5]},
								"west": {"uv": [40, 82], "uv_size": [1.5, 4.5]},
								"up": {"uv": [83, 77], "uv_size": [3.5, 1.5]},
								"down": {"uv": [81, 84.5], "uv_size": [3.5, -1.5]}
							}
						},
						{
							"origin": [-1.6025, 15.7713, 4.63449],
							"size": [3.25, 1.425, 3.3125],
							"pivot": [2.85, 22.8963, 7.40949],
							"rotation": [-22.5, 0, 0],
							"uv": {
								"north": {"uv": [84, 0], "uv_size": [3.5, 1.5]},
								"east": {"uv": [2, 84], "uv_size": [3.5, 1.5]},
								"south": {"uv": [6, 84], "uv_size": [3.5, 1.5]},
								"west": {"uv": [24, 84], "uv_size": [3.5, 1.5]},
								"up": {"uv": [77, 30], "uv_size": [3.5, 3.5]},
								"down": {"uv": [77, 39.5], "uv_size": [3.5, -3.5]}
							}
						},
						{
							"origin": [-1.6, 14.61083, 15.38917],
							"size": [3.25, 3.8, 8.7],
							"uv": {
								"north": {"uv": [73, 36], "uv_size": [3.5, 4]},
								"east": {"uv": [60, 38], "uv_size": [8.5, 4]},
								"south": {"uv": [40, 75], "uv_size": [3.5, 4]},
								"west": {"uv": [60, 42], "uv_size": [8.5, 4]},
								"up": {"uv": [16, 64], "uv_size": [3.5, 8.5]},
								"down": {"uv": [20, 72.5], "uv_size": [3.5, -8.5]}
							}
						},
						{
							"origin": [-1.6, 14.61083, 24.08917],
							"size": [3.25, 3.6, 9.2],
							"uv": {
								"north": {"uv": [66, 77], "uv_size": [3.5, 3.5]},
								"east": {"uv": [64, 2], "uv_size": [9, 3.5]},
								"south": {"uv": [70, 77], "uv_size": [3.5, 3.5]},
								"west": {"uv": [64, 6], "uv_size": [9, 3.5]},
								"up": {"uv": [52, 62], "uv_size": [3.5, 9]},
								"down": {"uv": [44, 72], "uv_size": [3.5, -9]}
							}
						},
						{
							"origin": [-1.6, 12.61083, 15.58917],
							"size": [3.25, 2, 17.7],
							"uv": {
								"north": {"uv": [81, 11], "uv_size": [3.5, 2]},
								"east": {"uv": [48, 13], "uv_size": [17.5, 2]},
								"south": {"uv": [81, 69], "uv_size": [3.5, 2]},
								"west": {"uv": [56, 11], "uv_size": [17.5, 2]},
								"up": {"uv": [40, 0], "uv_size": [3.5, 17.5]},
								"down": {"uv": [40, 35.5], "uv_size": [3.5, -17.5]}
							}
						},
						{
							"origin": [-1.6, 10.61083, 20.33917],
							"size": [3.25, 2, 12.95],
							"uv": {
								"north": {"uv": [2, 82], "uv_size": [3.5, 2]},
								"east": {"uv": [64, 46], "uv_size": [13, 2]},
								"south": {"uv": [82, 5], "uv_size": [3.5, 2]},
								"west": {"uv": [64, 48], "uv_size": [13, 2]},
								"up": {"uv": [44, 38], "uv_size": [3.5, 13]},
								"down": {"uv": [48, 13], "uv_size": [3.5, -13]}
							}
						},
						{
							"origin": [-1.6, 8.61083, 25.08917],
							"size": [3.25, 2, 8.2],
							"uv": {
								"north": {"uv": [6, 82], "uv_size": [3.5, 2]},
								"east": {"uv": [73, 7], "uv_size": [8, 2]},
								"south": {"uv": [82, 16], "uv_size": [3.5, 2]},
								"west": {"uv": [73, 34], "uv_size": [8, 2]},
								"up": {"uv": [26, 64], "uv_size": [3.5, 8]},
								"down": {"uv": [40, 72], "uv_size": [3.5, -8]}
							}
						},
						{
							"origin": [-1.6, 6.61083, 30.08917],
							"size": [3.25, 2, 3.2],
							"uv": {
								"north": {"uv": [82, 18], "uv_size": [3.5, 2]},
								"east": {"uv": [78, 44], "uv_size": [3, 2]},
								"south": {"uv": [82, 26], "uv_size": [3.5, 2]},
								"west": {"uv": [83, 14], "uv_size": [3, 2]},
								"up": {"uv": [8, 79], "uv_size": [3.5, 3]},
								"down": {"uv": [79, 25], "uv_size": [3.5, -3]}
							}
						},
						{
							"origin": [-1.6, 5.61083, 30.83917],
							"size": [3.25, 1, 2.45],
							"uv": {
								"north": {"uv": [89, 59], "uv_size": [3.5, 1]},
								"east": {"uv": [91, 64], "uv_size": [2.5, 1]},
								"south": {"uv": [89, 66], "uv_size": [3.5, 1]},
								"west": {"uv": [91, 65], "uv_size": [2.5, 1]},
								"up": {"uv": [62, 81], "uv_size": [3.5, 2.5]},
								"down": {"uv": [66, 83.5], "uv_size": [3.5, -2.5]}
							}
						},
						{
							"origin": [-1.6, 16.14238, 13.63633],
							"size": [3.25, 1.425, 2.4875],
							"pivot": [1.855, 16.14242, 13.63634],
							"rotation": [22.5, 0, 0],
							"uv": {
								"north": {"uv": [66, 84], "uv_size": [3.5, 1.5]},
								"east": {"uv": [88, 28], "uv_size": [2.5, 1.5]},
								"south": {"uv": [70, 84], "uv_size": [3.5, 1.5]},
								"west": {"uv": [88, 39], "uv_size": [2.5, 1.5]},
								"up": {"uv": [81, 33], "uv_size": [3.5, 2.5]},
								"down": {"uv": [81, 38.5], "uv_size": [3.5, -2.5]}
							}
						},
						{
							"origin": [-1.6, 14.61083, 9.38917],
							"size": [3.25, 3.2, 6],
							"uv": {
								"north": {"uv": [0, 79], "uv_size": [3.5, 3]},
								"east": {"uv": [62, 69], "uv_size": [6, 3]},
								"south": {"uv": [4, 79], "uv_size": [3.5, 3]},
								"west": {"uv": [68, 69], "uv_size": [6, 3]},
								"up": {"uv": [4, 68], "uv_size": [3.5, 6]},
								"down": {"uv": [8, 74], "uv_size": [3.5, -6]}
							}
						},
						{
							"origin": [-1.6025, 14.61992, 7.43224],
							"size": [3.25, 1.425, 1.5975],
							"pivot": [0, 15.33242, 11.49349],
							"rotation": [22.5, 0, 0],
							"uv": {
								"north": {"uv": [36, 84], "uv_size": [3.5, 1.5]},
								"east": {"uv": [91, 84], "uv_size": [1.5, 1.5]},
								"south": {"uv": [84, 39], "uv_size": [3.5, 1.5]},
								"west": {"uv": [86, 91], "uv_size": [1.5, 1.5]},
								"up": {"uv": [84, 41], "uv_size": [3.5, 1.5]},
								"down": {"uv": [62, 85.5], "uv_size": [3.5, -1.5]}
							}
						},
						{
							"origin": [-1.6025, 13.61992, 8.43224],
							"size": [3.25, 1.175, 3.5975],
							"uv": {
								"north": {"uv": [89, 3], "uv_size": [3.5, 1]},
								"east": {"uv": [89, 4], "uv_size": [3.5, 1]},
								"south": {"uv": [89, 7], "uv_size": [3.5, 1]},
								"west": {"uv": [89, 8], "uv_size": [3.5, 1]},
								"up": {"uv": [77, 46], "uv_size": [3.5, 3.5]},
								"down": {"uv": [62, 80.5], "uv_size": [3.5, -3.5]}
							}
						},
						{
							"origin": [-1.6025, 14.78083, 6.59167],
							"size": [3.25, 2.35, 4.56],
							"uv": {
								"north": {"uv": [26, 81], "uv_size": [3.5, 2.5]},
								"east": {"uv": [78, 13], "uv_size": [4.5, 2.5]},
								"south": {"uv": [81, 30], "uv_size": [3.5, 2.5]},
								"west": {"uv": [78, 77], "uv_size": [4.5, 2.5]},
								"up": {"uv": [7, 74], "uv_size": [3.5, 4.5]},
								"down": {"uv": [11, 78.5], "uv_size": [3.5, -4.5]}
							}
						},
						{
							"origin": [-1.6025, 13.86666, 3.11369],
							"size": [1, 2.5625, 6.7625],
							"pivot": [0, 17.64166, 13.20119],
							"rotation": [-22.5, 0, 0],
							"uv": {
								"north": {"uv": [46, 90], "uv_size": [1, 2.5]},
								"east": {"uv": [40, 72], "uv_size": [7, 2.5]},
								"south": {"uv": [64, 90], "uv_size": [1, 2.5]},
								"west": {"uv": [62, 72], "uv_size": [7, 2.5]},
								"up": {"uv": [0, 82], "uv_size": [1, 7]},
								"down": {"uv": [1, 89], "uv_size": [1, -7]}
							}
						},
						{
							"origin": [0.6475, 13.86666, 3.11369],
							"size": [1, 2.5625, 6.7625],
							"pivot": [0, 17.64166, 13.20119],
							"rotation": [-22.5, 0, 0],
							"uv": {
								"north": {"uv": [33, 91], "uv_size": [1, 2.5]},
								"east": {"uv": [69, 72], "uv_size": [7, 2.5]},
								"south": {"uv": [51, 91], "uv_size": [1, 2.5]},
								"west": {"uv": [73, 2], "uv_size": [7, 2.5]},
								"up": {"uv": [10, 82], "uv_size": [1, 7]},
								"down": {"uv": [11, 89], "uv_size": [1, -7]}
							}
						},
						{
							"origin": [-1.6025, 20.42124, 2.15363],
							"size": [0.9, 1.3125, 1.3625],
							"pivot": [0.0225, 20.45249, 1.53488],
							"rotation": [-45, 0, 0],
							"uv": {
								"north": {"uv": [95, 63], "uv_size": [1, 1.5]},
								"east": {"uv": [69, 92], "uv_size": [1.5, 1.5]},
								"south": {"uv": [64, 95], "uv_size": [1, 1.5]},
								"west": {"uv": [71, 92], "uv_size": [1.5, 1.5]},
								"up": {"uv": [66, 95], "uv_size": [1, 1.5]},
								"down": {"uv": [95, 67.5], "uv_size": [1, -1.5]}
							}
						},
						{
							"origin": [0.7475, 20.42124, 2.15363],
							"size": [0.9, 1.3125, 1.3625],
							"pivot": [0.0225, 20.45249, 1.53488],
							"rotation": [-45, 0, 0],
							"uv": {
								"north": {"uv": [95, 60], "uv_size": [1, 1.5]},
								"east": {"uv": [62, 92], "uv_size": [1.5, 1.5]},
								"south": {"uv": [61, 95], "uv_size": [1, 1.5]},
								"west": {"uv": [67, 92], "uv_size": [1.5, 1.5]},
								"up": {"uv": [62, 95], "uv_size": [1, 1.5]},
								"down": {"uv": [63, 96.5], "uv_size": [1, -1.5]}
							}
						},
						{
							"origin": [-0.6025, 13.86666, 6.11369],
							"size": [1.25, 2.5625, 3.7625],
							"pivot": [-1, 17.64166, 13.20119],
							"rotation": [-22.5, 0, 0],
							"uv": {
								"north": {"uv": [86, 88], "uv_size": [1.5, 2.5]},
								"east": {"uv": [40, 79], "uv_size": [4, 2.5]},
								"south": {"uv": [88, 88], "uv_size": [1.5, 2.5]},
								"west": {"uv": [80, 0], "uv_size": [4, 2.5]},
								"up": {"uv": [60, 82], "uv_size": [1.5, 4]},
								"down": {"uv": [32, 87], "uv_size": [1.5, -4]}
							}
						},
						{
							"origin": [-0.6025, 17.20179, 2.40918],
							"size": [1.25, 2.5625, 3.5125],
							"pivot": [0.0225, 18.48304, 4.04043],
							"rotation": [-15, 0, 0],
							"uv": {
								"north": {"uv": [0, 89], "uv_size": [1.5, 2.5]},
								"east": {"uv": [70, 81], "uv_size": [3.5, 2.5]},
								"south": {"uv": [10, 89], "uv_size": [1.5, 2.5]},
								"west": {"uv": [81, 80], "uv_size": [3.5, 2.5]},
								"up": {"uv": [44, 84], "uv_size": [1.5, 3.5]},
								"down": {"uv": [78, 87.5], "uv_size": [1.5, -3.5]}
							}
						},
						{
							"origin": [-1.6025, 9.61666, 11.61369],
							"size": [3.25, 2.5625, 21.5125],
							"pivot": [0, 13.39166, 21.70119],
							"rotation": [-22.5, 0, 0],
							"uv": {
								"north": {"uv": [81, 44], "uv_size": [3.5, 2.5]},
								"east": {"uv": [44, 16], "uv_size": [21.5, 2.5]},
								"south": {"uv": [81, 47], "uv_size": [3.5, 2.5]},
								"west": {"uv": [44, 19], "uv_size": [21.5, 2.5]},
								"up": {"uv": [36, 35], "uv_size": [3.5, 21.5]},
								"down": {"uv": [32, 60.5], "uv_size": [3.5, -21.5]}
							}
						},
						{
							"origin": [-0.855, 20.7275, -79.7475],
							"size": [1.71, 1.685, 1.5375],
							"uv": {
								"north": {"uv": [88, 91], "uv_size": [1.5, 1.5]},
								"east": {"uv": [90, 91], "uv_size": [1.5, 1.5]},
								"south": {"uv": [0, 92], "uv_size": [1.5, 1.5]},
								"west": {"uv": [10, 92], "uv_size": [1.5, 1.5]},
								"up": {"uv": [92, 34], "uv_size": [1.5, 1.5]},
								"down": {"uv": [92, 37.5], "uv_size": [1.5, -1.5]}
							}
						},
						{
							"origin": [0.57, 22.4125, -79.7625],
							"size": [0.285, 1, 1.5675],
							"uv": {
								"north": {"uv": [36, 98], "uv_size": [0.5, 1]},
								"east": {"uv": [94, 9], "uv_size": [1.5, 1]},
								"south": {"uv": [98, 36], "uv_size": [0.5, 1]},
								"west": {"uv": [10, 94], "uv_size": [1.5, 1]},
								"up": {"uv": [51, 97], "uv_size": [0.5, 1.5]},
								"down": {"uv": [97, 57.5], "uv_size": [0.5, -1.5]}
							}
						},
						{
							"origin": [0.57, 23.4125, -79.7625],
							"size": [0.285, 0.75, 1.5675],
							"uv": {
								"north": {"uv": [37, 98], "uv_size": [0.5, 1]},
								"east": {"uv": [94, 11], "uv_size": [1.5, 1]},
								"south": {"uv": [98, 37], "uv_size": [0.5, 1]},
								"west": {"uv": [94, 12], "uv_size": [1.5, 1]},
								"up": {"uv": [58, 97], "uv_size": [0.5, 1.5]},
								"down": {"uv": [97, 59.5], "uv_size": [0.5, -1.5]}
							}
						},
						{
							"origin": [-0.1425, 22.9825, -79.7625],
							"size": [0.285, 0.405, 1.5675],
							"uv": {
								"north": {"uv": [99, 18], "uv_size": [0.5, 0.5]},
								"east": {"uv": [59, 97], "uv_size": [1.5, 0.5]},
								"south": {"uv": [19, 99], "uv_size": [0.5, 0.5]},
								"west": {"uv": [97, 60], "uv_size": [1.5, 0.5]},
								"up": {"uv": [61, 97], "uv_size": [0.5, 1.5]},
								"down": {"uv": [97, 62.5], "uv_size": [0.5, -1.5]}
							}
						},
						{
							"origin": [-0.855, 22.4125, -79.7625],
							"size": [0.285, 1, 1.5675],
							"uv": {
								"north": {"uv": [38, 98], "uv_size": [0.5, 1]},
								"east": {"uv": [17, 94], "uv_size": [1.5, 1]},
								"south": {"uv": [98, 38], "uv_size": [0.5, 1]},
								"west": {"uv": [94, 18], "uv_size": [1.5, 1]},
								"up": {"uv": [62, 97], "uv_size": [0.5, 1.5]},
								"down": {"uv": [63, 98.5], "uv_size": [0.5, -1.5]}
							}
						},
						{
							"origin": [-0.855, 23.4125, -79.7625],
							"size": [0.285, 0.75, 1.5675],
							"uv": {
								"north": {"uv": [39, 98], "uv_size": [0.5, 1]},
								"east": {"uv": [94, 19], "uv_size": [1.5, 1]},
								"south": {"uv": [98, 39], "uv_size": [0.5, 1]},
								"west": {"uv": [94, 20], "uv_size": [1.5, 1]},
								"up": {"uv": [97, 63], "uv_size": [0.5, 1.5]},
								"down": {"uv": [64, 98.5], "uv_size": [0.5, -1.5]}
							}
						},
						{
							"origin": [-0.57, 22.4125, -79.7625],
							"size": [1.14, 0.57, 1.5675],
							"uv": {
								"north": {"uv": [40, 98], "uv_size": [1, 0.5]},
								"east": {"uv": [65, 97], "uv_size": [1.5, 0.5]},
								"south": {"uv": [98, 40], "uv_size": [1, 0.5]},
								"west": {"uv": [97, 65], "uv_size": [1.5, 0.5]},
								"up": {"uv": [15, 94], "uv_size": [1, 1.5]},
								"down": {"uv": [19, 95.5], "uv_size": [1, -1.5]}
							}
						},
						{
							"origin": [-0.57, 20.845, -78.26],
							"size": [1.14, 1.425, 33.1075],
							"uv": {
								"north": {"uv": [28, 94], "uv_size": [1, 1.5]},
								"east": {"uv": [44, 30], "uv_size": [33, 1.5]},
								"south": {"uv": [29, 94], "uv_size": [1, 1.5]},
								"west": {"uv": [44, 32], "uv_size": [33, 1.5]},
								"up": {"uv": [50, 58], "uv_size": [1, 33]},
								"down": {"uv": [51, 91], "uv_size": [1, -33]}
							}
						},
						{
							"origin": [0.99782, 21.02218, -8.9],
							"size": [0.35, 1.1, 11.9575],
							"uv": {
								"north": {"uv": [98, 70], "uv_size": [0.5, 1]},
								"east": {"uv": [68, 66], "uv_size": [12, 1]},
								"south": {"uv": [98, 71], "uv_size": [0.5, 1]},
								"west": {"uv": [73, 9], "uv_size": [12, 1]},
								"up": {"uv": [56, 82], "uv_size": [0.5, 12]},
								"down": {"uv": [57, 94], "uv_size": [0.5, -12]}
							}
						},
						{
							"origin": [0.28517, 20.58202, -8.9],
							"size": [1.1, 0.35, 11.9575],
							"pivot": [0.83517, 20.75702, -2.92125],
							"rotation": [0, 0, 135],
							"uv": {
								"north": {"uv": [14, 99], "uv_size": [1, 0.5]},
								"east": {"uv": [83, 24], "uv_size": [12, 0.5]},
								"south": {"uv": [99, 14], "uv_size": [1, 0.5]},
								"west": {"uv": [83, 71], "uv_size": [12, 0.5]},
								"up": {"uv": [21, 78], "uv_size": [1, 12]},
								"down": {"uv": [22, 90], "uv_size": [1, -12]}
							}
						},
						{
							"origin": [-0.67244, 22.36047, -2.3],
							"size": [1.1, 0.35, 5.3575],
							"pivot": [0.17756, 21.30547, 1.94],
							"rotation": [0, 0, 45],
							"uv": {
								"north": {"uv": [98, 68], "uv_size": [1, 0.5]},
								"east": {"uv": [91, 21], "uv_size": [5.5, 0.5]},
								"south": {"uv": [98, 69], "uv_size": [1, 0.5]},
								"west": {"uv": [91, 28], "uv_size": [5.5, 0.5]},
								"up": {"uv": [34, 83], "uv_size": [1, 5.5]},
								"down": {"uv": [35, 88.5], "uv_size": [1, -5.5]}
							}
						},
						{
							"origin": [-0.53, 22.55, -1.8],
							"size": [1.1, 0.35, 1.6075],
							"uv": {
								"north": {"uv": [98, 66], "uv_size": [1, 0.5]},
								"east": {"uv": [89, 97], "uv_size": [1.5, 0.5]},
								"south": {"uv": [98, 67], "uv_size": [1, 0.5]},
								"west": {"uv": [97, 89], "uv_size": [1.5, 0.5]},
								"up": {"uv": [32, 95], "uv_size": [1, 1.5]},
								"down": {"uv": [33, 96.5], "uv_size": [1, -1.5]}
							}
						},
						{
							"origin": [-0.53, 20.24437, 1.45],
							"size": [1.1, 0.35, 1.6075],
							"uv": {
								"north": {"uv": [99, 15], "uv_size": [1, 0.5]},
								"east": {"uv": [98, 31], "uv_size": [1.5, 0.5]},
								"south": {"uv": [16, 99], "uv_size": [1, 0.5]},
								"west": {"uv": [32, 98], "uv_size": [1.5, 0.5]},
								"up": {"uv": [95, 71], "uv_size": [1, 1.5]},
								"down": {"uv": [73, 96.5], "uv_size": [1, -1.5]}
							}
						},
						{
							"origin": [-0.57794, 22.82009, -2.3],
							"size": [1.1, 0.35, 2.1075],
							"pivot": [0.32206, 21.76509, 1.94],
							"rotation": [0, 0, -45],
							"uv": {
								"north": {"uv": [65, 98], "uv_size": [1, 0.5]},
								"east": {"uv": [97, 17], "uv_size": [2, 0.5]},
								"south": {"uv": [66, 98], "uv_size": [1, 0.5]},
								"west": {"uv": [18, 97], "uv_size": [2, 0.5]},
								"up": {"uv": [93, 72], "uv_size": [1, 2]},
								"down": {"uv": [73, 95], "uv_size": [1, -2]}
							}
						},
						{
							"origin": [-1.30782, 21.02218, -2.3],
							"size": [0.35, 1.1, 2.1075],
							"uv": {
								"north": {"uv": [98, 63], "uv_size": [0.5, 1]},
								"east": {"uv": [93, 66], "uv_size": [2, 1]},
								"south": {"uv": [98, 64], "uv_size": [0.5, 1]},
								"west": {"uv": [93, 67], "uv_size": [2, 1]},
								"up": {"uv": [11, 97], "uv_size": [0.5, 2]},
								"down": {"uv": [17, 99], "uv_size": [0.5, -2]}
							}
						},
						{
							"origin": [-1.24362, 22.99996, -9.05],
							"size": [1.1, 0.35, 12.1075],
							"pivot": [-0.24362, 21.94496, 1.94],
							"rotation": [0, 0, -135],
							"uv": {
								"north": {"uv": [98, 61], "uv_size": [1, 0.5]},
								"east": {"uv": [83, 22], "uv_size": [12, 0.5]},
								"south": {"uv": [98, 62], "uv_size": [1, 0.5]},
								"west": {"uv": [83, 23], "uv_size": [12, 0.5]},
								"up": {"uv": [19, 78], "uv_size": [1, 12]},
								"down": {"uv": [20, 90], "uv_size": [1, -12]}
							}
						},
						{
							"origin": [-0.4275, 20.9875, -82.9],
							"size": [0.855, 1.14, 3.175],
							"uv": {
								"north": {"uv": [3, 73], "uv_size": [1, 1]},
								"east": {"uv": [90, 27], "uv_size": [3, 1]},
								"south": {"uv": [77, 15], "uv_size": [1, 1]},
								"west": {"uv": [90, 30], "uv_size": [3, 1]},
								"up": {"uv": [22, 90], "uv_size": [1, 3]},
								"down": {"uv": [90, 34], "uv_size": [1, -3]}
							}
						},
						{
							"origin": [-1.1025, 17.17094, -10.37162],
							"size": [2.25, 0.5, 7.25],
							"pivot": [0.1475, 17.42094, -6.74662],
							"rotation": [-2.5, 0, 0],
							"uv": {
								"north": {"uv": [4, 0], "uv_size": [2, 0.5]},
								"east": {"uv": [24, 0], "uv_size": [7.5, 0.5]},
								"south": {"uv": [4, 1], "uv_size": [2, 0.5]},
								"west": {"uv": [24, 1], "uv_size": [7.5, 0.5]},
								"up": {"uv": [0, 0], "uv_size": [2, 7.5]},
								"down": {"uv": [2, 7.5], "uv_size": [2, -7.5]}
							}
						},
						{
							"origin": [-0.19, 19.42, -77.76],
							"size": [0.39, 0.39, 6.8625],
							"uv": {
								"north": {"uv": [99, 19], "uv_size": [0.5, 0.5]},
								"east": {"uv": [88, 74], "uv_size": [7, 0.5]},
								"south": {"uv": [20, 99], "uv_size": [0.5, 0.5]},
								"west": {"uv": [88, 75], "uv_size": [7, 0.5]},
								"up": {"uv": [34, 89], "uv_size": [0.5, 7]},
								"down": {"uv": [35, 96], "uv_size": [0.5, -7]}
							}
						},
						{
							"origin": [-0.29, 19.32, -79.76],
							"size": [0.59, 0.59, 2.0125],
							"uv": {
								"north": {"uv": [99, 35], "uv_size": [0.5, 0.5]},
								"east": {"uv": [21, 97], "uv_size": [2, 0.5]},
								"south": {"uv": [36, 99], "uv_size": [0.5, 0.5]},
								"west": {"uv": [97, 22], "uv_size": [2, 0.5]},
								"up": {"uv": [97, 23], "uv_size": [0.5, 2]},
								"down": {"uv": [24, 99], "uv_size": [0.5, -2]}
							}
						},
						{
							"origin": [-0.94875, 21.91505, -44.7975],
							"size": [1.88, 0.855, 1.425],
							"uv": {
								"north": {"uv": [74, 71], "uv_size": [2, 1]},
								"east": {"uv": [32, 94], "uv_size": [1.5, 1]},
								"south": {"uv": [92, 0], "uv_size": [2, 1]},
								"west": {"uv": [94, 32], "uv_size": [1.5, 1]},
								"up": {"uv": [90, 34], "uv_size": [2, 1.5]},
								"down": {"uv": [90, 37.5], "uv_size": [2, -1.5]}
							}
						},
						{
							"origin": [-0.94875, 18.8619, -44.7975],
							"size": [1.88, 0.855, 1.425],
							"uv": {
								"north": {"uv": [93, 76], "uv_size": [2, 1]},
								"east": {"uv": [95, 41], "uv_size": [1.5, 1]},
								"south": {"uv": [93, 82], "uv_size": [2, 1]},
								"west": {"uv": [43, 95], "uv_size": [1.5, 1]},
								"up": {"uv": [90, 80], "uv_size": [2, 1.5]},
								"down": {"uv": [90, 87.5], "uv_size": [2, -1.5]}
							}
						},
						{
							"origin": [0.87282, 19.51597, -44.7975],
							"size": [0.7125, 2.6, 1.425],
							"uv": {
								"north": {"uv": [80, 95], "uv_size": [0.5, 2.5]},
								"east": {"uv": [7, 88], "uv_size": [1.5, 2.5]},
								"south": {"uv": [81, 95], "uv_size": [0.5, 2.5]},
								"west": {"uv": [17, 88], "uv_size": [1.5, 2.5]},
								"up": {"uv": [97, 66], "uv_size": [0.5, 1.5]},
								"down": {"uv": [67, 98.5], "uv_size": [0.5, -1.5]}
							}
						},
						{
							"origin": [-1.58532, 19.51597, -44.7975],
							"size": [0.7125, 2.6, 1.425],
							"uv": {
								"north": {"uv": [83, 95], "uv_size": [0.5, 2.5]},
								"east": {"uv": [88, 25], "uv_size": [1.5, 2.5]},
								"south": {"uv": [84, 95], "uv_size": [0.5, 2.5]},
								"west": {"uv": [28, 88], "uv_size": [1.5, 2.5]},
								"up": {"uv": [68, 97], "uv_size": [0.5, 1.5]},
								"down": {"uv": [69, 98.5], "uv_size": [0.5, -1.5]}
							}
						},
						{
							"origin": [-0.9253, 21.4294, -44.7975],
							"size": [0.855, 0.925, 1.425],
							"pivot": [-0.42655, 22.5694, -44.085],
							"rotation": [0, 0, 45],
							"uv": {
								"north": {"uv": [81, 39], "uv_size": [1, 1]},
								"east": {"uv": [94, 33], "uv_size": [1.5, 1]},
								"south": {"uv": [83, 74], "uv_size": [1, 1]},
								"west": {"uv": [94, 34], "uv_size": [1.5, 1]},
								"up": {"uv": [94, 35], "uv_size": [1, 1.5]},
								"down": {"uv": [94, 38.5], "uv_size": [1, -1.5]}
							}
						},
						{
							"origin": [-1.3835, 19.02872, -44.7975],
							"size": [0.855, 0.925, 1.425],
							"pivot": [-0.956, 19.49122, -44.085],
							"rotation": [0, 0, -45],
							"uv": {
								"north": {"uv": [97, 42], "uv_size": [1, 1]},
								"east": {"uv": [95, 38], "uv_size": [1.5, 1]},
								"south": {"uv": [43, 97], "uv_size": [1, 1]},
								"west": {"uv": [95, 40], "uv_size": [1.5, 1]},
								"up": {"uv": [40, 95], "uv_size": [1, 1.5]},
								"down": {"uv": [42, 96.5], "uv_size": [1, -1.5]}
							}
						},
						{
							"origin": [0.09982, 21.50065, -44.7975],
							"size": [0.855, 0.925, 1.425],
							"pivot": [0.52732, 22.5694, -44.085],
							"rotation": [0, 0, -45],
							"uv": {
								"north": {"uv": [84, 43], "uv_size": [1, 1]},
								"east": {"uv": [39, 94], "uv_size": [1.5, 1]},
								"south": {"uv": [80, 84], "uv_size": [1, 1]},
								"west": {"uv": [94, 39], "uv_size": [1.5, 1]},
								"up": {"uv": [94, 40], "uv_size": [1, 1.5]},
								"down": {"uv": [41, 95.5], "uv_size": [1, -1.5]}
							}
						},
						{
							"origin": [0.5285, 19.02872, -44.7975],
							"size": [0.855, 0.925, 1.425],
							"pivot": [0.956, 19.49122, -44.085],
							"rotation": [0, 0, 45],
							"uv": {
								"north": {"uv": [97, 41], "uv_size": [1, 1]},
								"east": {"uv": [95, 36], "uv_size": [1.5, 1]},
								"south": {"uv": [42, 97], "uv_size": [1, 1]},
								"west": {"uv": [95, 37], "uv_size": [1.5, 1]},
								"up": {"uv": [38, 95], "uv_size": [1, 1.5]},
								"down": {"uv": [39, 96.5], "uv_size": [1, -1.5]}
							}
						},
						{
							"origin": [-0.94875, 18.91505, -71.6975],
							"size": [1.88, 0.855, 2.175],
							"uv": {
								"north": {"uv": [92, 81], "uv_size": [2, 1]},
								"east": {"uv": [92, 86], "uv_size": [2, 1]},
								"south": {"uv": [92, 87], "uv_size": [2, 1]},
								"west": {"uv": [92, 91], "uv_size": [2, 1]},
								"up": {"uv": [86, 18], "uv_size": [2, 2]},
								"down": {"uv": [86, 28], "uv_size": [2, -2]}
							}
						},
						{
							"origin": [0.9867, 18.82991, -71.6975],
							"size": [0.855, 0.925, 2.175],
							"pivot": [1.48545, 19.96991, -69.585],
							"rotation": [0, 0, 45],
							"uv": {
								"north": {"uv": [39, 90], "uv_size": [1, 1]},
								"east": {"uv": [80, 92], "uv_size": [2, 1]},
								"south": {"uv": [70, 91], "uv_size": [1, 1]},
								"west": {"uv": [92, 80], "uv_size": [2, 1]},
								"up": {"uv": [41, 92], "uv_size": [1, 2]},
								"down": {"uv": [50, 94], "uv_size": [1, -2]}
							}
						},
						{
							"origin": [-0.12718, 19.56597, -71.6975],
							"size": [1.7125, 2.2, 2.175],
							"uv": {
								"north": {"uv": [44, 90], "uv_size": [1.5, 2]},
								"east": {"uv": [62, 86], "uv_size": [2, 2]},
								"south": {"uv": [90, 45], "uv_size": [1.5, 2]},
								"west": {"uv": [64, 86], "uv_size": [2, 2]},
								"up": {"uv": [90, 50], "uv_size": [1.5, 2]},
								"down": {"uv": [90, 54], "uv_size": [1.5, -2]}
							}
						},
						{
							"origin": [0.09982, 21.15065, -71.6975],
							"size": [0.855, 0.925, 2.175],
							"pivot": [0.52732, 22.2194, -70.985],
							"rotation": [0, 0, -45],
							"uv": {
								"north": {"uv": [96, 23], "uv_size": [1, 1]},
								"east": {"uv": [93, 47], "uv_size": [2, 1]},
								"south": {"uv": [24, 96], "uv_size": [1, 1]},
								"west": {"uv": [58, 93], "uv_size": [2, 1]},
								"up": {"uv": [46, 93], "uv_size": [1, 2]},
								"down": {"uv": [93, 60], "uv_size": [1, -2]}
							}
						},
						{
							"origin": [-0.94875, 21.41505, -71.6975],
							"size": [1.88, 1.005, 2.175],
							"uv": {
								"north": {"uv": [93, 27], "uv_size": [2, 1]},
								"east": {"uv": [93, 30], "uv_size": [2, 1]},
								"south": {"uv": [93, 43], "uv_size": [2, 1]},
								"west": {"uv": [93, 44], "uv_size": [2, 1]},
								"up": {"uv": [86, 28], "uv_size": [2, 2]},
								"down": {"uv": [60, 88], "uv_size": [2, -2]}
							}
						},
						{
							"origin": [-0.9253, 21.0794, -71.6975],
							"size": [0.855, 0.925, 2.175],
							"pivot": [-0.42655, 22.2194, -70.985],
							"rotation": [0, 0, 45],
							"uv": {
								"north": {"uv": [96, 20], "uv_size": [1, 1]},
								"east": {"uv": [93, 4], "uv_size": [2, 1]},
								"south": {"uv": [96, 22], "uv_size": [1, 1]},
								"west": {"uv": [93, 10], "uv_size": [2, 1]},
								"up": {"uv": [93, 11], "uv_size": [1, 2]},
								"down": {"uv": [22, 95], "uv_size": [1, -2]}
							}
						},
						{
							"origin": [-1.58532, 19.56597, -71.6975],
							"size": [1.7125, 2.2, 2.175],
							"uv": {
								"north": {"uv": [90, 54], "uv_size": [1.5, 2]},
								"east": {"uv": [3, 88], "uv_size": [2, 2]},
								"south": {"uv": [90, 56], "uv_size": [1.5, 2]},
								"west": {"uv": [5, 88], "uv_size": [2, 2]},
								"up": {"uv": [62, 90], "uv_size": [1.5, 2]},
								"down": {"uv": [71, 92], "uv_size": [1.5, -2]}
							}
						},
						{
							"origin": [-1.81218, 18.90116, -71.6975],
							"size": [0.855, 0.925, 2.175],
							"pivot": [-1.38468, 19.96991, -69.585],
							"rotation": [0, 0, -45],
							"uv": {
								"north": {"uv": [96, 18], "uv_size": [1, 1]},
								"east": {"uv": [92, 92], "uv_size": [2, 1]},
								"south": {"uv": [96, 19], "uv_size": [1, 1]},
								"west": {"uv": [93, 3], "uv_size": [2, 1]},
								"up": {"uv": [82, 92], "uv_size": [1, 2]},
								"down": {"uv": [93, 9], "uv_size": [1, -2]}
							}
						},
						{
							"origin": [-1.46719, 21.35008, -43.5475],
							"size": [1.5625, 0.85, 22],
							"uv": {
								"north": {"uv": [94, 42], "uv_size": [1.5, 1]},
								"east": {"uv": [66, 20], "uv_size": [22, 1]},
								"south": {"uv": [44, 94], "uv_size": [1.5, 1]},
								"west": {"uv": [66, 21], "uv_size": [22, 1]},
								"up": {"uv": [60, 46], "uv_size": [1.5, 22]},
								"down": {"uv": [32, 83], "uv_size": [1.5, -22]}
							}
						},
						{
							"origin": [-1.26925, 21.82296, -43.3975],
							"size": [0.7125, 0.855, 19.6],
							"pivot": [-0.913, 22.25046, -34.52875],
							"rotation": [0, 0, 45],
							"uv": {
								"north": {"uv": [41, 98], "uv_size": [0.5, 1]},
								"east": {"uv": [68, 60], "uv_size": [19.5, 1]},
								"south": {"uv": [98, 41], "uv_size": [0.5, 1]},
								"west": {"uv": [68, 61], "uv_size": [19.5, 1]},
								"up": {"uv": [12, 79], "uv_size": [0.5, 19.5]},
								"down": {"uv": [13, 98.5], "uv_size": [0.5, -19.5]}
							}
						},
						{
							"origin": [-0.86238, 21.94966, -43.3975],
							"size": [1.725, 0.855, 19.6],
							"uv": {
								"north": {"uv": [94, 45], "uv_size": [1.5, 1]},
								"east": {"uv": [68, 62], "uv_size": [19.5, 1]},
								"south": {"uv": [94, 46], "uv_size": [1.5, 1]},
								"west": {"uv": [68, 63], "uv_size": [19.5, 1]},
								"up": {"uv": [56, 62], "uv_size": [1.5, 19.5]},
								"down": {"uv": [24, 83.5], "uv_size": [1.5, -19.5]}
							}
						},
						{
							"origin": [0.55675, 21.82296, -43.3975],
							"size": [0.7125, 0.855, 19.6],
							"pivot": [0.913, 22.25046, -34.52875],
							"rotation": [0, 0, -45],
							"uv": {
								"north": {"uv": [42, 98], "uv_size": [0.5, 1]},
								"east": {"uv": [68, 64], "uv_size": [19.5, 1]},
								"south": {"uv": [98, 42], "uv_size": [0.5, 1]},
								"west": {"uv": [68, 65], "uv_size": [19.5, 1]},
								"up": {"uv": [14, 79], "uv_size": [0.5, 19.5]},
								"down": {"uv": [16, 98.5], "uv_size": [0.5, -19.5]}
							}
						},
						{
							"origin": [0.55675, 20.97296, -69.5475],
							"size": [0.7125, 0.855, 24.75],
							"pivot": [0.913, 21.40046, -55.52875],
							"rotation": [0, 0, -45],
							"uv": {
								"north": {"uv": [89, 98], "uv_size": [0.5, 1]},
								"east": {"uv": [64, 54], "uv_size": [25, 1]},
								"south": {"uv": [90, 98], "uv_size": [0.5, 1]},
								"west": {"uv": [64, 55], "uv_size": [25, 1]},
								"up": {"uv": [54, 76], "uv_size": [0.5, 25]},
								"down": {"uv": [55, 101], "uv_size": [0.5, -25]}
							}
						},
						{
							"origin": [-1.26925, 20.97296, -69.5475],
							"size": [0.7125, 0.855, 24.75],
							"pivot": [-0.913, 21.40046, -55.52875],
							"rotation": [0, 0, 45],
							"uv": {
								"north": {"uv": [88, 98], "uv_size": [0.5, 1]},
								"east": {"uv": [64, 58], "uv_size": [24.5, 1]},
								"south": {"uv": [98, 88], "uv_size": [0.5, 1]},
								"west": {"uv": [64, 59], "uv_size": [24.5, 1]},
								"up": {"uv": [76, 77], "uv_size": [0.5, 24.5]},
								"down": {"uv": [77, 101.5], "uv_size": [0.5, -24.5]}
							}
						},
						{
							"origin": [-0.86238, 21.09966, -69.5475],
							"size": [1.725, 0.855, 24.75],
							"uv": {
								"north": {"uv": [95, 35], "uv_size": [1.5, 1]},
								"east": {"uv": [64, 52], "uv_size": [25, 1]},
								"south": {"uv": [36, 95], "uv_size": [1.5, 1]},
								"west": {"uv": [64, 53], "uv_size": [25, 1]},
								"up": {"uv": [58, 46], "uv_size": [1.5, 25]},
								"down": {"uv": [48, 83], "uv_size": [1.5, -25]}
							}
						},
						{
							"origin": [-0.09531, 21.35008, -43.5475],
							"size": [1.5625, 0.85, 22],
							"uv": {
								"north": {"uv": [48, 94], "uv_size": [1.5, 1]},
								"east": {"uv": [64, 67], "uv_size": [22, 1]},
								"south": {"uv": [94, 49], "uv_size": [1.5, 1]},
								"west": {"uv": [60, 68], "uv_size": [22, 1]},
								"up": {"uv": [34, 61], "uv_size": [1.5, 22]},
								"down": {"uv": [62, 68], "uv_size": [1.5, -22]}
							}
						},
						{
							"origin": [-1.2125, 19.25, -31.5],
							"size": [2.5625, 2.15, 16],
							"uv": {
								"north": {"uv": [85, 69], "uv_size": [2.5, 2]},
								"east": {"uv": [0, 64], "uv_size": [16, 2]},
								"south": {"uv": [80, 85], "uv_size": [2.5, 2]},
								"west": {"uv": [64, 0], "uv_size": [16, 2]},
								"up": {"uv": [52, 46], "uv_size": [2.5, 16]},
								"down": {"uv": [55, 62], "uv_size": [2.5, -16]}
							}
						},
						{
							"origin": [-1.46719, 19.55008, -69.5475],
							"size": [0.7125, 1.8, 24.75],
							"uv": {
								"north": {"uv": [3, 96], "uv_size": [0.5, 2]},
								"east": {"uv": [44, 34], "uv_size": [24.5, 2]},
								"south": {"uv": [5, 96], "uv_size": [0.5, 2]},
								"west": {"uv": [44, 36], "uv_size": [24.5, 2]},
								"up": {"uv": [30, 77], "uv_size": [0.5, 24.5]},
								"down": {"uv": [31, 101.5], "uv_size": [0.5, -24.5]}
							}
						},
						{
							"origin": [-1.26901, 19.07635, -69.5475],
							"size": [0.7125, 0.855, 24.75],
							"pivot": [-0.91276, 19.50385, -66.52875],
							"rotation": [0, 0, -45],
							"uv": {
								"north": {"uv": [98, 74], "uv_size": [0.5, 1]},
								"east": {"uv": [64, 56], "uv_size": [24.5, 1]},
								"south": {"uv": [98, 75], "uv_size": [0.5, 1]},
								"west": {"uv": [64, 57], "uv_size": [24.5, 1]},
								"up": {"uv": [74, 77], "uv_size": [0.5, 24.5]},
								"down": {"uv": [75, 101.5], "uv_size": [0.5, -24.5]}
							}
						},
						{
							"origin": [-0.86238, 18.94966, -69.5475],
							"size": [1.725, 0.855, 24.75],
							"uv": {
								"north": {"uv": [95, 27], "uv_size": [1.5, 1]},
								"east": {"uv": [48, 15], "uv_size": [25, 1]},
								"south": {"uv": [95, 30], "uv_size": [1.5, 1]},
								"west": {"uv": [64, 10], "uv_size": [25, 1]},
								"up": {"uv": [36, 57], "uv_size": [1.5, 25]},
								"down": {"uv": [38, 82], "uv_size": [1.5, -25]}
							}
						},
						{
							"origin": [0.55675, 19.07635, -69.5475],
							"size": [0.7125, 0.855, 24.75],
							"pivot": [0.913, 19.50385, -66.52875],
							"rotation": [0, 0, 45],
							"uv": {
								"north": {"uv": [98, 72], "uv_size": [0.5, 1]},
								"east": {"uv": [64, 50], "uv_size": [25, 1]},
								"south": {"uv": [98, 73], "uv_size": [0.5, 1]},
								"west": {"uv": [64, 51], "uv_size": [25, 1]},
								"up": {"uv": [52, 76], "uv_size": [0.5, 25]},
								"down": {"uv": [53, 101], "uv_size": [0.5, -25]}
							}
						},
						{
							"origin": [0.75469, 19.55008, -69.5475],
							"size": [0.7125, 1.8, 24.75],
							"uv": {
								"north": {"uv": [6, 96], "uv_size": [0.5, 2]},
								"east": {"uv": [44, 26], "uv_size": [25, 2]},
								"south": {"uv": [9, 96], "uv_size": [0.5, 2]},
								"west": {"uv": [44, 28], "uv_size": [25, 2]},
								"up": {"uv": [47, 72], "uv_size": [0.5, 25]},
								"down": {"uv": [23, 98], "uv_size": [0.5, -25]}
							}
						},
						{
							"origin": [-1.26925, 21.72296, -45.7975],
							"size": [0.7125, 0.855, 1],
							"pivot": [-0.913, 22.15046, -55.52875],
							"rotation": [0, 0, 45],
							"uv": {
								"north": {"uv": [2, 99], "uv_size": [0.5, 1]},
								"east": {"uv": [97, 45], "uv_size": [1, 1]},
								"south": {"uv": [99, 2], "uv_size": [0.5, 1]},
								"west": {"uv": [46, 97], "uv_size": [1, 1]},
								"up": {"uv": [99, 3], "uv_size": [0.5, 1]},
								"down": {"uv": [5, 100], "uv_size": [0.5, -1]}
							}
						},
						{
							"origin": [-1.46719, 21.35008, -45.7975],
							"size": [0.7125, 0.75, 1],
							"uv": {
								"north": {"uv": [99, 44], "uv_size": [0.5, 0.5]},
								"east": {"uv": [98, 97], "uv_size": [1, 0.5]},
								"south": {"uv": [45, 99], "uv_size": [0.5, 0.5]},
								"west": {"uv": [98, 98], "uv_size": [1, 0.5]},
								"up": {"uv": [1, 99], "uv_size": [0.5, 1]},
								"down": {"uv": [99, 2], "uv_size": [0.5, -1]}
							}
						},
						{
							"origin": [0.55675, 21.72296, -45.7975],
							"size": [0.7125, 0.855, 1],
							"pivot": [0.913, 22.15046, -55.52875],
							"rotation": [0, 0, -45],
							"uv": {
								"north": {"uv": [98, 95], "uv_size": [0.5, 1]},
								"east": {"uv": [97, 44], "uv_size": [1, 1]},
								"south": {"uv": [96, 98], "uv_size": [0.5, 1]},
								"west": {"uv": [45, 97], "uv_size": [1, 1]},
								"up": {"uv": [98, 96], "uv_size": [0.5, 1]},
								"down": {"uv": [97, 99], "uv_size": [0.5, -1]}
							}
						},
						{
							"origin": [-0.86238, 21.84966, -45.7975],
							"size": [1.725, 0.855, 1],
							"uv": {
								"north": {"uv": [95, 43], "uv_size": [1.5, 1]},
								"east": {"uv": [97, 43], "uv_size": [1, 1]},
								"south": {"uv": [95, 44], "uv_size": [1.5, 1]},
								"west": {"uv": [44, 97], "uv_size": [1, 1]},
								"up": {"uv": [45, 95], "uv_size": [1.5, 1]},
								"down": {"uv": [95, 48], "uv_size": [1.5, -1]}
							}
						},
						{
							"origin": [0.75469, 21.35008, -45.7975],
							"size": [0.7125, 0.75, 1],
							"uv": {
								"north": {"uv": [99, 43], "uv_size": [0.5, 0.5]},
								"east": {"uv": [91, 98], "uv_size": [1, 0.5]},
								"south": {"uv": [44, 99], "uv_size": [0.5, 0.5]},
								"west": {"uv": [92, 98], "uv_size": [1, 0.5]},
								"up": {"uv": [98, 94], "uv_size": [0.5, 1]},
								"down": {"uv": [95, 99], "uv_size": [0.5, -1]}
							}
						}
					]
				},
				{
					"name": "bolt",
					"parent": "main",
					"pivot": [0, 21.75, -8.85],
					"cubes": [
						{
							"origin": [-0.53, 20.39792, 3.1],
							"size": [1.1, 0.75, 1.3575],
							"uv": {
								"north": {"uv": [44, 96], "uv_size": [1, 1]},
								"east": {"uv": [87, 94], "uv_size": [1.5, 1]},
								"south": {"uv": [45, 96], "uv_size": [1, 1]},
								"west": {"uv": [94, 87], "uv_size": [1.5, 1]},
								"up": {"uv": [89, 94], "uv_size": [1, 1.5]},
								"down": {"uv": [90, 95.5], "uv_size": [1, -1.5]}
							}
						},
						{
							"origin": [-0.53, 21.95, 3.1],
							"size": [1.1, 0.75, 1.3575],
							"uv": {
								"north": {"uv": [96, 57], "uv_size": [1, 1]},
								"east": {"uv": [95, 16], "uv_size": [1.5, 1]},
								"south": {"uv": [58, 96], "uv_size": [1, 1]},
								"west": {"uv": [17, 95], "uv_size": [1.5, 1]},
								"up": {"uv": [22, 95], "uv_size": [1, 1.5]},
								"down": {"uv": [95, 23.5], "uv_size": [1, -1.5]}
							}
						},
						{
							"origin": [0.42104, 20.99896, 3.1],
							"size": [0.75, 1.1, 1.3575],
							"uv": {
								"north": {"uv": [98, 58], "uv_size": [0.5, 1]},
								"east": {"uv": [95, 4], "uv_size": [1.5, 1]},
								"south": {"uv": [59, 98], "uv_size": [0.5, 1]},
								"west": {"uv": [5, 95], "uv_size": [1.5, 1]},
								"up": {"uv": [79, 97], "uv_size": [0.5, 1.5]},
								"down": {"uv": [82, 98.5], "uv_size": [0.5, -1.5]}
							}
						},
						{
							"origin": [-1.13104, 20.99896, 3.6],
							"size": [0.75, 1.1, 0.8575],
							"uv": {
								"north": {"uv": [96, 48], "uv_size": [1, 1]},
								"east": {"uv": [49, 96], "uv_size": [1, 1]},
								"south": {"uv": [96, 49], "uv_size": [1, 1]},
								"west": {"uv": [50, 96], "uv_size": [1, 1]},
								"up": {"uv": [51, 96], "uv_size": [1, 1]},
								"down": {"uv": [96, 55], "uv_size": [1, -1]}
							}
						},
						{
							"origin": [-0.35723, 22.2908, 3.1],
							"size": [0.85, 0.75, 1.3575],
							"pivot": [0.39277, 21.6358, 3.09],
							"rotation": [0, 0, -45],
							"uv": {
								"north": {"uv": [96, 45], "uv_size": [1, 1]},
								"east": {"uv": [94, 91], "uv_size": [1.5, 1]},
								"south": {"uv": [46, 96], "uv_size": [1, 1]},
								"west": {"uv": [94, 92], "uv_size": [1.5, 1]},
								"up": {"uv": [93, 94], "uv_size": [1, 1.5]},
								"down": {"uv": [94, 95.5], "uv_size": [1, -1.5]}
							}
						},
						{
							"origin": [-0.81685, 22.57673, 3.1],
							"size": [0.85, 0.75, 1.3575],
							"pivot": [-0.06685, 21.92173, 3.09],
							"rotation": [0, 0, -135],
							"uv": {
								"north": {"uv": [96, 56], "uv_size": [1, 1]},
								"east": {"uv": [9, 95], "uv_size": [1.5, 1]},
								"south": {"uv": [57, 96], "uv_size": [1, 1]},
								"west": {"uv": [95, 10], "uv_size": [1.5, 1]},
								"up": {"uv": [11, 95], "uv_size": [1, 1.5]},
								"down": {"uv": [95, 15.5], "uv_size": [1, -1.5]}
							}
						},
						{
							"origin": [-0.64315, 21.83118, 3.1],
							"size": [0.85, 0.75, 1.3575],
							"pivot": [0.10685, 21.17618, 3.09],
							"rotation": [0, 0, 45],
							"uv": {
								"north": {"uv": [96, 46], "uv_size": [1, 1]},
								"east": {"uv": [0, 95], "uv_size": [1.5, 1]},
								"south": {"uv": [48, 96], "uv_size": [1, 1]},
								"west": {"uv": [2, 95], "uv_size": [1.5, 1]},
								"up": {"uv": [95, 2], "uv_size": [1, 1.5]},
								"down": {"uv": [4, 96.5], "uv_size": [1, -1.5]}
							}
						},
						{
							"origin": [-1.10277, 22.11711, 3.1],
							"size": [0.85, 0.75, 1.3575],
							"pivot": [-0.35277, 21.46211, 3.09],
							"rotation": [0, 0, 135],
							"uv": {
								"north": {"uv": [96, 55], "uv_size": [1, 1]},
								"east": {"uv": [95, 5], "uv_size": [1.5, 1]},
								"south": {"uv": [56, 96], "uv_size": [1, 1]},
								"west": {"uv": [95, 6], "uv_size": [1.5, 1]},
								"up": {"uv": [7, 95], "uv_size": [1, 1.5]},
								"down": {"uv": [8, 96.5], "uv_size": [1, -1.5]}
							}
						},
						{
							"origin": [-1.24362, 22.49996, 4.45],
							"size": [1.1, 0.85, 1.0075],
							"pivot": [-0.24362, 21.94496, 4.44],
							"rotation": [0, 0, -135],
							"uv": {
								"north": {"uv": [95, 96], "uv_size": [1, 1]},
								"east": {"uv": [96, 96], "uv_size": [1, 1]},
								"south": {"uv": [0, 97], "uv_size": [1, 1]},
								"west": {"uv": [1, 97], "uv_size": [1, 1]},
								"up": {"uv": [2, 97], "uv_size": [1, 1]},
								"down": {"uv": [4, 98], "uv_size": [1, -1]}
							}
						},
						{
							"origin": [-1.30782, 21.02218, 4.45],
							"size": [0.85, 1.1, 1.0075],
							"uv": {
								"north": {"uv": [89, 96], "uv_size": [1, 1]},
								"east": {"uv": [90, 96], "uv_size": [1, 1]},
								"south": {"uv": [96, 91], "uv_size": [1, 1]},
								"west": {"uv": [96, 92], "uv_size": [1, 1]},
								"up": {"uv": [93, 96], "uv_size": [1, 1]},
								"down": {"uv": [94, 97], "uv_size": [1, -1]}
							}
						},
						{
							"origin": [-0.57794, 22.32009, 4.45],
							"size": [1.1, 0.85, 1.0075],
							"pivot": [0.32206, 21.76509, 4.44],
							"rotation": [0, 0, -45],
							"uv": {
								"north": {"uv": [96, 78], "uv_size": [1, 1]},
								"east": {"uv": [79, 96], "uv_size": [1, 1]},
								"south": {"uv": [96, 81], "uv_size": [1, 1]},
								"west": {"uv": [82, 96], "uv_size": [1, 1]},
								"up": {"uv": [96, 86], "uv_size": [1, 1]},
								"down": {"uv": [96, 88], "uv_size": [1, -1]}
							}
						},
						{
							"origin": [-0.53, 22.05, 4.45],
							"size": [1.1, 0.85, 1.0075],
							"uv": {
								"north": {"uv": [71, 96], "uv_size": [1, 1]},
								"east": {"uv": [96, 71], "uv_size": [1, 1]},
								"south": {"uv": [72, 96], "uv_size": [1, 1]},
								"west": {"uv": [96, 72], "uv_size": [1, 1]},
								"up": {"uv": [96, 77], "uv_size": [1, 1]},
								"down": {"uv": [78, 97], "uv_size": [1, -1]}
							}
						},
						{
							"origin": [-0.67244, 21.86047, 4.45],
							"size": [1.1, 0.85, 1.0075],
							"pivot": [0.17756, 21.30547, 4.44],
							"rotation": [0, 0, 45],
							"uv": {
								"north": {"uv": [97, 38], "uv_size": [1, 1]},
								"east": {"uv": [39, 97], "uv_size": [1, 1]},
								"south": {"uv": [97, 39], "uv_size": [1, 1]},
								"west": {"uv": [40, 97], "uv_size": [1, 1]},
								"up": {"uv": [97, 40], "uv_size": [1, 1]},
								"down": {"uv": [41, 98], "uv_size": [1, -1]}
							}
						},
						{
							"origin": [-0.32244, 22.71047, 4.45],
							"size": [0.4, 0.2, 1.0075],
							"pivot": [0.17756, 21.30547, 4.44],
							"rotation": [0, 0, 45],
							"uv": {
								"north": {"uv": [99, 63], "uv_size": [0.5, 0.5]},
								"east": {"uv": [12, 99], "uv_size": [1, 0.5]},
								"south": {"uv": [64, 99], "uv_size": [0.5, 0.5]},
								"west": {"uv": [99, 12], "uv_size": [1, 0.5]},
								"up": {"uv": [13, 99], "uv_size": [0.5, 1]},
								"down": {"uv": [99, 14], "uv_size": [0.5, -1]}
							}
						},
						{
							"origin": [-1.18206, 21.93427, 4.45],
							"size": [1.1, 0.85, 1.0075],
							"pivot": [-0.28206, 21.37927, 4.44],
							"rotation": [0, 0, 135],
							"uv": {
								"north": {"uv": [96, 67], "uv_size": [1, 1]},
								"east": {"uv": [68, 96], "uv_size": [1, 1]},
								"south": {"uv": [69, 96], "uv_size": [1, 1]},
								"west": {"uv": [96, 69], "uv_size": [1, 1]},
								"up": {"uv": [70, 96], "uv_size": [1, 1]},
								"down": {"uv": [96, 71], "uv_size": [1, -1]}
							}
						},
						{
							"origin": [-0.53, 20.24437, 4.45],
							"size": [1.1, 0.85, 1.0075],
							"uv": {
								"north": {"uv": [96, 63], "uv_size": [1, 1]},
								"east": {"uv": [96, 64], "uv_size": [1, 1]},
								"south": {"uv": [65, 96], "uv_size": [1, 1]},
								"west": {"uv": [96, 65], "uv_size": [1, 1]},
								"up": {"uv": [96, 66], "uv_size": [1, 1]},
								"down": {"uv": [67, 97], "uv_size": [1, -1]}
							}
						},
						{
							"origin": [0.49782, 21.02218, 4.45],
							"size": [0.85, 1.1, 1.0075],
							"uv": {
								"north": {"uv": [96, 58], "uv_size": [1, 1]},
								"east": {"uv": [59, 96], "uv_size": [1, 1]},
								"south": {"uv": [96, 59], "uv_size": [1, 1]},
								"west": {"uv": [96, 60], "uv_size": [1, 1]},
								"up": {"uv": [96, 61], "uv_size": [1, 1]},
								"down": {"uv": [96, 63], "uv_size": [1, -1]}
							}
						}
					]
				},
				{
					"name": "boltmain",
					"parent": "bolt",
					"pivot": [0, 21.75, 0],
					"cubes": [
						{
							"origin": [-0.73, 21, -8.85],
							"size": [1.5, 1.5, 12.4575],
							"uv": {
								"north": {"uv": [92, 54], "uv_size": [1.5, 1.5]},
								"east": {"uv": [69, 40], "uv_size": [12.5, 1.5]},
								"south": {"uv": [92, 56], "uv_size": [1.5, 1.5]},
								"west": {"uv": [69, 42], "uv_size": [12.5, 1.5]},
								"up": {"uv": [30, 64], "uv_size": [1.5, 12.5]},
								"down": {"uv": [60, 81.5], "uv_size": [1.5, -12.5]}
							}
						},
						{
							"origin": [-0.53, 21.02, 4.85],
							"size": [1.1, 1.1, 0.6075],
							"uv": {
								"north": {"uv": [97, 37], "uv_size": [1, 1]},
								"east": {"uv": [86, 98], "uv_size": [0.5, 1]},
								"south": {"uv": [38, 97], "uv_size": [1, 1]},
								"west": {"uv": [98, 86], "uv_size": [0.5, 1]},
								"up": {"uv": [87, 98], "uv_size": [1, 0.5]},
								"down": {"uv": [98, 87.5], "uv_size": [1, -0.5]}
							}
						},
						{
							"origin": [-4.48, 21.25, -0.15],
							"size": [1.5, 1, 1],
							"uv": {
								"north": {"uv": [95, 17], "uv_size": [1.5, 1]},
								"east": {"uv": [97, 4], "uv_size": [1, 1]},
								"south": {"uv": [24, 95], "uv_size": [1.5, 1]},
								"west": {"uv": [97, 5], "uv_size": [1, 1]},
								"up": {"uv": [95, 24], "uv_size": [1.5, 1]},
								"down": {"uv": [26, 96], "uv_size": [1.5, -1]}
							}
						},
						{
							"origin": [-2.98, 21.35, -0.05],
							"size": [0.25, 0.8, 0.8],
							"uv": {
								"north": {"uv": [80, 98], "uv_size": [0.5, 1]},
								"east": {"uv": [97, 35], "uv_size": [1, 1]},
								"south": {"uv": [98, 80], "uv_size": [0.5, 1]},
								"west": {"uv": [36, 97], "uv_size": [1, 1]},
								"up": {"uv": [81, 98], "uv_size": [0.5, 1]},
								"down": {"uv": [98, 83], "uv_size": [0.5, -1]}
							}
						},
						{
							"origin": [-4.73, 21.35, -0.05],
							"size": [0.25, 0.8, 0.8],
							"uv": {
								"north": {"uv": [83, 98], "uv_size": [0.5, 1]},
								"east": {"uv": [97, 36], "uv_size": [1, 1]},
								"south": {"uv": [84, 98], "uv_size": [0.5, 1]},
								"west": {"uv": [37, 97], "uv_size": [1, 1]},
								"up": {"uv": [85, 98], "uv_size": [0.5, 1]},
								"down": {"uv": [98, 86], "uv_size": [0.5, -1]}
							}
						},
						{
							"origin": [-2.98, 21.5, 0.1],
							"size": [2.25, 0.5, 0.5],
							"uv": {
								"north": {"uv": [97, 6], "uv_size": [2, 0.5]},
								"east": {"uv": [99, 25], "uv_size": [0.5, 0.5]},
								"south": {"uv": [7, 97], "uv_size": [2, 0.5]},
								"west": {"uv": [26, 99], "uv_size": [0.5, 0.5]},
								"up": {"uv": [97, 10], "uv_size": [2, 0.5]},
								"down": {"uv": [97, 16.5], "uv_size": [2, -0.5]}
							}
						},
						{
							"origin": [-1.48, 21.4, 0],
							"size": [0.75, 0.7, 0.7],
							"uv": {
								"north": {"uv": [27, 99], "uv_size": [0.5, 0.5]},
								"east": {"uv": [28, 99], "uv_size": [0.5, 0.5]},
								"south": {"uv": [29, 99], "uv_size": [0.5, 0.5]},
								"west": {"uv": [32, 99], "uv_size": [0.5, 0.5]},
								"up": {"uv": [99, 32], "uv_size": [0.5, 0.5]},
								"down": {"uv": [33, 99.5], "uv_size": [0.5, -0.5]}
							}
						},
						{
							"origin": [-1.03, 21.3, -8.85],
							"size": [0.3, 0.7, 8.85],
							"uv": {
								"north": {"uv": [99, 34], "uv_size": [0.5, 0.5]},
								"east": {"uv": [86, 5], "uv_size": [9, 0.5]},
								"south": {"uv": [35, 99], "uv_size": [0.5, 0.5]},
								"west": {"uv": [86, 6], "uv_size": [9, 0.5]},
								"up": {"uv": [84, 85], "uv_size": [0.5, 9]},
								"down": {"uv": [2, 95], "uv_size": [0.5, -9]}
							}
						}
					]
				},
				{
					"name": "dustcover",
					"parent": "bolt",
					"pivot": [0, 0, 0],
					"cubes": [
						{
							"origin": [1.21067, 20.85777, -9.12162],
							"size": [0.25, 1.25, 12.25],
							"uv": {
								"north": {"uv": [97, 69], "uv_size": [0.5, 1.5]},
								"east": {"uv": [69, 26], "uv_size": [12.5, 1.5]},
								"south": {"uv": [70, 97], "uv_size": [0.5, 1.5]},
								"west": {"uv": [69, 28], "uv_size": [12.5, 1.5]},
								"up": {"uv": [42, 82], "uv_size": [0.5, 12.5]},
								"down": {"uv": [43, 94.5], "uv_size": [0.5, -12.5]}
							}
						},
						{
							"origin": [-1.41567, 20.85777, -9.12162],
							"size": [0.25, 1.25, 9],
							"uv": {
								"north": {"uv": [71, 97], "uv_size": [0.5, 1.5]},
								"east": {"uv": [62, 75], "uv_size": [9, 1.5]},
								"south": {"uv": [97, 71], "uv_size": [0.5, 1.5]},
								"west": {"uv": [71, 75], "uv_size": [9, 1.5]},
								"up": {"uv": [85, 80], "uv_size": [0.5, 9]},
								"down": {"uv": [83, 94], "uv_size": [0.5, -9]}
							}
						},
						{
							"origin": [-1.41567, 20.85777, 0.87838],
							"size": [0.25, 1.25, 2.25],
							"uv": {
								"north": {"uv": [97, 85], "uv_size": [0.5, 1.5]},
								"east": {"uv": [88, 62], "uv_size": [2.5, 1.5]},
								"south": {"uv": [97, 87], "uv_size": [0.5, 1.5]},
								"west": {"uv": [88, 64], "uv_size": [2.5, 1.5]},
								"up": {"uv": [87, 95], "uv_size": [0.5, 2.5]},
								"down": {"uv": [88, 97.5], "uv_size": [0.5, -2.5]}
							}
						},
						{
							"origin": [-0.6025, 22.67094, 0.87838],
							"size": [1.25, 0.25, 2.25],
							"uv": {
								"north": {"uv": [97, 90], "uv_size": [1.5, 0.5]},
								"east": {"uv": [96, 11], "uv_size": [2.5, 0.5]},
								"south": {"uv": [91, 97], "uv_size": [1.5, 0.5]},
								"west": {"uv": [96, 12], "uv_size": [2.5, 0.5]},
								"up": {"uv": [67, 88], "uv_size": [1.5, 2.5]},
								"down": {"uv": [69, 90.5], "uv_size": [1.5, -2.5]}
							}
						},
						{
							"origin": [-0.6025, 22.67094, -9.12162],
							"size": [1.25, 0.25, 9],
							"uv": {
								"north": {"uv": [97, 84], "uv_size": [1.5, 0.5]},
								"east": {"uv": [85, 38], "uv_size": [9, 0.5]},
								"south": {"uv": [85, 97], "uv_size": [1.5, 0.5]},
								"west": {"uv": [85, 49], "uv_size": [9, 0.5]},
								"up": {"uv": [58, 71], "uv_size": [1.5, 9]},
								"down": {"uv": [44, 84], "uv_size": [1.5, -9]}
							}
						},
						{
							"origin": [-0.24898, 22.00674, -9.12162],
							"size": [1.15, 0.25, 12.25],
							"pivot": [1.00102, 21.5067, -13.8716],
							"rotation": [0, 0, 45],
							"uv": {
								"north": {"uv": [44, 98], "uv_size": [1, 0.5]},
								"east": {"uv": [82, 68], "uv_size": [12.5, 0.5]},
								"south": {"uv": [98, 44], "uv_size": [1, 0.5]},
								"west": {"uv": [83, 13], "uv_size": [12.5, 0.5]},
								"up": {"uv": [15, 74], "uv_size": [1, 12.5]},
								"down": {"uv": [46, 87.5], "uv_size": [1, -12.5]}
							}
						},
						{
							"origin": [-1.39787, 23.31489, 1.12838],
							"size": [1.15, 0.25, 2],
							"pivot": [0.35213, 22.81485, -13.8716],
							"rotation": [0, 0, -45],
							"uv": {
								"north": {"uv": [45, 98], "uv_size": [1, 0.5]},
								"east": {"uv": [25, 96], "uv_size": [2, 0.5]},
								"south": {"uv": [98, 45], "uv_size": [1, 0.5]},
								"west": {"uv": [27, 96], "uv_size": [2, 0.5]},
								"up": {"uv": [60, 93], "uv_size": [1, 2]},
								"down": {"uv": [61, 95], "uv_size": [1, -2]}
							}
						},
						{
							"origin": [-1.39787, 23.31489, -9.12162],
							"size": [1.15, 0.25, 8.75],
							"pivot": [0.35213, 22.81485, -17.1216],
							"rotation": [0, 0, -45],
							"uv": {
								"north": {"uv": [98, 59], "uv_size": [1, 0.5]},
								"east": {"uv": [84, 76], "uv_size": [9, 0.5]},
								"south": {"uv": [60, 98], "uv_size": [1, 0.5]},
								"west": {"uv": [85, 9], "uv_size": [9, 0.5]},
								"up": {"uv": [17, 79], "uv_size": [1, 9]},
								"down": {"uv": [18, 88], "uv_size": [1, -9]}
							}
						}
					]
				},
				{
					"name": "clip",
					"parent": "main",
					"pivot": [0, 16, 30.5]
				},
				{
					"name": "strip",
					"parent": "clip",
					"pivot": [-0.5, 15.95368, 30.59799],
					"cubes": [
						{
							"origin": [-1, 21.46083, 36.38917],
							"size": [1, 0.3, 2.15],
							"pivot": [0, 21.46083, 30.28917],
							"rotation": [-90, 0, 0],
							"uv": {
								"north": {"uv": [98, 76], "uv_size": [1, 0.5]},
								"east": {"uv": [25, 97], "uv_size": [2, 0.5]},
								"south": {"uv": [98, 77], "uv_size": [1, 0.5]},
								"west": {"uv": [97, 25], "uv_size": [2, 0.5]},
								"up": {"uv": [80, 93], "uv_size": [1, 2]},
								"down": {"uv": [81, 95], "uv_size": [1, -2]}
							}
						},
						{
							"origin": [-1, 23.30424, 35.19306],
							"size": [1, 0.3, 2.4],
							"pivot": [0, 23.30424, 29.59306],
							"rotation": [-85, 0, 0],
							"uv": {
								"north": {"uv": [98, 78], "uv_size": [1, 0.5]},
								"east": {"uv": [96, 13], "uv_size": [2.5, 0.5]},
								"south": {"uv": [98, 79], "uv_size": [1, 0.5]},
								"west": {"uv": [96, 14], "uv_size": [2.5, 0.5]},
								"up": {"uv": [29, 91], "uv_size": [1, 2.5]},
								"down": {"uv": [32, 93.5], "uv_size": [1, -2.5]}
							}
						}
					]
				},
				{
					"name": "bullet",
					"parent": "clip",
					"pivot": [-0.515, 15.90072, 27.06026],
					"cubes": [
						{
							"origin": [-0.9, 14.13833, 26.17417],
							"size": [0.77, 0.77, 4.2],
							"pivot": [-0.515, 14.52333, 27.52417],
							"rotation": [0, 0, -30],
							"uv": {
								"north": {"uv": [97, 26], "uv_size": [1, 1]},
								"east": {"uv": [52, 12], "uv_size": [4, 1]},
								"south": {"uv": [27, 97], "uv_size": [1, 1]},
								"west": {"uv": [73, 15], "uv_size": [4, 1]},
								"up": {"uv": [39, 86], "uv_size": [1, 4]},
								"down": {"uv": [66, 90], "uv_size": [1, -4]}
							}
						},
						{
							"origin": [-0.8, 14.23833, 24.67417],
							"size": [0.57, 0.57, 1.5],
							"pivot": [-0.515, 14.52333, 23.32417],
							"rotation": [0, 0, -30],
							"uv": {
								"north": {"uv": [99, 36], "uv_size": [0.5, 0.5]},
								"east": {"uv": [97, 91], "uv_size": [1.5, 0.5]},
								"south": {"uv": [37, 99], "uv_size": [0.5, 0.5]},
								"west": {"uv": [97, 92], "uv_size": [1.5, 0.5]},
								"up": {"uv": [93, 97], "uv_size": [0.5, 1.5]},
								"down": {"uv": [94, 98.5], "uv_size": [0.5, -1.5]}
							}
						},
						{
							"origin": [-0.9, 13.28833, 26.17417],
							"size": [0.77, 0.77, 4.2],
							"pivot": [-0.515, 13.67333, 27.52417],
							"rotation": [0, 0, -27.5],
							"uv": {
								"north": {"uv": [97, 27], "uv_size": [1, 1]},
								"east": {"uv": [67, 86], "uv_size": [4, 1]},
								"south": {"uv": [28, 97], "uv_size": [1, 1]},
								"west": {"uv": [86, 67], "uv_size": [4, 1]},
								"up": {"uv": [71, 86], "uv_size": [1, 4]},
								"down": {"uv": [72, 90], "uv_size": [1, -4]}
							}
						},
						{
							"origin": [-0.8, 13.38833, 24.67417],
							"size": [0.57, 0.57, 1.5],
							"pivot": [-0.515, 13.67333, 23.32417],
							"rotation": [0, 0, -27.5],
							"uv": {
								"north": {"uv": [99, 37], "uv_size": [0.5, 0.5]},
								"east": {"uv": [97, 93], "uv_size": [1.5, 0.5]},
								"south": {"uv": [38, 99], "uv_size": [0.5, 0.5]},
								"west": {"uv": [95, 97], "uv_size": [1.5, 0.5]},
								"up": {"uv": [97, 96], "uv_size": [0.5, 1.5]},
								"down": {"uv": [0, 99.5], "uv_size": [0.5, -1.5]}
							}
						},
						{
							"origin": [-0.9, 14.98833, 26.17417],
							"size": [0.77, 0.77, 4.2],
							"pivot": [-0.515, 15.37333, 27.52417],
							"rotation": [0, 0, -30],
							"uv": {
								"north": {"uv": [97, 28], "uv_size": [1, 1]},
								"east": {"uv": [86, 80], "uv_size": [4, 1]},
								"south": {"uv": [29, 97], "uv_size": [1, 1]},
								"west": {"uv": [86, 81], "uv_size": [4, 1]},
								"up": {"uv": [73, 86], "uv_size": [1, 4]},
								"down": {"uv": [86, 86], "uv_size": [1, -4]}
							}
						},
						{
							"origin": [-0.8, 15.08833, 24.67417],
							"size": [0.57, 0.57, 1.5],
							"pivot": [-0.515, 15.37333, 23.32417],
							"rotation": [0, 0, -30],
							"uv": {
								"north": {"uv": [99, 38], "uv_size": [0.5, 0.5]},
								"east": {"uv": [98, 0], "uv_size": [1.5, 0.5]},
								"south": {"uv": [39, 99], "uv_size": [0.5, 0.5]},
								"west": {"uv": [1, 98], "uv_size": [1.5, 0.5]},
								"up": {"uv": [3, 98], "uv_size": [0.5, 1.5]},
								"down": {"uv": [4, 99.5], "uv_size": [0.5, -1.5]}
							}
						},
						{
							"origin": [-0.9, 15.83833, 26.17417],
							"size": [0.77, 0.77, 4.2],
							"pivot": [-0.515, 16.22333, 27.52417],
							"rotation": [2.16541, 1.2497, -29.97638],
							"uv": {
								"north": {"uv": [97, 29], "uv_size": [1, 1]},
								"east": {"uv": [86, 86], "uv_size": [4, 1]},
								"south": {"uv": [97, 30], "uv_size": [1, 1]},
								"west": {"uv": [67, 87], "uv_size": [4, 1]},
								"up": {"uv": [15, 87], "uv_size": [1, 4]},
								"down": {"uv": [32, 91], "uv_size": [1, -4]}
							}
						},
						{
							"origin": [-0.8, 15.75513, 24.67817],
							"size": [0.57, 0.57, 1.5],
							"pivot": [-0.515, 16.04013, 23.32817],
							"rotation": [2.16541, 1.2497, -29.97638],
							"uv": {
								"north": {"uv": [99, 39], "uv_size": [0.5, 0.5]},
								"east": {"uv": [98, 4], "uv_size": [1.5, 0.5]},
								"south": {"uv": [40, 99], "uv_size": [0.5, 0.5]},
								"west": {"uv": [5, 98], "uv_size": [1.5, 0.5]},
								"up": {"uv": [7, 98], "uv_size": [0.5, 1.5]},
								"down": {"uv": [98, 8.5], "uv_size": [0.5, -1.5]}
							}
						},
						{
							"origin": [-0.9, 16.68833, 26.17417],
							"size": [0.77, 0.77, 4.2],
							"pivot": [-0.515, 17.07333, 27.52417],
							"rotation": [2.16541, 1.2497, -29.97638],
							"uv": {
								"north": {"uv": [97, 31], "uv_size": [1, 1]},
								"east": {"uv": [87, 77], "uv_size": [4, 1]},
								"south": {"uv": [32, 97], "uv_size": [1, 1]},
								"west": {"uv": [87, 78], "uv_size": [4, 1]},
								"up": {"uv": [33, 87], "uv_size": [1, 4]},
								"down": {"uv": [40, 91], "uv_size": [1, -4]}
							}
						},
						{
							"origin": [-0.8, 16.60513, 24.67817],
							"size": [0.57, 0.57, 1.5],
							"pivot": [-0.515, 16.89013, 23.32817],
							"rotation": [2.16541, 1.2497, -29.97638],
							"uv": {
								"north": {"uv": [99, 40], "uv_size": [0.5, 0.5]},
								"east": {"uv": [98, 5], "uv_size": [1.5, 0.5]},
								"south": {"uv": [41, 99], "uv_size": [0.5, 0.5]},
								"west": {"uv": [8, 98], "uv_size": [1.5, 0.5]},
								"up": {"uv": [10, 98], "uv_size": [0.5, 1.5]},
								"down": {"uv": [15, 99.5], "uv_size": [0.5, -1.5]}
							}
						}
					]
				},
				{
					"name": "scope",
					"parent": "main",
					"pivot": [0, 23.45, 6.75],
					"cubes": [
						{"origin": [-0.5, 22.9, 6.23917], "size": [1, 1, 1], "inflate": -0.4, "uv": [32, 2]}
					]
				},
				{
					"name": "bulletsingle",
					"parent": "main",
					"pivot": [-0.515, 14.2125, 27.31],
					"rotation": [0, 0, -30],
					"cubes": [
						{
							"origin": [-1.16958, 13.36057, 26.42417],
							"size": [0.77, 0.77, 4.2],
							"uv": {
								"north": {"uv": [97, 32], "uv_size": [1, 1]},
								"east": {"uv": [87, 82], "uv_size": [4, 1]},
								"south": {"uv": [33, 97], "uv_size": [1, 1]},
								"west": {"uv": [87, 83], "uv_size": [4, 1]},
								"up": {"uv": [41, 87], "uv_size": [1, 4]},
								"down": {"uv": [48, 91], "uv_size": [1, -4]}
							}
						},
						{
							"origin": [-1.06958, 13.46057, 24.92417],
							"size": [0.57, 0.57, 1.5],
							"uv": {
								"north": {"uv": [99, 41], "uv_size": [0.5, 0.5]},
								"east": {"uv": [18, 98], "uv_size": [1.5, 0.5]},
								"south": {"uv": [42, 99], "uv_size": [0.5, 0.5]},
								"west": {"uv": [98, 20], "uv_size": [1.5, 0.5]},
								"up": {"uv": [21, 98], "uv_size": [0.5, 1.5]},
								"down": {"uv": [22, 99.5], "uv_size": [0.5, -1.5]}
							}
						}
					]
				},
				{
					"name": "bulletloaded",
					"parent": "main",
					"pivot": [-0.515, 14.2125, 27.31],
					"rotation": [0, 0, -30],
					"cubes": [
						{
							"origin": [-1.16958, 13.36057, 26.42417],
							"size": [0.77, 0.77, 4.2],
							"uv": {
								"north": {"uv": [97, 33], "uv_size": [1, 1]},
								"east": {"uv": [87, 84], "uv_size": [4, 1]},
								"south": {"uv": [34, 97], "uv_size": [1, 1]},
								"west": {"uv": [87, 85], "uv_size": [4, 1]},
								"up": {"uv": [49, 87], "uv_size": [1, 4]},
								"down": {"uv": [80, 91], "uv_size": [1, -4]}
							}
						},
						{
							"origin": [-1.06958, 13.46057, 24.92417],
							"size": [0.57, 0.57, 1.5],
							"uv": {
								"north": {"uv": [99, 42], "uv_size": [0.5, 0.5]},
								"east": {"uv": [98, 21], "uv_size": [1.5, 0.5]},
								"south": {"uv": [43, 99], "uv_size": [0.5, 0.5]},
								"west": {"uv": [98, 23], "uv_size": [1.5, 0.5]},
								"up": {"uv": [23, 98], "uv_size": [0.5, 1.5]},
								"down": {"uv": [25, 99.5], "uv_size": [0.5, -1.5]}
							}
						}
					]
				},
				{
					"name": "casing",
					"parent": "main",
					"pivot": [-0.515, 14.2125, 27.31],
					"rotation": [0, 0, -30],
					"cubes": [
						{
							"origin": [-1.16958, 13.36057, 26.42417],
							"size": [0.77, 0.77, 4.2],
							"uv": {
								"north": {"uv": [97, 34], "uv_size": [1, 1]},
								"east": {"uv": [86, 87], "uv_size": [4, 1]},
								"south": {"uv": [35, 97], "uv_size": [1, 1]},
								"west": {"uv": [88, 0], "uv_size": [4, 1]},
								"up": {"uv": [81, 87], "uv_size": [1, 4]},
								"down": {"uv": [82, 91], "uv_size": [1, -4]}
							}
						}
					]
				}
			]
		}
	]
}