{
	"format_version": "1.21.20",
	"minecraft:geometry": [
		{
			"description": {
				"identifier": "geometry.unknown",
				"texture_width": 64,
				"texture_height": 64,
				"visible_bounds_width": 8,
				"visible_bounds_height": 4,
				"visible_bounds_offset": [0, 1, 0]
			},
			"bones": [
				{
					"name": "main",
					"pivot": [0, 20, 0]
				},
				{
					"name": "rightarm",
					"parent": "main",
					"pivot": [-4.8, 8.525, 20.9],
					"rotation": [-104.56106, -12.40003, -2.46982],
					"cubes": [
						{
							"origin": [-8.8, -15.475, 16.9],
							"size": [8, 24, 8],
							"uv": {
								"north": {"uv": [0, 0], "uv_size": [8, 24]},
								"east": {"uv": [8, 0], "uv_size": [8, 24]},
								"south": {"uv": [16, 0], "uv_size": [8, 24]},
								"west": {"uv": [0, 24], "uv_size": [8, 24]},
								"up": {"uv": [32, 0], "uv_size": [8, 8]},
								"down": {"uv": [32, 16], "uv_size": [8, -8]}
							}
						}
					]
				},
				{
					"name": "leftarm",
					"parent": "main",
					"pivot": [20.2, 2, 19.4],
					"rotation": [1.04168, 6.70101, -29.35181],
					"cubes": [
						{
							"origin": [16.2, -22, 15.4],
							"size": [8, 24, 8],
							"uv": {
								"north": {"uv": [24, 0], "uv_size": [8, 24]},
								"east": {"uv": [8, 24], "uv_size": [8, 24]},
								"south": {"uv": [16, 24], "uv_size": [8, 24]},
								"west": {"uv": [24, 24], "uv_size": [8, 24]},
								"up": {"uv": [32, 16], "uv_size": [8, 8]},
								"down": {"uv": [32, 32], "uv_size": [8, -8]}
							}
						}
					]
				},
				{
					"name": "muzzleflash",
					"parent": "main",
					"pivot": [0, 21.9, -20.75],
					"cubes": [
						{
							"origin": [-0.5, 21.4, -21.05],
							"size": [1, 1, 1],
							"inflate": -0.4,
							"uv": {
								"north": {"uv": [45, 57], "uv_size": [1, 1]},
								"east": {"uv": [57, 45], "uv_size": [1, 1]},
								"south": {"uv": [46, 57], "uv_size": [1, 1]},
								"west": {"uv": [57, 46], "uv_size": [1, 1]},
								"up": {"uv": [47, 57], "uv_size": [1, 1]},
								"down": {"uv": [48, 58], "uv_size": [1, -1]}
							}
						}
					]
				},
				{
					"name": "scope",
					"parent": "main",
					"pivot": [0, 23.425, 13.75],
					"cubes": [
						{
							"origin": [-0.5, 22.925, 13.45],
							"size": [1, 1, 1],
							"inflate": -0.4,
							"uv": {
								"north": {"uv": [57, 48], "uv_size": [1, 1]},
								"east": {"uv": [57, 51], "uv_size": [1, 1]},
								"south": {"uv": [53, 57], "uv_size": [1, 1]},
								"west": {"uv": [54, 57], "uv_size": [1, 1]},
								"up": {"uv": [57, 55], "uv_size": [1, 1]},
								"down": {"uv": [56, 58], "uv_size": [1, -1]}
							}
						}
					]
				},
				{
					"name": "gun",
					"parent": "main",
					"pivot": [0, 0, 0],
					"cubes": [
						{
							"origin": [-1.4, 19.5, -8.25],
							"size": [2.8, 2.25, 12.25],
							"uv": {
								"north": {"uv": [19, 48], "uv_size": [3, 2]},
								"east": {"uv": [43, 19], "uv_size": [12.5, 2]},
								"south": {"uv": [22, 48], "uv_size": [3, 2]},
								"west": {"uv": [43, 21], "uv_size": [12.5, 2]},
								"up": {"uv": [40, 0], "uv_size": [3, 12.5]},
								"down": {"uv": [40, 25.5], "uv_size": [3, -12.5]}
							}
						},
						{
							"origin": [1.4, 19.75, -6.75],
							"size": [0.1, 0.5, 1.75],
							"uv": {
								"north": {"uv": [61, 37], "uv_size": [0.5, 0.5]},
								"east": {"uv": [61, 34], "uv_size": [1.5, 0.5]},
								"south": {"uv": [38, 61], "uv_size": [0.5, 0.5]},
								"west": {"uv": [35, 61], "uv_size": [1.5, 0.5]},
								"up": {"uv": [61, 35], "uv_size": [0.5, 1.5]},
								"down": {"uv": [37, 62.5], "uv_size": [0.5, -1.5]}
							}
						},
						{
							"origin": [1.4, 19.75, -7.55],
							"size": [0.25, 0.5, 0.8],
							"uv": {
								"north": {"uv": [61, 37], "uv_size": [0.5, 0.5]},
								"east": {"uv": [61, 34], "uv_size": [1.5, 0.5]},
								"south": {"uv": [38, 61], "uv_size": [0.5, 0.5]},
								"west": {"uv": [35, 61], "uv_size": [1.5, 0.5]},
								"up": {"uv": [61, 35], "uv_size": [0.5, 1.5]},
								"down": {"uv": [37, 62.5], "uv_size": [0.5, -1.5]}
							}
						},
						{
							"origin": [-1.4, 17.4, -4.2],
							"size": [2.8, 0.8, 0.8],
							"pivot": [0, 17.8, -3.8],
							"rotation": [-45, 0, 0],
							"uv": {
								"north": {"uv": [50, 53], "uv_size": [3, 1]},
								"east": {"uv": [57, 58], "uv_size": [1, 1]},
								"south": {"uv": [53, 50], "uv_size": [3, 1]},
								"west": {"uv": [58, 57], "uv_size": [1, 1]},
								"up": {"uv": [53, 53], "uv_size": [3, 1]},
								"down": {"uv": [0, 55], "uv_size": [3, -1]}
							}
						},
						{
							"origin": [-1, 18, -0.5],
							"size": [2, 1.5, 3.75],
							"uv": {
								"north": {"uv": [48, 53], "uv_size": [2, 1.5]},
								"east": {"uv": [49, 11], "uv_size": [4, 1.5]},
								"south": {"uv": [53, 48], "uv_size": [2, 1.5]},
								"west": {"uv": [49, 13], "uv_size": [4, 1.5]},
								"up": {"uv": [9, 48], "uv_size": [2, 4]},
								"down": {"uv": [11, 52], "uv_size": [2, -4]}
							}
						},
						{
							"origin": [-1, 18.75, 3.25],
							"size": [2, 0.75, 0.75],
							"uv": {
								"north": {"uv": [55, 13], "uv_size": [2, 1]},
								"east": {"uv": [58, 19], "uv_size": [1, 1]},
								"south": {"uv": [55, 42], "uv_size": [2, 1]},
								"west": {"uv": [58, 20], "uv_size": [1, 1]},
								"up": {"uv": [55, 43], "uv_size": [2, 1]},
								"down": {"uv": [45, 56], "uv_size": [2, -1]}
							}
						},
						{
							"origin": [-1, 18.15533, 2.875],
							"size": [2, 0.75, 1.05],
							"pivot": [0, 18.53033, 3.25],
							"rotation": [45, 0, 0],
							"uv": {
								"north": {"uv": [55, 45], "uv_size": [2, 1]},
								"east": {"uv": [58, 21], "uv_size": [1, 1]},
								"south": {"uv": [55, 46], "uv_size": [2, 1]},
								"west": {"uv": [58, 22], "uv_size": [1, 1]},
								"up": {"uv": [47, 55], "uv_size": [2, 1]},
								"down": {"uv": [55, 49], "uv_size": [2, -1]}
							}
						},
						{
							"origin": [-0.75, 17.15533, 3.375],
							"size": [1.5, 0.25, 0.3],
							"pivot": [0, 18.53033, 3.25],
							"rotation": [45, 0, 0],
							"uv": {
								"north": {"uv": [59, 25], "uv_size": [1.5, 0.5]},
								"east": {"uv": [61, 16], "uv_size": [0.5, 0.5]},
								"south": {"uv": [59, 26], "uv_size": [1.5, 0.5]},
								"west": {"uv": [17, 61], "uv_size": [0.5, 0.5]},
								"up": {"uv": [27, 59], "uv_size": [1.5, 0.5]},
								"down": {"uv": [59, 27.5], "uv_size": [1.5, -0.5]}
							}
						},
						{
							"origin": [-0.75, 17.40533, 3.375],
							"size": [0.25, 0.75, 0.3],
							"pivot": [0, 18.53033, 3.25],
							"rotation": [45, 0, 0],
							"uv": {
								"north": {"uv": [61, 4], "uv_size": [0.5, 1]},
								"east": {"uv": [5, 61], "uv_size": [0.5, 1]},
								"south": {"uv": [61, 5], "uv_size": [0.5, 1]},
								"west": {"uv": [6, 61], "uv_size": [0.5, 1]},
								"up": {"uv": [61, 18], "uv_size": [0.5, 0.5]},
								"down": {"uv": [19, 61.5], "uv_size": [0.5, -0.5]}
							}
						},
						{
							"origin": [0.5, 17.40533, 3.375],
							"size": [0.25, 0.75, 0.3],
							"pivot": [0, 18.53033, 3.25],
							"rotation": [45, 0, 0],
							"uv": {
								"north": {"uv": [61, 2], "uv_size": [0.5, 1]},
								"east": {"uv": [3, 61], "uv_size": [0.5, 1]},
								"south": {"uv": [61, 3], "uv_size": [0.5, 1]},
								"west": {"uv": [4, 61], "uv_size": [0.5, 1]},
								"up": {"uv": [61, 17], "uv_size": [0.5, 0.5]},
								"down": {"uv": [18, 61.5], "uv_size": [0.5, -0.5]}
							}
						},
						{
							"origin": [-0.3, 22.25, -19.75],
							"size": [0.6, 0.75, 1],
							"uv": {
								"north": {"uv": [0, 60], "uv_size": [0.5, 1]},
								"east": {"uv": [58, 23], "uv_size": [1, 1]},
								"south": {"uv": [60, 0], "uv_size": [0.5, 1]},
								"west": {"uv": [58, 24], "uv_size": [1, 1]},
								"up": {"uv": [1, 60], "uv_size": [0.5, 1]},
								"down": {"uv": [2, 61], "uv_size": [0.5, -1]}
							}
						},
						{
							"origin": [-0.1, 22.98325, -19.6625],
							"size": [0.2, 0.5, 0.85],
							"pivot": [0, 23.10825, -18.8125],
							"rotation": [30, 0, 0],
							"uv": {
								"north": {"uv": [61, 13], "uv_size": [0.5, 0.5]},
								"east": {"uv": [3, 60], "uv_size": [1, 0.5]},
								"south": {"uv": [14, 61], "uv_size": [0.5, 0.5]},
								"west": {"uv": [4, 60], "uv_size": [1, 0.5]},
								"up": {"uv": [5, 60], "uv_size": [0.5, 1]},
								"down": {"uv": [6, 61], "uv_size": [0.5, -1]}
							}
						},
						{
							"origin": [-0.65, 22.25, 2.5],
							"size": [1.3, 1, 1.5],
							"uv": {
								"north": {"uv": [57, 1], "uv_size": [1.5, 1]},
								"east": {"uv": [57, 2], "uv_size": [1.5, 1]},
								"south": {"uv": [57, 3], "uv_size": [1.5, 1]},
								"west": {"uv": [4, 57], "uv_size": [1.5, 1]},
								"up": {"uv": [2, 55], "uv_size": [1.5, 1.5]},
								"down": {"uv": [4, 56.5], "uv_size": [1.5, -1.5]}
							}
						},
						{
							"origin": [-0.5, 23.25, 2.5],
							"size": [1, 0.1, 1.5],
							"uv": {
								"north": {"uv": [7, 60], "uv_size": [1, 0.5]},
								"east": {"uv": [59, 24], "uv_size": [1.5, 0.5]},
								"south": {"uv": [8, 60], "uv_size": [1, 0.5]},
								"west": {"uv": [25, 59], "uv_size": [1.5, 0.5]},
								"up": {"uv": [12, 57], "uv_size": [1, 1.5]},
								"down": {"uv": [13, 58.5], "uv_size": [1, -1.5]}
							}
						},
						{
							"origin": [-0.5, 23.35, 3.75],
							"size": [0.3, 0.2, 0.25],
							"uv": {
								"north": {"uv": [61, 22], "uv_size": [0.5, 0.5]},
								"east": {"uv": [23, 61], "uv_size": [0.5, 0.5]},
								"south": {"uv": [61, 23], "uv_size": [0.5, 0.5]},
								"west": {"uv": [24, 61], "uv_size": [0.5, 0.5]},
								"up": {"uv": [61, 24], "uv_size": [0.5, 0.5]},
								"down": {"uv": [25, 61.5], "uv_size": [0.5, -0.5]}
							}
						},
						{
							"origin": [0.2, 23.35, 3.75],
							"size": [0.3, 0.2, 0.25],
							"uv": {
								"north": {"uv": [61, 25], "uv_size": [0.5, 0.5]},
								"east": {"uv": [26, 61], "uv_size": [0.5, 0.5]},
								"south": {"uv": [61, 26], "uv_size": [0.5, 0.5]},
								"west": {"uv": [27, 61], "uv_size": [0.5, 0.5]},
								"up": {"uv": [61, 27], "uv_size": [0.5, 0.5]},
								"down": {"uv": [28, 61.5], "uv_size": [0.5, -0.5]}
							}
						},
						{
							"origin": [0.25, 23.21507, 2.5793],
							"size": [0.25, 0.25, 1.2],
							"pivot": [0.325, 23.34007, 3.2793],
							"rotation": [10, 0, 0],
							"uv": {
								"north": {"uv": [61, 14], "uv_size": [0.5, 0.5]},
								"east": {"uv": [60, 8], "uv_size": [1, 0.5]},
								"south": {"uv": [15, 61], "uv_size": [0.5, 0.5]},
								"west": {"uv": [9, 60], "uv_size": [1, 0.5]},
								"up": {"uv": [60, 9], "uv_size": [0.5, 1]},
								"down": {"uv": [10, 61], "uv_size": [0.5, -1]}
							}
						},
						{
							"origin": [-0.5, 23.21507, 2.5793],
							"size": [0.25, 0.25, 1.2],
							"pivot": [-0.325, 23.34007, 3.2793],
							"rotation": [10, 0, 0],
							"uv": {
								"north": {"uv": [61, 15], "uv_size": [0.5, 0.5]},
								"east": {"uv": [60, 10], "uv_size": [1, 0.5]},
								"south": {"uv": [16, 61], "uv_size": [0.5, 0.5]},
								"west": {"uv": [11, 60], "uv_size": [1, 0.5]},
								"up": {"uv": [12, 60], "uv_size": [0.5, 1]},
								"down": {"uv": [13, 61], "uv_size": [0.5, -1]}
							}
						},
						{
							"origin": [0.23546, 22.24921, 2.5],
							"size": [1.06, 0.75, 1.5],
							"pivot": [0.74546, 22.62421, 3.5],
							"rotation": [0, 0, 45],
							"uv": {
								"north": {"uv": [10, 58], "uv_size": [1, 1]},
								"east": {"uv": [57, 4], "uv_size": [1.5, 1]},
								"south": {"uv": [58, 11], "uv_size": [1, 1]},
								"west": {"uv": [57, 5], "uv_size": [1.5, 1]},
								"up": {"uv": [6, 57], "uv_size": [1, 1.5]},
								"down": {"uv": [57, 7.5], "uv_size": [1, -1.5]}
							}
						},
						{
							"origin": [-1.25546, 22.24921, 2.5],
							"size": [1.06, 0.75, 1.5],
							"pivot": [-0.74546, 22.62421, 3.5],
							"rotation": [0, 0, 135],
							"uv": {
								"north": {"uv": [58, 12], "uv_size": [1, 1]},
								"east": {"uv": [7, 57], "uv_size": [1.5, 1]},
								"south": {"uv": [58, 13], "uv_size": [1, 1]},
								"west": {"uv": [9, 57], "uv_size": [1.5, 1]},
								"up": {"uv": [11, 57], "uv_size": [1, 1.5]},
								"down": {"uv": [57, 12.5], "uv_size": [1, -1.5]}
							}
						},
						{
							"origin": [-1.4, 21.68912, 1.94445],
							"size": [2.8, 0.6, 0.85],
							"pivot": [0, 21.91412, 2.69445],
							"rotation": [45, 0, 0],
							"uv": {
								"north": {"uv": [57, 0], "uv_size": [3, 0.5]},
								"east": {"uv": [58, 59], "uv_size": [1, 0.5]},
								"south": {"uv": [1, 57], "uv_size": [3, 0.5]},
								"west": {"uv": [59, 59], "uv_size": [1, 0.5]},
								"up": {"uv": [52, 7], "uv_size": [3, 1]},
								"down": {"uv": [53, 48], "uv_size": [3, -1]}
							}
						},
						{
							"origin": [-1.4, 21.75, 2.5],
							"size": [2.8, 0.75, 1.5],
							"uv": {
								"north": {"uv": [50, 42], "uv_size": [3, 1.5]},
								"east": {"uv": [0, 55], "uv_size": [1.5, 1.5]},
								"south": {"uv": [50, 45], "uv_size": [3, 1.5]},
								"west": {"uv": [55, 0], "uv_size": [1.5, 1.5]},
								"up": {"uv": [50, 47], "uv_size": [3, 1.5]},
								"down": {"uv": [50, 50.5], "uv_size": [3, -1.5]}
							}
						},
						{
							"origin": [-1.3, 21.4, -8.25],
							"size": [2.6, 0.75, 10.75],
							"uv": {
								"north": {"uv": [54, 2], "uv_size": [2.5, 1]},
								"east": {"uv": [43, 25], "uv_size": [11, 1]},
								"south": {"uv": [3, 54], "uv_size": [2.5, 1]},
								"west": {"uv": [45, 44], "uv_size": [11, 1]},
								"up": {"uv": [43, 8], "uv_size": [2.5, 11]},
								"down": {"uv": [32, 55], "uv_size": [2.5, -11]}
							}
						},
						{
							"origin": [0.13546, 21.89921, -2.5],
							"size": [1.06, 0.75, 5],
							"pivot": [0.64546, 22.27421, 2.5],
							"rotation": [0, 0, 45],
							"uv": {
								"north": {"uv": [58, 17], "uv_size": [1, 1]},
								"east": {"uv": [49, 38], "uv_size": [5, 1]},
								"south": {"uv": [58, 18], "uv_size": [1, 1]},
								"west": {"uv": [49, 39], "uv_size": [5, 1]},
								"up": {"uv": [19, 50], "uv_size": [1, 5]},
								"down": {"uv": [20, 55], "uv_size": [1, -5]}
							}
						},
						{
							"origin": [-0.55, 22.15, -2.5],
							"size": [1.1, 0.75, 5],
							"uv": {
								"north": {"uv": [16, 58], "uv_size": [1, 1]},
								"east": {"uv": [49, 36], "uv_size": [5, 1]},
								"south": {"uv": [58, 16], "uv_size": [1, 1]},
								"west": {"uv": [49, 37], "uv_size": [5, 1]},
								"up": {"uv": [46, 49], "uv_size": [1, 5]},
								"down": {"uv": [47, 54], "uv_size": [1, -5]}
							}
						},
						{
							"origin": [-0.55, 22.15, -8.25],
							"size": [1.1, 0.75, 2.25],
							"uv": {
								"north": {"uv": [54, 58], "uv_size": [1, 1]},
								"east": {"uv": [54, 3], "uv_size": [2.5, 1]},
								"south": {"uv": [58, 54], "uv_size": [1, 1]},
								"west": {"uv": [54, 4], "uv_size": [2.5, 1]},
								"up": {"uv": [11, 54], "uv_size": [1, 2.5]},
								"down": {"uv": [54, 13.5], "uv_size": [1, -2.5]}
							}
						},
						{
							"origin": [-1.15546, 21.89921, -2.5],
							"size": [1.06, 0.75, 5],
							"pivot": [-0.64546, 22.27421, 2.5],
							"rotation": [0, 0, 135],
							"uv": {
								"north": {"uv": [58, 14], "uv_size": [1, 1]},
								"east": {"uv": [46, 18], "uv_size": [5, 1]},
								"south": {"uv": [15, 58], "uv_size": [1, 1]},
								"west": {"uv": [49, 15], "uv_size": [5, 1]},
								"up": {"uv": [31, 48], "uv_size": [1, 5]},
								"down": {"uv": [45, 54], "uv_size": [1, -5]}
							}
						},
						{
							"origin": [-1.15546, 21.89921, -6],
							"size": [1.06, 0.25, 3.5],
							"pivot": [-0.64546, 22.27421, -2.5],
							"rotation": [0, 0, 135],
							"uv": {
								"north": {"uv": [61, 7], "uv_size": [1, 0.5]},
								"east": {"uv": [56, 9], "uv_size": [3.5, 0.5]},
								"south": {"uv": [8, 61], "uv_size": [1, 0.5]},
								"west": {"uv": [56, 10], "uv_size": [3.5, 0.5]},
								"up": {"uv": [15, 53], "uv_size": [1, 3.5]},
								"down": {"uv": [16, 56.5], "uv_size": [1, -3.5]}
							}
						},
						{
							"origin": [0.13546, 22.39921, -6],
							"size": [1.06, 0.25, 3.5],
							"pivot": [0.64546, 22.27421, -2.5],
							"rotation": [0, 0, 45],
							"uv": {
								"north": {"uv": [61, 6], "uv_size": [1, 0.5]},
								"east": {"uv": [55, 49], "uv_size": [3.5, 0.5]},
								"south": {"uv": [7, 61], "uv_size": [1, 0.5]},
								"west": {"uv": [56, 8], "uv_size": [3.5, 0.5]},
								"up": {"uv": [28, 52], "uv_size": [1, 3.5]},
								"down": {"uv": [53, 14.5], "uv_size": [1, -3.5]}
							}
						},
						{
							"origin": [0.13546, 21.89921, -8.25],
							"size": [1.06, 0.75, 2.25],
							"pivot": [0.64546, 22.27421, 2.5],
							"rotation": [0, 0, 45],
							"uv": {
								"north": {"uv": [56, 58], "uv_size": [1, 1]},
								"east": {"uv": [54, 25], "uv_size": [2.5, 1]},
								"south": {"uv": [58, 56], "uv_size": [1, 1]},
								"west": {"uv": [54, 36], "uv_size": [2.5, 1]},
								"up": {"uv": [26, 54], "uv_size": [1, 2.5]},
								"down": {"uv": [27, 56.5], "uv_size": [1, -2.5]}
							}
						},
						{
							"origin": [-1.15546, 21.89921, -8.25],
							"size": [1.06, 0.75, 2.25],
							"pivot": [-0.64546, 22.27421, 2.5],
							"rotation": [0, 0, 135],
							"uv": {
								"north": {"uv": [55, 58], "uv_size": [1, 1]},
								"east": {"uv": [54, 14], "uv_size": [2.5, 1]},
								"south": {"uv": [58, 55], "uv_size": [1, 1]},
								"west": {"uv": [54, 15], "uv_size": [2.5, 1]},
								"up": {"uv": [12, 54], "uv_size": [1, 2.5]},
								"down": {"uv": [25, 56.5], "uv_size": [1, -2.5]}
							}
						},
						{
							"origin": [-0.75, 18.75, -8.25],
							"size": [1.5, 0.75, 4.25],
							"uv": {
								"north": {"uv": [56, 18], "uv_size": [1.5, 1]},
								"east": {"uv": [50, 40], "uv_size": [4.5, 1]},
								"south": {"uv": [56, 19], "uv_size": [1.5, 1]},
								"west": {"uv": [50, 41], "uv_size": [4.5, 1]},
								"up": {"uv": [15, 48], "uv_size": [1.5, 4.5]},
								"down": {"uv": [17, 52.5], "uv_size": [1.5, -4.5]}
							}
						},
						{
							"origin": [0.58839, 19.06694, -8.25],
							"size": [0.5, 0.75, 4.25],
							"pivot": [0.83839, 19.44194, -6.125],
							"rotation": [0, 0, 45],
							"uv": {
								"north": {"uv": [61, 8], "uv_size": [0.5, 1]},
								"east": {"uv": [51, 8], "uv_size": [4.5, 1]},
								"south": {"uv": [9, 61], "uv_size": [0.5, 1]},
								"west": {"uv": [51, 9], "uv_size": [4.5, 1]},
								"up": {"uv": [19, 55], "uv_size": [0.5, 4.5]},
								"down": {"uv": [20, 59.5], "uv_size": [0.5, -4.5]}
							}
						},
						{
							"origin": [-1.08839, 19.06694, -8.25],
							"size": [0.5, 0.75, 4.25],
							"pivot": [-0.83839, 19.44194, -6.125],
							"rotation": [0, 0, -45],
							"uv": {
								"north": {"uv": [61, 9], "uv_size": [0.5, 1]},
								"east": {"uv": [51, 10], "uv_size": [4.5, 1]},
								"south": {"uv": [10, 61], "uv_size": [0.5, 1]},
								"west": {"uv": [51, 18], "uv_size": [4.5, 1]},
								"up": {"uv": [55, 26], "uv_size": [0.5, 4.5]},
								"down": {"uv": [55, 35.5], "uv_size": [0.5, -4.5]}
							}
						},
						{
							"origin": [-0.75, 18.579, -8.12701],
							"size": [1.5, 0.55, 1.1],
							"pivot": [0, 18.854, -7.57701],
							"rotation": [30, 0, 0],
							"uv": {
								"north": {"uv": [58, 58], "uv_size": [1.5, 0.5]},
								"east": {"uv": [59, 35], "uv_size": [1, 0.5]},
								"south": {"uv": [0, 59], "uv_size": [1.5, 0.5]},
								"west": {"uv": [59, 36], "uv_size": [1, 0.5]},
								"up": {"uv": [56, 20], "uv_size": [1.5, 1]},
								"down": {"uv": [56, 22], "uv_size": [1.5, -1]}
							}
						},
						{
							"origin": [-0.75, 18.56094, -9.09442],
							"size": [1.5, 0.3, 1.15],
							"pivot": [0, 18.71094, -8.69442],
							"rotation": [30, 0, 0],
							"uv": {
								"north": {"uv": [59, 16], "uv_size": [1.5, 0.5]},
								"east": {"uv": [50, 59], "uv_size": [1, 0.5]},
								"south": {"uv": [59, 17], "uv_size": [1.5, 0.5]},
								"west": {"uv": [59, 50], "uv_size": [1, 0.5]},
								"up": {"uv": [56, 53], "uv_size": [1.5, 1]},
								"down": {"uv": [56, 55], "uv_size": [1.5, -1]}
							}
						},
						{
							"origin": [-0.75, 18.8, -8.59019],
							"size": [1.5, 0.55, 0.65],
							"pivot": [0, 19.2, -8.19019],
							"rotation": [65, 0, 0],
							"uv": {
								"north": {"uv": [59, 32], "uv_size": [1.5, 0.5]},
								"east": {"uv": [61, 29], "uv_size": [0.5, 0.5]},
								"south": {"uv": [33, 59], "uv_size": [1.5, 0.5]},
								"west": {"uv": [30, 61], "uv_size": [0.5, 0.5]},
								"up": {"uv": [59, 33], "uv_size": [1.5, 0.5]},
								"down": {"uv": [59, 34.5], "uv_size": [1.5, -0.5]}
							}
						},
						{
							"origin": [-0.75, 16.0146, -6.41442],
							"size": [1.5, 0.3, 1.1],
							"pivot": [0, 16.1396, -4.41442],
							"rotation": [30, 0, 0],
							"uv": {
								"north": {"uv": [8, 59], "uv_size": [1.5, 0.5]},
								"east": {"uv": [45, 59], "uv_size": [1, 0.5]},
								"south": {"uv": [10, 59], "uv_size": [1.5, 0.5]},
								"west": {"uv": [59, 45], "uv_size": [1, 0.5]},
								"up": {"uv": [56, 31], "uv_size": [1.5, 1]},
								"down": {"uv": [56, 33], "uv_size": [1.5, -1]}
							}
						},
						{
							"origin": [-0.75, 17.98953, -9.77432],
							"size": [1.5, 0.3, 1.15],
							"pivot": [0, 18.03953, -9.17432],
							"rotation": [60, 0, 0],
							"uv": {
								"north": {"uv": [59, 1], "uv_size": [1.5, 0.5]},
								"east": {"uv": [59, 37], "uv_size": [1, 0.5]},
								"south": {"uv": [2, 59], "uv_size": [1.5, 0.5]},
								"west": {"uv": [59, 38], "uv_size": [1, 0.5]},
								"up": {"uv": [56, 22], "uv_size": [1.5, 1]},
								"down": {"uv": [56, 27], "uv_size": [1.5, -1]}
							}
						},
						{
							"origin": [-0.75, 18.34084, -9.11583],
							"size": [1.5, 0.3, 1.2],
							"uv": {
								"north": {"uv": [59, 28], "uv_size": [1.5, 0.5]},
								"east": {"uv": [61, 12], "uv_size": [1, 0.5]},
								"south": {"uv": [29, 59], "uv_size": [1.5, 0.5]},
								"west": {"uv": [13, 61], "uv_size": [1, 0.5]},
								"up": {"uv": [57, 25], "uv_size": [1.5, 1]},
								"down": {"uv": [26, 58], "uv_size": [1.5, -1]}
							}
						},
						{
							"origin": [-0.75, 18.62859, -8.5201],
							"size": [1.5, 0.3, 0.6],
							"uv": {
								"north": {"uv": [59, 29], "uv_size": [1.5, 0.5]},
								"east": {"uv": [61, 28], "uv_size": [0.5, 0.5]},
								"south": {"uv": [59, 30], "uv_size": [1.5, 0.5]},
								"west": {"uv": [29, 61], "uv_size": [0.5, 0.5]},
								"up": {"uv": [31, 59], "uv_size": [1.5, 0.5]},
								"down": {"uv": [59, 31.5], "uv_size": [1.5, -0.5]}
							}
						},
						{
							"origin": [-0.75, 15.88936, -5.59785],
							"size": [1.5, 0.3, 1.1],
							"pivot": [0, 16.13936, -5.09785],
							"rotation": [60, 0, 0],
							"uv": {
								"north": {"uv": [59, 11], "uv_size": [1.5, 0.5]},
								"east": {"uv": [46, 59], "uv_size": [1, 0.5]},
								"south": {"uv": [12, 59], "uv_size": [1.5, 0.5]},
								"west": {"uv": [59, 46], "uv_size": [1, 0.5]},
								"up": {"uv": [56, 33], "uv_size": [1.5, 1]},
								"down": {"uv": [56, 35], "uv_size": [1.5, -1]}
							}
						},
						{
							"origin": [-0.75, 16.1869, -9.87432],
							"size": [1.5, 0.3, 1.15],
							"pivot": [0, 16.2369, -9.22432],
							"rotation": [120, 0, 0],
							"uv": {
								"north": {"uv": [4, 59], "uv_size": [1.5, 0.5]},
								"east": {"uv": [42, 59], "uv_size": [1, 0.5]},
								"south": {"uv": [59, 4], "uv_size": [1.5, 0.5]},
								"west": {"uv": [43, 59], "uv_size": [1, 0.5]},
								"up": {"uv": [56, 28], "uv_size": [1.5, 1]},
								"down": {"uv": [56, 30], "uv_size": [1.5, -1]}
							}
						},
						{
							"origin": [-0.75, 17.69199, -5.54785],
							"size": [1.5, 0.3, 1.1],
							"pivot": [0, 17.94199, -5.04785],
							"rotation": [120, 0, 0],
							"uv": {
								"north": {"uv": [14, 59], "uv_size": [1.5, 0.5]},
								"east": {"uv": [48, 59], "uv_size": [1, 0.5]},
								"south": {"uv": [59, 14], "uv_size": [1.5, 0.5]},
								"west": {"uv": [59, 48], "uv_size": [1, 0.5]},
								"up": {"uv": [45, 56], "uv_size": [1.5, 1]},
								"down": {"uv": [47, 57], "uv_size": [1.5, -1]}
							}
						},
						{
							"origin": [-0.75, 15.16859, -8.22641],
							"size": [1.5, 0.3, 2],
							"pivot": [0, 15.31859, -7.67641],
							"rotation": [165, 0, 0],
							"uv": {
								"north": {"uv": [59, 5], "uv_size": [1.5, 0.5]},
								"east": {"uv": [1, 58], "uv_size": [2, 0.5]},
								"south": {"uv": [6, 59], "uv_size": [1.5, 0.5]},
								"west": {"uv": [3, 58], "uv_size": [2, 0.5]},
								"up": {"uv": [53, 16], "uv_size": [1.5, 2]},
								"down": {"uv": [53, 28], "uv_size": [1.5, -2]}
							}
						},
						{
							"origin": [-0.75, 17.99019, -6.26436],
							"size": [1.5, 0.4, 1.1],
							"pivot": [0, 18.49019, -5.76436],
							"rotation": [150, 0, 0],
							"uv": {
								"north": {"uv": [59, 15], "uv_size": [1.5, 0.5]},
								"east": {"uv": [49, 59], "uv_size": [1, 0.5]},
								"south": {"uv": [16, 59], "uv_size": [1.5, 0.5]},
								"west": {"uv": [59, 49], "uv_size": [1, 0.5]},
								"up": {"uv": [56, 47], "uv_size": [1.5, 1]},
								"down": {"uv": [56, 51], "uv_size": [1.5, -1]}
							}
						},
						{
							"origin": [-0.75, 15.23135, -7.28397],
							"size": [1.5, 0.3, 1.1],
							"pivot": [0, 15.28135, -6.68397],
							"rotation": [180, 0, 0],
							"uv": {
								"north": {"uv": [59, 6], "uv_size": [1.5, 0.5]},
								"east": {"uv": [44, 59], "uv_size": [1, 0.5]},
								"south": {"uv": [59, 7], "uv_size": [1.5, 0.5]},
								"west": {"uv": [59, 44], "uv_size": [1, 0.5]},
								"up": {"uv": [30, 56], "uv_size": [1.5, 1]},
								"down": {"uv": [56, 31], "uv_size": [1.5, -1]}
							}
						},
						{
							"origin": [-0.75, 17.09491, -10.04083],
							"size": [1.5, 0.3, 1.1],
							"pivot": [0, 17.14491, -9.44083],
							"rotation": [90, 0, 0],
							"uv": {
								"north": {"uv": [59, 2], "uv_size": [1.5, 0.5]},
								"east": {"uv": [40, 59], "uv_size": [1, 0.5]},
								"south": {"uv": [59, 3], "uv_size": [1.5, 0.5]},
								"west": {"uv": [41, 59], "uv_size": [1, 0.5]},
								"up": {"uv": [56, 27], "uv_size": [1.5, 1]},
								"down": {"uv": [28, 57], "uv_size": [1.5, -1]}
							}
						},
						{
							"origin": [-0.75, 16.78397, -5.33135],
							"size": [1.5, 0.3, 1.1],
							"pivot": [0, 17.03397, -4.83135],
							"rotation": [90, 0, 0],
							"uv": {
								"north": {"uv": [59, 12], "uv_size": [1.5, 0.5]},
								"east": {"uv": [47, 59], "uv_size": [1, 0.5]},
								"south": {"uv": [59, 13], "uv_size": [1.5, 0.5]},
								"west": {"uv": [59, 47], "uv_size": [1, 0.5]},
								"up": {"uv": [56, 35], "uv_size": [1.5, 1]},
								"down": {"uv": [56, 45], "uv_size": [1.5, -1]}
							}
						},
						{
							"origin": [-0.5, 17.74199, -6.23446],
							"size": [1, 0.55, 1],
							"pivot": [0, 17.99199, -5.73446],
							"rotation": [120, 0, 0],
							"uv": {
								"north": {"uv": [56, 59], "uv_size": [1, 0.5]},
								"east": {"uv": [59, 56], "uv_size": [1, 0.5]},
								"south": {"uv": [57, 59], "uv_size": [1, 0.5]},
								"west": {"uv": [59, 57], "uv_size": [1, 0.5]},
								"up": {"uv": [8, 58], "uv_size": [1, 1]},
								"down": {"uv": [9, 59], "uv_size": [1, -1]}
							}
						},
						{
							"origin": [-0.5, 18.5201, -6.77596],
							"size": [1, 0.55, 1.5],
							"pivot": [0, 18.6701, -6.27596],
							"rotation": [150, 0, 0],
							"uv": {
								"north": {"uv": [55, 59], "uv_size": [1, 0.5]},
								"east": {"uv": [59, 18], "uv_size": [1.5, 0.5]},
								"south": {"uv": [59, 55], "uv_size": [1, 0.5]},
								"west": {"uv": [59, 19], "uv_size": [1.5, 0.5]},
								"up": {"uv": [56, 55], "uv_size": [1, 1.5]},
								"down": {"uv": [0, 58.5], "uv_size": [1, -1.5]}
							}
						},
						{
							"origin": [-0.5, 16.93397, -6.01795],
							"size": [1, 0.55, 1],
							"pivot": [0, 17.18397, -5.51795],
							"rotation": [90, 0, 0],
							"uv": {
								"north": {"uv": [53, 59], "uv_size": [1, 0.5]},
								"east": {"uv": [59, 53], "uv_size": [1, 0.5]},
								"south": {"uv": [54, 59], "uv_size": [1, 0.5]},
								"west": {"uv": [59, 54], "uv_size": [1, 0.5]},
								"up": {"uv": [7, 58], "uv_size": [1, 1]},
								"down": {"uv": [58, 8], "uv_size": [1, -1]}
							}
						},
						{
							"origin": [-0.5, 16.12596, -6.23446],
							"size": [1, 0.55, 1],
							"pivot": [0, 16.37596, -5.73446],
							"rotation": [60, 0, 0],
							"uv": {
								"north": {"uv": [51, 59], "uv_size": [1, 0.5]},
								"east": {"uv": [59, 51], "uv_size": [1, 0.5]},
								"south": {"uv": [52, 59], "uv_size": [1, 0.5]},
								"west": {"uv": [59, 52], "uv_size": [1, 0.5]},
								"up": {"uv": [5, 58], "uv_size": [1, 1]},
								"down": {"uv": [58, 7], "uv_size": [1, -1]}
							}
						},
						{
							"origin": [-1.3, 18.75, 0.5],
							"size": [0.55, 3.5, 9],
							"pivot": [0, 20.625, -3],
							"rotation": [-70, 0, 0],
							"uv": {
								"north": {"uv": [50, 55], "uv_size": [0.5, 3.5]},
								"east": {"uv": [32, 40], "uv_size": [9, 3.5]},
								"south": {"uv": [51, 55], "uv_size": [0.5, 3.5]},
								"west": {"uv": [41, 40], "uv_size": [9, 3.5]},
								"up": {"uv": [21, 50], "uv_size": [0.5, 9]},
								"down": {"uv": [22, 59], "uv_size": [0.5, -9]}
							}
						},
						{
							"origin": [0.75, 18.75, 0.5],
							"size": [0.55, 3.5, 9],
							"pivot": [0, 20.625, -3],
							"rotation": [-70, 0, 0],
							"uv": {
								"north": {"uv": [52, 55], "uv_size": [0.5, 3.5]},
								"east": {"uv": [43, 0], "uv_size": [9, 3.5]},
								"south": {"uv": [55, 54], "uv_size": [0.5, 3.5]},
								"west": {"uv": [43, 4], "uv_size": [9, 3.5]},
								"up": {"uv": [23, 50], "uv_size": [0.5, 9]},
								"down": {"uv": [24, 59], "uv_size": [0.5, -9]}
							}
						},
						{
							"origin": [-1.3, 18, -3],
							"size": [2.6, 4.25, 3.5],
							"pivot": [0, 20.625, -3],
							"rotation": [-70, 0, 0],
							"uv": {
								"north": {"uv": [45, 45], "uv_size": [2.5, 4]},
								"east": {"uv": [45, 32], "uv_size": [3.5, 4]},
								"south": {"uv": [46, 8], "uv_size": [2.5, 4]},
								"west": {"uv": [45, 36], "uv_size": [3.5, 4]},
								"up": {"uv": [3, 48], "uv_size": [2.5, 3.5]},
								"down": {"uv": [6, 51.5], "uv_size": [2.5, -3.5]}
							}
						},
						{
							"origin": [-1.25, 15.77427, -4.16368],
							"size": [2.5, 0.65, 1.5],
							"pivot": [0, 16.27427, -3.16368],
							"rotation": [-35, 0, 0],
							"uv": {
								"north": {"uv": [28, 57], "uv_size": [2.5, 0.5]},
								"east": {"uv": [59, 20], "uv_size": [1.5, 0.5]},
								"south": {"uv": [31, 57], "uv_size": [2.5, 0.5]},
								"west": {"uv": [21, 59], "uv_size": [1.5, 0.5]},
								"up": {"uv": [52, 5], "uv_size": [2.5, 1.5]},
								"down": {"uv": [7, 53.5], "uv_size": [2.5, -1.5]}
							}
						},
						{
							"origin": [-1, 16.43598, -0.44524],
							"size": [2, 2.75, 2.1],
							"pivot": [0, 18.43598, 0.17976],
							"rotation": [-130, 0, 0],
							"uv": {
								"north": {"uv": [29, 48], "uv_size": [2, 3]},
								"east": {"uv": [48, 45], "uv_size": [2, 3]},
								"south": {"uv": [48, 48], "uv_size": [2, 3]},
								"west": {"uv": [49, 8], "uv_size": [2, 3]},
								"up": {"uv": [3, 52], "uv_size": [2, 2]},
								"down": {"uv": [5, 54], "uv_size": [2, -2]}
							}
						},
						{
							"origin": [-0.75, 18.5, -2.75],
							"size": [1.5, 3.75, 12.25],
							"pivot": [0, 20.625, -3],
							"rotation": [-70, 0, 0],
							"uv": {
								"north": {"uv": [25, 48], "uv_size": [1.5, 4]},
								"east": {"uv": [32, 32], "uv_size": [12.5, 4]},
								"south": {"uv": [27, 48], "uv_size": [1.5, 4]},
								"west": {"uv": [32, 36], "uv_size": [12.5, 4]},
								"up": {"uv": [35, 44], "uv_size": [1.5, 12.5]},
								"down": {"uv": [37, 56.5], "uv_size": [1.5, -12.5]}
							}
						},
						{
							"origin": [-0.75, 17.65, -2.25],
							"size": [1.5, 0.9, 1.75],
							"pivot": [0, 20.425, -3],
							"rotation": [-70, 0, 0],
							"uv": {
								"north": {"uv": [56, 52], "uv_size": [1.5, 1]},
								"east": {"uv": [54, 52], "uv_size": [2, 1]},
								"south": {"uv": [53, 56], "uv_size": [1.5, 1]},
								"west": {"uv": [55, 7], "uv_size": [2, 1]},
								"up": {"uv": [53, 28], "uv_size": [1.5, 2]},
								"down": {"uv": [53, 32], "uv_size": [1.5, -2]}
							}
						},
						{
							"origin": [-0.75, 15.91302, -4.90844],
							"size": [1.5, 1.25, 1.9],
							"pivot": [0, 16.03802, -3.88344],
							"rotation": [-15, 0, 0],
							"uv": {
								"north": {"uv": [29, 54], "uv_size": [1.5, 1.5]},
								"east": {"uv": [53, 32], "uv_size": [2, 1.5]},
								"south": {"uv": [53, 54], "uv_size": [1.5, 1.5]},
								"west": {"uv": [53, 34], "uv_size": [2, 1.5]},
								"up": {"uv": [53, 42], "uv_size": [1.5, 2]},
								"down": {"uv": [53, 47], "uv_size": [1.5, -2]}
							}
						},
						{
							"origin": [-0.55, 21.35, -20],
							"size": [1.1, 1.1, 14.25],
							"pivot": [0, 21.9, -12],
							"rotation": [0, 0, 45],
							"uv": {
								"north": {"uv": [57, 56], "uv_size": [1, 1]},
								"east": {"uv": [43, 23], "uv_size": [14.5, 1]},
								"south": {"uv": [57, 57], "uv_size": [1, 1]},
								"west": {"uv": [43, 24], "uv_size": [14.5, 1]},
								"up": {"uv": [43, 44], "uv_size": [1, 14.5]},
								"down": {"uv": [44, 58.5], "uv_size": [1, -14.5]}
							}
						},
						{
							"origin": [-0.65, 21.25, -8.75],
							"size": [1.3, 1.3, 0.5],
							"pivot": [0, 21.9, -8.5],
							"rotation": [0, 0, 45],
							"uv": {
								"north": {"uv": [55, 5], "uv_size": [1.5, 1.5]},
								"east": {"uv": [18, 59], "uv_size": [0.5, 1.5]},
								"south": {"uv": [55, 11], "uv_size": [1.5, 1.5]},
								"west": {"uv": [59, 21], "uv_size": [0.5, 1.5]},
								"up": {"uv": [23, 59], "uv_size": [1.5, 0.5]},
								"down": {"uv": [59, 23.5], "uv_size": [1.5, -0.5]}
							}
						}
					]
				},
				{
					"name": "slide",
					"parent": "gun",
					"pivot": [0.00042, 21.91338, 4.617],
					"cubes": [
						{
							"origin": [-0.55, 21.15, -6],
							"size": [1.1, 1.6, 3.5],
							"uv": {
								"north": {"uv": [57, 16], "uv_size": [1, 1.5]},
								"east": {"uv": [49, 32], "uv_size": [3.5, 1.5]},
								"south": {"uv": [17, 57], "uv_size": [1, 1.5]},
								"west": {"uv": [49, 34], "uv_size": [3.5, 1.5]},
								"up": {"uv": [17, 53], "uv_size": [1, 3.5]},
								"down": {"uv": [18, 56.5], "uv_size": [1, -3.5]}
							}
						},
						{
							"origin": [-0.5, 20.65, 5.55],
							"size": [1, 2.5, 0.35],
							"pivot": [0, 21.9, 4.525],
							"rotation": [0, 0, -90],
							"uv": {
								"north": {"uv": [31, 53], "uv_size": [1, 2.5]},
								"east": {"uv": [35, 57], "uv_size": [0.5, 2.5]},
								"south": {"uv": [6, 54], "uv_size": [1, 2.5]},
								"west": {"uv": [36, 57], "uv_size": [0.5, 2.5]},
								"up": {"uv": [14, 60], "uv_size": [1, 0.5]},
								"down": {"uv": [15, 60.5], "uv_size": [1, -0.5]}
							}
						},
						{
							"origin": [-0.75, 21.15, 4.45],
							"size": [1.5, 1.5, 1.2],
							"pivot": [0, 21.9, 5.475],
							"rotation": [0, 0, -135],
							"uv": {
								"north": {"uv": [13, 55], "uv_size": [1.5, 1.5]},
								"east": {"uv": [57, 13], "uv_size": [1, 1.5]},
								"south": {"uv": [55, 16], "uv_size": [1.5, 1.5]},
								"west": {"uv": [14, 57], "uv_size": [1, 1.5]},
								"up": {"uv": [15, 57], "uv_size": [1.5, 1]},
								"down": {"uv": [57, 16], "uv_size": [1.5, -1]}
							}
						},
						{
							"origin": [-0.25, 21.65, 5.9],
							"size": [0.5, 0.5, 0.45],
							"pivot": [0, 21.9, 6.925],
							"rotation": [0, 0, -135],
							"uv": {
								"north": {"uv": [61, 19], "uv_size": [0.5, 0.5]},
								"east": {"uv": [20, 61], "uv_size": [0.5, 0.5]},
								"south": {"uv": [61, 20], "uv_size": [0.5, 0.5]},
								"west": {"uv": [21, 61], "uv_size": [0.5, 0.5]},
								"up": {"uv": [61, 21], "uv_size": [0.5, 0.5]},
								"down": {"uv": [22, 61.5], "uv_size": [0.5, -0.5]}
							}
						},
						{
							"origin": [-0.5, 21.4, -2.6],
							"size": [1, 1, 6.95],
							"pivot": [0, 21.9, 4.925],
							"rotation": [0, 0, -135],
							"uv": {
								"north": {"uv": [53, 58], "uv_size": [1, 1]},
								"east": {"uv": [46, 16], "uv_size": [7, 1]},
								"south": {"uv": [58, 53], "uv_size": [1, 1]},
								"west": {"uv": [46, 17], "uv_size": [7, 1]},
								"up": {"uv": [13, 48], "uv_size": [1, 7]},
								"down": {"uv": [14, 55], "uv_size": [1, -7]}
							}
						},
						{
							"origin": [0.5, 21.4, 5.55],
							"size": [0.75, 1, 0.35],
							"pivot": [0, 21.9, 4.525],
							"rotation": [0, 0, -90],
							"uv": {
								"north": {"uv": [26, 58], "uv_size": [1, 1]},
								"east": {"uv": [16, 60], "uv_size": [0.5, 1]},
								"south": {"uv": [58, 26], "uv_size": [1, 1]},
								"west": {"uv": [17, 60], "uv_size": [0.5, 1]},
								"up": {"uv": [19, 60], "uv_size": [1, 0.5]},
								"down": {"uv": [20, 60.5], "uv_size": [1, -0.5]}
							}
						},
						{
							"origin": [0.22046, 21.97421, 5.55],
							"size": [0.75, 1.06, 0.35],
							"pivot": [0.59546, 22.52421, 4.9],
							"rotation": [0, 0, -45],
							"uv": {
								"north": {"uv": [28, 58], "uv_size": [1, 1]},
								"east": {"uv": [23, 60], "uv_size": [0.5, 1]},
								"south": {"uv": [58, 28], "uv_size": [1, 1]},
								"west": {"uv": [24, 60], "uv_size": [0.5, 1]},
								"up": {"uv": [25, 60], "uv_size": [1, 0.5]},
								"down": {"uv": [26, 60.5], "uv_size": [1, -0.5]}
							}
						},
						{
							"origin": [-0.99874, 21.94593, 5.55],
							"size": [0.75, 1.05, 0.35],
							"pivot": [-0.62374, 22.49593, 4.9],
							"rotation": [0, 0, -135],
							"uv": {
								"north": {"uv": [29, 58], "uv_size": [1, 1]},
								"east": {"uv": [27, 60], "uv_size": [0.5, 1]},
								"south": {"uv": [58, 29], "uv_size": [1, 1]},
								"west": {"uv": [28, 60], "uv_size": [0.5, 1]},
								"up": {"uv": [29, 60], "uv_size": [1, 0.5]},
								"down": {"uv": [30, 60.5], "uv_size": [1, -0.5]}
							}
						},
						{
							"origin": [0.25628, 20.76161, 5.55],
							"size": [0.75, 1.05, 0.35],
							"pivot": [0.63128, 21.31161, 4.9],
							"rotation": [0, 0, 45],
							"uv": {
								"north": {"uv": [31, 58], "uv_size": [1, 1]},
								"east": {"uv": [35, 60], "uv_size": [0.5, 1]},
								"south": {"uv": [58, 31], "uv_size": [1, 1]},
								"west": {"uv": [60, 35], "uv_size": [0.5, 1]},
								"up": {"uv": [36, 60], "uv_size": [1, 0.5]},
								"down": {"uv": [60, 36.5], "uv_size": [1, -0.5]}
							}
						},
						{
							"origin": [-0.97093, 20.72626, 5.55],
							"size": [0.75, 1.05, 0.35],
							"pivot": [-0.59593, 21.27626, 4.9],
							"rotation": [0, 0, 135],
							"uv": {
								"north": {"uv": [30, 58], "uv_size": [1, 1]},
								"east": {"uv": [31, 60], "uv_size": [0.5, 1]},
								"south": {"uv": [58, 30], "uv_size": [1, 1]},
								"west": {"uv": [32, 60], "uv_size": [0.5, 1]},
								"up": {"uv": [33, 60], "uv_size": [1, 0.5]},
								"down": {"uv": [34, 60.5], "uv_size": [1, -0.5]}
							}
						},
						{
							"origin": [-1.25, 21.4, 5.55],
							"size": [0.75, 1, 0.35],
							"pivot": [0, 21.9, 4.525],
							"rotation": [0, 0, -90],
							"uv": {
								"north": {"uv": [27, 58], "uv_size": [1, 1]},
								"east": {"uv": [21, 60], "uv_size": [0.5, 1]},
								"south": {"uv": [58, 27], "uv_size": [1, 1]},
								"west": {"uv": [60, 21], "uv_size": [0.5, 1]},
								"up": {"uv": [22, 60], "uv_size": [1, 0.5]},
								"down": {"uv": [60, 22.5], "uv_size": [1, -0.5]}
							}
						},
						{
							"origin": [0.22046, 21.97421, 4.95],
							"size": [0.75, 1.06, 0.35],
							"pivot": [0.59546, 22.52421, 4.3],
							"rotation": [0, 0, -45],
							"uv": {
								"north": {"uv": [41, 58], "uv_size": [1, 1]},
								"east": {"uv": [48, 60], "uv_size": [0.5, 1]},
								"south": {"uv": [42, 58], "uv_size": [1, 1]},
								"west": {"uv": [60, 48], "uv_size": [0.5, 1]},
								"up": {"uv": [49, 60], "uv_size": [1, 0.5]},
								"down": {"uv": [60, 49.5], "uv_size": [1, -0.5]}
							}
						},
						{
							"origin": [0.5, 21.4, 4.95],
							"size": [0.75, 1, 0.35],
							"pivot": [0, 21.9, 3.925],
							"rotation": [0, 0, -90],
							"uv": {
								"north": {"uv": [58, 38], "uv_size": [1, 1]},
								"east": {"uv": [46, 60], "uv_size": [0.5, 1]},
								"south": {"uv": [40, 58], "uv_size": [1, 1]},
								"west": {"uv": [60, 46], "uv_size": [0.5, 1]},
								"up": {"uv": [47, 60], "uv_size": [1, 0.5]},
								"down": {"uv": [60, 47.5], "uv_size": [1, -0.5]}
							}
						},
						{
							"origin": [-0.5, 20.65, 4.95],
							"size": [1, 2.5, 0.35],
							"pivot": [0, 21.9, 3.925],
							"rotation": [0, 0, -90],
							"uv": {
								"north": {"uv": [7, 54], "uv_size": [1, 2.5]},
								"east": {"uv": [57, 36], "uv_size": [0.5, 2.5]},
								"south": {"uv": [8, 54], "uv_size": [1, 2.5]},
								"west": {"uv": [37, 57], "uv_size": [0.5, 2.5]},
								"up": {"uv": [45, 60], "uv_size": [1, 0.5]},
								"down": {"uv": [60, 45.5], "uv_size": [1, -0.5]}
							}
						},
						{
							"origin": [0.25628, 20.76161, 4.95],
							"size": [0.75, 1.05, 0.35],
							"pivot": [0.63128, 21.31161, 4.3],
							"rotation": [0, 0, 45],
							"uv": {
								"north": {"uv": [58, 36], "uv_size": [1, 1]},
								"east": {"uv": [43, 60], "uv_size": [0.5, 1]},
								"south": {"uv": [58, 37], "uv_size": [1, 1]},
								"west": {"uv": [60, 43], "uv_size": [0.5, 1]},
								"up": {"uv": [44, 60], "uv_size": [1, 0.5]},
								"down": {"uv": [60, 44.5], "uv_size": [1, -0.5]}
							}
						},
						{
							"origin": [-0.99874, 21.94593, 4.95],
							"size": [0.75, 1.05, 0.35],
							"pivot": [-0.62374, 22.49593, 4.3],
							"rotation": [0, 0, -135],
							"uv": {
								"north": {"uv": [58, 34], "uv_size": [1, 1]},
								"east": {"uv": [41, 60], "uv_size": [0.5, 1]},
								"south": {"uv": [58, 35], "uv_size": [1, 1]},
								"west": {"uv": [60, 41], "uv_size": [0.5, 1]},
								"up": {"uv": [42, 60], "uv_size": [1, 0.5]},
								"down": {"uv": [60, 42.5], "uv_size": [1, -0.5]}
							}
						},
						{
							"origin": [-0.97093, 20.72626, 4.95],
							"size": [0.75, 1.05, 0.35],
							"pivot": [-0.59593, 21.27626, 4.3],
							"rotation": [0, 0, 135],
							"uv": {
								"north": {"uv": [33, 58], "uv_size": [1, 1]},
								"east": {"uv": [39, 60], "uv_size": [0.5, 1]},
								"south": {"uv": [58, 33], "uv_size": [1, 1]},
								"west": {"uv": [60, 39], "uv_size": [0.5, 1]},
								"up": {"uv": [40, 60], "uv_size": [1, 0.5]},
								"down": {"uv": [60, 40.5], "uv_size": [1, -0.5]}
							}
						},
						{
							"origin": [-1.25, 21.4, 4.95],
							"size": [0.75, 1, 0.35],
							"pivot": [0, 21.9, 3.925],
							"rotation": [0, 0, -90],
							"uv": {
								"north": {"uv": [32, 58], "uv_size": [1, 1]},
								"east": {"uv": [37, 60], "uv_size": [0.5, 1]},
								"south": {"uv": [58, 32], "uv_size": [1, 1]},
								"west": {"uv": [60, 37], "uv_size": [0.5, 1]},
								"up": {"uv": [38, 60], "uv_size": [1, 0.5]},
								"down": {"uv": [60, 38.5], "uv_size": [1, -0.5]}
							}
						},
						{
							"origin": [0.22046, 21.97421, 4.35],
							"size": [0.75, 1.06, 0.35],
							"pivot": [0.59546, 22.52421, 3.7],
							"rotation": [0, 0, -45],
							"uv": {
								"north": {"uv": [58, 51], "uv_size": [1, 1]},
								"east": {"uv": [61, 0], "uv_size": [0.5, 1]},
								"south": {"uv": [58, 52], "uv_size": [1, 1]},
								"west": {"uv": [1, 61], "uv_size": [0.5, 1]},
								"up": {"uv": [61, 1], "uv_size": [1, 0.5]},
								"down": {"uv": [2, 61.5], "uv_size": [1, -0.5]}
							}
						},
						{
							"origin": [0.5, 21.4, 4.35],
							"size": [0.75, 1, 0.35],
							"pivot": [0, 21.9, 3.325],
							"rotation": [0, 0, -90],
							"uv": {
								"north": {"uv": [58, 48], "uv_size": [1, 1]},
								"east": {"uv": [59, 60], "uv_size": [0.5, 1]},
								"south": {"uv": [58, 50], "uv_size": [1, 1]},
								"west": {"uv": [60, 59], "uv_size": [0.5, 1]},
								"up": {"uv": [60, 60], "uv_size": [1, 0.5]},
								"down": {"uv": [0, 61.5], "uv_size": [1, -0.5]}
							}
						},
						{
							"origin": [-0.5, 20.65, 4.35],
							"size": [1, 2.5, 0.35],
							"pivot": [0, 21.9, 3.325],
							"rotation": [0, 0, -90],
							"uv": {
								"north": {"uv": [9, 54], "uv_size": [1, 2.5]},
								"east": {"uv": [38, 57], "uv_size": [0.5, 2.5]},
								"south": {"uv": [10, 54], "uv_size": [1, 2.5]},
								"west": {"uv": [39, 57], "uv_size": [0.5, 2.5]},
								"up": {"uv": [58, 60], "uv_size": [1, 0.5]},
								"down": {"uv": [60, 58.5], "uv_size": [1, -0.5]}
							}
						},
						{
							"origin": [0.25628, 20.76161, 4.35],
							"size": [0.75, 1.05, 0.35],
							"pivot": [0.63128, 21.31161, 3.7],
							"rotation": [0, 0, 45],
							"uv": {
								"north": {"uv": [58, 47], "uv_size": [1, 1]},
								"east": {"uv": [56, 60], "uv_size": [0.5, 1]},
								"south": {"uv": [48, 58], "uv_size": [1, 1]},
								"west": {"uv": [60, 56], "uv_size": [0.5, 1]},
								"up": {"uv": [57, 60], "uv_size": [1, 0.5]},
								"down": {"uv": [60, 57.5], "uv_size": [1, -0.5]}
							}
						},
						{
							"origin": [-0.99874, 21.94593, 4.35],
							"size": [0.75, 1.05, 0.35],
							"pivot": [-0.62374, 22.49593, 3.7],
							"rotation": [0, 0, -135],
							"uv": {
								"north": {"uv": [58, 46], "uv_size": [1, 1]},
								"east": {"uv": [54, 60], "uv_size": [0.5, 1]},
								"south": {"uv": [47, 58], "uv_size": [1, 1]},
								"west": {"uv": [60, 54], "uv_size": [0.5, 1]},
								"up": {"uv": [55, 60], "uv_size": [1, 0.5]},
								"down": {"uv": [60, 55.5], "uv_size": [1, -0.5]}
							}
						},
						{
							"origin": [-0.97093, 20.72626, 4.35],
							"size": [0.75, 1.05, 0.35],
							"pivot": [-0.59593, 21.27626, 3.7],
							"rotation": [0, 0, 135],
							"uv": {
								"north": {"uv": [58, 45], "uv_size": [1, 1]},
								"east": {"uv": [52, 60], "uv_size": [0.5, 1]},
								"south": {"uv": [46, 58], "uv_size": [1, 1]},
								"west": {"uv": [60, 52], "uv_size": [0.5, 1]},
								"up": {"uv": [53, 60], "uv_size": [1, 0.5]},
								"down": {"uv": [60, 53.5], "uv_size": [1, -0.5]}
							}
						},
						{
							"origin": [-1.25, 21.4, 4.35],
							"size": [0.75, 1, 0.35],
							"pivot": [0, 21.9, 3.325],
							"rotation": [0, 0, -90],
							"uv": {
								"north": {"uv": [58, 44], "uv_size": [1, 1]},
								"east": {"uv": [50, 60], "uv_size": [0.5, 1]},
								"south": {"uv": [45, 58], "uv_size": [1, 1]},
								"west": {"uv": [60, 50], "uv_size": [0.5, 1]},
								"up": {"uv": [51, 60], "uv_size": [1, 0.5]},
								"down": {"uv": [60, 51.5], "uv_size": [1, -0.5]}
							}
						}
					]
				},
				{
					"name": "magazine",
					"parent": "gun",
					"pivot": [0, 14, 0],
					"cubes": [
						{
							"origin": [-1.3, 18.5, 9.5],
							"size": [2.6, 3.75, 0.5],
							"pivot": [0, 20.625, -3],
							"rotation": [-70, 0, 0],
							"uv": {
								"north": {"uv": [46, 12], "uv_size": [2.5, 4]},
								"east": {"uv": [34, 55], "uv_size": [0.5, 4]},
								"south": {"uv": [0, 48], "uv_size": [2.5, 4]},
								"west": {"uv": [49, 55], "uv_size": [0.5, 4]},
								"up": {"uv": [57, 42], "uv_size": [2.5, 0.5]},
								"down": {"uv": [57, 43.5], "uv_size": [2.5, -0.5]}
							}
						},
						{
							"origin": [-0.75, 19, -2.75],
							"size": [1.5, 3, 12.25],
							"pivot": [0, 20.625, -3],
							"rotation": [-70, 0, 0],
							"uv": {
								"north": {"uv": [29, 51], "uv_size": [1.5, 3]},
								"east": {"uv": [40, 26], "uv_size": [12.5, 3]},
								"south": {"uv": [52, 2], "uv_size": [1.5, 3]},
								"west": {"uv": [40, 29], "uv_size": [12.5, 3]},
								"up": {"uv": [39, 44], "uv_size": [1.5, 12.5]},
								"down": {"uv": [41, 56.5], "uv_size": [1.5, -12.5]}
							}
						},
						{
							"origin": [-1.3, 8.06125, 2.23297],
							"size": [2.6, 1.2, 0.55],
							"pivot": [0.05, 8.81125, 2.40797],
							"rotation": [-35, 0, 0],
							"uv": {
								"north": {"uv": [54, 37], "uv_size": [2.5, 1]},
								"east": {"uv": [61, 10], "uv_size": [0.5, 1]},
								"south": {"uv": [54, 38], "uv_size": [2.5, 1]},
								"west": {"uv": [11, 61], "uv_size": [0.5, 1]},
								"up": {"uv": [57, 39], "uv_size": [2.5, 0.5]},
								"down": {"uv": [40, 57.5], "uv_size": [2.5, -0.5]}
							}
						},
						{
							"origin": [-1.3, 7.07767, 1.07694],
							"size": [2.6, 1.75, 0.75],
							"pivot": [0.05, 8.07767, 1.45194],
							"rotation": [-70, 0, 0],
							"uv": {
								"north": {"uv": [10, 52], "uv_size": [2.5, 1.5]},
								"east": {"uv": [18, 57], "uv_size": [1, 1.5]},
								"south": {"uv": [25, 52], "uv_size": [2.5, 1.5]},
								"west": {"uv": [25, 57], "uv_size": [1, 1.5]},
								"up": {"uv": [54, 39], "uv_size": [2.5, 1]},
								"down": {"uv": [45, 55], "uv_size": [2.5, -1]}
							}
						},
						{
							"origin": [-1.5, 8.21624, 0.4288],
							"size": [3, 1.3, 1.3],
							"pivot": [0, 8.86624, 1.0788],
							"rotation": [-25, 0, 0],
							"uv": {
								"north": {"uv": [48, 51], "uv_size": [3, 1.5]},
								"east": {"uv": [32, 55], "uv_size": [1.5, 1.5]},
								"south": {"uv": [51, 51], "uv_size": [3, 1.5]},
								"west": {"uv": [55, 40], "uv_size": [1.5, 1.5]},
								"up": {"uv": [0, 52], "uv_size": [3, 1.5]},
								"down": {"uv": [52, 1.5], "uv_size": [3, -1.5]}
							}
						},
						{
							"origin": [-1.3, 7.4896, -0.16188],
							"size": [2.6, 1.2, 0.55],
							"pivot": [0.05, 7.9396, 0.01312],
							"rotation": [-105, 0, 0],
							"uv": {
								"north": {"uv": [50, 54], "uv_size": [2.5, 1]},
								"east": {"uv": [61, 11], "uv_size": [0.5, 1]},
								"south": {"uv": [54, 51], "uv_size": [2.5, 1]},
								"west": {"uv": [12, 61], "uv_size": [0.5, 1]},
								"up": {"uv": [57, 40], "uv_size": [2.5, 0.5]},
								"down": {"uv": [57, 41.5], "uv_size": [2.5, -0.5]}
							}
						}
					]
				},
				{
					"name": "bullet",
					"parent": "magazine",
					"pivot": [0, 0, 0],
					"cubes": [
						{
							"origin": [-0.25, 18.97986, -3.3642],
							"size": [0.75, 2.5, 0.75],
							"pivot": [0.125, 20.22986, -2.9892],
							"rotation": [-75.56724, 13.99545, -43.21918],
							"uv": {
								"north": {"uv": [61, 30], "uv_size": [1, 2.5]},
								"east": {"uv": [31, 61], "uv_size": [1, 2.5]},
								"south": {"uv": [32, 61], "uv_size": [1, 2.5]},
								"west": {"uv": [33, 61], "uv_size": [1, 2.5]},
								"up": {"uv": [61, 33], "uv_size": [1, 1]},
								"down": {"uv": [34, 62], "uv_size": [1, -1]}
							}
						}
					]
				}
			]
		}
	]
}