{
	"format_version": "1.12.0",
	"minecraft:geometry": [
		{
			"description": {
				"identifier": "geometry.unknown",
				"texture_width": 32,
				"texture_height": 32,
				"visible_bounds_width": 2,
				"visible_bounds_height": 3.5,
				"visible_bounds_offset": [0, 1.25, 0]
			},
			"bones": [
				{
					"name": "main",
					"pivot": [0, 0, 0]
				},
				{
					"name": "structure",
					"parent": "main",
					"pivot": [0, 0, 0],
					"cubes": [
						{
							"origin": [-0.85, 22.1, -2.35],
							"size": [1.7, 0.75, 0.95],
							"uv": {
								"north": {"uv": [0, 19], "uv_size": [1.5, 1]},
								"east": {"uv": [10, 12], "uv_size": [1, 1]},
								"south": {"uv": [2, 19], "uv_size": [1.5, 1]},
								"west": {"uv": [13, 3], "uv_size": [1, 1]},
								"up": {"uv": [19, 2], "uv_size": [1.5, 1]},
								"down": {"uv": [19, 4], "uv_size": [1.5, -1]}
							}
						},
						{
							"origin": [-0.85, 22.85, -2.35],
							"size": [0.55, 0.75, 0.95],
							"uv": {
								"north": {"uv": [0, 24], "uv_size": [0.5, 1]},
								"east": {"uv": [1, 21], "uv_size": [1, 1]},
								"south": {"uv": [24, 0], "uv_size": [0.5, 1]},
								"west": {"uv": [21, 1], "uv_size": [1, 1]},
								"up": {"uv": [1, 24], "uv_size": [0.5, 1]},
								"down": {"uv": [24, 2], "uv_size": [0.5, -1]}
							}
						},
						{
							"origin": [0.85, 22.95, -2.15],
							"size": [0.3, 0.55, 0.55],
							"uv": {
								"north": {"uv": [25, 15], "uv_size": [0.5, 0.5]},
								"east": {"uv": [16, 25], "uv_size": [0.5, 0.5]},
								"south": {"uv": [25, 16], "uv_size": [0.5, 0.5]},
								"west": {"uv": [17, 25], "uv_size": [0.5, 0.5]},
								"up": {"uv": [25, 17], "uv_size": [0.5, 0.5]},
								"down": {"uv": [18, 25.5], "uv_size": [0.5, -0.5]}
							}
						},
						{
							"origin": [1.15, 23.05, -2.05],
							"size": [0.05, 0.35, 0.35],
							"pivot": [1.3, 23.225, -1.875],
							"rotation": [12.5, 0, 0],
							"uv": {
								"north": {"uv": [25, 21], "uv_size": [0.5, 0.5]},
								"east": {"uv": [22, 25], "uv_size": [0.5, 0.5]},
								"south": {"uv": [25, 22], "uv_size": [0.5, 0.5]},
								"west": {"uv": [23, 25], "uv_size": [0.5, 0.5]},
								"up": {"uv": [25, 23], "uv_size": [0.5, 0.5]},
								"down": {"uv": [24, 25.5], "uv_size": [0.5, -0.5]}
							}
						},
						{
							"origin": [0.95217, 23.15, -1.68916],
							"size": [0.3, 0.15, 0.55],
							"pivot": [1.10217, 23.225, -1.41416],
							"rotation": [0, 25, 0],
							"uv": {
								"north": {"uv": [25, 18], "uv_size": [0.5, 0.5]},
								"east": {"uv": [19, 25], "uv_size": [0.5, 0.5]},
								"south": {"uv": [25, 19], "uv_size": [0.5, 0.5]},
								"west": {"uv": [20, 25], "uv_size": [0.5, 0.5]},
								"up": {"uv": [25, 20], "uv_size": [0.5, 0.5]},
								"down": {"uv": [21, 25.5], "uv_size": [0.5, -0.5]}
							}
						},
						{
							"origin": [-0.3, 23.45, -2.35],
							"size": [0.6, 0.15, 0.95],
							"uv": {
								"north": {"uv": [25, 11], "uv_size": [0.5, 0.5]},
								"east": {"uv": [16, 24], "uv_size": [1, 0.5]},
								"south": {"uv": [12, 25], "uv_size": [0.5, 0.5]},
								"west": {"uv": [24, 16], "uv_size": [1, 0.5]},
								"up": {"uv": [17, 24], "uv_size": [0.5, 1]},
								"down": {"uv": [24, 18], "uv_size": [0.5, -1]}
							}
						},
						{
							"origin": [0.3, 22.85, -2.35],
							"size": [0.55, 0.75, 0.95],
							"uv": {
								"north": {"uv": [14, 24], "uv_size": [0.5, 1]},
								"east": {"uv": [17, 21], "uv_size": [1, 1]},
								"south": {"uv": [24, 14], "uv_size": [0.5, 1]},
								"west": {"uv": [21, 17], "uv_size": [1, 1]},
								"up": {"uv": [15, 24], "uv_size": [0.5, 1]},
								"down": {"uv": [24, 16], "uv_size": [0.5, -1]}
							}
						},
						{
							"origin": [0.54459, 21.8106, -2.35],
							"size": [0.45, 0.8, 0.95],
							"pivot": [0.14459, 22.2606, -1.875],
							"rotation": [0, 0, -17.5],
							"uv": {
								"north": {"uv": [23, 19], "uv_size": [0.5, 1]},
								"east": {"uv": [18, 20], "uv_size": [1, 1]},
								"south": {"uv": [20, 23], "uv_size": [0.5, 1]},
								"west": {"uv": [19, 20], "uv_size": [1, 1]},
								"up": {"uv": [23, 20], "uv_size": [0.5, 1]},
								"down": {"uv": [21, 24], "uv_size": [0.5, -1]}
							}
						},
						{
							"origin": [-0.99459, 21.8106, -2.35],
							"size": [0.45, 0.8, 0.95],
							"pivot": [-0.14459, 22.2606, -1.875],
							"rotation": [0, 0, 17.5],
							"uv": {
								"north": {"uv": [23, 21], "uv_size": [0.5, 1]},
								"east": {"uv": [20, 20], "uv_size": [1, 1]},
								"south": {"uv": [22, 23], "uv_size": [0.5, 1]},
								"west": {"uv": [0, 21], "uv_size": [1, 1]},
								"up": {"uv": [23, 22], "uv_size": [0.5, 1]},
								"down": {"uv": [23, 24], "uv_size": [0.5, -1]}
							}
						},
						{
							"origin": [-0.4, 23.6, -11.15],
							"size": [0.8, 0.8, 0.8],
							"uv": {
								"north": {"uv": [6, 16], "uv_size": [1, 1]},
								"east": {"uv": [20, 1], "uv_size": [1, 1]},
								"south": {"uv": [3, 20], "uv_size": [1, 1]},
								"west": {"uv": [4, 20], "uv_size": [1, 1]},
								"up": {"uv": [5, 20], "uv_size": [1, 1]},
								"down": {"uv": [6, 21], "uv_size": [1, -1]}
							}
						},
						{
							"origin": [-0.4, 23.6, -2.35],
							"size": [0.8, 0.8, 0.95],
							"uv": {
								"north": {"uv": [7, 20], "uv_size": [1, 1]},
								"east": {"uv": [8, 20], "uv_size": [1, 1]},
								"south": {"uv": [9, 20], "uv_size": [1, 1]},
								"west": {"uv": [10, 20], "uv_size": [1, 1]},
								"up": {"uv": [20, 12], "uv_size": [1, 1]},
								"down": {"uv": [13, 21], "uv_size": [1, -1]}
							}
						},
						{
							"origin": [-0.65359, 23.33301, -2.35],
							"size": [0.45, 0.9, 0.95],
							"pivot": [-0.25359, 23.83301, -1.875],
							"rotation": [0, 0, 30],
							"uv": {
								"north": {"uv": [2, 24], "uv_size": [0.5, 1]},
								"east": {"uv": [2, 21], "uv_size": [1, 1]},
								"south": {"uv": [3, 24], "uv_size": [0.5, 1]},
								"west": {"uv": [21, 2], "uv_size": [1, 1]},
								"up": {"uv": [4, 24], "uv_size": [0.5, 1]},
								"down": {"uv": [24, 5], "uv_size": [0.5, -1]}
							}
						},
						{
							"origin": [0.20359, 23.33301, -2.35],
							"size": [0.45, 0.9, 0.95],
							"pivot": [0.25359, 23.83301, -1.875],
							"rotation": [0, 0, -30],
							"uv": {
								"north": {"uv": [5, 24], "uv_size": [0.5, 1]},
								"east": {"uv": [3, 21], "uv_size": [1, 1]},
								"south": {"uv": [24, 5], "uv_size": [0.5, 1]},
								"west": {"uv": [21, 3], "uv_size": [1, 1]},
								"up": {"uv": [6, 24], "uv_size": [0.5, 1]},
								"down": {"uv": [24, 7], "uv_size": [0.5, -1]}
							}
						},
						{
							"origin": [0.3, 22.85, -11.75],
							"size": [0.3, 0.8, 2],
							"uv": {
								"north": {"uv": [23, 4], "uv_size": [0.5, 1]},
								"east": {"uv": [14, 12], "uv_size": [2, 1]},
								"south": {"uv": [5, 23], "uv_size": [0.5, 1]},
								"west": {"uv": [17, 11], "uv_size": [2, 1]},
								"up": {"uv": [14, 20], "uv_size": [0.5, 2]},
								"down": {"uv": [15, 22], "uv_size": [0.5, -2]}
							}
						},
						{
							"origin": [-0.3, 23.45, -11.75],
							"size": [0.6, 0.2, 2],
							"uv": {
								"north": {"uv": [25, 10], "uv_size": [0.5, 0.5]},
								"east": {"uv": [8, 21], "uv_size": [2, 0.5]},
								"south": {"uv": [11, 25], "uv_size": [0.5, 0.5]},
								"west": {"uv": [21, 12], "uv_size": [2, 0.5]},
								"up": {"uv": [10, 21], "uv_size": [0.5, 2]},
								"down": {"uv": [13, 23], "uv_size": [0.5, -2]}
							}
						},
						{
							"origin": [-0.6, 22.85, -11.75],
							"size": [0.3, 0.8, 2],
							"uv": {
								"north": {"uv": [11, 24], "uv_size": [0.5, 1]},
								"east": {"uv": [17, 18], "uv_size": [2, 1]},
								"south": {"uv": [24, 11], "uv_size": [0.5, 1]},
								"west": {"uv": [18, 17], "uv_size": [2, 1]},
								"up": {"uv": [6, 21], "uv_size": [0.5, 2]},
								"down": {"uv": [7, 23], "uv_size": [0.5, -2]}
							}
						},
						{
							"origin": [0.6, 22.85, -11.35],
							"size": [0.4, 0.8, 1.2],
							"uv": {
								"north": {"uv": [23, 5], "uv_size": [0.5, 1]},
								"east": {"uv": [20, 13], "uv_size": [1, 1]},
								"south": {"uv": [6, 23], "uv_size": [0.5, 1]},
								"west": {"uv": [16, 20], "uv_size": [1, 1]},
								"up": {"uv": [23, 6], "uv_size": [0.5, 1]},
								"down": {"uv": [7, 24], "uv_size": [0.5, -1]}
							}
						},
						{
							"origin": [0.24896, 22.85, -10.50251],
							"size": [0.4, 0.8, 0.57],
							"pivot": [0.39896, 23.25, -9.90251],
							"rotation": [0, -45, 0],
							"uv": {
								"north": {"uv": [23, 9], "uv_size": [0.5, 1]},
								"east": {"uv": [10, 23], "uv_size": [0.5, 1]},
								"south": {"uv": [23, 10], "uv_size": [0.5, 1]},
								"west": {"uv": [11, 23], "uv_size": [0.5, 1]},
								"up": {"uv": [18, 24], "uv_size": [0.5, 0.5]},
								"down": {"uv": [24, 18.5], "uv_size": [0.5, -0.5]}
							}
						},
						{
							"origin": [-0.89142, 22.85, -10.69497],
							"size": [0.4, 0.8, 0.57],
							"pivot": [-0.74142, 23.25, -10.24497],
							"rotation": [0, -135, 0],
							"uv": {
								"north": {"uv": [23, 11], "uv_size": [0.5, 1]},
								"east": {"uv": [12, 23], "uv_size": [0.5, 1]},
								"south": {"uv": [23, 12], "uv_size": [0.5, 1]},
								"west": {"uv": [13, 23], "uv_size": [0.5, 1]},
								"up": {"uv": [19, 24], "uv_size": [0.5, 0.5]},
								"down": {"uv": [24, 19.5], "uv_size": [0.5, -0.5]}
							}
						},
						{
							"origin": [-0.54896, 22.85, -12.19749],
							"size": [0.4, 0.8, 0.57],
							"pivot": [-0.39896, 23.25, -11.59749],
							"rotation": [0, 135, 0],
							"uv": {
								"north": {"uv": [23, 17], "uv_size": [0.5, 1]},
								"east": {"uv": [18, 23], "uv_size": [0.5, 1]},
								"south": {"uv": [23, 18], "uv_size": [0.5, 1]},
								"west": {"uv": [19, 23], "uv_size": [0.5, 1]},
								"up": {"uv": [21, 24], "uv_size": [0.5, 0.5]},
								"down": {"uv": [24, 21.5], "uv_size": [0.5, -0.5]}
							}
						},
						{
							"origin": [0.69444, 22.85, -11.75201],
							"size": [0.4, 0.8, 0.57],
							"pivot": [0.84444, 23.25, -11.15201],
							"rotation": [0, 45, 0],
							"uv": {
								"north": {"uv": [14, 23], "uv_size": [0.5, 1]},
								"east": {"uv": [15, 23], "uv_size": [0.5, 1]},
								"south": {"uv": [16, 23], "uv_size": [0.5, 1]},
								"west": {"uv": [17, 23], "uv_size": [0.5, 1]},
								"up": {"uv": [20, 24], "uv_size": [0.5, 0.5]},
								"down": {"uv": [24, 20.5], "uv_size": [0.5, -0.5]}
							}
						},
						{
							"origin": [-1, 22.85, -11.35],
							"size": [0.4, 0.8, 1.2],
							"uv": {
								"north": {"uv": [23, 7], "uv_size": [0.5, 1]},
								"east": {"uv": [17, 20], "uv_size": [1, 1]},
								"south": {"uv": [8, 23], "uv_size": [0.5, 1]},
								"west": {"uv": [20, 17], "uv_size": [1, 1]},
								"up": {"uv": [23, 8], "uv_size": [0.5, 1]},
								"down": {"uv": [9, 24], "uv_size": [0.5, -1]}
							}
						},
						{
							"origin": [-1.1, 22.05, -11.85],
							"size": [2.2, 0.8, 2.2],
							"uv": {
								"north": {"uv": [16, 17], "uv_size": [2, 1]},
								"east": {"uv": [18, 0], "uv_size": [2, 1]},
								"south": {"uv": [18, 1], "uv_size": [2, 1]},
								"west": {"uv": [4, 18], "uv_size": [2, 1]},
								"up": {"uv": [16, 0], "uv_size": [2, 2]},
								"down": {"uv": [4, 18], "uv_size": [2, -2]}
							}
						},
						{
							"origin": [-1.4, 23.75, -0.4],
							"size": [2.8, 2.8, 2.2],
							"uv": {
								"north": {"uv": [25, 24], "uv_size": [3, 3]},
								"east": {"uv": [26, 9], "uv_size": [2, 3]},
								"south": {"uv": [0, 26], "uv_size": [3, 3]},
								"west": {"uv": [12, 26], "uv_size": [2, 3]},
								"up": {"uv": [26, 12], "uv_size": [3, 2]},
								"down": {"uv": [14, 28], "uv_size": [3, -2]}
							}
						},
						{
							"origin": [-1.4, 26.25, 1.8],
							"size": [2.8, 0.3, 1.25],
							"uv": {
								"north": {"uv": [7, 19], "uv_size": [3, 0.5]},
								"east": {"uv": [16, 22], "uv_size": [1.5, 0.5]},
								"south": {"uv": [19, 7], "uv_size": [3, 0.5]},
								"west": {"uv": [22, 16], "uv_size": [1.5, 0.5]},
								"up": {"uv": [14, 6], "uv_size": [3, 1.5]},
								"down": {"uv": [14, 9.5], "uv_size": [3, -1.5]}
							}
						},
						{
							"origin": [-1.4, 23.75, 1.8],
							"size": [2.8, 0.3, 1.25],
							"uv": {
								"north": {"uv": [19, 8], "uv_size": [3, 0.5]},
								"east": {"uv": [23, 2], "uv_size": [1.5, 0.5]},
								"south": {"uv": [19, 9], "uv_size": [3, 0.5]},
								"west": {"uv": [23, 3], "uv_size": [1.5, 0.5]},
								"up": {"uv": [14, 10], "uv_size": [3, 1.5]},
								"down": {"uv": [7, 16.5], "uv_size": [3, -1.5]}
							}
						},
						{
							"origin": [-1.4, 24.05, 1.8],
							"size": [0.3, 2.2, 1.25],
							"uv": {
								"north": {"uv": [18, 21], "uv_size": [0.5, 2]},
								"east": {"uv": [0, 17], "uv_size": [1.5, 2]},
								"south": {"uv": [19, 21], "uv_size": [0.5, 2]},
								"west": {"uv": [2, 17], "uv_size": [1.5, 2]},
								"up": {"uv": [22, 17], "uv_size": [0.5, 1.5]},
								"down": {"uv": [22, 20.5], "uv_size": [0.5, -1.5]}
							}
						},
						{
							"origin": [1.1, 24.05, 1.8],
							"size": [0.3, 2.2, 1.25],
							"uv": {
								"north": {"uv": [21, 19], "uv_size": [0.5, 2]},
								"east": {"uv": [17, 3], "uv_size": [1.5, 2]},
								"south": {"uv": [20, 21], "uv_size": [0.5, 2]},
								"west": {"uv": [17, 5], "uv_size": [1.5, 2]},
								"up": {"uv": [22, 21], "uv_size": [0.5, 1.5]},
								"down": {"uv": [23, 1.5], "uv_size": [0.5, -1.5]}
							}
						},
						{
							"origin": [-0.75, 24.4, -13.35],
							"size": [1.5, 1.5, 12.95],
							"uv": {
								"north": {"uv": [6, 17], "uv_size": [1.5, 1.5]},
								"east": {"uv": [0, 0], "uv_size": [13, 1.5]},
								"south": {"uv": [17, 7], "uv_size": [1.5, 1.5]},
								"west": {"uv": [0, 2], "uv_size": [13, 1.5]},
								"up": {"uv": [0, 4], "uv_size": [1.5, 13]},
								"down": {"uv": [2, 17], "uv_size": [1.5, -13]}
							}
						},
						{
							"origin": [-0.75, 25.9, -8.35],
							"size": [1.5, 0.25, 1.5],
							"uv": {
								"north": {"uv": [22, 13], "uv_size": [1.5, 0.5]},
								"east": {"uv": [14, 22], "uv_size": [1.5, 0.5]},
								"south": {"uv": [22, 14], "uv_size": [1.5, 0.5]},
								"west": {"uv": [22, 15], "uv_size": [1.5, 0.5]},
								"up": {"uv": [8, 17], "uv_size": [1.5, 1.5]},
								"down": {"uv": [17, 10.5], "uv_size": [1.5, -1.5]}
							}
						},
						{
							"origin": [-0.15, 26.15, -7.3],
							"size": [0.3, 0.3, 0.45],
							"uv": {
								"north": {"uv": [25, 1], "uv_size": [0.5, 0.5]},
								"east": {"uv": [2, 25], "uv_size": [0.5, 0.5]},
								"south": {"uv": [25, 2], "uv_size": [0.5, 0.5]},
								"west": {"uv": [3, 25], "uv_size": [0.5, 0.5]},
								"up": {"uv": [25, 3], "uv_size": [0.5, 0.5]},
								"down": {"uv": [4, 25.5], "uv_size": [0.5, -0.5]}
							}
						},
						{
							"origin": [-0.15, 26.15, -6.65],
							"size": [0.3, 0.3, 0.15],
							"pivot": [0, 26.3, -6.475],
							"rotation": [0, 0, -24],
							"uv": {
								"north": {"uv": [25, 4], "uv_size": [0.5, 0.5]},
								"east": {"uv": [5, 25], "uv_size": [0.5, 0.5]},
								"south": {"uv": [25, 5], "uv_size": [0.5, 0.5]},
								"west": {"uv": [6, 25], "uv_size": [0.5, 0.5]},
								"up": {"uv": [25, 6], "uv_size": [0.5, 0.5]},
								"down": {"uv": [7, 25.5], "uv_size": [0.5, -0.5]}
							}
						},
						{
							"origin": [-0.05, 26.25, -6.85],
							"size": [0.1, 0.1, 0.25],
							"uv": {
								"north": {"uv": [25, 7], "uv_size": [0.5, 0.5]},
								"east": {"uv": [8, 25], "uv_size": [0.5, 0.5]},
								"south": {"uv": [25, 8], "uv_size": [0.5, 0.5]},
								"west": {"uv": [9, 25], "uv_size": [0.5, 0.5]},
								"up": {"uv": [25, 9], "uv_size": [0.5, 0.5]},
								"down": {"uv": [10, 25.5], "uv_size": [0.5, -0.5]}
							}
						},
						{
							"origin": [-0.4, 26.15, -8],
							"size": [0.8, 0.5, 0.8],
							"pivot": [0, 26.4, -7.6],
							"rotation": [0, -15, 0],
							"uv": {
								"north": {"uv": [9, 24], "uv_size": [1, 0.5]},
								"east": {"uv": [24, 9], "uv_size": [1, 0.5]},
								"south": {"uv": [10, 24], "uv_size": [1, 0.5]},
								"west": {"uv": [24, 10], "uv_size": [1, 0.5]},
								"up": {"uv": [4, 21], "uv_size": [1, 1]},
								"down": {"uv": [5, 22], "uv_size": [1, -1]}
							}
						},
						{
							"origin": [-0.15, 26.65, -7.75],
							"size": [0.3, 0.25, 0.3],
							"pivot": [0, 26.4, -7.6],
							"rotation": [0, -15, 0],
							"uv": {
								"north": {"uv": [23, 24], "uv_size": [0.5, 0.5]},
								"east": {"uv": [24, 23], "uv_size": [0.5, 0.5]},
								"south": {"uv": [24, 24], "uv_size": [0.5, 0.5]},
								"west": {"uv": [0, 25], "uv_size": [0.5, 0.5]},
								"up": {"uv": [25, 0], "uv_size": [0.5, 0.5]},
								"down": {"uv": [1, 25.5], "uv_size": [0.5, -0.5]}
							}
						},
						{
							"origin": [-1.2, 26.1, -16.3],
							"size": [2.4, 0.25, 0.5],
							"uv": {
								"north": {"uv": [19, 10], "uv_size": [2.5, 0.5]},
								"east": {"uv": [22, 24], "uv_size": [0.5, 0.5]},
								"south": {"uv": [19, 11], "uv_size": [2.5, 0.5]},
								"west": {"uv": [24, 22], "uv_size": [0.5, 0.5]},
								"up": {"uv": [19, 14], "uv_size": [2.5, 0.5]},
								"down": {"uv": [15, 19.5], "uv_size": [2.5, -0.5]}
							}
						},
						{
							"origin": [-1.2, 23.95, -16.3],
							"size": [2.4, 0.25, 0.5],
							"uv": {
								"north": {"uv": [18, 19], "uv_size": [2.5, 0.5]},
								"east": {"uv": [25, 14], "uv_size": [0.5, 0.5]},
								"south": {"uv": [19, 18], "uv_size": [2.5, 0.5]},
								"west": {"uv": [15, 25], "uv_size": [0.5, 0.5]},
								"up": {"uv": [0, 20], "uv_size": [2.5, 0.5]},
								"down": {"uv": [20, 0.5], "uv_size": [2.5, -0.5]}
							}
						},
						{
							"origin": [-1.2, 23.95, -15.8],
							"size": [2.4, 2.4, 2.45],
							"uv": {
								"north": {"uv": [26, 0], "uv_size": [2.5, 2.5]},
								"east": {"uv": [3, 26], "uv_size": [2.5, 2.5]},
								"south": {"uv": [26, 3], "uv_size": [2.5, 2.5]},
								"west": {"uv": [6, 26], "uv_size": [2.5, 2.5]},
								"up": {"uv": [26, 6], "uv_size": [2.5, 2.5]},
								"down": {"uv": [9, 28.5], "uv_size": [2.5, -2.5]}
							}
						},
						{
							"origin": [0.95, 24.2, -16.3],
							"size": [0.25, 1.9, 0.5],
							"uv": {
								"north": {"uv": [21, 21], "uv_size": [0.5, 2]},
								"east": {"uv": [0, 22], "uv_size": [0.5, 2]},
								"south": {"uv": [1, 22], "uv_size": [0.5, 2]},
								"west": {"uv": [22, 1], "uv_size": [0.5, 2]},
								"up": {"uv": [25, 12], "uv_size": [0.5, 0.5]},
								"down": {"uv": [13, 25.5], "uv_size": [0.5, -0.5]}
							}
						},
						{
							"origin": [-1.2, 24.2, -16.3],
							"size": [0.25, 1.9, 0.5],
							"uv": {
								"north": {"uv": [2, 22], "uv_size": [0.5, 2]},
								"east": {"uv": [3, 22], "uv_size": [0.5, 2]},
								"south": {"uv": [22, 3], "uv_size": [0.5, 2]},
								"west": {"uv": [4, 22], "uv_size": [0.5, 2]},
								"up": {"uv": [25, 13], "uv_size": [0.5, 0.5]},
								"down": {"uv": [14, 25.5], "uv_size": [0.5, -0.5]}
							}
						},
						{
							"origin": [-0.95, 24.2, -11.3],
							"size": [1.9, 1.9, 1.2],
							"pivot": [0, 25.15, -9.075],
							"rotation": [0, 0, 10],
							"uv": {
								"north": {"uv": [10, 16], "uv_size": [2, 2]},
								"east": {"uv": [7, 10], "uv_size": [1, 2]},
								"south": {"uv": [12, 16], "uv_size": [2, 2]},
								"west": {"uv": [10, 18], "uv_size": [1, 2]},
								"up": {"uv": [11, 18], "uv_size": [2, 1]},
								"down": {"uv": [18, 13], "uv_size": [2, -1]}
							}
						},
						{
							"origin": [-0.95, 24.2, -2.45],
							"size": [1.9, 1.9, 1.2],
							"pivot": [0, 25.15, -0.225],
							"rotation": [0, 0, 10],
							"uv": {
								"north": {"uv": [16, 12], "uv_size": [2, 2]},
								"east": {"uv": [13, 18], "uv_size": [1, 2]},
								"south": {"uv": [14, 16], "uv_size": [2, 2]},
								"west": {"uv": [14, 18], "uv_size": [1, 2]},
								"up": {"uv": [18, 13], "uv_size": [2, 1]},
								"down": {"uv": [15, 19], "uv_size": [2, -1]}
							}
						},
						{
							"origin": [-1.45, 24.7, -2.45],
							"size": [2.9, 0.65, 1.2],
							"uv": {
								"north": {"uv": [19, 5], "uv_size": [3, 0.5]},
								"east": {"uv": [8, 24], "uv_size": [1, 0.5]},
								"south": {"uv": [19, 6], "uv_size": [3, 0.5]},
								"west": {"uv": [24, 8], "uv_size": [1, 0.5]},
								"up": {"uv": [16, 15], "uv_size": [3, 1]},
								"down": {"uv": [16, 17], "uv_size": [3, -1]}
							}
						},
						{
							"origin": [-1.45, 24.7, -11.3],
							"size": [2.9, 0.65, 1.2],
							"uv": {
								"north": {"uv": [4, 19], "uv_size": [3, 0.5]},
								"east": {"uv": [7, 24], "uv_size": [1, 0.5]},
								"south": {"uv": [19, 4], "uv_size": [3, 0.5]},
								"west": {"uv": [24, 7], "uv_size": [1, 0.5]},
								"up": {"uv": [16, 2], "uv_size": [3, 1]},
								"down": {"uv": [16, 15], "uv_size": [3, -1]}
							}
						}
					]
				},
				{
					"name": "scope",
					"parent": "main",
					"pivot": [0, 25.15, 7],
					"cubes": [
						{
							"origin": [-0.5, 24.65, 6.5],
							"size": [1, 1, 1],
							"inflate": -0.4,
							"uv": {
								"north": {"uv": [5, 22], "uv_size": [1, 1]},
								"east": {"uv": [22, 5], "uv_size": [1, 1]},
								"south": {"uv": [22, 6], "uv_size": [1, 1]},
								"west": {"uv": [22, 7], "uv_size": [1, 1]},
								"up": {"uv": [8, 22], "uv_size": [1, 1]},
								"down": {"uv": [22, 9], "uv_size": [1, -1]}
							}
						}
					]
				},
				{
					"name": "scopepip",
					"parent": "main",
					"pivot": [0, 0, 0],
					"cubes": [
						{
							"origin": [-1.15, 24, 1.85],
							"size": [2.3, 2.3, 0.2],
							"uv": {
								"north": {"uv": [4, 13], "uv_size": [2.5, 2.5]},
								"east": {"uv": [11, 19], "uv_size": [0.5, 2.5]},
								"south": {"uv": [10, 13], "uv_size": [2.5, 2.5]},
								"west": {"uv": [12, 19], "uv_size": [0.5, 2.5]},
								"up": {"uv": [19, 15], "uv_size": [2.5, 0.5]},
								"down": {"uv": [19, 16.5], "uv_size": [2.5, -0.5]}
							}
						}
					]
				},
				{
					"name": "_ca_scope2",
					"parent": "main",
					"pivot": [0, 23.25, -10.75],
					"cubes": [
						{
							"origin": [-0.5, 22.75, -11.25],
							"size": [1, 1, 1],
							"uv": {
								"north": {"uv": [9, 22], "uv_size": [1, 1]},
								"east": {"uv": [22, 9], "uv_size": [1, 1]},
								"south": {"uv": [22, 10], "uv_size": [1, 1]},
								"west": {"uv": [11, 22], "uv_size": [1, 1]},
								"up": {"uv": [22, 11], "uv_size": [1, 1]},
								"down": {"uv": [12, 23], "uv_size": [1, -1]}
							}
						}
					]
				}
			]
		}
	]
}