{
	"format_version": "1.8.0",
	"animations": {
		"animation.model.prepare": {
			"loop": true,
			"animation_length": 0.9,
			"bones": {
				"main": {
					"rotation": {
						"0.0": {
							"vector": [0, 0, 0]
						},
						"0.1667": {
							"vector": [-2.26784, 0.09899, 2.49804]
						},
						"0.3667": {
							"vector": [-5, 0, 0]
						},
						"0.4667": {
							"vector": [-4.92442, 0.86717, 9.96271]
						},
						"0.5333": {
							"vector": [-9.88733, 1.29876, 9.91615]
						},
						"0.6667": {
							"vector": [-4.98107, 0.43523, 4.98107]
						},
						"0.7333": {
							"vector": [-4.95744, 0.65182, 7.47178]
						},
						"0.9": {
							"vector": [-4.98107, 0.43523, 4.98107]
						}
					},
					"position": {
						"0.0": {
							"vector": [0, 0, 0]
						},
						"0.4667": {
							"vector": [0, 0, 0]
						},
						"0.5333": {
							"vector": [0, -2, 4]
						},
						"0.6667": {
							"vector": [0, 0, 0]
						}
					}
				},
				"leftarm": {
					"rotation": {
						"0.0": {
							"vector": [0, 0, 0]
						},
						"0.9": {
							"vector": [0, 0, 0]
						}
					},
					"position": {
						"0.0": {
							"vector": [0, 0, 0]
						},
						"0.1": {
							"vector": [0, 0, 0]
						},
						"0.9": {
							"vector": [0, 0, 0]
						}
					}
				},
				"rightarm": {
					"rotation": {
						"0.0": {
							"vector": [0, 0, 0]
						},
						"0.3333": {
							"vector": [0, 0, 0]
						},
						"0.3667": {
							"vector": [-9.51065, 6.69531, 10.98703]
						},
						"0.4667": {
							"vector": [0, 0, 0]
						},
						"0.9": {
							"vector": [17.5, 15, 0]
						}
					},
					"position": {
						"0.0": {
							"vector": [0, 0, 0]
						},
						"0.2": {
							"vector": [-7, 0, -6]
						},
						"0.3333": {
							"vector": [-6, 5, -6]
						},
						"0.3667": {
							"vector": [-6, 5, -6]
						},
						"0.4667": {
							"vector": [-6, 7.75, 1]
						},
						"0.6667": {
							"vector": [-7.92, 11.08, 0.58]
						},
						"0.9": {
							"vector": [-3, 0, 0]
						}
					}
				},
				"bolt": {
					"rotation": {
						"0.3667": {
							"vector": [0, 0, 0]
						},
						"0.4667": {
							"vector": [0, 0, 0]
						},
						"0.9": {
							"vector": [0, 0, 0]
						}
					},
					"position": {
						"0.3667": {
							"vector": [0, 0, 0]
						},
						"0.4667": {
							"vector": [0, 0, 7]
						},
						"0.9": {
							"vector": [0, 0, 7]
						}
					}
				},
				"bolthandle": {
					"rotation": {
						"0.3": {
							"vector": [0, 0, 0]
						},
						"0.3333": {
							"vector": [0, 0, 27.5]
						},
						"0.3667": {
							"vector": [0, 0, 90]
						},
						"0.9": {
							"vector": [0, 0, 90]
						}
					},
					"position": {
						"0.3667": {
							"vector": [0, 0, 0]
						},
						"0.4333": {
							"vector": [0, 0, 0]
						},
						"0.9": {
							"vector": [0, 0, 0]
						}
					}
				},
				"clip": {
					"rotation": {
						"0.0": {
							"vector": [0, 0, 0]
						},
						"0.9": {
							"vector": [0, 0, 0]
						}
					},
					"position": {
						"0.0": {
							"vector": [0, 0, 0]
						},
						"0.9": {
							"vector": [0, 0, 0]
						}
					}
				},
				"bulletreserve": {
					"rotation": {
						"0.0": {
							"vector": [0, 0, 0]
						},
						"0.9": {
							"vector": [0, 0, 0]
						}
					},
					"position": {
						"0.0": {
							"vector": [0.5, 6, -33.25]
						},
						"0.9": {
							"vector": [-6, -13, 6]
						}
					},
					"scale": {
						"0.0": {
							"vector": [0, 0, 0]
						},
						"0.9": {
							"vector": [0, 0, 0]
						}
					}
				},
				"bullets": {
					"rotation": {
						"vector": [0, 0, 0]
					},
					"position": {
						"0.0": {
							"vector": [0.5, 7.1, -33.5]
						},
						"0.9": {
							"vector": [0.5, 7.1, -33.5]
						}
					}
				}
			},
			"sound_effects": {
				"0.0": {
					"effect": "foley_end"
				},
				"0.3": {
					"effect": "ballista_boltback"
				}
			}
		},
		"animation.model.load1": {
			"loop": true,
			"animation_length": 1.2667,
			"bones": {
				"main": {
					"rotation": {
						"0.0": {
							"vector": [-4.98107, 0.43523, 4.98107]
						},
						"0.1": {
							"vector": [-14.71262, 4.20035, 16.93604]
						},
						"0.2667": {
							"vector": [0.87539, 0.06799, -1.79876]
						},
						"0.4667": {
							"vector": [-2.00247, 0.51736, 9.08662]
						},
						"0.7333": {
							"vector": [-4.98107, 0.43523, 4.98107]
						},
						"0.8333": {
							"vector": [0, 0, 0]
						},
						"0.9": {
							"vector": [5, 0, 0]
						},
						"1.1": {
							"vector": [0, 0, 5]
						},
						"1.2333": {
							"vector": [0, 0, 0]
						}
					},
					"position": {
						"0.0": {
							"vector": [0, 0, 0]
						},
						"0.2": {
							"vector": [0, -0.25, 0]
						},
						"0.2667": {
							"vector": [0, -1, 0]
						},
						"0.3333": {
							"vector": [0, 0.07, 0]
						},
						"0.7333": {
							"vector": [0, 0, 0]
						},
						"0.8333": {
							"vector": [0, 0, 0]
						},
						"0.9": {
							"vector": [0, 0, -2]
						},
						"1.0": {
							"vector": [0, 0, 0]
						},
						"1.2667": {
							"vector": [0, 0, 0]
						}
					}
				},
				"leftarm": {
					"rotation": {
						"0.0": {
							"vector": [0, 0, 0]
						},
						"0.7333": {
							"vector": [0, 0, 0]
						}
					},
					"position": {
						"0.0": {
							"vector": [0, 0, 0]
						},
						"0.7333": {
							"vector": [0, 0, 0]
						}
					}
				},
				"rightarm": {
					"rotation": {
						"0.0": {
							"vector": [17.5, 15, 0]
						},
						"0.2": {
							"vector": [-21.78284, -2.80698, 53.04144]
						},
						"0.2667": {
							"vector": [-22.32021, -1.41381, 55.18573]
						},
						"0.3333": {
							"vector": [-19.82067, -6.85387, 46.42815]
						},
						"0.7333": {
							"vector": [0, 0, 0]
						},
						"0.8333": {
							"vector": [-9.62044, 4.36725, 11.9048]
						},
						"0.9": {
							"vector": [-9.51065, 6.69531, 10.98703]
						},
						"0.9667": {
							"vector": [0, 0, 0]
						},
						"1.2": {
							"vector": [0, 0, 0]
						}
					},
					"position": {
						"0.0": {
							"vector": [-3, 0, 0]
						},
						"0.2": {
							"vector": [-14.33, 10.67, -14]
						},
						"0.2667": {
							"vector": [-13.33, 10.67, -14]
						},
						"0.3333": {
							"vector": [-13.33, 10.67, -14]
						},
						"0.7333": {
							"vector": [-6, 7.75, 1]
						},
						"0.8333": {
							"vector": [-6, 5, -6]
						},
						"0.9": {
							"vector": [-6, 5, -6]
						},
						"0.9667": {
							"vector": [-6, 5, -6]
						},
						"1.2": {
							"vector": [0, 0, 0]
						}
					}
				},
				"bolt": {
					"rotation": {
						"0.0": {
							"vector": [0, 0, 0]
						},
						"0.7333": {
							"vector": [0, 0, 0]
						},
						"0.8333": {
							"vector": [0, 0, 0]
						},
						"0.9": {
							"vector": [0, 0, 0]
						}
					},
					"position": {
						"0.0": {
							"vector": [0, 0, 7]
						},
						"0.7333": {
							"vector": [0, 0, 7]
						},
						"0.8333": {
							"vector": [0, 0, 0]
						},
						"0.9": {
							"vector": [0, 0, 0]
						}
					}
				},
				"bolthandle": {
					"rotation": {
						"0.0": {
							"vector": [0, 0, 90]
						},
						"0.7333": {
							"vector": [0, 0, 90]
						},
						"0.8333": {
							"vector": [0, 0, 90]
						},
						"0.9": {
							"vector": [0, 0, 90]
						},
						"0.9667": {
							"vector": [0, 0, 0]
						}
					},
					"position": {
						"0.0": {
							"vector": [0, 0, 0]
						},
						"0.8333": {
							"vector": [0, 0, 0]
						},
						"0.9": {
							"vector": [0, 0, 0]
						}
					}
				},
				"clip": {
					"rotation": {
						"vector": [0, 0, 0]
					},
					"position": {
						"vector": [0, 0, 0]
					}
				},
				"bulletreserve": {
					"rotation": {
						"0.0": {
							"vector": [0, 0, 0]
						},
						"0.2": {
							"vector": [0, 0, 0]
						}
					},
					"position": {
						"0.0": {
							"vector": [-6, -13, 6]
						},
						"0.1": {
							"vector": [-4, -3.5, 1]
						},
						"0.1333": {
							"vector": [-2.67, -1.67, -0.33]
						},
						"0.2": {
							"vector": [0, 0, 0]
						},
						"0.7333": {
							"vector": [0, 0, 0]
						},
						"0.8333": {
							"vector": [0, 0, -7]
						}
					}
				},
				"bullets": {
					"rotation": {
						"0.0": {
							"vector": [0, 0, 0]
						},
						"0.2": {
							"vector": [0, 0, 0]
						},
						"0.4333": {
							"vector": [0, 0, 0]
						}
					},
					"position": {
						"0.0": {
							"vector": [0.5, 7.1, -33.5]
						},
						"0.2": {
							"vector": [0.5, 7.1, -33.5]
						},
						"0.2667": {
							"vector": [0.5, 5.85, -33.5]
						},
						"0.3333": {
							"vector": [0.5, 6.35, -33.5]
						},
						"0.4333": {
							"vector": [0.5, 6.35, -33.5]
						}
					}
				}
			},
			"sound_effects": {
				"0.0": {
					"effect": "foley_start"
				},
				"0.1667": {
					"effect": "bulletinsert"
				},
				"0.6667": {
					"effect": "boltforward"
				}
			}
		},
		"animation.model.load2": {
			"loop": true,
			"animation_length": 1.9333,
			"bones": {
				"main": {
					"rotation": {
						"0.0": {
							"vector": [-4.98107, 0.43523, 4.98107]
						},
						"0.1": {
							"vector": [-14.71262, 4.20035, 16.93604]
						},
						"0.2667": {
							"vector": [0.87539, 0.06799, -1.79876]
						},
						"0.4667": {
							"vector": [-2.00247, 0.51736, 9.08662]
						},
						"0.6667": {
							"vector": [-4.98107, 0.43523, 4.98107]
						},
						"0.7667": {
							"vector": [-14.71262, 4.20035, 16.93604]
						},
						"0.9333": {
							"vector": [0.87539, 0.06799, -1.79876]
						},
						"1.1333": {
							"vector": [-2.00247, 0.51736, 9.08662]
						},
						"1.4": {
							"vector": [-4.98107, 0.43523, 4.98107]
						},
						"1.5": {
							"vector": [0, 0, 0]
						},
						"1.5667": {
							"vector": [5, 0, 0]
						},
						"1.7667": {
							"vector": [0, 0, 5]
						},
						"1.9": {
							"vector": [0, 0, 0]
						}
					},
					"position": {
						"0.0": {
							"vector": [0, 0, 0]
						},
						"0.2": {
							"vector": [0, -0.25, 0]
						},
						"0.2667": {
							"vector": [0, -1, 0]
						},
						"0.3333": {
							"vector": [0, 0.07, 0]
						},
						"0.6667": {
							"vector": [0, 0, 0]
						},
						"0.8667": {
							"vector": [0, -0.25, 0]
						},
						"0.9333": {
							"vector": [0, -1, 0]
						},
						"1.0": {
							"vector": [0, 0.07, 0]
						},
						"1.4": {
							"vector": [0, 0, 0]
						},
						"1.5": {
							"vector": [0, 0, 0]
						},
						"1.5667": {
							"vector": [0, 0, -2]
						},
						"1.6667": {
							"vector": [0, 0, 0]
						},
						"1.9333": {
							"vector": [0, 0, 0]
						}
					}
				},
				"leftarm": {
					"rotation": {
						"0.0": {
							"vector": [0, 0, 0]
						},
						"0.6667": {
							"vector": [0, 0, 0]
						},
						"1.4": {
							"vector": [0, 0, 0]
						}
					},
					"position": {
						"0.0": {
							"vector": [0, 0, 0]
						},
						"0.6667": {
							"vector": [0, 0, 0]
						},
						"1.4": {
							"vector": [0, 0, 0]
						}
					}
				},
				"rightarm": {
					"rotation": {
						"0.0": {
							"vector": [17.5, 15, 0]
						},
						"0.2": {
							"vector": [-21.78284, -2.80698, 53.04144]
						},
						"0.2667": {
							"vector": [-22.32021, -1.41381, 55.18573]
						},
						"0.3333": {
							"vector": [-19.82067, -6.85387, 46.42815]
						},
						"0.6667": {
							"vector": [17.5, 15, 0]
						},
						"0.8667": {
							"vector": [-21.78284, -2.80698, 53.04144]
						},
						"0.9333": {
							"vector": [-22.32021, -1.41381, 55.18573]
						},
						"1.0": {
							"vector": [-19.82067, -6.85387, 46.42815]
						},
						"1.4": {
							"vector": [0, 0, 0]
						},
						"1.5": {
							"vector": [-9.62044, 4.36725, 11.9048]
						},
						"1.5667": {
							"vector": [-9.51065, 6.69531, 10.98703]
						},
						"1.6333": {
							"vector": [0, 0, 0]
						},
						"1.8667": {
							"vector": [0, 0, 0]
						}
					},
					"position": {
						"0.0": {
							"vector": [-3, 0, 0]
						},
						"0.2": {
							"vector": [-14.33, 10.67, -14]
						},
						"0.2667": {
							"vector": [-13.33, 10.67, -14]
						},
						"0.3333": {
							"vector": [-13.33, 10.67, -14]
						},
						"0.6667": {
							"vector": [-3, 0, 0]
						},
						"0.8667": {
							"vector": [-14.33, 10.67, -14]
						},
						"0.9333": {
							"vector": [-13.33, 10.67, -14]
						},
						"1.0": {
							"vector": [-13.33, 10.67, -14]
						},
						"1.4": {
							"vector": [-6, 7.75, 1]
						},
						"1.5": {
							"vector": [-6, 5, -6]
						},
						"1.5667": {
							"vector": [-6, 5, -6]
						},
						"1.6333": {
							"vector": [-6, 5, -6]
						},
						"1.8667": {
							"vector": [0, 0, 0]
						}
					}
				},
				"bolt": {
					"rotation": {
						"0.0": {
							"vector": [0, 0, 0]
						},
						"0.6667": {
							"vector": [0, 0, 0]
						},
						"1.4": {
							"vector": [0, 0, 0]
						},
						"1.5": {
							"vector": [0, 0, 0]
						},
						"1.5667": {
							"vector": [0, 0, 0]
						}
					},
					"position": {
						"0.0": {
							"vector": [0, 0, 7]
						},
						"0.6667": {
							"vector": [0, 0, 7]
						},
						"1.4": {
							"vector": [0, 0, 7]
						},
						"1.5": {
							"vector": [0, 0, 0]
						},
						"1.5667": {
							"vector": [0, 0, 0]
						}
					}
				},
				"bolthandle": {
					"rotation": {
						"0.0": {
							"vector": [0, 0, 90]
						},
						"0.6667": {
							"vector": [0, 0, 90]
						},
						"1.4": {
							"vector": [0, 0, 90]
						},
						"1.5": {
							"vector": [0, 0, 90]
						},
						"1.5667": {
							"vector": [0, 0, 90]
						},
						"1.6333": {
							"vector": [0, 0, 0]
						}
					},
					"position": {
						"0.0": {
							"vector": [0, 0, 0]
						},
						"0.6667": {
							"vector": [0, 0, 0]
						},
						"1.5": {
							"vector": [0, 0, 0]
						},
						"1.5667": {
							"vector": [0, 0, 0]
						}
					}
				},
				"clip": {
					"rotation": {
						"0.0": {
							"vector": [0, 0, 0]
						},
						"0.6667": {
							"vector": [0, 0, 0]
						}
					},
					"position": {
						"0.0": {
							"vector": [0, 0, 0]
						},
						"0.6667": {
							"vector": [0, 0, 0]
						}
					}
				},
				"bulletreserve": {
					"rotation": {
						"0.0": {
							"vector": [0, 0, 0]
						},
						"0.2": {
							"vector": [0, 0, 0]
						},
						"0.6667": {
							"vector": [0, 0, 0]
						},
						"0.8667": {
							"vector": [0, 0, 0]
						}
					},
					"position": {
						"0.0": {
							"vector": [-6, -13, 6]
						},
						"0.1": {
							"vector": [-4, -3.5, 1]
						},
						"0.1333": {
							"vector": [-2.67, -1.67, -0.33]
						},
						"0.2": {
							"vector": [0, 0, 0]
						},
						"0.6667": {
							"vector": [-6, -13, 6]
						},
						"0.7667": {
							"vector": [-4, -3.5, 1]
						},
						"0.8": {
							"vector": [-2.67, -1.67, -0.33]
						},
						"0.8667": {
							"vector": [0, 0, 0]
						},
						"1.4": {
							"vector": [0, 0, 0]
						},
						"1.5": {
							"vector": [0, 0, -7]
						}
					}
				},
				"bullets": {
					"rotation": {
						"0.0": {
							"vector": [0, 0, 0]
						},
						"0.2": {
							"vector": [0, 0, 0]
						},
						"0.4333": {
							"vector": [0, 0, 0]
						},
						"0.8667": {
							"vector": [0, 0, 0]
						},
						"1.1": {
							"vector": [0, 0, 0]
						}
					},
					"position": {
						"0.0": {
							"vector": [0.5, 7.1, -33.5]
						},
						"0.2": {
							"vector": [0.5, 7.1, -33.5]
						},
						"0.2667": {
							"vector": [0.5, 5.85, -33.5]
						},
						"0.3333": {
							"vector": [0.5, 6.35, -33.5]
						},
						"0.4333": {
							"vector": [0.5, 7.1, -33.5]
						},
						"0.8667": {
							"vector": [0.5, 7.1, -33.5]
						},
						"0.9333": {
							"vector": [0.5, 5.85, -33.5]
						},
						"1.0": {
							"vector": [0.5, 6.35, -33.5]
						},
						"1.1": {
							"vector": [0.5, 6.35, -33.5]
						}
					},
					"scale": {
						"0.2": {
							"vector": [1, 1, 1]
						},
						"0.8667": {
							"vector": [1, 1, 1]
						}
					}
				}
			},
			"sound_effects": {
				"0.0": {
					"effect": "foley_start"
				},
				"0.1667": {
					"effect": "bulletinsert"
				},
				"0.8333": {
					"effect": "bulletinsert"
				},
				"1.3333": {
					"effect": "boltforward"
				}
			}
		},
		"animation.model.load3": {
			"loop": true,
			"animation_length": 2.4667,
			"bones": {
				"main": {
					"rotation": {
						"0.0": {
							"vector": [-4.98107, 0.43523, 4.98107]
						},
						"0.1": {
							"vector": [-14.71262, 4.20035, 16.93604]
						},
						"0.2667": {
							"vector": [0.87539, 0.06799, -1.79876]
						},
						"0.4667": {
							"vector": [-2.00247, 0.51736, 9.08662]
						},
						"0.6": {
							"vector": [-4.98107, 0.43523, 4.98107]
						},
						"0.7": {
							"vector": [-14.71262, 4.20035, 16.93604]
						},
						"0.8667": {
							"vector": [0.87539, 0.06799, -1.79876]
						},
						"1.0667": {
							"vector": [-2.00247, 0.51736, 9.08662]
						},
						"1.2": {
							"vector": [-4.98107, 0.43523, 4.98107]
						},
						"1.3": {
							"vector": [-14.71262, 4.20035, 16.93604]
						},
						"1.4667": {
							"vector": [0.87539, 0.06799, -1.79876]
						},
						"1.6667": {
							"vector": [-2.00247, 0.51736, 9.08662]
						},
						"1.9333": {
							"vector": [-4.98107, 0.43523, 4.98107]
						},
						"2.0333": {
							"vector": [0, 0, 0]
						},
						"2.1": {
							"vector": [5, 0, 0]
						},
						"2.3": {
							"vector": [0, 0, 5]
						},
						"2.4333": {
							"vector": [0, 0, 0]
						}
					},
					"position": {
						"0.0": {
							"vector": [0, 0, 0]
						},
						"0.2": {
							"vector": [0, -0.25, 0]
						},
						"0.2667": {
							"vector": [0, -1, 0]
						},
						"0.3333": {
							"vector": [0, 0.07, 0]
						},
						"0.6": {
							"vector": [0, 0, 0]
						},
						"0.8": {
							"vector": [0, -0.25, 0]
						},
						"0.8667": {
							"vector": [0, -1, 0]
						},
						"0.9333": {
							"vector": [0, 0.07, 0]
						},
						"1.2": {
							"vector": [0, 0, 0]
						},
						"1.4": {
							"vector": [0, -0.25, 0]
						},
						"1.4667": {
							"vector": [0, -1, 0]
						},
						"1.5333": {
							"vector": [0, 0.07, 0]
						},
						"1.9333": {
							"vector": [0, 0, 0]
						},
						"2.0333": {
							"vector": [0, 0, 0]
						},
						"2.1": {
							"vector": [0, 0, -2]
						},
						"2.2": {
							"vector": [0, 0, 0]
						},
						"2.4667": {
							"vector": [0, 0, 0]
						}
					}
				},
				"leftarm": {
					"rotation": {
						"0.0": {
							"vector": [0, 0, 0]
						},
						"0.6": {
							"vector": [0, 0, 0]
						},
						"1.2": {
							"vector": [0, 0, 0]
						},
						"1.9333": {
							"vector": [0, 0, 0]
						}
					},
					"position": {
						"0.0": {
							"vector": [0, 0, 0]
						},
						"0.6": {
							"vector": [0, 0, 0]
						},
						"1.2": {
							"vector": [0, 0, 0]
						},
						"1.9333": {
							"vector": [0, 0, 0]
						}
					}
				},
				"rightarm": {
					"rotation": {
						"0.0": {
							"vector": [17.5, 15, 0]
						},
						"0.2": {
							"vector": [-21.78284, -2.80698, 53.04144]
						},
						"0.2667": {
							"vector": [-22.32021, -1.41381, 55.18573]
						},
						"0.3333": {
							"vector": [-19.82067, -6.85387, 46.42815]
						},
						"0.6": {
							"vector": [17.5, 15, 0]
						},
						"0.8": {
							"vector": [-21.78284, -2.80698, 53.04144]
						},
						"0.8667": {
							"vector": [-22.32021, -1.41381, 55.18573]
						},
						"0.9333": {
							"vector": [-19.82067, -6.85387, 46.42815]
						},
						"1.2": {
							"vector": [17.5, 15, 0]
						},
						"1.4": {
							"vector": [-21.78284, -2.80698, 53.04144]
						},
						"1.4667": {
							"vector": [-22.32021, -1.41381, 55.18573]
						},
						"1.5333": {
							"vector": [-19.82067, -6.85387, 46.42815]
						},
						"1.9333": {
							"vector": [0, 0, 0]
						},
						"2.0333": {
							"vector": [-9.62044, 4.36725, 11.9048]
						},
						"2.1": {
							"vector": [-9.51065, 6.69531, 10.98703]
						},
						"2.1667": {
							"vector": [0, 0, 0]
						},
						"2.4": {
							"vector": [0, 0, 0]
						}
					},
					"position": {
						"0.0": {
							"vector": [-3, 0, 0]
						},
						"0.2": {
							"vector": [-14.33, 10.67, -14]
						},
						"0.2667": {
							"vector": [-13.33, 10.67, -14]
						},
						"0.3333": {
							"vector": [-13.33, 10.67, -14]
						},
						"0.6": {
							"vector": [-3, 0, 0]
						},
						"0.8": {
							"vector": [-14.33, 10.67, -14]
						},
						"0.8667": {
							"vector": [-13.33, 10.67, -14]
						},
						"0.9333": {
							"vector": [-13.33, 10.67, -14]
						},
						"1.2": {
							"vector": [-3, 0, 0]
						},
						"1.4": {
							"vector": [-14.33, 10.67, -14]
						},
						"1.4667": {
							"vector": [-13.33, 10.67, -14]
						},
						"1.5333": {
							"vector": [-13.33, 10.67, -14]
						},
						"1.9333": {
							"vector": [-6, 7.75, 1]
						},
						"2.0333": {
							"vector": [-6, 5, -6]
						},
						"2.1": {
							"vector": [-6, 5, -6]
						},
						"2.1667": {
							"vector": [-6, 5, -6]
						},
						"2.4": {
							"vector": [0, 0, 0]
						}
					}
				},
				"bolt": {
					"rotation": {
						"0.0": {
							"vector": [0, 0, 0]
						},
						"0.6": {
							"vector": [0, 0, 0]
						},
						"1.2": {
							"vector": [0, 0, 0]
						},
						"1.9333": {
							"vector": [0, 0, 0]
						},
						"2.0333": {
							"vector": [0, 0, 0]
						},
						"2.1": {
							"vector": [0, 0, 0]
						}
					},
					"position": {
						"0.0": {
							"vector": [0, 0, 7]
						},
						"0.6": {
							"vector": [0, 0, 7]
						},
						"1.2": {
							"vector": [0, 0, 7]
						},
						"1.9333": {
							"vector": [0, 0, 7]
						},
						"2.0333": {
							"vector": [0, 0, 0]
						},
						"2.1": {
							"vector": [0, 0, 0]
						}
					}
				},
				"bolthandle": {
					"rotation": {
						"0.0": {
							"vector": [0, 0, 90]
						},
						"0.6": {
							"vector": [0, 0, 90]
						},
						"1.2": {
							"vector": [0, 0, 90]
						},
						"1.9333": {
							"vector": [0, 0, 90]
						},
						"2.0333": {
							"vector": [0, 0, 90]
						},
						"2.1": {
							"vector": [0, 0, 90]
						},
						"2.1667": {
							"vector": [0, 0, 0]
						}
					},
					"position": {
						"0.0": {
							"vector": [0, 0, 0]
						},
						"0.6": {
							"vector": [0, 0, 0]
						},
						"1.2": {
							"vector": [0, 0, 0]
						},
						"2.0333": {
							"vector": [0, 0, 0]
						},
						"2.1": {
							"vector": [0, 0, 0]
						}
					}
				},
				"clip": {
					"rotation": {
						"0.0": {
							"vector": [0, 0, 0]
						},
						"0.6": {
							"vector": [0, 0, 0]
						},
						"1.2": {
							"vector": [0, 0, 0]
						}
					},
					"position": {
						"0.0": {
							"vector": [0, 0, 0]
						},
						"0.6": {
							"vector": [0, 0, 0]
						},
						"1.2": {
							"vector": [0, 0, 0]
						}
					}
				},
				"bulletreserve": {
					"rotation": {
						"0.0": {
							"vector": [0, 0, 0]
						},
						"0.2": {
							"vector": [0, 0, 0]
						},
						"0.6": {
							"vector": [0, 0, 0]
						},
						"0.8": {
							"vector": [0, 0, 0]
						},
						"1.2": {
							"vector": [0, 0, 0]
						},
						"1.4": {
							"vector": [0, 0, 0]
						}
					},
					"position": {
						"0.0": {
							"vector": [-6, -13, 6]
						},
						"0.1": {
							"vector": [-4, -3.5, 1]
						},
						"0.1333": {
							"vector": [-2.67, -1.67, -0.33]
						},
						"0.2": {
							"vector": [0, 0, 0]
						},
						"0.6": {
							"vector": [-6, -13, 6]
						},
						"0.7": {
							"vector": [-4, -3.5, 1]
						},
						"0.7333": {
							"vector": [-2.67, -1.67, -0.33]
						},
						"0.8": {
							"vector": [0, 0, 0]
						},
						"1.2": {
							"vector": [-6, -13, 6]
						},
						"1.3": {
							"vector": [-4, -3.5, 1]
						},
						"1.3333": {
							"vector": [-2.67, -1.67, -0.33]
						},
						"1.4": {
							"vector": [0, 0, 0]
						},
						"1.9333": {
							"vector": [0, 0, 0]
						},
						"2.0333": {
							"vector": [0, 0, -7]
						}
					}
				},
				"bullets": {
					"rotation": {
						"0.0": {
							"vector": [0, 0, 0]
						},
						"0.2": {
							"vector": [0, 0, 0]
						},
						"0.4333": {
							"vector": [0, 0, 0]
						},
						"0.8": {
							"vector": [0, 0, 0]
						},
						"1.0333": {
							"vector": [0, 0, 0]
						},
						"1.4": {
							"vector": [0, 0, 0]
						},
						"1.6333": {
							"vector": [0, 0, 0]
						}
					},
					"position": {
						"0.0": {
							"vector": [0.5, 7.1, -33.5]
						},
						"0.2": {
							"vector": [0.5, 7.1, -33.5]
						},
						"0.2667": {
							"vector": [0.5, 5.85, -33.5]
						},
						"0.3333": {
							"vector": [0.5, 6.35, -33.5]
						},
						"0.4333": {
							"vector": [0.5, 7.1, -33.5]
						},
						"0.8": {
							"vector": [0.5, 7.1, -33.5]
						},
						"0.8667": {
							"vector": [0.5, 5.85, -33.5]
						},
						"0.9333": {
							"vector": [0.5, 6.35, -33.5]
						},
						"1.0333": {
							"vector": [0.5, 7.1, -33.5]
						},
						"1.4": {
							"vector": [0.5, 7.1, -33.5]
						},
						"1.4667": {
							"vector": [0.5, 5.85, -33.5]
						},
						"1.5333": {
							"vector": [0.5, 6.35, -33.5]
						},
						"1.6333": {
							"vector": [0.5, 6.35, -33.5]
						}
					},
					"scale": {
						"0.2": {
							"vector": [1, 1, 1]
						},
						"0.8": {
							"vector": [1, 1, 1]
						},
						"1.4": {
							"vector": [1, 1, 1]
						}
					}
				}
			},
			"sound_effects": {
				"0.0": {
					"effect": "foley_start"
				},
				"0.1667": {
					"effect": "bulletinsert"
				},
				"0.7667": {
					"effect": "bulletinsert"
				},
				"1.3667": {
					"effect": "bulletinsert"
				},
				"1.8667": {
					"effect": "boltforward"
				}
			}
		},
		"animation.model.load4": {
			"loop": true,
			"animation_length": 3.0333,
			"bones": {
				"main": {
					"rotation": {
						"0.0": {
							"vector": [-4.98107, 0.43523, 4.98107]
						},
						"0.1": {
							"vector": [-14.71262, 4.20035, 16.93604]
						},
						"0.2667": {
							"vector": [0.87539, 0.06799, -1.79876]
						},
						"0.4667": {
							"vector": [-2.00247, 0.51736, 9.08662]
						},
						"0.6": {
							"vector": [-4.98107, 0.43523, 4.98107]
						},
						"0.7": {
							"vector": [-14.71262, 4.20035, 16.93604]
						},
						"0.8667": {
							"vector": [0.87539, 0.06799, -1.79876]
						},
						"1.0667": {
							"vector": [-2.00247, 0.51736, 9.08662]
						},
						"1.2": {
							"vector": [-4.98107, 0.43523, 4.98107]
						},
						"1.3": {
							"vector": [-14.71262, 4.20035, 16.93604]
						},
						"1.4667": {
							"vector": [0.87539, 0.06799, -1.79876]
						},
						"1.6667": {
							"vector": [-2.00247, 0.51736, 9.08662]
						},
						"1.8": {
							"vector": [-4.98107, 0.43523, 4.98107]
						},
						"1.9": {
							"vector": [-14.71262, 4.20035, 16.93604]
						},
						"2.0667": {
							"vector": [0.87539, 0.06799, -1.79876]
						},
						"2.2667": {
							"vector": [-2.00247, 0.51736, 9.08662]
						},
						"2.5": {
							"vector": [-4.98107, 0.43523, 4.98107]
						},
						"2.6": {
							"vector": [0, 0, 0]
						},
						"2.6667": {
							"vector": [5, 0, 0]
						},
						"2.8667": {
							"vector": [0, 0, 5]
						},
						"3.0": {
							"vector": [0, 0, 0]
						}
					},
					"position": {
						"0.0": {
							"vector": [0, 0, 0]
						},
						"0.2": {
							"vector": [0, -0.25, 0]
						},
						"0.2667": {
							"vector": [0, -1, 0]
						},
						"0.3333": {
							"vector": [0, 0.07, 0]
						},
						"0.6": {
							"vector": [0, 0, 0]
						},
						"0.8": {
							"vector": [0, -0.25, 0]
						},
						"0.8667": {
							"vector": [0, -1, 0]
						},
						"0.9333": {
							"vector": [0, 0.07, 0]
						},
						"1.2": {
							"vector": [0, 0, 0]
						},
						"1.4": {
							"vector": [0, -0.25, 0]
						},
						"1.4667": {
							"vector": [0, -1, 0]
						},
						"1.5333": {
							"vector": [0, 0.07, 0]
						},
						"1.8": {
							"vector": [0, 0, 0]
						},
						"2.0": {
							"vector": [0, -0.25, 0]
						},
						"2.0667": {
							"vector": [0, -1, 0]
						},
						"2.1333": {
							"vector": [0, 0.07, 0]
						},
						"2.5": {
							"vector": [0, 0, 0]
						},
						"2.6": {
							"vector": [0, 0, 0]
						},
						"2.6667": {
							"vector": [0, 0, -2]
						},
						"2.7667": {
							"vector": [0, 0, 0]
						},
						"3.0333": {
							"vector": [0, 0, 0]
						}
					}
				},
				"leftarm": {
					"rotation": {
						"0.0": {
							"vector": [0, 0, 0]
						},
						"0.6": {
							"vector": [0, 0, 0]
						},
						"1.2": {
							"vector": [0, 0, 0]
						},
						"1.8": {
							"vector": [0, 0, 0]
						},
						"2.5": {
							"vector": [0, 0, 0]
						}
					},
					"position": {
						"0.0": {
							"vector": [0, 0, 0]
						},
						"0.6": {
							"vector": [0, 0, 0]
						},
						"1.2": {
							"vector": [0, 0, 0]
						},
						"1.8": {
							"vector": [0, 0, 0]
						},
						"2.5": {
							"vector": [0, 0, 0]
						}
					}
				},
				"rightarm": {
					"rotation": {
						"0.0": {
							"vector": [17.5, 15, 0]
						},
						"0.2": {
							"vector": [-21.78284, -2.80698, 53.04144]
						},
						"0.2667": {
							"vector": [-22.32021, -1.41381, 55.18573]
						},
						"0.3333": {
							"vector": [-19.82067, -6.85387, 46.42815]
						},
						"0.6": {
							"vector": [17.5, 15, 0]
						},
						"0.8": {
							"vector": [-21.78284, -2.80698, 53.04144]
						},
						"0.8667": {
							"vector": [-22.32021, -1.41381, 55.18573]
						},
						"0.9333": {
							"vector": [-19.82067, -6.85387, 46.42815]
						},
						"1.2": {
							"vector": [17.5, 15, 0]
						},
						"1.4": {
							"vector": [-21.78284, -2.80698, 53.04144]
						},
						"1.4667": {
							"vector": [-22.32021, -1.41381, 55.18573]
						},
						"1.5333": {
							"vector": [-19.82067, -6.85387, 46.42815]
						},
						"1.8": {
							"vector": [17.5, 15, 0]
						},
						"2.0": {
							"vector": [-21.78284, -2.80698, 53.04144]
						},
						"2.0667": {
							"vector": [-22.32021, -1.41381, 55.18573]
						},
						"2.1333": {
							"vector": [-19.82067, -6.85387, 46.42815]
						},
						"2.5": {
							"vector": [0, 0, 0]
						},
						"2.6": {
							"vector": [-9.62044, 4.36725, 11.9048]
						},
						"2.6667": {
							"vector": [-9.51065, 6.69531, 10.98703]
						},
						"2.7333": {
							"vector": [0, 0, 0]
						},
						"2.9667": {
							"vector": [0, 0, 0]
						}
					},
					"position": {
						"0.0": {
							"vector": [-3, 0, 0]
						},
						"0.2": {
							"vector": [-14.33, 10.67, -14]
						},
						"0.2667": {
							"vector": [-13.33, 10.67, -14]
						},
						"0.3333": {
							"vector": [-13.33, 10.67, -14]
						},
						"0.6": {
							"vector": [-3, 0, 0]
						},
						"0.8": {
							"vector": [-14.33, 10.67, -14]
						},
						"0.8667": {
							"vector": [-13.33, 10.67, -14]
						},
						"0.9333": {
							"vector": [-13.33, 10.67, -14]
						},
						"1.2": {
							"vector": [-3, 0, 0]
						},
						"1.4": {
							"vector": [-14.33, 10.67, -14]
						},
						"1.4667": {
							"vector": [-13.33, 10.67, -14]
						},
						"1.5333": {
							"vector": [-13.33, 10.67, -14]
						},
						"1.8": {
							"vector": [-3, 0, 0]
						},
						"2.0": {
							"vector": [-14.33, 10.67, -14]
						},
						"2.0667": {
							"vector": [-13.33, 10.67, -14]
						},
						"2.1333": {
							"vector": [-13.33, 10.67, -14]
						},
						"2.5": {
							"vector": [-6, 7.75, 1]
						},
						"2.6": {
							"vector": [-6, 5, -6]
						},
						"2.6667": {
							"vector": [-6, 5, -6]
						},
						"2.7333": {
							"vector": [-6, 5, -6]
						},
						"2.9667": {
							"vector": [0, 0, 0]
						}
					}
				},
				"bolt": {
					"rotation": {
						"0.0": {
							"vector": [0, 0, 0]
						},
						"0.6": {
							"vector": [0, 0, 0]
						},
						"1.2": {
							"vector": [0, 0, 0]
						},
						"1.8": {
							"vector": [0, 0, 0]
						},
						"2.5": {
							"vector": [0, 0, 0]
						},
						"2.6": {
							"vector": [0, 0, 0]
						},
						"2.6667": {
							"vector": [0, 0, 0]
						}
					},
					"position": {
						"0.0": {
							"vector": [0, 0, 7]
						},
						"0.6": {
							"vector": [0, 0, 7]
						},
						"1.2": {
							"vector": [0, 0, 7]
						},
						"1.8": {
							"vector": [0, 0, 7]
						},
						"2.5": {
							"vector": [0, 0, 7]
						},
						"2.6": {
							"vector": [0, 0, 0]
						},
						"2.6667": {
							"vector": [0, 0, 0]
						}
					}
				},
				"bolthandle": {
					"rotation": {
						"0.0": {
							"vector": [0, 0, 90]
						},
						"0.6": {
							"vector": [0, 0, 90]
						},
						"1.2": {
							"vector": [0, 0, 90]
						},
						"1.8": {
							"vector": [0, 0, 90]
						},
						"2.5": {
							"vector": [0, 0, 90]
						},
						"2.6": {
							"vector": [0, 0, 90]
						},
						"2.6667": {
							"vector": [0, 0, 90]
						},
						"2.7333": {
							"vector": [0, 0, 0]
						}
					},
					"position": {
						"0.0": {
							"vector": [0, 0, 0]
						},
						"0.6": {
							"vector": [0, 0, 0]
						},
						"1.2": {
							"vector": [0, 0, 0]
						},
						"1.8": {
							"vector": [0, 0, 0]
						},
						"2.6": {
							"vector": [0, 0, 0]
						},
						"2.6667": {
							"vector": [0, 0, 0]
						}
					}
				},
				"clip": {
					"rotation": {
						"0.0": {
							"vector": [0, 0, 0]
						},
						"0.6": {
							"vector": [0, 0, 0]
						},
						"1.2": {
							"vector": [0, 0, 0]
						},
						"1.8": {
							"vector": [0, 0, 0]
						}
					},
					"position": {
						"0.0": {
							"vector": [0, 0, 0]
						},
						"0.6": {
							"vector": [0, 0, 0]
						},
						"1.2": {
							"vector": [0, 0, 0]
						},
						"1.8": {
							"vector": [0, 0, 0]
						}
					}
				},
				"bulletreserve": {
					"rotation": {
						"0.0": {
							"vector": [0, 0, 0]
						},
						"0.2": {
							"vector": [0, 0, 0]
						},
						"0.6": {
							"vector": [0, 0, 0]
						},
						"0.8": {
							"vector": [0, 0, 0]
						},
						"1.2": {
							"vector": [0, 0, 0]
						},
						"1.4": {
							"vector": [0, 0, 0]
						},
						"1.8": {
							"vector": [0, 0, 0]
						},
						"2.0": {
							"vector": [0, 0, 0]
						}
					},
					"position": {
						"0.0": {
							"vector": [-6, -13, 6]
						},
						"0.1": {
							"vector": [-4, -3.5, 1]
						},
						"0.1333": {
							"vector": [-2.67, -1.67, -0.33]
						},
						"0.2": {
							"vector": [0, 0, 0]
						},
						"0.6": {
							"vector": [-6, -13, 6]
						},
						"0.7": {
							"vector": [-4, -3.5, 1]
						},
						"0.7333": {
							"vector": [-2.67, -1.67, -0.33]
						},
						"0.8": {
							"vector": [0, 0, 0]
						},
						"1.2": {
							"vector": [-6, -13, 6]
						},
						"1.3": {
							"vector": [-4, -3.5, 1]
						},
						"1.3333": {
							"vector": [-2.67, -1.67, -0.33]
						},
						"1.4": {
							"vector": [0, 0, 0]
						},
						"1.8": {
							"vector": [-6, -13, 6]
						},
						"1.9": {
							"vector": [-4, -3.5, 1]
						},
						"1.9333": {
							"vector": [-2.67, -1.67, -0.33]
						},
						"2.0": {
							"vector": [0, 0, 0]
						},
						"2.5": {
							"vector": [0, 0, 0]
						},
						"2.6": {
							"vector": [0, 0, -7]
						}
					}
				},
				"bullets": {
					"rotation": {
						"0.0": {
							"vector": [0, 0, 0]
						},
						"0.2": {
							"vector": [0, 0, 0]
						},
						"0.4333": {
							"vector": [0, 0, 0]
						},
						"0.8": {
							"vector": [0, 0, 0]
						},
						"1.0333": {
							"vector": [0, 0, 0]
						},
						"1.4": {
							"vector": [0, 0, 0]
						},
						"1.6333": {
							"vector": [0, 0, 0]
						},
						"2.0": {
							"vector": [0, 0, 0]
						},
						"2.5": {
							"vector": [0, 0, 0]
						}
					},
					"position": {
						"0.0": {
							"vector": [0.5, 7.1, -33.5]
						},
						"0.2": {
							"vector": [0.5, 7.1, -33.5]
						},
						"0.2667": {
							"vector": [0.5, 5.85, -33.5]
						},
						"0.3333": {
							"vector": [0.5, 6.35, -33.5]
						},
						"0.4333": {
							"vector": [0.5, 7.1, -33.5]
						},
						"0.8": {
							"vector": [0.5, 7.1, -33.5]
						},
						"0.8667": {
							"vector": [0.5, 5.85, -33.5]
						},
						"0.9333": {
							"vector": [0.5, 6.35, -33.5]
						},
						"1.0333": {
							"vector": [0.5, 7.1, -33.5]
						},
						"1.4": {
							"vector": [0.5, 7.1, -33.5]
						},
						"1.4667": {
							"vector": [0.5, 5.85, -33.5]
						},
						"1.5333": {
							"vector": [0.5, 6.35, -33.5]
						},
						"1.6333": {
							"vector": [0.5, 7.1, -33.5]
						},
						"2.0": {
							"vector": [0.5, 7.1, -33.5]
						},
						"2.0667": {
							"vector": [0.5, 5.85, -33.5]
						},
						"2.1333": {
							"vector": [0.5, 6.35, -33.5]
						},
						"2.5": {
							"vector": [0.5, 6.35, -33.5]
						}
					},
					"scale": {
						"0.2": {
							"vector": [1, 1, 1]
						},
						"0.8": {
							"vector": [1, 1, 1]
						},
						"1.4": {
							"vector": [1, 1, 1]
						},
						"2.0": {
							"vector": [1, 1, 1]
						}
					}
				}
			},
			"sound_effects": {
				"0.0": {
					"effect": "foley_start"
				},
				"0.1667": {
					"effect": "bulletinsert"
				},
				"0.7667": {
					"effect": "bulletinsert"
				},
				"1.3667": {
					"effect": "bulletinsert"
				},
				"1.9667": {
					"effect": "bulletinsert"
				},
				"2.4333": {
					"effect": "boltforward"
				}
			}
		},
		"animation.model.finish": {
			"loop": true,
			"animation_length": 0.6333,
			"bones": {
				"main": {
					"rotation": {
						"0.0": {
							"vector": [-4.98107, 0.43523, 4.98107]
						},
						"0.1": {
							"vector": [0, 0, 0]
						},
						"0.1667": {
							"vector": [5, 0, 0]
						},
						"0.3667": {
							"vector": [0, 0, 5]
						},
						"0.5": {
							"vector": [0, 0, 0]
						}
					},
					"position": {
						"0.0": {
							"vector": [0, 0, 0]
						},
						"0.1": {
							"vector": [0, 0, 0]
						},
						"0.1667": {
							"vector": [0, 0, -2]
						},
						"0.2667": {
							"vector": [0, 0, 0]
						},
						"0.5333": {
							"vector": [0, 0, 0]
						}
					}
				},
				"leftarm": {
					"rotation": {
						"vector": [0, 0, 0]
					},
					"position": {
						"vector": [0, 0, 0]
					}
				},
				"rightarm": {
					"rotation": {
						"0.0": {
							"vector": [0, 0, 0]
						},
						"0.1": {
							"vector": [-9.62044, 4.36725, 11.9048]
						},
						"0.1667": {
							"vector": [-9.51065, 6.69531, 10.98703]
						},
						"0.2333": {
							"vector": [0, 0, 0]
						},
						"0.4667": {
							"vector": [0, 0, 0]
						}
					},
					"position": {
						"0.0": {
							"vector": [-6, 7.75, 1]
						},
						"0.1": {
							"vector": [-6, 5, -6]
						},
						"0.1667": {
							"vector": [-6, 5, -6]
						},
						"0.2333": {
							"vector": [-6, 5, -6]
						},
						"0.4667": {
							"vector": [0, 0, 0]
						}
					}
				},
				"bolt": {
					"rotation": {
						"0.0": {
							"vector": [0, 0, 0]
						},
						"0.1": {
							"vector": [0, 0, 0]
						},
						"0.1667": {
							"vector": [0, 0, 0]
						}
					},
					"position": {
						"0.0": {
							"vector": [0, 0, 7]
						},
						"0.1": {
							"vector": [0, 0, 0]
						},
						"0.1667": {
							"vector": [0, 0, 0]
						}
					}
				},
				"bolthandle": {
					"rotation": {
						"0.0": {
							"vector": [0, 0, 90]
						},
						"0.0667": {
							"vector": [0, 0, 90]
						},
						"0.1": {
							"vector": [0, 0, 90]
						},
						"0.1667": {
							"vector": [0, 0, 90]
						},
						"0.2333": {
							"vector": [0, 0, 0]
						}
					},
					"position": {
						"0.1": {
							"vector": [0, 0, 0]
						},
						"0.1667": {
							"vector": [0, 0, 0]
						}
					}
				},
				"bulletloaded": {
					"rotation": {
						"vector": [0, 0, 0]
					},
					"position": {
						"vector": [0.5, 6.35, -33.5]
					}
				},
				"bulletreserve": {
					"rotation": {
						"0.0": {
							"vector": [0, 0, 0]
						},
						"0.0333": {
							"vector": [0, 0, 0]
						}
					},
					"position": {
						"0.0": {
							"vector": [0, 0, 0]
						},
						"0.0333": {
							"vector": [0, 0, -1.75]
						},
						"0.1": {
							"vector": [0, 0, -6.25]
						}
					}
				}
			},
			"sound_effects": {
				"0.0": {
					"effect": "boltforward"
				}
			}
		},
		"animation.model.inspect": {
			"loop": true,
			"animation_length": 4.2667,
			"bones": {
				"main": {
					"rotation": {
						"0.0": {
							"vector": [0, 0, 0]
						},
						"0.1667": {
							"vector": [-8.41746, -13.59608, -21.21259]
						},
						"0.3": {
							"vector": [-8.39812, -20.10111, -31.77688]
						},
						"0.4333": {
							"vector": [-9.55676, -20.88889, -28.55629]
						},
						"0.5333": {
							"vector": [-8.77652, -21.21647, -30.72851]
						},
						"0.7667": {
							"vector": [-9.4227, -20.94881, -28.93303]
						},
						"1.0": {
							"vector": [-3.1216, -20.98207, -46.44405]
						},
						"1.1333": {
							"vector": [-4.564, -20.73064, -42.44007]
						},
						"1.2333": {
							"vector": [-4.86325, -20.9153, -41.60203]
						},
						"1.3333": {
							"vector": [-4.58308, -20.97575, -42.38574]
						},
						"1.4667": {
							"vector": [-4.01131, -21.08802, -43.97908]
						},
						"1.6": {
							"vector": [-4.38767, -21.01662, -42.9316]
						},
						"1.7": {
							"vector": [-4.18847, -21.05622, -43.48691]
						},
						"2.0333": {
							"vector": [-16.91438, 5.38499, 54.40399]
						},
						"2.1667": {
							"vector": [-15.22513, 5.80082, 60.04554]
						},
						"2.3": {
							"vector": [-15.70981, 5.86025, 59.48558]
						},
						"2.4333": {
							"vector": [-15.93602, 7.03904, 62.69373]
						},
						"2.5": {
							"vector": [-22.52002, 6.32671, 47.43723]
						},
						"2.5667": {
							"vector": [-22.52002, 6.32671, 47.43723]
						},
						"2.7333": {
							"vector": [-22.52002, 6.32671, 47.43723]
						},
						"2.9": {
							"vector": [-27.25566, 2.1361, 46.30868]
						},
						"3.1": {
							"vector": [-15.61778, 7.73186, 65.16659]
						},
						"3.1667": {
							"vector": [-8.26268, 7.41394, 64.03355]
						},
						"3.2667": {
							"vector": [-15.9801, 6.93689, 62.33342]
						},
						"3.4": {
							"vector": [-8.86998, 2.42135, 33.56191]
						},
						"3.5333": {
							"vector": [0, -1.75, -2.75]
						},
						"3.7": {
							"vector": [0, 0, 0]
						}
					},
					"position": {
						"0.0": {
							"vector": [0, 0, 0]
						},
						"0.3": {
							"vector": [-0.475, 1.475, -8.7]
						},
						"0.4": {
							"vector": [-0.195, 1, -7.7]
						},
						"0.5333": {
							"vector": [-0.03, 0.725, -7.7]
						},
						"0.7": {
							"vector": [0, 1.125, -7.7]
						},
						"0.9": {
							"vector": [0.125, 1.4, -8.275]
						},
						"1.2": {
							"vector": [-0.02, 1.475, -8]
						},
						"1.4": {
							"vector": [0.11, 1.425, -8.175]
						},
						"1.6667": {
							"vector": [0.275, 1.25, -7.975]
						},
						"1.8": {
							"vector": [-0.13, -1.19, -8.65]
						},
						"1.9667": {
							"vector": [-0.545, -1.325, -11.15]
						},
						"2.1333": {
							"vector": [-0.415, -1.395, -10.545]
						},
						"2.2667": {
							"vector": [-0.525, -1.455, -9.17]
						},
						"2.4": {
							"vector": [-0.49, -1.43, -9.85]
						},
						"2.4667": {
							"vector": [-0.48, -1.46, -5.61]
						},
						"2.5667": {
							"vector": [-0.455, -1.5, -9.24]
						},
						"2.7667": {
							"vector": [-0.53, -1.5, -9.27]
						},
						"3.0": {
							"vector": [-0.49, -1.41, -9.3]
						},
						"3.1667": {
							"vector": [-0.53, -1.35, -12.32]
						},
						"3.2333": {
							"vector": [-0.545, -1.325, -9.325]
						},
						"3.3667": {
							"vector": [-1.005, -0.61, -7.41]
						},
						"3.6333": {
							"vector": [0, 0, 0]
						}
					}
				},
				"leftarm": {
					"rotation": {
						"0.0": {
							"vector": [0, 0, 0]
						},
						"0.1667": {
							"vector": [0, 0, -2.5]
						},
						"1.6": {
							"vector": [0, 0, -2.5]
						},
						"1.9": {
							"vector": [-20, 0, -45]
						},
						"1.9667": {
							"vector": [0, 0, 0]
						},
						"3.3": {
							"vector": [-20, 0, -45]
						},
						"3.5667": {
							"vector": [0, 0, 0]
						}
					},
					"position": {
						"0.0": {
							"vector": [0, 0, 0]
						},
						"0.1667": {
							"vector": [11.23986, -30.20851, 24.64864]
						},
						"1.6": {
							"vector": [11.23986, -30.20851, 24.64864]
						},
						"1.9": {
							"vector": [7.35, 1.25, 2.33]
						},
						"1.9667": {
							"vector": [0, 0, 0]
						},
						"2.0667": {
							"vector": [0, 0, 0]
						},
						"3.3": {
							"vector": [7.35, 1.25, 2.33]
						},
						"3.5667": {
							"vector": [0, 0, 0]
						}
					}
				},
				"rightarm": {
					"rotation": {
						"1.9667": {
							"vector": [0, 0, 0]
						},
						"2.3": {
							"vector": [0, 0, 0]
						},
						"2.3667": {
							"vector": [0, 0, 52.5]
						},
						"2.4333": {
							"vector": [0, 0, 52.5]
						},
						"2.9667": {
							"vector": [0, 0, 52.5]
						},
						"3.0667": {
							"vector": [0, 0, 52.5]
						},
						"3.2": {
							"vector": [0, 0, 0]
						},
						"3.4333": {
							"vector": [0, 0, 0]
						}
					},
					"position": {
						"1.9667": {
							"vector": [0, 0, 0]
						},
						"2.1667": {
							"vector": [-7, 0, -6]
						},
						"2.3": {
							"vector": [-6, 2, -6]
						},
						"2.3667": {
							"vector": [-8, 16, -6]
						},
						"2.4333": {
							"vector": [-10, 16, 1]
						},
						"2.9667": {
							"vector": [-10, 16, 1]
						},
						"3.0667": {
							"vector": [-9, 15, -6]
						},
						"3.2": {
							"vector": [-6, 5, -6]
						},
						"3.4333": {
							"vector": [0, 0, 0]
						}
					}
				},
				"bolt": {
					"rotation": {
						"2.3333": {
							"vector": [0, 0, 0]
						},
						"2.4333": {
							"vector": [0, 0, 0]
						},
						"2.9667": {
							"vector": [0, 0, 0]
						},
						"3.0667": {
							"vector": [0, 0, 0]
						},
						"3.1333": {
							"vector": [0, 0, 0]
						}
					},
					"position": {
						"2.3333": {
							"vector": [0, 0, 0]
						},
						"2.4333": {
							"vector": [0, 0, 6]
						},
						"2.9667": {
							"vector": [0, 0, 6]
						},
						"3.0667": {
							"vector": [0, 0, 0]
						},
						"3.1333": {
							"vector": [0, 0, 0]
						}
					}
				},
				"bolthandle": {
					"rotation": {
						"2.3": {
							"vector": [0, 0, 0]
						},
						"2.3333": {
							"vector": [0, 0, 27.5]
						},
						"2.3667": {
							"vector": [0, 0, 90]
						},
						"2.9667": {
							"vector": [0, 0, 90]
						},
						"3.0333": {
							"vector": [0, 0, 90]
						},
						"3.0667": {
							"vector": [0, 0, 90]
						},
						"3.1333": {
							"vector": [0, 0, 90]
						},
						"3.2": {
							"vector": [0, 0, 0]
						}
					},
					"position": {
						"2.3667": {
							"vector": [0, 0, 0]
						},
						"2.4333": {
							"vector": [0, 0, 0]
						},
						"3.0667": {
							"vector": [0, 0, 0]
						},
						"3.1333": {
							"vector": [0, 0, 0]
						}
					}
				},
				"bulletloaded": {
					"rotation": {
						"vector": [0, 0, 0]
					},
					"position": {
						"0.0": {
							"vector": [0.5, 7.1, -33.5]
						},
						"2.9667": {
							"vector": [0.5, 7.1, -33.5]
						}
					}
				},
				"bulletreserve": {
					"position": {
						"0.0": {
							"vector": [0, -1, 0]
						},
						"2.3333": {
							"vector": [0, -0.85, -6]
						},
						"2.4333": {
							"vector": [0, -0.85, 0]
						},
						"2.8": {
							"vector": [0, -0.85, 0]
						},
						"2.9667": {
							"vector": [0, -0.85, 0]
						},
						"3.0667": {
							"vector": [0, -0.85, -6]
						}
					}
				}
			},
			"sound_effects": {
				"0.0": {
					"effect": "inspect_foley"
				},
				"0.0667": {
					"effect": "inspect_up"
				},
				"1.3": {
					"effect": "inspect_turn"
				},
				"2.3": {
					"effect": "ballista_boltback"
				},
				"2.8": {
					"effect": "boltforward"
				},
				"3.3": {
					"effect": "inspect_down"
				}
			}
		},
		"animation.model.reloadempty": {
			"loop": true,
			"animation_length": 2.7667,
			"bones": {
				"main": {
					"rotation": {
						"0.0": {
							"vector": [0, 0, 0]
						},
						"0.1667": {
							"vector": [-2.26784, 0.09899, 2.49804]
						},
						"0.3667": {
							"vector": [-5, 0, 0]
						},
						"0.4667": {
							"vector": [-4.92442, 0.86717, 9.96271]
						},
						"0.5333": {
							"vector": [-9.88733, 1.29876, 9.91615]
						},
						"0.6667": {
							"vector": [-4.98107, 0.43523, 4.98107]
						},
						"0.7333": {
							"vector": [-4.95744, 0.65182, 7.47178]
						},
						"0.9": {
							"vector": [-4.98107, 0.43523, 4.98107]
						},
						"1.0333": {
							"vector": [-24.92223, 0.97558, 9.95098]
						},
						"1.6": {
							"vector": [-19.38599, -1.18315, -0.40863]
						},
						"1.8667": {
							"vector": [-12.33945, 0.19467, 1.08248]
						},
						"2.0667": {
							"vector": [0.87539, 0.06799, -1.79876]
						},
						"2.2333": {
							"vector": [-4.98107, 0.43523, 4.98107]
						},
						"2.3333": {
							"vector": [0, 0, 0]
						},
						"2.4": {
							"vector": [5, 0, 0]
						},
						"2.6": {
							"vector": [0, 0, 5]
						},
						"2.7333": {
							"vector": [0, 0, 0]
						}
					},
					"position": {
						"0.0": {
							"vector": [0, 0, 0]
						},
						"0.4667": {
							"vector": [0, 0, 0]
						},
						"0.5333": {
							"vector": [0, -2, 4]
						},
						"0.6667": {
							"vector": [0, 0, 0]
						},
						"0.9": {
							"vector": [0, 0, 0]
						},
						"1.7667": {
							"vector": [0, 0, 0]
						},
						"1.8": {
							"vector": [0, -0.25, 0]
						},
						"1.8667": {
							"vector": [0, 0, 0]
						},
						"1.9333": {
							"vector": [0, -0.25, 0]
						},
						"2.0667": {
							"vector": [0, -1, 0]
						},
						"2.1333": {
							"vector": [0, 0.07, 0]
						},
						"2.2333": {
							"vector": [0, 0, 0]
						},
						"2.3333": {
							"vector": [0, 0, 0]
						},
						"2.4": {
							"vector": [0, 0, -2]
						},
						"2.5": {
							"vector": [0, 0, 0]
						},
						"2.7667": {
							"vector": [0, 0, 0]
						}
					}
				},
				"leftarm": {
					"rotation": {
						"0.0": {
							"vector": [0, 0, 0]
						},
						"0.9": {
							"vector": [0, 0, 0]
						},
						"2.2333": {
							"vector": [0, 0, 0]
						}
					},
					"position": {
						"0.0": {
							"vector": [0, 0, 0]
						},
						"0.1": {
							"vector": [0, 0, 0]
						},
						"0.9": {
							"vector": [0, 0, 0]
						},
						"2.2333": {
							"vector": [0, 0, 0]
						}
					}
				},
				"rightarm": {
					"rotation": {
						"0.0": {
							"vector": [0, 0, 0]
						},
						"0.3333": {
							"vector": [0, 0, 0]
						},
						"0.3667": {
							"vector": [-9.51065, 6.69531, 10.98703]
						},
						"0.4667": {
							"vector": [0, 0, 0]
						},
						"0.9": {
							"vector": [17.5, 15, 0]
						},
						"1.0333": {
							"vector": [-10, 15, 0]
						},
						"1.1333": {
							"vector": [-24.28962, 28.90628, 40.51538]
						},
						"1.4333": {
							"vector": [-15.59252, 41.62676, 98.07827]
						},
						"1.6333": {
							"vector": [-32.55887, 32.57488, 81.55451]
						},
						"1.7333": {
							"vector": [-31.54, 29.18, 84.94]
						},
						"1.8": {
							"vector": [-31.54, 29.18, 84.94]
						},
						"1.8667": {
							"vector": [-31.28, 28.3, 85.81]
						},
						"1.9333": {
							"vector": [-31.28, 28.3, 85.81]
						},
						"2.0": {
							"vector": [-30.93148, 27.13541, 86.97012]
						},
						"2.2333": {
							"vector": [0, 0, 0]
						},
						"2.3333": {
							"vector": [-9.62044, 4.36725, 11.9048]
						},
						"2.4": {
							"vector": [-9.51065, 6.69531, 10.98703]
						},
						"2.4667": {
							"vector": [0, 0, 0]
						},
						"2.7": {
							"vector": [0, 0, 0]
						}
					},
					"position": {
						"0.0": {
							"vector": [0, 0, 0]
						},
						"0.2": {
							"vector": [-7, 0, -6]
						},
						"0.3333": {
							"vector": [-6, 5, -6]
						},
						"0.3667": {
							"vector": [-6, 5, -6]
						},
						"0.4667": {
							"vector": [-6, 7.75, 1]
						},
						"0.9": {
							"vector": [-3, 0, 0]
						},
						"1.0333": {
							"vector": [-3, 0, -5]
						},
						"1.1333": {
							"vector": [-7, 9, -10]
						},
						"1.3667": {
							"vector": [-8.33, 10.67, -11]
						},
						"1.4333": {
							"vector": [-9, 13, -10]
						},
						"1.5": {
							"vector": [-12, 15.6, -13.6]
						},
						"1.6333": {
							"vector": [-14, 14, -16]
						},
						"1.7333": {
							"vector": [-14, 14.2, -16]
						},
						"1.8": {
							"vector": [-14, 14.2, -16]
						},
						"1.8667": {
							"vector": [-14, 13.26, -16]
						},
						"1.9333": {
							"vector": [-14, 13.26, -16]
						},
						"2.0": {
							"vector": [-14, 12, -16]
						},
						"2.0667": {
							"vector": [-15.43, 12.57, -13]
						},
						"2.2333": {
							"vector": [-6, 7.75, 1]
						},
						"2.3333": {
							"vector": [-6, 5, -6]
						},
						"2.4": {
							"vector": [-6, 5, -6]
						},
						"2.4667": {
							"vector": [-6, 5, -6]
						},
						"2.7": {
							"vector": [0, 0, 0]
						}
					}
				},
				"bolt": {
					"rotation": {
						"0.3667": {
							"vector": [0, 0, 0]
						},
						"0.4667": {
							"vector": [0, 0, 0]
						},
						"0.9": {
							"vector": [0, 0, 0]
						},
						"2.2333": {
							"vector": [0, 0, 0]
						},
						"2.3333": {
							"vector": [0, 0, 0]
						},
						"2.4": {
							"vector": [0, 0, 0]
						}
					},
					"position": {
						"0.3667": {
							"vector": [0, 0, 0]
						},
						"0.4667": {
							"vector": [0, 0, 7]
						},
						"0.9": {
							"vector": [0, 0, 7]
						},
						"2.2333": {
							"vector": [0, 0, 7]
						},
						"2.3333": {
							"vector": [0, 0, 0]
						},
						"2.4": {
							"vector": [0, 0, 0]
						}
					}
				},
				"bolthandle": {
					"rotation": {
						"0.3": {
							"vector": [0, 0, 0]
						},
						"0.3333": {
							"vector": [0, 0, 27.5]
						},
						"0.3667": {
							"vector": [0, 0, 90]
						},
						"0.9": {
							"vector": [0, 0, 90]
						},
						"2.2333": {
							"vector": [0, 0, 90]
						},
						"2.3": {
							"vector": [0, 0, 90]
						},
						"2.3333": {
							"vector": [0, 0, 90]
						},
						"2.4": {
							"vector": [0, 0, 90]
						},
						"2.4667": {
							"vector": [0, 0, 0]
						}
					},
					"position": {
						"0.3667": {
							"vector": [0, 0, 0]
						},
						"0.4333": {
							"vector": [0, 0, 0]
						},
						"0.9": {
							"vector": [0, 0, 0]
						},
						"2.3333": {
							"vector": [0, 0, 0]
						},
						"2.4": {
							"vector": [0, 0, 0]
						}
					}
				},
				"clip": {
					"rotation": {
						"0.0": {
							"vector": [0, 0, 0]
						},
						"0.9": {
							"vector": [0, 0, -90]
						},
						"1.0333": {
							"vector": [0, -20, -90]
						},
						"1.1333": {
							"vector": [0, -10, -45]
						},
						"1.2667": {
							"vector": [0, 0, 0]
						},
						"1.3667": {
							"vector": [0, 0, 0]
						},
						"1.4333": {
							"vector": [0, 0, 0]
						},
						"1.6333": {
							"vector": [0, 0, 0]
						}
					},
					"position": {
						"0.0": {
							"vector": [0, 0, 0]
						},
						"0.9": {
							"vector": [-4, -7, -25]
						},
						"1.0333": {
							"vector": [-4, 3, -28]
						},
						"1.1333": {
							"vector": [-1.75, 13.75, -30.25]
						},
						"1.2667": {
							"vector": [0.5, 12, -33]
						},
						"1.3667": {
							"vector": [0.5, 11, -33.25]
						},
						"1.4333": {
							"vector": [0.5, 11, -33.25]
						},
						"1.6333": {
							"vector": [0.5, 11, -33.25]
						}
					}
				},
				"strip": {
					"rotation": {
						"0.0": {
							"vector": [0, 0, 0]
						},
						"2.2333": {
							"vector": [0, 0, 0]
						},
						"2.3": {
							"vector": [-62.5, 0, 0]
						},
						"2.4333": {
							"vector": [-195, 0, 0]
						},
						"2.5": {
							"vector": [-242.5, 0, 0]
						},
						"2.5667": {
							"vector": [-322.5, 0, 0]
						}
					},
					"position": {
						"0.0": {
							"vector": [0, 0, 0]
						},
						"2.2333": {
							"vector": [0, 0, 0]
						},
						"2.3667": {
							"vector": [2, -1, 0]
						},
						"2.5": {
							"vector": [4, -6, 3]
						},
						"2.6333": {
							"vector": [4, -33, -2]
						}
					},
					"scale": {
						"vector": [1, 1, 1]
					}
				},
				"casing": {
					"rotation": {
						"0.0": {
							"vector": [0, 0, 0]
						},
						"0.4": {
							"vector": [0, 0, 0]
						},
						"0.4333": {
							"vector": [0, 60, 0]
						},
						"0.5": {
							"vector": [0, 147.5, 0]
						},
						"0.5667": {
							"vector": [0, 230, 0]
						},
						"0.6333": {
							"vector": [0, 290, 0]
						},
						"0.7": {
							"vector": [0, 357.5, 0]
						}
					},
					"position": {
						"0.0": {
							"vector": [0.5, 7, -33]
						},
						"0.4": {
							"vector": [0.5, 7, -33]
						},
						"0.4333": {
							"vector": [-2.5, 7, -32]
						},
						"0.5": {
							"vector": [-11.5, 10, -32]
						},
						"0.5667": {
							"vector": [-25.5, 8, -32]
						},
						"0.6333": {
							"vector": [-40.5, -7, -32]
						},
						"0.7": {
							"vector": [-40.5, -24, -32]
						}
					},
					"scale": {
						"0.0": {
							"vector": [1, 1, 1]
						},
						"0.6333": {
							"vector": [1, 1, 1]
						},
						"0.7": {
							"vector": [0, 0, 0]
						}
					}
				},
				"scope": {
					"position": {
						"0.0": {
							"vector": [0, 0, 0]
						},
						"0.1667": {
							"vector": [0, 0.25, 0]
						}
					}
				},
				"bulletreserve": {
					"position": {
						"2.2333": {
							"vector": [0, 0, 0]
						},
						"2.3333": {
							"vector": [0, 0, -7]
						}
					}
				},
				"bullets": {
					"rotation": {
						"1.4333": {
							"vector": [0, 0, 0]
						},
						"1.6333": {
							"vector": [0, 0, 0]
						}
					},
					"position": {
						"1.4333": {
							"vector": [0, 0, 0]
						},
						"1.6333": {
							"vector": [0, 0, 0]
						},
						"1.7333": {
							"vector": [0, -0.9, 0]
						},
						"1.8": {
							"vector": [0, -0.9, 0]
						},
						"1.8667": {
							"vector": [0, -2.55, 0]
						},
						"1.9333": {
							"vector": [0, -2.55, 0]
						},
						"2.0": {
							"vector": [0, -4.75, 0]
						}
					},
					"scale": {
						"0.0": {
							"vector": [0, 0, 0]
						},
						"0.4": {
							"vector": [0, 0, 0]
						},
						"0.5": {
							"vector": [1, 1, 1]
						}
					}
				},
				"firingpin": {
					"position": {
						"0.0": {
							"vector": [0, 0, -1.25]
						},
						"2.3": {
							"vector": [0, 0, -1.25]
						},
						"2.3333": {
							"vector": [0, 0, 0]
						}
					}
				}
			},
			"sound_effects": {
				"0.0": {
					"effect": "foley_end"
				},
				"0.3": {
					"effect": "ballista_boltback"
				},
				"0.9": {
					"effect": "foley_start"
				},
				"1.2": {
					"effect": "bulletinsert"
				},
				"1.6667": {
					"effect": "at4_lever"
				},
				"2.2333": {
					"effect": "boltforward"
				}
			}
		},
		"animation.model.reloadempty2": {
			"loop": true,
			"animation_length": 4.7333,
			"bones": {
				"main": {
					"rotation": {
						"0.0": {
							"vector": [0, 0, 0]
						},
						"0.1667": {
							"vector": [-2.26784, 0.09899, 2.49804]
						},
						"0.3667": {
							"vector": [-5, 0, 0]
						},
						"0.4667": {
							"vector": [-4.92442, 0.86717, 9.96271]
						},
						"0.5333": {
							"vector": [-9.88733, 1.29876, 9.91615]
						},
						"0.6667": {
							"vector": [-4.98107, 0.43523, 4.98107]
						},
						"0.7333": {
							"vector": [-4.95744, 0.65182, 7.47178]
						},
						"0.8667": {
							"vector": [-4.98107, 0.43523, 4.98107]
						},
						"0.9667": {
							"vector": [-14.71262, 4.20035, 16.93604]
						},
						"1.1333": {
							"vector": [0.87539, 0.06799, -1.79876]
						},
						"1.3333": {
							"vector": [-2.00247, 0.51736, 9.08662]
						},
						"1.4667": {
							"vector": [-4.98107, 0.43523, 4.98107]
						},
						"1.5667": {
							"vector": [-14.71262, 4.20035, 16.93604]
						},
						"1.7333": {
							"vector": [0.87539, 0.06799, -1.79876]
						},
						"1.9333": {
							"vector": [-2.00247, 0.51736, 9.08662]
						},
						"2.0667": {
							"vector": [-4.98107, 0.43523, 4.98107]
						},
						"2.1667": {
							"vector": [-14.71262, 4.20035, 16.93604]
						},
						"2.3333": {
							"vector": [0.87539, 0.06799, -1.79876]
						},
						"2.5333": {
							"vector": [-2.00247, 0.51736, 9.08662]
						},
						"2.6667": {
							"vector": [-4.98107, 0.43523, 4.98107]
						},
						"2.7667": {
							"vector": [-14.71262, 4.20035, 16.93604]
						},
						"2.9333": {
							"vector": [0.87539, 0.06799, -1.79876]
						},
						"3.1333": {
							"vector": [-2.00247, 0.51736, 9.08662]
						},
						"3.2667": {
							"vector": [-4.98107, 0.43523, 4.98107]
						},
						"3.3667": {
							"vector": [-14.71262, 4.20035, 16.93604]
						},
						"3.5333": {
							"vector": [0.87539, 0.06799, -1.79876]
						},
						"3.7333": {
							"vector": [-2.00247, 0.51736, 9.08662]
						},
						"3.9667": {
							"vector": [-4.98107, 0.43523, 4.98107]
						},
						"4.0667": {
							"vector": [0, 0, 0]
						},
						"4.1333": {
							"vector": [5, 0, 0]
						},
						"4.3333": {
							"vector": [0, 0, 5]
						},
						"4.4667": {
							"vector": [0, 0, 0]
						}
					},
					"position": {
						"0.0": {
							"vector": [0, 0, 0]
						},
						"0.4667": {
							"vector": [0, 0, 0]
						},
						"0.5333": {
							"vector": [0, -2, 4]
						},
						"0.6667": {
							"vector": [0, 0, 0]
						},
						"0.8667": {
							"vector": [0, 0, 0]
						},
						"1.0667": {
							"vector": [0, -0.25, 0]
						},
						"1.1333": {
							"vector": [0, -1, 0]
						},
						"1.2": {
							"vector": [0, 0.07, 0]
						},
						"1.4667": {
							"vector": [0, 0, 0]
						},
						"1.6667": {
							"vector": [0, -0.25, 0]
						},
						"1.7333": {
							"vector": [0, -1, 0]
						},
						"1.8": {
							"vector": [0, 0.07, 0]
						},
						"2.0667": {
							"vector": [0, 0, 0]
						},
						"2.2667": {
							"vector": [0, -0.25, 0]
						},
						"2.3333": {
							"vector": [0, -1, 0]
						},
						"2.4": {
							"vector": [0, 0.07, 0]
						},
						"2.6667": {
							"vector": [0, 0, 0]
						},
						"2.8667": {
							"vector": [0, -0.25, 0]
						},
						"2.9333": {
							"vector": [0, -1, 0]
						},
						"3.0": {
							"vector": [0, 0.07, 0]
						},
						"3.2667": {
							"vector": [0, 0, 0]
						},
						"3.4667": {
							"vector": [0, -0.25, 0]
						},
						"3.5333": {
							"vector": [0, -1, 0]
						},
						"3.6": {
							"vector": [0, 0.07, 0]
						},
						"3.9667": {
							"vector": [0, 0, 0]
						},
						"4.0667": {
							"vector": [0, 0, 0]
						},
						"4.1333": {
							"vector": [0, 0, -2]
						},
						"4.2333": {
							"vector": [0, 0, 0]
						},
						"4.5": {
							"vector": [0, 0, 0]
						}
					}
				},
				"leftarm": {
					"rotation": {
						"0.0": {
							"vector": [0, 0, 0]
						},
						"0.8667": {
							"vector": [0, 0, 0]
						},
						"1.4667": {
							"vector": [0, 0, 0]
						},
						"2.0667": {
							"vector": [0, 0, 0]
						},
						"2.6667": {
							"vector": [0, 0, 0]
						},
						"3.2667": {
							"vector": [0, 0, 0]
						},
						"3.9667": {
							"vector": [0, 0, 0]
						}
					},
					"position": {
						"0.0": {
							"vector": [0, 0, 0]
						},
						"0.1": {
							"vector": [0, 0, 0]
						},
						"0.8667": {
							"vector": [0, 0, 0]
						},
						"1.4667": {
							"vector": [0, 0, 0]
						},
						"2.0667": {
							"vector": [0, 0, 0]
						},
						"2.6667": {
							"vector": [0, 0, 0]
						},
						"3.2667": {
							"vector": [0, 0, 0]
						},
						"3.9667": {
							"vector": [0, 0, 0]
						}
					}
				},
				"rightarm": {
					"rotation": {
						"0.0": {
							"vector": [0, 0, 0]
						},
						"0.3333": {
							"vector": [0, 0, 0]
						},
						"0.3667": {
							"vector": [-9.51065, 6.69531, 10.98703]
						},
						"0.4667": {
							"vector": [0, 0, 0]
						},
						"0.8667": {
							"vector": [17.5, 15, 0]
						},
						"1.0667": {
							"vector": [-21.78284, -2.80698, 53.04144]
						},
						"1.1333": {
							"vector": [-22.32021, -1.41381, 55.18573]
						},
						"1.2": {
							"vector": [-19.82067, -6.85387, 46.42815]
						},
						"1.4667": {
							"vector": [17.5, 15, 0]
						},
						"1.6667": {
							"vector": [-21.78284, -2.80698, 53.04144]
						},
						"1.7333": {
							"vector": [-22.32021, -1.41381, 55.18573]
						},
						"1.8": {
							"vector": [-19.82067, -6.85387, 46.42815]
						},
						"2.0667": {
							"vector": [17.5, 15, 0]
						},
						"2.2667": {
							"vector": [-21.78284, -2.80698, 53.04144]
						},
						"2.3333": {
							"vector": [-22.32021, -1.41381, 55.18573]
						},
						"2.4": {
							"vector": [-19.82067, -6.85387, 46.42815]
						},
						"2.6667": {
							"vector": [17.5, 15, 0]
						},
						"2.8667": {
							"vector": [-21.78284, -2.80698, 53.04144]
						},
						"2.9333": {
							"vector": [-22.32021, -1.41381, 55.18573]
						},
						"3.0": {
							"vector": [-19.82067, -6.85387, 46.42815]
						},
						"3.2667": {
							"vector": [17.5, 15, 0]
						},
						"3.4667": {
							"vector": [-21.78284, -2.80698, 53.04144]
						},
						"3.5333": {
							"vector": [-22.32021, -1.41381, 55.18573]
						},
						"3.6": {
							"vector": [-19.82067, -6.85387, 46.42815]
						},
						"3.9667": {
							"vector": [0, 0, 0]
						},
						"4.0667": {
							"vector": [-9.62044, 4.36725, 11.9048]
						},
						"4.1333": {
							"vector": [-9.51065, 6.69531, 10.98703]
						},
						"4.2": {
							"vector": [0, 0, 0]
						},
						"4.4333": {
							"vector": [0, 0, 0]
						}
					},
					"position": {
						"0.0": {
							"vector": [0, 0, 0]
						},
						"0.2": {
							"vector": [-7, 0, -6]
						},
						"0.3333": {
							"vector": [-6, 5, -6]
						},
						"0.3667": {
							"vector": [-6, 5, -6]
						},
						"0.4667": {
							"vector": [-6, 7.75, 1]
						},
						"0.8667": {
							"vector": [-3, 0, 0]
						},
						"1.0667": {
							"vector": [-14.33, 10.67, -14]
						},
						"1.1333": {
							"vector": [-13.33, 10.67, -14]
						},
						"1.2": {
							"vector": [-13.33, 10.67, -14]
						},
						"1.4667": {
							"vector": [-3, 0, 0]
						},
						"1.6667": {
							"vector": [-14.33, 10.67, -14]
						},
						"1.7333": {
							"vector": [-13.33, 10.67, -14]
						},
						"1.8": {
							"vector": [-13.33, 10.67, -14]
						},
						"2.0667": {
							"vector": [-3, 0, 0]
						},
						"2.2667": {
							"vector": [-14.33, 10.67, -14]
						},
						"2.3333": {
							"vector": [-13.33, 10.67, -14]
						},
						"2.4": {
							"vector": [-13.33, 10.67, -14]
						},
						"2.6667": {
							"vector": [-3, 0, 0]
						},
						"2.8667": {
							"vector": [-14.33, 10.67, -14]
						},
						"2.9333": {
							"vector": [-13.33, 10.67, -14]
						},
						"3.0": {
							"vector": [-13.33, 10.67, -14]
						},
						"3.2667": {
							"vector": [-3, 0, 0]
						},
						"3.4667": {
							"vector": [-14.33, 10.67, -14]
						},
						"3.5333": {
							"vector": [-13.33, 10.67, -14]
						},
						"3.6": {
							"vector": [-13.33, 10.67, -14]
						},
						"3.9667": {
							"vector": [-6, 7.75, 1]
						},
						"4.0667": {
							"vector": [-6, 5, -6]
						},
						"4.1333": {
							"vector": [-6, 5, -6]
						},
						"4.2": {
							"vector": [-6, 5, -6]
						},
						"4.4333": {
							"vector": [0, 0, 0]
						}
					}
				},
				"bolt": {
					"rotation": {
						"0.3667": {
							"vector": [0, 0, 0]
						},
						"0.4667": {
							"vector": [0, 0, 0]
						},
						"0.8667": {
							"vector": [0, 0, 0]
						},
						"1.4667": {
							"vector": [0, 0, 0]
						},
						"2.0667": {
							"vector": [0, 0, 0]
						},
						"2.6667": {
							"vector": [0, 0, 0]
						},
						"3.2667": {
							"vector": [0, 0, 0]
						},
						"3.9667": {
							"vector": [0, 0, 0]
						},
						"4.0667": {
							"vector": [0, 0, 0]
						},
						"4.1333": {
							"vector": [0, 0, 0]
						}
					},
					"position": {
						"0.3667": {
							"vector": [0, 0, 0]
						},
						"0.4667": {
							"vector": [0, 0, 7]
						},
						"0.8667": {
							"vector": [0, 0, 7]
						},
						"1.4667": {
							"vector": [0, 0, 7]
						},
						"2.0667": {
							"vector": [0, 0, 7]
						},
						"2.6667": {
							"vector": [0, 0, 7]
						},
						"3.2667": {
							"vector": [0, 0, 7]
						},
						"3.9667": {
							"vector": [0, 0, 7]
						},
						"4.0667": {
							"vector": [0, 0, 0]
						},
						"4.1333": {
							"vector": [0, 0, 0]
						}
					}
				},
				"bolthandle": {
					"rotation": {
						"0.3": {
							"vector": [0, 0, 0]
						},
						"0.3333": {
							"vector": [0, 0, 27.5]
						},
						"0.3667": {
							"vector": [0, 0, 90]
						},
						"0.8667": {
							"vector": [0, 0, 90]
						},
						"1.4667": {
							"vector": [0, 0, 90]
						},
						"2.0667": {
							"vector": [0, 0, 90]
						},
						"2.6667": {
							"vector": [0, 0, 90]
						},
						"3.2667": {
							"vector": [0, 0, 90]
						},
						"3.9667": {
							"vector": [0, 0, 90]
						},
						"4.0667": {
							"vector": [0, 0, 90]
						},
						"4.1333": {
							"vector": [0, 0, 90]
						},
						"4.2": {
							"vector": [0, 0, 0]
						}
					},
					"position": {
						"0.3667": {
							"vector": [0, 0, 0]
						},
						"0.4333": {
							"vector": [0, 0, 0]
						},
						"0.8667": {
							"vector": [0, 0, 0]
						},
						"1.4667": {
							"vector": [0, 0, 0]
						},
						"2.0667": {
							"vector": [0, 0, 0]
						},
						"2.6667": {
							"vector": [0, 0, 0]
						},
						"3.2667": {
							"vector": [0, 0, 0]
						},
						"4.0667": {
							"vector": [0, 0, 0]
						},
						"4.1333": {
							"vector": [0, 0, 0]
						}
					}
				},
				"clip": {
					"rotation": {
						"vector": [0, 0, 0]
					},
					"position": {
						"vector": [0, 0, 0]
					}
				},
				"bulletloaded": {
					"scale": {
						"0.0": {
							"vector": [0, 0, 0]
						},
						"1.1333": {
							"vector": [0, 0, 0]
						},
						"1.2": {
							"vector": [1, 1, 1]
						}
					}
				},
				"bulletreserve": {
					"rotation": {
						"0.8667": {
							"vector": [0, 0, 0]
						},
						"1.0667": {
							"vector": [0, 0, 0]
						},
						"1.4667": {
							"vector": [0, 0, 0]
						},
						"1.6667": {
							"vector": [0, 0, 0]
						},
						"2.0667": {
							"vector": [0, 0, 0]
						},
						"2.2667": {
							"vector": [0, 0, 0]
						},
						"2.6667": {
							"vector": [0, 0, 0]
						},
						"2.8667": {
							"vector": [0, 0, 0]
						},
						"3.2667": {
							"vector": [0, 0, 0]
						},
						"3.4667": {
							"vector": [0, 0, 0]
						}
					},
					"position": {
						"0.8667": {
							"vector": [-6, -13, 6]
						},
						"0.9667": {
							"vector": [-4, -3.5, 1]
						},
						"1.0": {
							"vector": [-2.67, -1.67, -0.33]
						},
						"1.0667": {
							"vector": [0, 0, 0]
						},
						"1.4667": {
							"vector": [-6, -13, 6]
						},
						"1.5667": {
							"vector": [-4, -3.5, 1]
						},
						"1.6": {
							"vector": [-2.67, -1.67, -0.33]
						},
						"1.6667": {
							"vector": [0, 0, 0]
						},
						"2.0667": {
							"vector": [-6, -13, 6]
						},
						"2.1667": {
							"vector": [-4, -3.5, 1]
						},
						"2.2": {
							"vector": [-2.67, -1.67, -0.33]
						},
						"2.2667": {
							"vector": [0, 0, 0]
						},
						"2.6667": {
							"vector": [-6, -13, 6]
						},
						"2.7667": {
							"vector": [-4, -3.5, 1]
						},
						"2.8": {
							"vector": [-2.67, -1.67, -0.33]
						},
						"2.8667": {
							"vector": [0, 0, 0]
						},
						"3.2667": {
							"vector": [-6, -13, 6]
						},
						"3.3667": {
							"vector": [-4, -3.5, 1]
						},
						"3.4": {
							"vector": [-2.67, -1.67, -0.33]
						},
						"3.4667": {
							"vector": [0, 0, 0]
						},
						"3.9667": {
							"vector": [0, 0, 0]
						},
						"4.0667": {
							"vector": [0, 0, -7]
						}
					}
				},
				"bullets": {
					"rotation": {
						"0.8667": {
							"vector": [0, 0, 0]
						},
						"1.0667": {
							"vector": [0, 0, 0]
						},
						"1.3": {
							"vector": [0, 0, 0]
						},
						"1.6667": {
							"vector": [0, 0, 0]
						},
						"1.9": {
							"vector": [0, 0, 0]
						},
						"2.2667": {
							"vector": [0, 0, 0]
						},
						"2.5": {
							"vector": [0, 0, 0]
						},
						"2.8667": {
							"vector": [0, 0, 0]
						},
						"3.1": {
							"vector": [0, 0, 0]
						},
						"3.4667": {
							"vector": [0, 0, 0]
						},
						"3.9667": {
							"vector": [0, 0, 0]
						}
					},
					"position": {
						"0.8667": {
							"vector": [0.5, 7.1, -33.5]
						},
						"1.0667": {
							"vector": [0.5, 7.1, -33.5]
						},
						"1.1333": {
							"vector": [0.5, 5.85, -33.5]
						},
						"1.2": {
							"vector": [0.5, 6.35, -33.5]
						},
						"1.3": {
							"vector": [0.5, 7.1, -33.5]
						},
						"1.6667": {
							"vector": [0.5, 7.1, -33.5]
						},
						"1.7333": {
							"vector": [0.5, 5.85, -33.5]
						},
						"1.8": {
							"vector": [0.5, 6.35, -33.5]
						},
						"1.9": {
							"vector": [0.5, 7.1, -33.5]
						},
						"2.2667": {
							"vector": [0.5, 7.1, -33.5]
						},
						"2.3333": {
							"vector": [0.5, 5.85, -33.5]
						},
						"2.4": {
							"vector": [0.5, 6.35, -33.5]
						},
						"2.5": {
							"vector": [0.5, 7.1, -33.5]
						},
						"2.8667": {
							"vector": [0.5, 7.1, -33.5]
						},
						"2.9333": {
							"vector": [0.5, 5.85, -33.5]
						},
						"3.0": {
							"vector": [0.5, 6.35, -33.5]
						},
						"3.1": {
							"vector": [0.5, 7.1, -33.5]
						},
						"3.4667": {
							"vector": [0.5, 7.1, -33.5]
						},
						"3.5333": {
							"vector": [0.5, 5.85, -33.5]
						},
						"3.6": {
							"vector": [0.5, 6.35, -33.5]
						},
						"3.9667": {
							"vector": [0.5, 6.35, -33.5]
						}
					},
					"scale": {
						"0.0": {
							"vector": [0, 0, 0]
						},
						"0.4": {
							"vector": [0, 0, 0]
						},
						"0.5": {
							"vector": [1, 1, 1]
						}
					}
				},
				"firingpin": {
					"position": {
						"0.0": {
							"vector": [0, 0, -1.25]
						},
						"4.0333": {
							"vector": [0, 0, -1.25]
						},
						"4.0667": {
							"vector": [0, 0, 0]
						}
					}
				}
			},
			"sound_effects": {
				"0.0": {
					"effect": "foley_end"
				},
				"0.3": {
					"effect": "ballista_boltback"
				},
				"1.0333": {
					"effect": "bulletinsert"
				},
				"1.6333": {
					"effect": "bulletinsert"
				},
				"2.0667": {
					"effect": "foley_start"
				},
				"2.2333": {
					"effect": "bulletinsert"
				},
				"2.8333": {
					"effect": "bulletinsert"
				},
				"3.4333": {
					"effect": "bulletinsert"
				},
				"3.9": {
					"effect": "boltforward"
				}
			}
		},
		"animation.model.draw": {
			"loop": true,
			"animation_length": 1.2,
			"bones": {
				"main": {
					"rotation": {
						"0.0": {
							"vector": [32.09413, -54.38778, -8.29667]
						},
						"0.35": {
							"vector": [0.50518, -5.08075, 6.8716]
						},
						"0.5": {
							"vector": [0.32389, -0.60235, -2.1558]
						},
						"0.6": {
							"vector": [0, 0, 0]
						}
					},
					"position": {
						"0.0": {
							"vector": [0, -17.3, 0]
						},
						"0.25": {
							"vector": [-0.4, -2.525, -1.625]
						},
						"0.4": {
							"vector": [-0.05, 0, -2.49]
						},
						"0.55": {
							"vector": [0, 0, 0]
						}
					}
				},
				"leftarm": {
					"rotation": {
						"0.0": {
							"vector": [0, 0, 0]
						},
						"0.2": {
							"vector": [1, 0, -22]
						},
						"0.4": {
							"vector": [0, 0, 0]
						}
					},
					"position": {
						"0.0": {
							"vector": [0, 0, 0]
						},
						"0.2": {
							"vector": [3.53901, 3.6754, 5.59783]
						},
						"0.4": {
							"vector": [0, 0, 0]
						}
					}
				}
			},
			"sound_effects": {
				"0.05": {
					"effect": "foley_end"
				}
			}
		},
		"animation.model.fire": {
			"loop": true,
			"animation_length": 1.1667,
			"bones": {
				"main": {
					"rotation": {
						"0.0": {
							"vector": [0, 0, 0]
						},
						"0.0333": {
							"vector": [-2.49762, 0.10901, 2.49762]
						},
						"0.0667": {
							"vector": [-5, 0, 0]
						},
						"0.2": {
							"vector": [0, 0, 0]
						},
						"0.3667": {
							"vector": [-5.5888, 1.58542, 14.63885]
						},
						"0.5": {
							"vector": [-7.27574, 1.71732, 9.87183]
						},
						"0.5333": {
							"vector": [-13.85291, 1.71366, 1.73683]
						},
						"0.7333": {
							"vector": [0, 0, 0]
						},
						"0.8": {
							"vector": [5, 0, 0]
						},
						"1.0": {
							"vector": [0, 0, 5]
						},
						"1.1333": {
							"vector": [0, 0, 0]
						}
					},
					"position": {
						"0.0": {
							"vector": [0, 0, 0]
						},
						"0.0333": {
							"vector": [0, 0.5, 3.5]
						},
						"0.0667": {
							"vector": [0, 1, 7]
						},
						"0.3333": {
							"vector": [0, 0, 0]
						},
						"0.5": {
							"vector": [0, 0, 0]
						},
						"0.7333": {
							"vector": [0, 0, 0]
						},
						"0.8": {
							"vector": [0, 0, -2]
						},
						"0.9": {
							"vector": [0, 0, 0]
						},
						"1.1667": {
							"vector": [0, 0, 0]
						}
					}
				},
				"leftarm": {
					"rotation": {
						"vector": [0, 0, 0]
					},
					"position": {
						"0.0": {
							"vector": [0, 0, 0]
						},
						"0.1": {
							"vector": [0, 0, 0]
						}
					}
				},
				"rightarm": {
					"rotation": {
						"0.0": {
							"vector": [0, 0, 0]
						},
						"0.3333": {
							"vector": [0, 0, 0]
						},
						"0.3667": {
							"vector": [-9.51065, 6.69531, 10.98703]
						},
						"0.4667": {
							"vector": [0, 0, 0]
						},
						"0.5333": {
							"vector": [0, 0, 0]
						},
						"0.6333": {
							"vector": [-9.62044, 4.36725, 11.9048]
						},
						"0.7": {
							"vector": [-9.51065, 6.69531, 10.98703]
						},
						"0.7667": {
							"vector": [0, 0, 0]
						},
						"1.0": {
							"vector": [0, 0, 0]
						}
					},
					"position": {
						"0.0": {
							"vector": [0, 0, 0]
						},
						"0.2": {
							"vector": [-7, 0, -6]
						},
						"0.3333": {
							"vector": [-6, 5, -6]
						},
						"0.3667": {
							"vector": [-6, 5, -6]
						},
						"0.4667": {
							"vector": [-6, 7.75, 1]
						},
						"0.5333": {
							"vector": [-6, 7.75, 1]
						},
						"0.6333": {
							"vector": [-6, 5, -6]
						},
						"0.7": {
							"vector": [-6, 5, -6]
						},
						"0.7667": {
							"vector": [-6, 5, -6]
						},
						"1.0": {
							"vector": [0, 0, 0]
						}
					}
				},
				"bolt": {
					"rotation": {
						"0.3667": {
							"vector": [0, 0, 0]
						},
						"0.4667": {
							"vector": [0, 0, 0]
						},
						"0.5333": {
							"vector": [0, 0, 0]
						},
						"0.6333": {
							"vector": [0, 0, 0]
						},
						"0.7": {
							"vector": [0, 0, 0]
						}
					},
					"position": {
						"0.3667": {
							"vector": [0, 0, 0]
						},
						"0.4667": {
							"vector": [0, 0, 7]
						},
						"0.5333": {
							"vector": [0, 0, 7]
						},
						"0.6333": {
							"vector": [0, 0, 0]
						},
						"0.7": {
							"vector": [0, 0, 0]
						}
					}
				},
				"bolthandle": {
					"rotation": {
						"0.3": {
							"vector": [0, 0, 0]
						},
						"0.3333": {
							"vector": [0, 0, 27.5]
						},
						"0.3667": {
							"vector": [0, 0, 90]
						},
						"0.5333": {
							"vector": [0, 0, 90]
						},
						"0.6": {
							"vector": [0, 0, 90]
						},
						"0.6333": {
							"vector": [0, 0, 90]
						},
						"0.7": {
							"vector": [0, 0, 90]
						},
						"0.7667": {
							"vector": [0, 0, 0]
						}
					},
					"position": {
						"0.0": {
							"vector": [0, 0, 0]
						},
						"0.3667": {
							"vector": [0, 0, 0]
						},
						"0.4333": {
							"vector": [0, 0, 0]
						},
						"0.6333": {
							"vector": [0, 0, 0]
						},
						"0.7": {
							"vector": [0, 0, 0]
						}
					}
				},
				"casing": {
					"rotation": {
						"0.0": {
							"vector": [0, 0, 0]
						},
						"0.4667": {
							"vector": [0, 0, 0]
						},
						"0.5": {
							"vector": [0, 60, 0]
						},
						"0.5667": {
							"vector": [0, 147.5, 0]
						},
						"0.6333": {
							"vector": [0, 230, 0]
						},
						"0.7": {
							"vector": [0, 290, 0]
						},
						"0.7667": {
							"vector": [0, 357.5, 0]
						}
					},
					"position": {
						"0.0": {
							"vector": [0.5, 7, -33]
						},
						"0.4667": {
							"vector": [0.5, 7, -33.75]
						},
						"0.5": {
							"vector": [-2.5, 7, -32.75]
						},
						"0.5667": {
							"vector": [-11.5, 10, -32]
						},
						"0.6333": {
							"vector": [-25.5, 8, -32]
						},
						"0.7": {
							"vector": [-40.5, -7, -32]
						},
						"0.7667": {
							"vector": [-40.5, -24, -32]
						}
					},
					"scale": {
						"0.0": {
							"vector": [1, 1, 1]
						},
						"0.7": {
							"vector": [1, 1, 1]
						},
						"0.7667": {
							"vector": [0, 0, 0]
						}
					}
				},
				"bulletreserve": {
					"rotation": {
						"vector": [0, 0, 0]
					},
					"position": {
						"vector": [0, 0, 0]
					},
					"scale": {
						"vector": [1, 1, 1]
					}
				},
				"safetylever": {
					"rotation": {
						"0.0": {
							"vector": [0, 0, 0]
						},
						"0.0667": {
							"vector": [0, 0, -7.5]
						},
						"0.1333": {
							"vector": [0, 0, 0]
						},
						"0.1667": {
							"vector": [0, 0, -7.5]
						},
						"0.2333": {
							"vector": [0, 0, 0]
						},
						"0.8": {
							"vector": [0, 0, 0]
						},
						"0.8667": {
							"vector": [0, 0, -7.5]
						},
						"0.9333": {
							"vector": [0, 0, 0]
						},
						"0.9667": {
							"vector": [0, 0, -7.5]
						},
						"1.0333": {
							"vector": [0, 0, 0]
						}
					},
					"position": {
						"0.0": {
							"vector": [0, 0, 0]
						},
						"0.8": {
							"vector": [0, 0, 0]
						}
					}
				},
				"firingpin": {
					"position": {
						"0.0": {
							"vector": [0, 0, 0]
						},
						"0.0333": {
							"vector": [0, 0, -1.25]
						},
						"0.6": {
							"vector": [0, 0, -1.25]
						},
						"0.6333": {
							"vector": [0, 0, 0]
						}
					}
				}
			},
			"sound_effects": {
				"0.2333": {
					"effect": "ballista_boltback"
				},
				"0.3667": {
					"effect": "boltforward"
				}
			}
		}
	},
	"geckolib_format_version": 2
}