{
	"format_version": "1.8.0",
	"animations": {
		"animation.model.draw": {
			"loop": true,
			"animation_length": 1.2,
			"bones": {
				"main": {
					"rotation": {
						"0.0": {
							"vector": [18.3516, -10.6923, 15.19687]
						},
						"0.2": {
							"vector": [1.75167, -2.49883, -4.07639]
						},
						"0.35": {
							"vector": [0.58201, -1.04064, 2.6563]
						},
						"0.45": {
							"vector": [0.34258, 0.38164, 0.59987]
						},
						"0.55": {
							"vector": [0, 0, 0]
						}
					},
					"position": {
						"0.0": {
							"vector": [0, -17.3, 10]
						},
						"0.1": {
							"vector": [0, -7.41, -4.07]
						},
						"0.2": {
							"vector": [-0.4, -1.2, -7.75]
						},
						"0.3": {
							"vector": [0.4, 0, 1.6]
						},
						"0.5": {
							"vector": [0, 0, 0]
						}
					}
				},
				"_camera_": {
					"rotation": {
						"0.0": {
							"vector": [0, 0, 0]
						},
						"0.15": {
							"vector": [1.80238, -0.89738, -1.597],
							"easing": "easeInOutSine"
						},
						"0.35": {
							"vector": [0.44082, -0.01767, 1.01624]
						},
						"0.5": {
							"vector": [0, 0, 0],
							"easing": "easeOutSine"
						}
					}
				}
			},
			"sound_effects": {
				"0.0": {
					"effect": "pistol_draw"
				}
			}
		},
		"animation.model.inspect": {
			"loop": true,
			"animation_length": 4.2167,
			"bones": {
				"main": {
					"rotation": {
						"0.0": {
							"vector": [0, 0, 0]
						},
						"0.3667": {
							"vector": [-17.37578, 13.78108, 46.66933],
							"easing": "easeInOutSine"
						},
						"0.4833": {
							"vector": [-17.26197, 13.46167, 47.0306]
						},
						"0.6167": {
							"vector": [-16.57697, 14.67982, 49.76587]
						},
						"0.7167": {
							"vector": [-16.0642, 15.87827, 51.68507],
							"easing": "easeInSine"
						},
						"0.9": {
							"vector": [-16.72113, 17.76023, 54.72043],
							"easing": "easeOutSine"
						},
						"1.0333": {
							"vector": [-17.45403, 17.8596, 54.8329]
						},
						"1.1833": {
							"vector": [-18.22463, 17.46103, 53.91949]
						},
						"1.3667": {
							"vector": [-17.73291, 17.48019, 53.95302]
						},
						"1.5667": {
							"vector": [-17.50624, 17.70722, 54.70291]
						},
						"1.9667": {
							"vector": [-5.36638, -28.92213, -18.4613],
							"easing": "easeInOutSine"
						},
						"2.3667": {
							"vector": [-4.87721, -33.44469, -23.99178]
						},
						"2.5667": {
							"vector": [-3.31352, -34.20281, -25.90188]
						},
						"2.8": {
							"vector": [-5.42051, -34.62876, -23.03462]
						},
						"3.05": {
							"vector": [-7.95076, 4.6277, 48.42796]
						},
						"3.1667": {
							"vector": [0, -1.75, -2.75]
						},
						"3.3": {
							"vector": [0, 0, -13]
						},
						"3.4833": {
							"vector": [0, 0, 0]
						},
						"3.5833": {
							"vector": [0, 0, 0]
						}
					},
					"position": {
						"0.0": {
							"vector": [0, 0, 0]
						},
						"0.1667": {
							"vector": [7.36, -3.83, 0.59],
							"easing": "easeInSine"
						},
						"0.3333": {
							"vector": [15.005, -3.255, -0.095],
							"easing": "linear"
						},
						"0.6": {
							"vector": [17.18, -1.83, 1.38],
							"easing": "easeOutSine"
						},
						"0.85": {
							"vector": [17.38, -2.23, 1.38]
						},
						"1.0167": {
							"vector": [17.38, -2.105, 1.38]
						},
						"1.25": {
							"vector": [17.43, -2.1, 1.38]
						},
						"1.5": {
							"vector": [17.305, -2.375, 1.38],
							"easing": "easeInOutSine"
						},
						"1.7333": {
							"vector": [5.53, -5.025, 1.38],
							"easing": "easeInSine"
						},
						"1.9167": {
							"vector": [-0.69, -2.6, 2.18],
							"easing": "easeOutSine"
						},
						"2.1667": {
							"vector": [-0.485, -1.75, 1.41]
						},
						"2.3833": {
							"vector": [-0.21, -1.48, 1.78]
						},
						"2.6667": {
							"vector": [-0.16, -1.72, 1.38]
						},
						"3.0167": {
							"vector": [1.995, 0.115, 1.59],
							"easing": "easeInOutSine"
						},
						"3.1333": {
							"vector": [-0.25, -3.21, 4.05]
						},
						"3.25": {
							"vector": [-0.525, 1.75, 4]
						},
						"3.3333": {
							"vector": [-0.875, 2.67, 4]
						},
						"3.4167": {
							"vector": [0, -0.6, 4.475]
						},
						"3.5333": {
							"vector": [0, 0, 0]
						},
						"3.5833": {
							"vector": [0, 0, 0]
						}
					}
				},
				"rightarm": {
					"rotation": {
						"0.0": {
							"vector": [0, 0, 0]
						},
						"1.6167": {
							"vector": [0, 0, 0]
						},
						"1.8167": {
							"vector": [0, 10, 0]
						},
						"3.3": {
							"vector": [0, 10, 0]
						},
						"3.4833": {
							"vector": [0, 0, 0]
						}
					},
					"position": {
						"0.0": {
							"vector": [0, 0, 0]
						},
						"1.6167": {
							"vector": [0, 0, 0]
						},
						"1.8167": {
							"vector": [0, 0, 0]
						},
						"3.3": {
							"vector": [0, 0, 0]
						},
						"3.4833": {
							"vector": [0, 0, 0]
						}
					}
				},
				"leftarm": {
					"rotation": {
						"0.0": {
							"vector": [0, 0, 0]
						},
						"0.1": {
							"vector": [0, 0, 0]
						},
						"0.2667": {
							"vector": [24.94465, 10.13322, 11.35577]
						},
						"1.5667": {
							"vector": [24.94465, 10.13322, 11.35577]
						},
						"1.85": {
							"vector": [5.68, 1.43, -0.73],
							"easing": "easeInOutSine"
						},
						"1.9667": {
							"vector": [35.08227, 24.59698, 30.39865]
						},
						"2.15": {
							"vector": [6.82688, 2.44621, -0.11346]
						},
						"2.6333": {
							"vector": [7.13577, 2.92703, -1.22786],
							"easing": "easeOutSine"
						},
						"2.9833": {
							"vector": [2.74434, 2.52628, 1.54588],
							"easing": "easeInOutSine"
						},
						"3.1333": {
							"vector": [0.77544, 2.67843, -3.90372]
						},
						"3.2833": {
							"vector": [0.09637, 2.52184, 0.8769]
						},
						"3.3667": {
							"vector": [35.08227, 24.59698, 30.39865]
						},
						"3.45": {
							"vector": [-0.02345, 1.02413, -3.01969]
						},
						"3.5167": {
							"vector": [0, 0, 0]
						},
						"3.5833": {
							"vector": [0, 0, 0]
						}
					},
					"position": {
						"0.0": {
							"vector": [0, 0, 0]
						},
						"0.1": {
							"vector": [0, 0, 0]
						},
						"0.2667": {
							"vector": [1.68085, 15.74143, -2.07809]
						},
						"1.5667": {
							"vector": [1.68085, 15.74143, -2.07809]
						},
						"1.9667": {
							"vector": [17.98, -17.435, -2.08]
						},
						"3.3667": {
							"vector": [17.98, -17.435, -2.08]
						},
						"3.5167": {
							"vector": [0, 0, 0]
						}
					}
				},
				"gun": {
					"rotation": {
						"3.0667": {
							"vector": [0, 0, 0]
						},
						"3.1667": {
							"vector": [-110, 0, 0]
						},
						"3.25": {
							"vector": [-247.5, 0, 0]
						},
						"3.3833": {
							"vector": [-368.5, 0, 0]
						},
						"3.5": {
							"vector": [0, 0, 0],
							"easing": "linear"
						}
					},
					"position": {
						"3.0667": {
							"vector": [0, 0, 0]
						},
						"3.5": {
							"vector": [0, 0, 0]
						}
					}
				},
				"_camera_": {
					"rotation": {
						"0.0": {
							"vector": [0, 0, 0]
						},
						"0.3333": {
							"vector": [2.72326, -4.78037, 0.52286]
						},
						"0.7": {
							"vector": [2.68123, -4.817, 1.02313],
							"easing": "easeInOutSine"
						},
						"1.15": {
							"vector": [3.47333, -4.7869, 0.52242]
						},
						"1.5167": {
							"vector": [3.4314, -4.81701, 1.02327],
							"easing": "easeInOutSine"
						},
						"1.85": {
							"vector": [5.68, 1.43, -0.73],
							"easing": "easeInOutSine"
						},
						"2.15": {
							"vector": [6.82688, 2.44621, -0.11346]
						},
						"2.6333": {
							"vector": [7.13577, 2.92703, -1.22786],
							"easing": "easeOutSine"
						},
						"2.9833": {
							"vector": [2.74434, 2.52628, 1.54588],
							"easing": "easeInOutSine"
						},
						"3.1333": {
							"vector": [0.77544, 2.67843, -3.90372]
						},
						"3.2833": {
							"vector": [0.09637, 2.52184, 0.8769]
						},
						"3.45": {
							"vector": [-0.02345, 1.02413, -3.01969]
						},
						"3.5833": {
							"vector": [0, 0, 0]
						}
					}
				}
			}
		},
		"animation.model.reload": {
			"loop": true,
			"animation_length": 1.7,
			"bones": {
				"main": {
					"rotation": {
						"0.0": {
							"vector": [0, 0, 0]
						},
						"0.1": {
							"vector": [-13.59613, -35.54846, -25.72848]
						},
						"0.15": {
							"vector": [-31.94007, -21.25251, 11.50846]
						},
						"0.3": {
							"vector": [-23.97622, -30.04991, -6.7092]
						},
						"0.5": {
							"vector": [-21.36675, -35.4204, -25.25081]
						},
						"0.75": {
							"vector": [-23.33247, -31.67415, -13.23937]
						},
						"0.9": {
							"vector": [-15.31116, -34.92512, -22.76821]
						},
						"1.05": {
							"vector": [-10.03411, -36.57446, -31.78724]
						},
						"1.15": {
							"vector": [-10.03411, -36.57446, -31.78724]
						},
						"1.2": {
							"vector": [-14.48161, -39.23046, -40.75018]
						},
						"1.25": {
							"vector": [-15.48, -37.23, -32.39]
						},
						"1.4": {
							"vector": [-28.72338, -35.73001, -26.12072]
						},
						"1.45": {
							"vector": [-35.13296, -31.26376, -22.85563]
						},
						"1.7": {
							"vector": [0, 0, 0]
						}
					},
					"position": {
						"0.0": {
							"vector": [0, 0, 0]
						},
						"0.1": {
							"vector": [0, 0, 0]
						},
						"0.15": {
							"vector": [1, -3, 0]
						},
						"0.3": {
							"vector": [0, 0, 0]
						},
						"0.9": {
							"vector": [0, 0, 0]
						},
						"1.05": {
							"vector": [0, 2, 0]
						},
						"1.15": {
							"vector": [0, 2, 0]
						},
						"1.2": {
							"vector": [-5, 7, 0]
						},
						"1.3": {
							"vector": [-1.43, 2.71, 0]
						},
						"1.4": {
							"vector": [0, 1, 0]
						},
						"1.45": {
							"vector": [-2, 3.88, 0]
						},
						"1.7": {
							"vector": [0, 0, 0]
						}
					}
				},
				"slide": {
					"position": {
						"0.0": {
							"vector": [0, 0, 0]
						},
						"1.6": {
							"vector": [0, 0, 0]
						}
					}
				},
				"gun": {
					"rotation": {
						"0.1": {
							"vector": [0, 0, 0]
						},
						"0.2": {
							"vector": [0, -20, 0]
						},
						"1.35": {
							"vector": [0, -20, 0]
						},
						"1.45": {
							"vector": [0, 0, 0]
						}
					},
					"position": {
						"0.1": {
							"vector": [0, 0, 0]
						},
						"1.45": {
							"vector": [0, 0, 0]
						}
					}
				},
				"magazine": {
					"rotation": {
						"0.1": {
							"vector": [0, 0, 0]
						},
						"0.9": {
							"vector": [0, 0, 0]
						},
						"1.05": {
							"vector": [0, 0, 0]
						},
						"1.15": {
							"vector": [0, 0, 0]
						}
					},
					"position": {
						"0.1": {
							"vector": [0, 0, 0]
						},
						"0.3": {
							"vector": [0, -45, 14]
						},
						"0.7": {
							"vector": [0, -45, 14]
						},
						"0.9": {
							"vector": [1, -14, 6.8]
						},
						"0.95": {
							"vector": [0.67, -13, 6.13]
						},
						"1.05": {
							"vector": [0, -14, 4.8]
						},
						"1.15": {
							"vector": [0, 0, 0]
						}
					}
				},
				"rightarm": {
					"rotation": {
						"0.0": {
							"vector": [0, 0, 0]
						},
						"0.1": {
							"vector": [10.09009, 7.47678, -0.59692]
						},
						"0.15": {
							"vector": [9.99783, 24.92327, -1.97287]
						},
						"0.35": {
							"vector": [10.09009, 7.47678, -0.59692]
						},
						"1.2": {
							"vector": [10.09009, 7.47678, -0.59692]
						},
						"1.6": {
							"vector": [0, 0, 0]
						}
					},
					"position": {
						"0.0": {
							"vector": [0, 0, 0]
						},
						"0.1": {
							"vector": [2, 1, 0]
						},
						"0.15": {
							"vector": [9, 1, 0]
						},
						"0.35": {
							"vector": [2, 1, 0]
						},
						"1.2": {
							"vector": [2, 1, 0]
						},
						"1.6": {
							"vector": [0, 0, 0]
						}
					}
				},
				"leftarm": {
					"rotation": {
						"0.0": {
							"vector": [0, 0, 0]
						},
						"0.7": {
							"vector": [0, 0, 67.5]
						},
						"0.9": {
							"vector": [-66.61734, 49.93946, 39.546]
						},
						"1.05": {
							"vector": [-69.34864, 45.33719, 36.18737]
						},
						"1.15": {
							"vector": [-82.32589, 42.86763, 35.5717]
						},
						"1.2": {
							"vector": [-82.32589, 42.86763, 35.5717]
						},
						"1.25": {
							"vector": [-65.86, 34.29, 28.46]
						},
						"1.3": {
							"vector": [-65.86, 34.29, 28.46]
						},
						"1.4": {
							"vector": [-84.82589, 42.86763, 35.5717]
						},
						"1.6": {
							"vector": [-65.86, 34.29, 28.46]
						},
						"1.7": {
							"vector": [0, 0, 0]
						}
					},
					"position": {
						"0.0": {
							"vector": [0, 0, 0]
						},
						"0.7": {
							"vector": [0, 0, 0]
						},
						"1.05": {
							"vector": [-1, 3, 1]
						},
						"1.25": {
							"vector": [-0.62, 1.85, 0.62]
						},
						"1.6": {
							"vector": [-0.62, 1.85, 0.62]
						},
						"1.7": {
							"vector": [0, 0, 0]
						}
					}
				}
			},
			"sound_effects": {
				"0.0": {
					"effect": "pistol_magout_fast"
				},
				"0.8": {
					"effect": "pistol_magin"
				},
				"1.25": {
					"effect": "pistol_hit"
				}
			}
		},
		"animation.model.reloadempty": {
			"loop": true,
			"animation_length": 2,
			"bones": {
				"main": {
					"rotation": {
						"0.0": {
							"vector": [0, 0, 0]
						},
						"0.1": {
							"vector": [-13.59613, -35.54846, -25.72848]
						},
						"0.15": {
							"vector": [-31.94007, -21.25251, 11.50846]
						},
						"0.3": {
							"vector": [-23.97622, -30.04991, -6.7092]
						},
						"0.5": {
							"vector": [-21.36675, -35.4204, -25.25081]
						},
						"0.75": {
							"vector": [-23.33247, -31.67415, -13.23937]
						},
						"0.9": {
							"vector": [-15.31116, -34.92512, -22.76821]
						},
						"1.05": {
							"vector": [-10.03411, -36.57446, -31.78724]
						},
						"1.15": {
							"vector": [-10.03411, -36.57446, -31.78724]
						},
						"1.2": {
							"vector": [-14.48161, -39.23046, -40.75018]
						},
						"1.4": {
							"vector": [-28.72338, -35.73001, -26.12072]
						},
						"1.45": {
							"vector": [-35.13296, -31.26376, -22.85563]
						},
						"1.6333": {
							"vector": [-3.03, -9.97, -2.92]
						},
						"1.7333": {
							"vector": [-8.71098, -13.87506, -0.9248]
						},
						"1.7667": {
							"vector": [0.53122, -11.10005, -0.73984]
						},
						"1.8": {
							"vector": [-4.60159, -8.32504, -0.55488]
						},
						"1.9333": {
							"vector": [0, 0, 0]
						}
					},
					"position": {
						"0.0": {
							"vector": [0, 0, 0]
						},
						"0.1": {
							"vector": [0, 0, 0]
						},
						"0.15": {
							"vector": [1, -3, 0]
						},
						"0.3": {
							"vector": [0, 0, 0]
						},
						"0.9": {
							"vector": [0, 0, 0]
						},
						"1.05": {
							"vector": [0, 2, 0]
						},
						"1.15": {
							"vector": [0, 2, 0]
						},
						"1.2": {
							"vector": [-5, 7, 0]
						},
						"1.3": {
							"vector": [-1.43, 2.71, 0]
						},
						"1.4": {
							"vector": [0, 1, 0]
						},
						"1.45": {
							"vector": [-2, 3.88, 0]
						},
						"1.6333": {
							"vector": [0, 0.46, 0]
						},
						"1.7667": {
							"vector": [0, 0.26, 0]
						},
						"1.9333": {
							"vector": [0, 0, 0]
						}
					}
				},
				"leftarm": {
					"rotation": {
						"0.0": {
							"vector": [0, 0, 0]
						},
						"0.7": {
							"vector": [0, 0, 67.5]
						},
						"0.9": {
							"vector": [-66.61734, 49.93946, 39.546]
						},
						"1.05": {
							"vector": [-69.34864, 45.33719, 36.18737]
						},
						"1.15": {
							"vector": [-82.32589, 42.86763, 35.5717]
						},
						"1.2": {
							"vector": [-82.32589, 42.86763, 35.5717]
						},
						"1.3": {
							"vector": [-65.86, 34.29, 28.46]
						},
						"1.4": {
							"vector": [-84.82589, 42.86763, 35.5717]
						},
						"1.6667": {
							"vector": [-106.26934, 36.18274, 40.4912]
						},
						"1.7333": {
							"vector": [-103.28827, 33.74184, 41.21471]
						},
						"1.85": {
							"vector": [-106.26934, 36.18274, 40.4912]
						},
						"2.0": {
							"vector": [0, 0, 0]
						}
					},
					"position": {
						"0.0": {
							"vector": [0, 0, 0]
						},
						"0.7": {
							"vector": [0, 0, 0]
						},
						"1.05": {
							"vector": [-1, 3, 1]
						},
						"1.45": {
							"vector": [-2.3, 2.3, -4.84]
						},
						"1.6667": {
							"vector": [-3, 5, -8]
						},
						"1.7333": {
							"vector": [-3, 5, -8]
						},
						"1.85": {
							"vector": [-3, 5, -8]
						},
						"2.0": {
							"vector": [0, 0, 0]
						}
					}
				},
				"rightarm": {
					"rotation": {
						"0.0": {
							"vector": [0, 0, 0]
						},
						"0.1": {
							"vector": [10.09009, 7.47678, -0.59692]
						},
						"0.15": {
							"vector": [9.99783, 24.92327, -1.97287]
						},
						"0.35": {
							"vector": [10.09009, 7.47678, -0.59692]
						},
						"1.2": {
							"vector": [10.09009, 7.47678, -0.59692]
						},
						"1.6": {
							"vector": [0, 0, 0]
						}
					},
					"position": {
						"0.0": {
							"vector": [0, 0, 0]
						},
						"0.1": {
							"vector": [2, 1, 0]
						},
						"0.15": {
							"vector": [9, 1, 0]
						},
						"0.35": {
							"vector": [2, 1, 0]
						},
						"1.2": {
							"vector": [2, 1, 0]
						},
						"1.6": {
							"vector": [0, 0, 0]
						}
					}
				},
				"magazine": {
					"rotation": {
						"0.0": {
							"vector": [0, 0, 0]
						},
						"0.1": {
							"vector": [0, 0, 0]
						},
						"0.9": {
							"vector": [0, 0, 0]
						},
						"1.05": {
							"vector": [0, 0, 0]
						},
						"1.15": {
							"vector": [0, 0, 0]
						}
					},
					"position": {
						"0.0": {
							"vector": [0, 0, 0]
						},
						"0.1": {
							"vector": [0, 0, 0]
						},
						"0.3": {
							"vector": [0, -45, 14]
						},
						"0.7": {
							"vector": [0, -45, 14]
						},
						"0.9": {
							"vector": [1, -14, 6.8]
						},
						"0.95": {
							"vector": [0.67, -13, 6.13]
						},
						"1.05": {
							"vector": [0, -14, 4.8]
						},
						"1.15": {
							"vector": [0, 0, 0]
						}
					}
				},
				"slide": {
					"position": {
						"0.0": {
							"vector": [0, 0, 8]
						},
						"1.7": {
							"vector": [0, 0, 8]
						},
						"1.7667": {
							"vector": [0, 0, 0]
						}
					}
				},
				"gun": {
					"rotation": {
						"0.1": {
							"vector": [0, 0, 0]
						},
						"0.2": {
							"vector": [0, -20, 0]
						},
						"1.35": {
							"vector": [0, -20, 0]
						},
						"1.45": {
							"vector": [0, 0, 0]
						}
					},
					"position": {
						"0.1": {
							"vector": [0, 0, 0]
						},
						"1.45": {
							"vector": [0, 0, 0]
						}
					}
				}
			},
			"sound_effects": {
				"0.0": {
					"effect": "pistol_magout_fast"
				},
				"0.8": {
					"effect": "pistol_magin"
				},
				"1.2667": {
					"effect": "pistol_hit"
				},
				"1.6667": {
					"effect": "pistol_slide"
				}
			}
		},
		"animation.model.fire": {
			"loop": true,
			"animation_length": 0.5,
			"bones": {
				"main": {
					"rotation": {
						"0.0": {
							"vector": [0, 0, 0]
						},
						"0.05": {
							"vector": [-8.20759, -0.97773, -2.64005]
						},
						"0.15": {
							"vector": [0, -0.6, 4.77446]
						},
						"0.25": {
							"vector": [0, -0.20211, -0.79207]
						},
						"0.35": {
							"vector": [0, 0.0889, 1.47258]
						},
						"0.5": {
							"vector": [0, 0, 0],
							"easing": "easeOutSine"
						}
					},
					"position": {
						"0.0": {
							"vector": [0, 0, 0]
						},
						"0.05": {
							"vector": [0, 0, 2.225]
						},
						"0.3": {
							"vector": [0, -0.255, -0.545],
							"easing": "easeOutCubic"
						},
						"0.5": {
							"vector": [0, 0, 0]
						}
					}
				},
				"slide": {
					"position": {
						"0.0": {
							"vector": [0, 0, 0]
						},
						"0.05": {
							"vector": [0, 0, 5.5]
						},
						"0.1": {
							"vector": [0, 0, 0]
						}
					}
				}
			}
		}
	},
	"geckolib_format_version": 2
}