{
	"format_version": "1.8.0",
	"animations": {
		"animation.model.inspect": {
			"loop": true,
			"animation_length": 4.2667,
			"bones": {
				"main": {
					"rotation": {
						"0.0": {
							"vector": [0, 0, 0]
						},
						"0.1667": {
							"vector": [-8.41746, -13.59608, -21.21259]
						},
						"0.3": {
							"vector": [-8.39812, -20.10111, -31.77688]
						},
						"0.4333": {
							"vector": [-9.55676, -20.88889, -28.55629]
						},
						"0.5333": {
							"vector": [-8.77652, -21.21647, -30.72851]
						},
						"0.7667": {
							"vector": [-9.4227, -20.94881, -28.93303]
						},
						"1.0": {
							"vector": [-3.1216, -20.98207, -46.44405]
						},
						"1.1333": {
							"vector": [-4.564, -20.73064, -42.44007]
						},
						"1.2333": {
							"vector": [-4.86325, -20.9153, -41.60203]
						},
						"1.3333": {
							"vector": [-4.58308, -20.97575, -42.38574]
						},
						"1.4667": {
							"vector": [-4.01131, -21.08802, -43.97908]
						},
						"1.6": {
							"vector": [-4.38767, -21.01662, -42.9316]
						},
						"1.7": {
							"vector": [-4.18847, -21.05622, -43.48691]
						},
						"2.0333": {
							"vector": [-16.91438, 5.38499, 54.40399]
						},
						"2.1667": {
							"vector": [-15.22513, 5.80082, 60.04554]
						},
						"2.3": {
							"vector": [-15.70981, 5.86025, 59.48558]
						},
						"2.4333": {
							"vector": [-15.93602, 7.03904, 62.69373]
						},
						"2.5667": {
							"vector": [-15.60896, 7.75082, 65.23442]
						},
						"2.7333": {
							"vector": [-15.71675, 7.52491, 64.42194]
						},
						"2.9": {
							"vector": [-15.56389, 7.84019, 65.55973]
						},
						"3.1": {
							"vector": [-15.61778, 7.73186, 65.16659]
						},
						"3.2667": {
							"vector": [-15.9801, 6.93689, 62.33342]
						},
						"3.4": {
							"vector": [-8.86998, 2.42135, 33.56191]
						},
						"3.5333": {
							"vector": [0, -1.75, -2.75]
						},
						"3.7": {
							"vector": [0, 0, 0]
						}
					},
					"position": {
						"0.0": {
							"vector": [0, 0, 0]
						},
						"0.3": {
							"vector": [-0.475, 1.475, -8.7]
						},
						"0.4": {
							"vector": [-0.195, 1, -7.7]
						},
						"0.5333": {
							"vector": [-0.03, 0.725, -7.7]
						},
						"0.7": {
							"vector": [0, 1.125, -7.7]
						},
						"0.9": {
							"vector": [0.125, 1.4, -8.275]
						},
						"1.2": {
							"vector": [-0.02, 1.475, -8]
						},
						"1.4": {
							"vector": [0.11, 1.425, -8.175]
						},
						"1.6667": {
							"vector": [0.275, 1.25, -7.975]
						},
						"1.8": {
							"vector": [-0.13, -1.19, -8.65]
						},
						"1.9667": {
							"vector": [-0.545, -1.325, -11.15]
						},
						"2.1333": {
							"vector": [-0.415, -1.395, -10.545]
						},
						"2.2667": {
							"vector": [-0.525, -1.455, -9.17]
						},
						"2.4": {
							"vector": [-0.49, -1.43, -9.85]
						},
						"2.5667": {
							"vector": [-0.455, -1.5, -9.24]
						},
						"2.7667": {
							"vector": [-0.53, -1.5, -9.27]
						},
						"3.0": {
							"vector": [-0.49, -1.41, -9.3]
						},
						"3.2333": {
							"vector": [-0.545, -1.325, -9.325]
						},
						"3.3667": {
							"vector": [-1.005, -0.61, -7.41]
						},
						"3.6333": {
							"vector": [0, 0, 0]
						}
					}
				},
				"leftarm": {
					"rotation": {
						"0.0": {
							"vector": [0, 0, 0]
						},
						"0.2": {
							"vector": [0, 0, 27.5]
						},
						"3.4": {
							"vector": [0, 0, 27.5]
						},
						"3.5667": {
							"vector": [0, 0, 0]
						}
					},
					"position": {
						"0.0": {
							"vector": [0, 0, 0]
						},
						"0.2": {
							"vector": [-4, -4, 6]
						},
						"3.4": {
							"vector": [-4, -4, 6]
						},
						"3.5667": {
							"vector": [0, 0, 0]
						}
					}
				},
				"handle": {
					"rotation": {
						"2.0333": {
							"vector": [0, 0, 0]
						},
						"2.3": {
							"vector": [0, 0, 115]
						},
						"2.3333": {
							"vector": [0, 0, 105]
						},
						"2.4": {
							"vector": [0, 0, 115]
						},
						"3.5": {
							"vector": [0, 0, 115]
						},
						"3.6667": {
							"vector": [0, 0, 0]
						},
						"3.7": {
							"vector": [0, 0, 17.5]
						},
						"3.7667": {
							"vector": [0, 0, 0]
						}
					},
					"position": {
						"2.0333": {
							"vector": [0, 0, 0]
						},
						"3.5": {
							"vector": [0, 0, 0]
						},
						"3.6667": {
							"vector": [0, 0, 0]
						}
					}
				}
			},
			"sound_effects": {
				"0.0": {
					"effect": "inspect_foley"
				},
				"0.0667": {
					"effect": "inspect_up"
				},
				"1.3": {
					"effect": "inspect_turn"
				},
				"3.3": {
					"effect": "inspect_down"
				}
			}
		},
		"animation.model.draw": {
			"loop": true,
			"animation_length": 1.2,
			"bones": {
				"main": {
					"rotation": {
						"0.0": {
							"vector": [32.09413, -54.38778, -8.29667]
						},
						"0.35": {
							"vector": [0.50518, -5.08075, 6.8716]
						},
						"0.5": {
							"vector": [0.32389, -0.60235, -2.1558]
						},
						"0.6": {
							"vector": [0, 0, 0]
						}
					},
					"position": {
						"0.0": {
							"vector": [0, -17.3, 0]
						},
						"0.25": {
							"vector": [-0.4, -2.525, -1.625]
						},
						"0.4": {
							"vector": [-0.05, 0, -2.49]
						},
						"0.55": {
							"vector": [0, 0, 0]
						}
					}
				},
				"leftarm": {
					"rotation": {
						"0.0": {
							"vector": [0, 0, 0]
						},
						"0.2": {
							"vector": [1, 0, -22]
						},
						"0.4": {
							"vector": [0, 0, 0]
						}
					},
					"position": {
						"0.0": {
							"vector": [0, 0, 0]
						},
						"0.2": {
							"vector": [3.53901, 3.6754, 5.59783]
						},
						"0.4": {
							"vector": [0, 0, 0]
						}
					}
				}
			},
			"sound_effects": {
				"0.05": {
					"effect": "foley_end"
				}
			}
		},
		"animation.model.fire": {
			"loop": true,
			"animation_length": 0.3333,
			"bones": {
				"main": {
					"rotation": {
						"0.0": {
							"vector": [0, 0, 0]
						},
						"0.0333": {
							"vector": [0, 0, 0]
						},
						"0.3333": {
							"vector": [0, 0, 0]
						}
					},
					"position": {
						"0.0": {
							"vector": [0, 0, 0]
						},
						"0.0333": {
							"vector": [0, 0, 0]
						},
						"0.1": {
							"vector": [0, 0, 3]
						},
						"0.3333": {
							"vector": [0, 0, 0]
						}
					}
				},
				"leftarm": {
					"rotation": {
						"0.0667": {
							"vector": [0, 0, 0]
						},
						"0.3333": {
							"vector": [0, 0, 0]
						}
					},
					"position": {
						"0.0667": {
							"vector": [0, 0, 0]
						},
						"0.1667": {
							"vector": [0, 0, 0]
						},
						"0.3333": {
							"vector": [0, 0, 0]
						}
					}
				},
				"rightarm": {
					"rotation": {
						"0.0667": {
							"vector": [0, 0, 0]
						},
						"0.2667": {
							"vector": [0, 0, 0]
						},
						"0.3333": {
							"vector": [0, 0, 0]
						}
					},
					"position": {
						"0.0667": {
							"vector": [0, 0, 0]
						},
						"0.2667": {
							"vector": [0, 0, 0]
						},
						"0.3333": {
							"vector": [0, 0, 0]
						}
					}
				},
				"handle": {
					"rotation": {
						"0.0": {
							"vector": [0, 0, 0]
						},
						"0.0333": {
							"vector": [0, 0, 17.5]
						},
						"0.1": {
							"vector": [0, 0, 0]
						}
					},
					"position": {
						"0.0": {
							"vector": [0, 0, 0]
						},
						"0.1": {
							"vector": [0, 0, 0]
						}
					}
				},
				"boltmain": {
					"rotation": {
						"0.0": {
							"vector": [0, 0, 0]
						},
						"0.0333": {
							"vector": [0, 0, 0]
						},
						"0.1": {
							"vector": [0, 0, 0]
						},
						"0.2": {
							"vector": [0, 0, 0]
						}
					},
					"position": {
						"0.0": {
							"vector": [0, 0, 0]
						},
						"0.0333": {
							"vector": [0, 0, -7]
						},
						"0.1": {
							"vector": [0, 0, -7]
						},
						"0.2": {
							"vector": [0, 0, 0]
						}
					}
				},
				"scope": {
					"position": {
						"vector": [0, 0, -3]
					}
				}
			}
		},
		"animation.model.reload": {
			"loop": true,
			"animation_length": 2.8667,
			"bones": {
				"main": {
					"rotation": {
						"0.0": {
							"vector": [0, 0, 0]
						},
						"0.1667": {
							"vector": [-10.23776, -14.95528, -35.49728]
						},
						"0.3333": {
							"vector": [-7.28785, -16.14241, -44.98744]
						},
						"0.4": {
							"vector": [-5.64381, -15.53759, -41.1765]
						},
						"0.5": {
							"vector": [-8.86976, -13.57346, -29.59502]
						},
						"0.7667": {
							"vector": [-7.79326, -14.03887, -36.01701]
						},
						"0.8667": {
							"vector": [-9.04, -13.22, -31.37]
						},
						"0.9": {
							"vector": [-1.38167, -12.98833, -30.82]
						},
						"0.9667": {
							"vector": [-7.565, -12.525, -29.72]
						},
						"1.0667": {
							"vector": [-8.09, -11.83, -28.07]
						},
						"1.3667": {
							"vector": [-7.79419, -10.90253, -16.50371]
						},
						"1.6333": {
							"vector": [-1.84476, -13.314, -41.92738]
						},
						"1.8333": {
							"vector": [-10.24, -14.96, -35.5]
						},
						"1.8667": {
							"vector": [-17.73925, -14.95843, -35.49909]
						},
						"1.9667": {
							"vector": [-18.41579, -17.52472, -45.5683]
						},
						"2.2333": {
							"vector": [-10.24, -14.96, -35.5]
						},
						"2.5667": {
							"vector": [0, 0, 0]
						},
						"2.6667": {
							"vector": [2.4905, -0.21782, 4.99527]
						},
						"2.8333": {
							"vector": [0, 0, 0]
						}
					},
					"position": {
						"0.0": {
							"vector": [0, 0, 0]
						},
						"0.5333": {
							"vector": [0, 0, 0.09]
						},
						"0.6": {
							"vector": [0, 0, -2]
						},
						"0.8": {
							"vector": [0, 0, 0.1]
						},
						"0.8667": {
							"vector": [0, 0, 0.09]
						},
						"0.9": {
							"vector": [1, -1, 0.09]
						},
						"1.1333": {
							"vector": [0, 0, 0.04]
						},
						"1.8333": {
							"vector": [0, 0, 0.04]
						},
						"1.9667": {
							"vector": [-2, 1, 0.04]
						},
						"2.2333": {
							"vector": [0, 0, 0.04]
						},
						"2.5667": {
							"vector": [0, 0, 0]
						},
						"2.8333": {
							"vector": [0, 0, 0]
						}
					}
				},
				"leftarm": {
					"rotation": {
						"0.0": {
							"vector": [0, 0, 0]
						},
						"0.2333": {
							"vector": [0, 0, 0]
						},
						"0.4": {
							"vector": [-1.30305, -10.9667, -7.04597]
						},
						"0.5": {
							"vector": [-1.30305, -10.9667, -7.04597]
						},
						"2.5": {
							"vector": [0, 0, 0]
						}
					},
					"position": {
						"0.0": {
							"vector": [0, 0, 0]
						},
						"0.2333": {
							"vector": [0, 0, 0]
						},
						"0.4": {
							"vector": [0, -2.6, 25.6]
						},
						"0.5": {
							"vector": [0, -2.6, 24.6]
						},
						"0.7667": {
							"vector": [0, -6, 16]
						},
						"0.8333": {
							"vector": [0, -6, 16]
						},
						"0.9": {
							"vector": [0, -6, 16]
						},
						"1.0667": {
							"vector": [0, -33, 16]
						},
						"1.6": {
							"vector": [0, -33, 16]
						},
						"1.8333": {
							"vector": [0, -6, 16]
						},
						"2.1667": {
							"vector": [0, 0, 0]
						},
						"2.5": {
							"vector": [0, 0, 0]
						}
					}
				},
				"rightarm": {
					"rotation": {
						"0.0": {
							"vector": [0, 0, 0]
						},
						"0.0667": {
							"vector": [6.48425, 16.09951, -21.52531]
						},
						"0.2333": {
							"vector": [0, 0, 0]
						},
						"1.8333": {
							"vector": [0, 0, 0]
						},
						"2.1667": {
							"vector": [0, 0, 0]
						},
						"2.3": {
							"vector": [6.48425, 16.09951, -21.52531]
						},
						"2.5": {
							"vector": [0, 0, 0]
						}
					},
					"position": {
						"0.0": {
							"vector": [0, 0, 0]
						},
						"0.2333": {
							"vector": [-4, 3, -25]
						},
						"1.8333": {
							"vector": [-4, 3, -25]
						},
						"2.1667": {
							"vector": [-4, 3, -25]
						},
						"2.5": {
							"vector": [0, 0, 0]
						}
					}
				},
				"magazine": {
					"rotation": {
						"0.9": {
							"vector": [0, 0, 0]
						},
						"1.8333": {
							"vector": [0, 0, 0]
						},
						"2.1667": {
							"vector": [0, 0, 0]
						}
					},
					"position": {
						"0.9": {
							"vector": [0, 0, 0]
						},
						"1.0667": {
							"vector": [0, -27, 0]
						},
						"1.6": {
							"vector": [0, -27, 0]
						},
						"1.8333": {
							"vector": [0, 0, 0]
						},
						"2.1667": {
							"vector": [0, 0, 0]
						}
					}
				},
				"handle": {
					"rotation": {
						"0.0": {
							"vector": [0, 0, 0]
						},
						"0.1667": {
							"vector": [0, 0, 0]
						},
						"0.2": {
							"vector": [0, 0, 15]
						},
						"0.3": {
							"vector": [0, 0, 0]
						},
						"0.9": {
							"vector": [0, 0, 0]
						},
						"0.9333": {
							"vector": [0, 0, 12.5]
						},
						"1.0": {
							"vector": [0, 0, 0]
						},
						"1.8333": {
							"vector": [0, 0, 0]
						},
						"1.8667": {
							"vector": [0, 0, 57.5]
						},
						"2.1667": {
							"vector": [0, 0, 0]
						}
					},
					"position": {
						"0.0": {
							"vector": [0, 0, 0]
						},
						"0.1667": {
							"vector": [0, 0, 0]
						},
						"0.3": {
							"vector": [0, 0, 0]
						},
						"0.9": {
							"vector": [0, 0, 0]
						},
						"1.0": {
							"vector": [0, 0, 0]
						},
						"1.8333": {
							"vector": [0, 0, 0]
						},
						"2.1667": {
							"vector": [0, 0, 0]
						}
					}
				},
				"bulletloaded": {
					"rotation": {
						"0.0": {
							"vector": [0, 0, 0]
						},
						"2.5": {
							"vector": [0, 0, 0]
						}
					},
					"position": {
						"0.0": {
							"vector": [0, 0, 0]
						},
						"2.5": {
							"vector": [0, 0, 0]
						}
					},
					"scale": {
						"0.0": {
							"vector": [1, 1, 1]
						},
						"2.5": {
							"vector": [1, 1, 1]
						}
					}
				},
				"boltmain": {
					"rotation": {
						"vector": [0, 0, 0]
					},
					"position": {
						"vector": [0, 0, -7]
					}
				}
			},
			"sound_effects": {
				"0.0": {
					"effect": "inspect_up"
				},
				"0.4333": {
					"effect": "click"
				},
				"0.4667": {
					"effect": "mp5_magout"
				},
				"1.2333": {
					"effect": "g3_magin"
				},
				"2.0": {
					"effect": "foley_end"
				}
			}
		},
		"animation.model.reloadempty": {
			"loop": true,
			"animation_length": 3.4667,
			"bones": {
				"main": {
					"rotation": {
						"0.0": {
							"vector": [0, 0, 0]
						},
						"0.1667": {
							"vector": [-10.23776, -14.95528, -35.49728]
						},
						"0.3333": {
							"vector": [-7.28785, -16.14241, -44.98744]
						},
						"0.4": {
							"vector": [-5.64381, -15.53759, -41.1765]
						},
						"0.5": {
							"vector": [-8.86976, -13.57346, -29.59502]
						},
						"0.7667": {
							"vector": [-7.79326, -14.03887, -36.01701]
						},
						"0.8667": {
							"vector": [-9.04, -13.22, -31.37]
						},
						"0.9333": {
							"vector": [-7.15245, -11.48902, -17.54961]
						},
						"1.0": {
							"vector": [-7.565, -12.525, -29.72]
						},
						"1.0667": {
							"vector": [-8.09, -11.83, -28.07]
						},
						"1.3667": {
							"vector": [-7.79419, -10.90253, -16.50371]
						},
						"1.6333": {
							"vector": [-1.84476, -13.314, -41.92738]
						},
						"1.8333": {
							"vector": [-10.24, -14.96, -35.5]
						},
						"1.8667": {
							"vector": [-17.73925, -14.95843, -35.49909]
						},
						"1.9667": {
							"vector": [-18.41579, -17.52472, -45.5683]
						},
						"2.1": {
							"vector": [-10.24, -14.96, -35.5]
						},
						"2.3": {
							"vector": [-12.292, -13.31701, -27.0766]
						},
						"2.3667": {
							"vector": [-12.292, -13.31701, -27.0766]
						},
						"2.4": {
							"vector": [-11.5096, -14.01605, -30.42847]
						},
						"2.5333": {
							"vector": [-14.69739, -15.29251, -37.54559]
						},
						"2.7333": {
							"vector": [-10.24, -14.96, -35.5]
						},
						"2.7667": {
							"vector": [-10.24, -14.96, -35.5]
						},
						"3.1667": {
							"vector": [0, 0, 0]
						},
						"3.2667": {
							"vector": [2.4905, -0.21782, 4.99527]
						},
						"3.4333": {
							"vector": [0, 0, 0]
						}
					},
					"position": {
						"0.0": {
							"vector": [0, 0, 0]
						},
						"0.5333": {
							"vector": [0, 0, 0.09]
						},
						"0.6": {
							"vector": [0, 0, -2]
						},
						"0.8": {
							"vector": [0, 0, 0.1]
						},
						"0.8667": {
							"vector": [0, 0, 0.09]
						},
						"0.9": {
							"vector": [1, -1, 0.09]
						},
						"1.1333": {
							"vector": [0, 0, 0.04]
						},
						"1.8333": {
							"vector": [0, 0, 0.04]
						},
						"1.9667": {
							"vector": [-2, 1, 0.04]
						},
						"2.1": {
							"vector": [0, 0, 0.04]
						},
						"2.4": {
							"vector": [0, 0, 0.04]
						},
						"2.5333": {
							"vector": [0, -1, 3.04]
						},
						"2.7": {
							"vector": [0, 0, 0.04]
						},
						"2.7333": {
							"vector": [0, 0, 0.04]
						},
						"2.7667": {
							"vector": [0, 0, 0.04]
						},
						"2.8": {
							"vector": [0, 1, -3.96]
						},
						"3.1667": {
							"vector": [0, 0, 0]
						},
						"3.4333": {
							"vector": [0, 0, 0]
						}
					}
				},
				"leftarm": {
					"rotation": {
						"0.0": {
							"vector": [0, 0, 0]
						},
						"0.2333": {
							"vector": [0, 0, 0]
						},
						"0.4": {
							"vector": [-1.30305, -10.9667, -7.04597]
						},
						"0.5": {
							"vector": [-1.30305, -10.9667, -7.04597]
						},
						"1.9667": {
							"vector": [-2.98, -26.44, -22.39]
						},
						"2.1": {
							"vector": [4.3585, -27.91415, -23.85019]
						},
						"2.1667": {
							"vector": [-3.303, -29.38831, -25.31039]
						},
						"2.3": {
							"vector": [-3.303, -29.38831, -25.31039]
						},
						"2.3667": {
							"vector": [-3.303, -29.38831, -25.31039]
						},
						"2.6333": {
							"vector": [-3.303, -29.38831, -25.31039]
						},
						"3.1667": {
							"vector": [0, 0, 0]
						}
					},
					"position": {
						"0.0": {
							"vector": [0, 0, 0]
						},
						"0.2333": {
							"vector": [0, 0, 0]
						},
						"0.4": {
							"vector": [0, -2.6, 25.6]
						},
						"0.5": {
							"vector": [0, -2.6, 24.6]
						},
						"0.7667": {
							"vector": [0, -6, 16]
						},
						"0.8333": {
							"vector": [0, -6, 16]
						},
						"0.9": {
							"vector": [0, -6, 16]
						},
						"1.0667": {
							"vector": [0, -33, 16]
						},
						"1.6": {
							"vector": [0, -33, 16]
						},
						"1.8333": {
							"vector": [0, -6, 16]
						},
						"2.1": {
							"vector": [0, -6, 16]
						},
						"2.1667": {
							"vector": [0, -6, 16]
						},
						"2.3": {
							"vector": [0, -7, 18]
						},
						"2.3667": {
							"vector": [0, -7, 18]
						},
						"2.4": {
							"vector": [0, -7, 27]
						},
						"2.5667": {
							"vector": [0, -7, 27]
						},
						"2.6333": {
							"vector": [0, -7, 18]
						},
						"2.8333": {
							"vector": [0, -6, 16]
						},
						"3.1667": {
							"vector": [0, 0, 0]
						}
					}
				},
				"rightarm": {
					"rotation": {
						"0.0": {
							"vector": [0, 0, 0]
						},
						"0.0667": {
							"vector": [6.48425, 16.09951, -21.52531]
						},
						"0.2333": {
							"vector": [0, 0, 0]
						},
						"1.8333": {
							"vector": [0, 0, 0]
						},
						"2.1": {
							"vector": [0, 0, 0]
						},
						"2.8333": {
							"vector": [0, 0, 0]
						},
						"2.9667": {
							"vector": [6.48425, 16.09951, -21.52531]
						},
						"3.1667": {
							"vector": [0, 0, 0]
						}
					},
					"position": {
						"0.0": {
							"vector": [0, 0, 0]
						},
						"0.2333": {
							"vector": [-4, 3, -25]
						},
						"1.8333": {
							"vector": [-4, 3, -25]
						},
						"2.1": {
							"vector": [-4, 3, -25]
						},
						"2.8333": {
							"vector": [-4, 3, -25]
						},
						"3.1667": {
							"vector": [0, 0, 0]
						}
					}
				},
				"bolt": {
					"rotation": {
						"0.0": {
							"vector": [0, 0, 0]
						},
						"3.1667": {
							"vector": [0, 0, 0]
						}
					},
					"position": {
						"0.0": {
							"vector": [0, 0, -7]
						},
						"3.1667": {
							"vector": [0, 0, -7]
						}
					}
				},
				"magazine": {
					"rotation": {
						"0.9": {
							"vector": [0, 0, 0]
						},
						"1.8333": {
							"vector": [0, 0, 0]
						},
						"2.1": {
							"vector": [0, 0, 0]
						},
						"2.8333": {
							"vector": [0, 0, 0]
						}
					},
					"position": {
						"0.9": {
							"vector": [0, 0, 0]
						},
						"1.0667": {
							"vector": [0, -27, 0]
						},
						"1.6": {
							"vector": [0, -27, 0]
						},
						"1.8333": {
							"vector": [0, 0, 0]
						},
						"2.1": {
							"vector": [0, 0, 0]
						},
						"2.8333": {
							"vector": [0, 0, 0]
						}
					}
				},
				"handle": {
					"rotation": {
						"0.0": {
							"vector": [0, 0, 0]
						},
						"0.1667": {
							"vector": [0, 0, 0]
						},
						"0.2": {
							"vector": [0, 0, 15]
						},
						"0.3": {
							"vector": [0, 0, 0]
						},
						"0.9": {
							"vector": [0, 0, 0]
						},
						"0.9333": {
							"vector": [0, 0, 12.5]
						},
						"1.0": {
							"vector": [0, 0, 0]
						},
						"1.8333": {
							"vector": [0, 0, 0]
						},
						"1.8667": {
							"vector": [0, 0, 57.5]
						},
						"2.1": {
							"vector": [0, 0, 0]
						},
						"2.8333": {
							"vector": [0, 0, 0]
						}
					},
					"position": {
						"0.0": {
							"vector": [0, 0, 0]
						},
						"0.1667": {
							"vector": [0, 0, 0]
						},
						"0.3": {
							"vector": [0, 0, 0]
						},
						"0.9": {
							"vector": [0, 0, 0]
						},
						"1.0": {
							"vector": [0, 0, 0]
						},
						"1.8333": {
							"vector": [0, 0, 0]
						},
						"2.1": {
							"vector": [0, 0, 0]
						},
						"2.8333": {
							"vector": [0, 0, 0]
						}
					}
				},
				"bulletloaded": {
					"rotation": {
						"0.0": {
							"vector": [0, 0, 0]
						},
						"3.1667": {
							"vector": [0, 0, 0]
						}
					},
					"position": {
						"0.0": {
							"vector": [0, 0, 0]
						},
						"3.1667": {
							"vector": [0, 0, 0]
						}
					},
					"scale": {
						"0.0": {
							"vector": [0, 0, 0]
						},
						"1.0667": {
							"vector": [0, 0, 0]
						},
						"1.6": {
							"vector": [1, 1, 1]
						},
						"3.1667": {
							"vector": [1, 1, 1]
						}
					}
				},
				"bolthandle": {
					"position": {
						"0.0": {
							"vector": [0, 0, 7]
						},
						"2.3": {
							"vector": [0, 0, 7]
						},
						"2.3667": {
							"vector": [0, 0, 7]
						},
						"2.4": {
							"vector": [0, 0, 17]
						},
						"2.5667": {
							"vector": [0, 0, 17]
						},
						"2.6333": {
							"vector": [0, 0, 7]
						}
					}
				},
				"boltmain": {
					"rotation": {
						"0.0": {
							"vector": [0, 0, 0]
						},
						"2.3667": {
							"vector": [0, 0, 0]
						}
					},
					"position": {
						"0.0": {
							"vector": [0, 0, 0]
						},
						"2.3667": {
							"vector": [0, 0, 0]
						},
						"2.4": {
							"vector": [0, 0, 7]
						}
					}
				}
			},
			"sound_effects": {
				"0.0": {
					"effect": "inspect_up"
				},
				"0.4333": {
					"effect": "click"
				},
				"0.4667": {
					"effect": "mp5_magout"
				},
				"1.2333": {
					"effect": "g3_magin"
				},
				"2.3": {
					"effect": "ak_actionback"
				},
				"2.5": {
					"effect": "ak_actionforward"
				},
				"2.8667": {
					"effect": "foley_end"
				}
			}
		}
	},
	"geckolib_format_version": 2
}