{
	"format_version": "1.8.0",
	"animations": {
		"animation.model.reload": {
			"loop": true,
			"animation_length": 2.1,
			"bones": {
				"main": {
					"rotation": {
						"0.0": {
							"vector": [0, 0, 0]
						},
						"0.2333": {
							"vector": [-21.35445, -20.52781, 10.58219]
						},
						"0.3333": {
							"vector": [-34.99236, -47.72601, 0.79242]
						},
						"0.5333": {
							"vector": [-14.99, -47.73, 0.79]
						},
						"0.6": {
							"vector": [-9.99012, -47.72979, 0.79013]
						},
						"0.6667": {
							"vector": [-13.0458, -47.72958, 0.79025]
						},
						"0.9667": {
							"vector": [-17.83311, -41.7479, -5.77512],
							"easing": "easeInSine"
						},
						"1.3": {
							"vector": [-21.63, -47.73, 0.79]
						},
						"1.3667": {
							"vector": [-21.74498, -47.72947, 0.79032]
						},
						"1.4": {
							"vector": [-16.41786, -47.7292, 0.79048]
						},
						"1.6": {
							"vector": [9.33651, -42.08435, -38.40437]
						},
						"1.6667": {
							"vector": [-10.55164, -43.02463, -31.87157]
						},
						"1.7333": {
							"vector": [-9.82793, -44.90518, -18.80598]
						},
						"1.8": {
							"vector": [-34.99236, -47.72601, 0.79242]
						},
						"1.8667": {
							"vector": [-31.56777, -45.84464, 7.16269]
						},
						"1.9667": {
							"vector": [-14.18417, -25.39891, 6.72452]
						},
						"2.1": {
							"vector": [0, 0, 0]
						}
					},
					"position": {
						"0.0": {
							"vector": [0, 0, 0]
						},
						"0.3333": {
							"vector": [0, 0, -6]
						},
						"0.5333": {
							"vector": [0, 0, -6]
						},
						"0.5667": {
							"vector": [0, -4, -6]
						},
						"0.6333": {
							"vector": [0, -1.11, -6]
						},
						"0.8333": {
							"vector": [0, -4.71, -6]
						},
						"1.3": {
							"vector": [0, -2.46, -6]
						},
						"1.3333": {
							"vector": [0, 0.6, -6]
						},
						"1.4667": {
							"vector": [0, -0.22, -6]
						},
						"1.6": {
							"vector": [0, 1.3, -6]
						},
						"1.6333": {
							"vector": [0, 2.87, -6]
						},
						"1.7333": {
							"vector": [0, 0.4, -6]
						},
						"1.8": {
							"vector": [0, 0, -6]
						},
						"2.1": {
							"vector": [0, 0, 0]
						}
					}
				},
				"magazine": {
					"position": {
						"0.4667": {
							"vector": [0, 0, 0]
						},
						"0.5667": {
							"vector": [0, 0, 0]
						},
						"0.7": {
							"vector": [0, -38, 0]
						},
						"1.1333": {
							"vector": [0, -38, 0]
						},
						"1.3": {
							"vector": [0, -9, 0]
						},
						"1.4667": {
							"vector": [0, -8, 0]
						},
						"1.6333": {
							"vector": [0, 0, 0]
						}
					}
				},
				"leftarm": {
					"rotation": {
						"0.0": {
							"vector": [0, 0, 0]
						},
						"0.2": {
							"vector": [-15.89721, 0.04628, 4.91257]
						},
						"0.3333": {
							"vector": [-36.11192, -20.66515, -9.0551]
						},
						"0.4667": {
							"vector": [-38.61174, -20.66559, -9.05555]
						},
						"1.1333": {
							"vector": [-37.36, -20.67, -9.06]
						},
						"1.3": {
							"vector": [-33.19482, -14.23476, -23.15163]
						},
						"1.4667": {
							"vector": [-33.19482, -14.23476, -23.15163]
						},
						"1.6333": {
							"vector": [-33.19482, -14.23476, -23.15163]
						},
						"1.8": {
							"vector": [-33.19482, -14.23476, -23.15163]
						},
						"1.9": {
							"vector": [7.22156, -37.68246, -50.38839]
						},
						"2.1": {
							"vector": [0, 0, 0]
						}
					},
					"position": {
						"0.0": {
							"vector": [0, 0, 0]
						},
						"0.3333": {
							"vector": [3, -9, 4]
						},
						"0.4667": {
							"vector": [3, -9, 4]
						},
						"0.5667": {
							"vector": [3, -9, 4]
						},
						"0.7": {
							"vector": [3, -43, 4]
						},
						"1.1333": {
							"vector": [3, -43, 4]
						},
						"1.3": {
							"vector": [4, -19, 6]
						},
						"1.4667": {
							"vector": [4, -19, 6]
						},
						"1.6333": {
							"vector": [4, -11, 6]
						},
						"1.8": {
							"vector": [4, -11, 6]
						},
						"2.1": {
							"vector": [0, 0, 0]
						}
					}
				},
				"magrelease": {
					"rotation": {
						"0.0": {
							"vector": [0, 0, 0]
						},
						"0.3": {
							"vector": [0, 0, 0]
						},
						"0.4": {
							"vector": [2.5, 0, 0]
						},
						"0.5333": {
							"vector": [2.5, 0, 0]
						},
						"0.6": {
							"vector": [0, 0, 0]
						},
						"1.3333": {
							"vector": [0, 0, 0]
						},
						"1.5": {
							"vector": [2.5, 0, 0]
						},
						"1.6": {
							"vector": [0, 0, 0]
						}
					}
				},
				"bullets": {
					"scale": {
						"0.0": {
							"vector": [0, 0, 0]
						},
						"1.0": {
							"vector": [0, 0, 0]
						},
						"1.1": {
							"vector": [1, 1, 1]
						}
					}
				},
				"rightarm": {
					"rotation": {
						"0.3": {
							"vector": [0, 0, 0]
						},
						"0.4": {
							"vector": [-2.5, 0, 0]
						},
						"0.6": {
							"vector": [0, 0, 0]
						}
					},
					"position": {
						"0.2333": {
							"vector": [0, 0, 0]
						},
						"0.3": {
							"vector": [0, 0, -2]
						},
						"0.6": {
							"vector": [0, 0, -2]
						}
					}
				},
				"bolt": {
					"position": {
						"vector": [0, 0, -9.5]
					}
				}
			},
			"sound_effects": {
				"0.0": {
					"effect": "inspect_up"
				},
				"0.4": {
					"effect": "deagle_magout"
				},
				"0.8": {
					"effect": "foley_start"
				},
				"1.0333": {
					"effect": "lmg_magin"
				}
			}
		},
		"animation.model.draw": {
			"loop": true,
			"animation_length": 1.2,
			"bones": {
				"main": {
					"rotation": {
						"0.0": {
							"vector": [32.09413, -54.38778, -8.29667]
						},
						"0.35": {
							"vector": [0.50518, -5.08075, 6.8716],
							"easing": "easeOutSine"
						},
						"0.5": {
							"vector": [0.32389, -0.60235, -2.1558],
							"easing": "linear"
						},
						"0.6": {
							"vector": [0, 0, 0],
							"easing": "linear"
						}
					},
					"position": {
						"0.0": {
							"vector": [0, -17.3, 0]
						},
						"0.25": {
							"vector": [-0.4, -2.525, -1.625],
							"easing": "linear"
						},
						"0.4": {
							"vector": [-0.05, 0, -2.49],
							"easing": "linear"
						},
						"0.55": {
							"vector": [0, 0, 0],
							"easing": "linear"
						}
					}
				},
				"leftarm": {
					"rotation": {
						"0.0": {
							"vector": [0, 0, 0]
						},
						"0.2": {
							"vector": [1, 0, -22]
						},
						"0.4": {
							"vector": [0, 0, 0]
						}
					},
					"position": {
						"0.0": {
							"vector": [0, 0, 0]
						},
						"0.2": {
							"vector": [3.53901, 3.6754, 5.59783]
						},
						"0.4": {
							"vector": [0, 0, 0]
						}
					}
				}
			},
			"sound_effects": {
				"0.0": {
					"effect": "ak_draw"
				}
			}
		},
		"animation.model.inspect": {
			"loop": true,
			"animation_length": 4.2667,
			"bones": {
				"main": {
					"rotation": {
						"0.0": {
							"vector": [0, 0, 0]
						},
						"0.1667": {
							"vector": [-8.41746, -13.59608, -21.21259],
							"easing": "linear"
						},
						"0.3": {
							"vector": [-8.39812, -20.10111, -31.77688]
						},
						"0.4333": {
							"vector": [-9.55676, -20.88889, -28.55629]
						},
						"0.5333": {
							"vector": [-8.77652, -21.21647, -30.72851]
						},
						"0.7667": {
							"vector": [-9.4227, -20.94881, -28.93303]
						},
						"1.0": {
							"vector": [-3.1216, -20.98207, -46.44405]
						},
						"1.1333": {
							"vector": [-4.564, -20.73064, -42.44007]
						},
						"1.2333": {
							"vector": [-4.86325, -20.9153, -41.60203]
						},
						"1.3333": {
							"vector": [-4.58308, -20.97575, -42.38574]
						},
						"1.4667": {
							"vector": [-4.01131, -21.08802, -43.97908]
						},
						"1.6": {
							"vector": [-4.38767, -21.01662, -42.9316]
						},
						"1.7": {
							"vector": [-4.18847, -21.05622, -43.48691],
							"easing": "linear"
						},
						"2.0333": {
							"vector": [-16.91438, 5.38499, 54.40399],
							"easing": "linear"
						},
						"2.1667": {
							"vector": [-15.22513, 5.80082, 60.04554]
						},
						"2.3": {
							"vector": [-15.70981, 5.86025, 59.48558]
						},
						"2.4333": {
							"vector": [-15.93602, 7.03904, 62.69373]
						},
						"2.5667": {
							"vector": [-15.60896, 7.75082, 65.23442]
						},
						"2.7333": {
							"vector": [-15.71675, 7.52491, 64.42194]
						},
						"2.9": {
							"vector": [-15.56389, 7.84019, 65.55973]
						},
						"3.1": {
							"vector": [-15.61778, 7.73186, 65.16659]
						},
						"3.2667": {
							"vector": [-15.9801, 6.93689, 62.33342]
						},
						"3.4": {
							"vector": [-8.86998, 2.42135, 33.56191]
						},
						"3.5333": {
							"vector": [0, -1.75, -2.75]
						},
						"3.7": {
							"vector": [0, 0, 0]
						}
					},
					"position": {
						"0.0": {
							"vector": [0, 0, 0]
						},
						"0.3": {
							"vector": [-0.475, 1.475, -8.7]
						},
						"0.4": {
							"vector": [-0.195, 1, -7.7]
						},
						"0.5333": {
							"vector": [-0.03, 0.725, -7.7]
						},
						"0.7": {
							"vector": [0, 1.125, -7.7]
						},
						"0.9": {
							"vector": [0.125, 1.4, -8.275]
						},
						"1.2": {
							"vector": [-0.02, 1.475, -8]
						},
						"1.4": {
							"vector": [0.11, 1.425, -8.175]
						},
						"1.6667": {
							"vector": [0.275, 1.25, -7.975]
						},
						"1.8": {
							"vector": [-0.13, -1.19, -8.65]
						},
						"1.9667": {
							"vector": [-0.545, -1.325, -11.15]
						},
						"2.1333": {
							"vector": [-0.415, -1.395, -10.545]
						},
						"2.2667": {
							"vector": [-0.525, -1.455, -9.17]
						},
						"2.4": {
							"vector": [-0.49, -1.43, -9.85]
						},
						"2.5667": {
							"vector": [-0.455, -1.5, -9.24]
						},
						"2.7667": {
							"vector": [-0.53, -1.5, -9.27]
						},
						"3.0": {
							"vector": [-0.49, -1.41, -9.3]
						},
						"3.2333": {
							"vector": [-0.545, -1.325, -9.325]
						},
						"3.3667": {
							"vector": [-1.005, -0.61, -7.41]
						},
						"3.6333": {
							"vector": [0, 0, 0]
						}
					}
				},
				"leftarm": {
					"rotation": {
						"0.0": {
							"vector": [0, 0, 0]
						},
						"0.1667": {
							"vector": [0, 0, -2.5]
						},
						"1.7333": {
							"vector": [0, 0, -2.5]
						},
						"2.0333": {
							"vector": [-20, 0, -45]
						},
						"3.3": {
							"vector": [-20, 0, -45]
						},
						"3.5667": {
							"vector": [0, 0, 0]
						}
					},
					"position": {
						"0.0": {
							"vector": [0, 0, 0]
						},
						"0.1667": {
							"vector": [11.23986, -30.20851, 24.64864]
						},
						"1.7333": {
							"vector": [11.23986, -30.20851, 24.64864]
						},
						"2.0333": {
							"vector": [7.35, 1.25, 2.33]
						},
						"3.3": {
							"vector": [7.35, 1.25, 2.33]
						},
						"3.5667": {
							"vector": [0, 0, 0]
						}
					}
				}
			},
			"sound_effects": {
				"0.0": {
					"effect": "inspect_foley"
				},
				"0.0667": {
					"effect": "inspect_up"
				},
				"1.3": {
					"effect": "inspect_turn"
				},
				"3.3": {
					"effect": "inspect_down"
				}
			}
		},
		"animation.model.reloadempty": {
			"loop": true,
			"animation_length": 2.9,
			"bones": {
				"main": {
					"rotation": {
						"0.0": {
							"vector": [0, 0, 0]
						},
						"0.2333": {
							"vector": [-21.35445, -20.52781, 10.58219]
						},
						"0.3333": {
							"vector": [-34.99236, -47.72601, 0.79242]
						},
						"0.5333": {
							"vector": [-14.99, -47.73, 0.79]
						},
						"0.6": {
							"vector": [-9.99012, -47.72979, 0.79013]
						},
						"0.6667": {
							"vector": [-13.0458, -47.72958, 0.79025]
						},
						"1.0": {
							"vector": [-17.83311, -41.7479, -5.77512],
							"easing": "easeInSine"
						},
						"1.3": {
							"vector": [-21.63, -47.73, 0.79]
						},
						"1.3667": {
							"vector": [-21.74498, -47.72947, 0.79032]
						},
						"1.4": {
							"vector": [-16.41786, -47.7292, 0.79048]
						},
						"1.6": {
							"vector": [9.33651, -42.08435, -38.40437]
						},
						"1.6667": {
							"vector": [-10.55164, -43.02463, -31.87157]
						},
						"1.7333": {
							"vector": [-9.82793, -44.90518, -18.80598]
						},
						"1.8": {
							"vector": [-34.99236, -47.72601, 0.79242]
						},
						"1.8667": {
							"vector": [-31.56777, -45.84464, 7.16269]
						},
						"1.9667": {
							"vector": [-14.18417, -25.39891, 6.72452]
						},
						"2.2": {
							"vector": [-11.14103, -10.88513, 3.30325]
						},
						"2.3": {
							"vector": [-10.65982, -11.35909, 0.79855]
						},
						"2.4": {
							"vector": [-9.63096, -12.2404, -4.22954]
						},
						"2.6": {
							"vector": [-3.71563, 1.15496, 6.59918]
						},
						"2.6667": {
							"vector": [0, 0, -7.5]
						},
						"2.8333": {
							"vector": [0, 0, 0]
						},
						"2.9": {
							"vector": [0, 0, 0]
						}
					},
					"position": {
						"0.0": {
							"vector": [0, 0, 0]
						},
						"0.3333": {
							"vector": [0, 0, -6]
						},
						"0.5333": {
							"vector": [0, 0, -6]
						},
						"0.5667": {
							"vector": [0, -4, -6]
						},
						"0.6333": {
							"vector": [0, -1.11, -6]
						},
						"0.8333": {
							"vector": [0, -4.71, -6]
						},
						"1.3": {
							"vector": [0, -2.46, -6]
						},
						"1.3333": {
							"vector": [0, 0.6, -6]
						},
						"1.4667": {
							"vector": [0, -0.22, -6]
						},
						"1.6": {
							"vector": [0, 1.3, -6]
						},
						"1.6333": {
							"vector": [0, 2.87, -6]
						},
						"1.7333": {
							"vector": [0, 0.4, -6]
						},
						"1.8": {
							"vector": [0, 0, -6]
						},
						"2.2": {
							"vector": [0, 0, -6]
						},
						"2.3": {
							"vector": [0, 0, -6]
						},
						"2.4": {
							"vector": [0, 0, -4]
						},
						"2.4333": {
							"vector": [0, 0, 6]
						},
						"2.5667": {
							"vector": [0, 0, -4]
						},
						"2.6667": {
							"vector": [0, 0, -6]
						},
						"2.9": {
							"vector": [0, 0, 0]
						}
					}
				},
				"magazine": {
					"position": {
						"0.4667": {
							"vector": [0, 0, 0]
						},
						"0.5667": {
							"vector": [0, 0, 0]
						},
						"0.7": {
							"vector": [0, -38, 0]
						},
						"1.1333": {
							"vector": [0, -38, 0]
						},
						"1.3": {
							"vector": [0, -9, 0]
						},
						"1.4667": {
							"vector": [0, -8, 0]
						},
						"1.6333": {
							"vector": [0, 0, 0]
						}
					}
				},
				"bullet": {
					"position": {
						"0.0": {
							"vector": [0, -1, 0]
						},
						"0.6667": {
							"vector": [0, -1, 0]
						},
						"0.7": {
							"vector": [0, 0, 0]
						}
					}
				},
				"magazine2": {
					"rotation": {
						"0.0": {
							"vector": [0, 0, 0]
						},
						"0.2333": {
							"vector": [0, 0, 0]
						},
						"0.6667": {
							"vector": [0, 0, 0]
						},
						"0.8": {
							"vector": [-8.5, -2, 1.25]
						},
						"0.9": {
							"vector": [-8.44764, 1.25068, -0.24794]
						},
						"0.9667": {
							"vector": [0.10142, 1.24766, 2.00259]
						},
						"1.0333": {
							"vector": [0, 0, -0.75]
						},
						"1.1": {
							"vector": [0, 0, 0]
						}
					},
					"position": {
						"0.0": {
							"vector": [0, 0, 0]
						},
						"0.2333": {
							"vector": [0, 0, 0]
						},
						"0.3333": {
							"vector": [0, -23, 0]
						},
						"0.6667": {
							"vector": [0, -23, 0]
						},
						"0.8": {
							"vector": [0.725, -7.55, -1.9]
						},
						"0.9": {
							"vector": [0.125, -7.605, -2.075]
						},
						"0.9667": {
							"vector": [-0.645, -7.1, 0]
						},
						"1.0333": {
							"vector": [0, -6.025, 0]
						},
						"1.1": {
							"vector": [0, 0, 0]
						}
					}
				},
				"bolt": {
					"position": {
						"0.0": {
							"vector": [0, 0, -9.5]
						},
						"2.1": {
							"vector": [0, 0, -9.5]
						},
						"2.2333": {
							"vector": [0, 0, -9.5]
						},
						"2.3667": {
							"vector": [0, 0, 0]
						}
					}
				},
				"leftarm": {
					"rotation": {
						"0.0": {
							"vector": [0, 0, 0]
						},
						"0.2": {
							"vector": [-15.89721, 0.04628, 4.91257]
						},
						"0.3333": {
							"vector": [-36.11192, -20.66515, -9.0551]
						},
						"0.4667": {
							"vector": [-38.61174, -20.66559, -9.05555]
						},
						"1.1333": {
							"vector": [-37.36, -20.67, -9.06]
						},
						"1.3": {
							"vector": [-33.19482, -14.23476, -23.15163]
						},
						"1.4667": {
							"vector": [-33.19482, -14.23476, -23.15163]
						},
						"1.6333": {
							"vector": [-33.19482, -14.23476, -23.15163]
						},
						"1.8": {
							"vector": [-33.19482, -14.23476, -23.15163]
						},
						"1.9": {
							"vector": [7.22156, -37.68246, -50.38839]
						},
						"2.0667": {
							"vector": [20.93748, -46.40636, -126.11522]
						},
						"2.2333": {
							"vector": [20.93748, -46.40636, -126.11522]
						},
						"2.3667": {
							"vector": [6.92282, -75.54549, -110.3612]
						},
						"2.4333": {
							"vector": [6.92282, -75.54549, -110.3612]
						},
						"2.6667": {
							"vector": [17.92466, -22.01187, -39.75558]
						},
						"2.8667": {
							"vector": [0, 0, 0]
						}
					},
					"position": {
						"0.0": {
							"vector": [0, 0, 0]
						},
						"0.3333": {
							"vector": [3, -9, 4]
						},
						"0.4667": {
							"vector": [3, -9, 4]
						},
						"0.5667": {
							"vector": [3, -9, 4]
						},
						"0.7": {
							"vector": [3, -43, 4]
						},
						"1.1333": {
							"vector": [3, -43, 4]
						},
						"1.3": {
							"vector": [4, -19, 6]
						},
						"1.4667": {
							"vector": [4, -19, 6]
						},
						"1.6333": {
							"vector": [4, -11, 6]
						},
						"1.8": {
							"vector": [4, -11, 6]
						},
						"2.0667": {
							"vector": [4.82, 16.76, 12.42]
						},
						"2.2333": {
							"vector": [4.82, 16.76, 12.42]
						},
						"2.3667": {
							"vector": [8.82, 15.76, 12.42]
						},
						"2.4333": {
							"vector": [8.82, 15.76, 12.42]
						},
						"2.6667": {
							"vector": [1.09, 8.06, 7.15]
						},
						"2.8667": {
							"vector": [0, 0, 0]
						}
					}
				},
				"bullets": {
					"scale": {
						"0.0": {
							"vector": [0, 0, 0]
						},
						"1.0": {
							"vector": [0, 0, 0]
						},
						"1.1": {
							"vector": [1, 1, 1]
						}
					}
				},
				"magrelease": {
					"rotation": {
						"0.0": {
							"vector": [0, 0, 0]
						},
						"0.3": {
							"vector": [0, 0, 0]
						},
						"0.4": {
							"vector": [2.5, 0, 0]
						},
						"0.5333": {
							"vector": [2.5, 0, 0]
						},
						"0.6": {
							"vector": [0, 0, 0]
						},
						"1.3333": {
							"vector": [0, 0, 0]
						},
						"1.5": {
							"vector": [2.5, 0, 0]
						},
						"1.6": {
							"vector": [0, 0, 0]
						}
					}
				},
				"rightarm": {
					"rotation": {
						"0.3": {
							"vector": [0, 0, 0]
						},
						"0.4": {
							"vector": [-2.5, 0, 0]
						},
						"0.6": {
							"vector": [0, 0, 0]
						}
					},
					"position": {
						"0.2333": {
							"vector": [0, 0, 0]
						},
						"0.3": {
							"vector": [0, 0, -2]
						},
						"0.6": {
							"vector": [0, 0, -2]
						}
					}
				}
			},
			"sound_effects": {
				"0.0": {
					"effect": "inspect_up"
				},
				"0.4": {
					"effect": "deagle_magout"
				},
				"0.8": {
					"effect": "foley_start"
				},
				"1.0333": {
					"effect": "lmg_magin"
				},
				"2.1333": {
					"effect": "ak_safety"
				},
				"2.2": {
					"effect": "m4_press"
				},
				"2.4333": {
					"effect": "foley_end"
				}
			}
		},
		"animation.model.fire": {
			"loop": true,
			"animation_length": 0.2333,
			"bones": {
				"main": {
					"rotation": {
						"0.0": {
							"vector": [0, 0, 0]
						},
						"0.0333": {
							"vector": [0, 0, 0]
						},
						"0.1": {
							"vector": [-2.49762, 0.10901, 2.49762]
						},
						"0.1667": {
							"vector": [-1.24997, -0.00001, -1.25063]
						},
						"0.2333": {
							"vector": [0, 0, 0]
						}
					},
					"position": {
						"0.0": {
							"vector": [0, 0, 0]
						},
						"0.0333": {
							"vector": [0, 0, 0]
						},
						"0.1": {
							"vector": [0, 0, 2]
						},
						"0.2333": {
							"vector": [0, 0, 0]
						}
					}
				},
				"bolt": {
					"position": {
						"0.0": {
							"vector": [0, 0, 0]
						},
						"0.0333": {
							"vector": [0, 0, -8]
						},
						"0.2333": {
							"vector": [0, 0, 0]
						}
					}
				},
				"leftarm": {
					"rotation": {
						"0.0": {
							"vector": [0, 0, 0]
						},
						"0.0333": {
							"vector": [0, 0, 0]
						},
						"0.1": {
							"vector": [0, 0, 0]
						},
						"0.2333": {
							"vector": [0, 0, 0]
						}
					},
					"position": {
						"0.0": {
							"vector": [0, 0, 0]
						},
						"0.0333": {
							"vector": [0, 0, 0]
						},
						"0.1": {
							"vector": [0, 0, 0]
						},
						"0.2333": {
							"vector": [0, 0, 0]
						}
					}
				}
			}
		}
	},
	"geckolib_format_version": 2
}