{
	"format_version": "1.8.0",
	"animations": {
		"animation.model.inspect": {
			"loop": true,
			"animation_length": 4.2667,
			"bones": {
				"main": {
					"rotation": {
						"0.0": {
							"vector": [0, 0, 0]
						},
						"0.1667": {
							"vector": [-8.41746, -13.59608, -21.21259]
						},
						"0.3": {
							"vector": [-8.39812, -20.10111, -31.77688]
						},
						"0.4333": {
							"vector": [-9.55676, -20.88889, -28.55629]
						},
						"0.5333": {
							"vector": [-8.77652, -21.21647, -30.72851]
						},
						"0.7667": {
							"vector": [-9.4227, -20.94881, -28.93303]
						},
						"1.0": {
							"vector": [-3.1216, -20.98207, -46.44405]
						},
						"1.1333": {
							"vector": [-4.564, -20.73064, -42.44007]
						},
						"1.2333": {
							"vector": [-4.86325, -20.9153, -41.60203]
						},
						"1.3333": {
							"vector": [-4.58308, -20.97575, -42.38574]
						},
						"1.4667": {
							"vector": [-4.01131, -21.08802, -43.97908]
						},
						"1.6": {
							"vector": [-4.38767, -21.01662, -42.9316]
						},
						"1.7": {
							"vector": [-4.18847, -21.05622, -43.48691]
						},
						"2.0333": {
							"vector": [-16.91438, 5.38499, 54.40399]
						},
						"2.1667": {
							"vector": [-15.22513, 5.80082, 60.04554]
						},
						"2.3": {
							"vector": [-15.70981, 5.86025, 59.48558]
						},
						"2.4333": {
							"vector": [-15.93602, 7.03904, 62.69373]
						},
						"2.5667": {
							"vector": [-15.60896, 7.75082, 65.23442]
						},
						"2.7333": {
							"vector": [-15.71675, 7.52491, 64.42194]
						},
						"2.9": {
							"vector": [-15.56389, 7.84019, 65.55973]
						},
						"3.1": {
							"vector": [-15.61778, 7.73186, 65.16659]
						},
						"3.2667": {
							"vector": [-15.9801, 6.93689, 62.33342]
						},
						"3.4": {
							"vector": [-8.86998, 2.42135, 33.56191]
						},
						"3.5333": {
							"vector": [0, -1.75, -2.75]
						},
						"3.7": {
							"vector": [0, 0, 0]
						}
					},
					"position": {
						"0.0": {
							"vector": [0, 0, 0]
						},
						"0.3": {
							"vector": [-0.475, 1.475, -8.7]
						},
						"0.4": {
							"vector": [-0.195, 1, -7.7]
						},
						"0.5333": {
							"vector": [-0.03, 0.725, -7.7]
						},
						"0.7": {
							"vector": [0, 1.125, -7.7]
						},
						"0.9": {
							"vector": [0.125, 1.4, -8.275]
						},
						"1.2": {
							"vector": [-0.02, 1.475, -8]
						},
						"1.4": {
							"vector": [0.11, 1.425, -8.175]
						},
						"1.6667": {
							"vector": [0.275, 1.25, -7.975]
						},
						"1.8": {
							"vector": [-0.13, -1.19, -8.65]
						},
						"1.9667": {
							"vector": [-0.545, -1.325, -11.15]
						},
						"2.1333": {
							"vector": [-0.415, -1.395, -10.545]
						},
						"2.2667": {
							"vector": [-0.525, -1.455, -9.17]
						},
						"2.4": {
							"vector": [-0.49, -1.43, -9.85]
						},
						"2.5667": {
							"vector": [-0.455, -1.5, -9.24]
						},
						"2.7667": {
							"vector": [-0.53, -1.5, -9.27]
						},
						"3.0": {
							"vector": [-0.49, -1.41, -9.3]
						},
						"3.2333": {
							"vector": [-0.545, -1.325, -9.325]
						},
						"3.3667": {
							"vector": [-1.005, -0.61, -7.41]
						},
						"3.6333": {
							"vector": [0, 0, 0]
						}
					}
				},
				"leftarm": {
					"rotation": {
						"0.0": {
							"vector": [0, 0, 0]
						},
						"0.1667": {
							"vector": [0, 0, -2.5]
						},
						"1.7333": {
							"vector": [0, 0, -2.5]
						},
						"2.0333": {
							"vector": [-20, 0, -45]
						},
						"3.3": {
							"vector": [-20, 0, -45]
						},
						"3.5667": {
							"vector": [0, 0, 0]
						}
					},
					"position": {
						"0.0": {
							"vector": [0, 0, 0]
						},
						"0.1667": {
							"vector": [11.23986, -30.20851, 24.64864]
						},
						"1.7333": {
							"vector": [11.23986, -30.20851, 24.64864]
						},
						"2.0333": {
							"vector": [7.35, 1.25, 2.33]
						},
						"3.3": {
							"vector": [7.35, 1.25, 2.33]
						},
						"3.5667": {
							"vector": [0, 0, 0]
						}
					}
				}
			},
			"sound_effects": {
				"0.0": {
					"effect": "inspect_foley"
				},
				"0.0667": {
					"effect": "inspect_up"
				},
				"1.3": {
					"effect": "inspect_turn"
				},
				"3.3": {
					"effect": "inspect_down"
				}
			}
		},
		"animation.model.reloadempty": {
			"loop": true,
			"animation_length": 2.9333,
			"bones": {
				"main": {
					"rotation": {
						"0.0": {
							"vector": [0, 0, 0]
						},
						"0.2333": {
							"vector": [-52.5, 0, 65]
						},
						"0.3": {
							"vector": [-50.28872, 17.67415, 79.15251]
						},
						"0.3667": {
							"vector": [-50.29, 17.67, 79.15]
						},
						"0.4333": {
							"vector": [-25.60833, 22.15703, 85.54455]
						},
						"0.5333": {
							"vector": [-45.32616, 12.78864, 77.16826]
						},
						"0.7": {
							"vector": [-50.75, 7.75, 71.68]
						},
						"0.8333": {
							"vector": [-43.95719, 23.89513, 89.14986]
						},
						"0.9333": {
							"vector": [-40.17736, 37.6882, 101.11721]
						},
						"1.2667": {
							"vector": [-45.66156, 31.99112, 93.14832]
						},
						"1.3667": {
							"vector": [-47.70563, 25.22701, 86.19454]
						},
						"1.4333": {
							"vector": [-57.6617, 28.603, 85.72996]
						},
						"1.6667": {
							"vector": [-51.18209, 13.79771, 75.86294]
						},
						"1.7333": {
							"vector": [-50.29, 17.67, 79.15]
						},
						"1.8": {
							"vector": [-68.23219, 29.17973, 84.39236]
						},
						"1.9": {
							"vector": [-51.18209, 13.79771, 75.86294]
						},
						"2.1667": {
							"vector": [-49.71724, 19.57791, 80.86277]
						},
						"2.3": {
							"vector": [-50.29, 17.67, 79.15]
						},
						"2.3333": {
							"vector": [-60.97561, 19.08141, 76.97557]
						},
						"2.4333": {
							"vector": [-55.7269, 12.07683, 73.84164]
						},
						"2.5": {
							"vector": [-50.29, 17.67, 79.15]
						},
						"2.7": {
							"vector": [-19.68212, 3.31841, 20.20711]
						},
						"2.8": {
							"vector": [-5.00083, 2.27268, 2.70829]
						},
						"2.9": {
							"vector": [0, 0, 0]
						}
					},
					"position": {
						"0.0": {
							"vector": [0, 0, 0]
						},
						"0.3667": {
							"vector": [0, -3, 0]
						},
						"0.4333": {
							"vector": [-1, -3, -1]
						},
						"0.5333": {
							"vector": [0, -3, 0]
						},
						"2.3": {
							"vector": [0, -3, 0]
						},
						"2.3333": {
							"vector": [-7, -5, 7]
						},
						"2.4333": {
							"vector": [0, -3, 0]
						},
						"2.8": {
							"vector": [0, 0, 0]
						},
						"2.9": {
							"vector": [0, 0, 0]
						}
					}
				},
				"leftarm": {
					"rotation": {
						"0.0": {
							"vector": [0, 0, 0]
						},
						"0.3333": {
							"vector": [0, 0, 0]
						},
						"0.5333": {
							"vector": [-9.0441, 1.61856, -35.03718]
						},
						"2.4333": {
							"vector": [-9.0441, 1.61856, -35.03718]
						},
						"2.7": {
							"vector": [0, 0, 0]
						}
					},
					"position": {
						"0.0": {
							"vector": [0, 0, 0]
						},
						"0.3333": {
							"vector": [0, 0, 0]
						},
						"0.5333": {
							"vector": [6, 7, 0]
						},
						"2.4333": {
							"vector": [6, 7, 0]
						},
						"2.7": {
							"vector": [0, 0, 0]
						}
					}
				},
				"rightarm": {
					"rotation": {
						"0.0": {
							"vector": [0, 0, 0]
						},
						"0.2667": {
							"vector": [23.60293, 6.61374, -83.56659]
						},
						"0.3667": {
							"vector": [23.60293, 6.61374, -83.56659]
						},
						"0.4667": {
							"vector": [42.16, 29.55, -77.39]
						},
						"0.6": {
							"vector": [66.90427, 60.12739, -69.15639]
						},
						"0.9667": {
							"vector": [66.90427, 60.12739, -69.15639]
						},
						"1.0667": {
							"vector": [29.40427, 60.12739, -69.15639]
						},
						"1.3667": {
							"vector": [23.60293, 6.61374, -83.56659]
						},
						"1.6667": {
							"vector": [26.31127, 48.10645, -73.77745]
						},
						"1.7333": {
							"vector": [31.18697, 21.29846, -80.49775]
						},
						"2.2": {
							"vector": [0.64571, 10.94596, 7.82397]
						},
						"2.2667": {
							"vector": [0.62302, 8.49336, 8.30906]
						},
						"2.3667": {
							"vector": [0.64571, 10.94596, 7.82397]
						},
						"2.5667": {
							"vector": [0.22842, 20.0662, -1.423]
						},
						"2.7": {
							"vector": [0, 0, 0]
						}
					},
					"position": {
						"0.0": {
							"vector": [0, 0, 0]
						},
						"0.2667": {
							"vector": [1, 1, -12]
						},
						"0.3667": {
							"vector": [1, 1, -12]
						},
						"0.4667": {
							"vector": [0.82, 1.18, -12]
						},
						"0.6": {
							"vector": [10.58, 1.42, -2]
						},
						"0.9667": {
							"vector": [10.58, 1.42, -2]
						},
						"1.0667": {
							"vector": [-0.83, 2.83, -12]
						},
						"2.2": {
							"vector": [-3, 5, -12]
						},
						"2.2667": {
							"vector": [-4, 5, -12]
						},
						"2.3667": {
							"vector": [-3, 5, -6]
						},
						"2.7": {
							"vector": [0, 0, 0]
						}
					}
				},
				"bulletloaded": {
					"rotation": {
						"0.0": {
							"vector": [0, 0, 0]
						},
						"0.5667": {
							"vector": [0, 0, 0]
						}
					},
					"position": {
						"0.0": {
							"vector": [0, 0, 0]
						},
						"0.5667": {
							"vector": [0, 0, 0]
						}
					},
					"scale": {
						"0.0": {
							"vector": [0, 0, 0]
						},
						"0.5667": {
							"vector": [1, 1, 1]
						},
						"0.6333": {
							"vector": [1, 1, 1]
						},
						"2.9333": {
							"vector": [1, 1, 1]
						}
					}
				},
				"bolt": {
					"rotation": {
						"2.2": {
							"vector": [0, 0, 0]
						},
						"2.2667": {
							"vector": [0, 0, 0]
						},
						"2.5": {
							"vector": [0, 0, 0]
						}
					},
					"position": {
						"2.2": {
							"vector": [0, 0, 0]
						},
						"2.2667": {
							"vector": [0, 0, 0]
						},
						"2.3333": {
							"vector": [0, 0, 6]
						},
						"2.5": {
							"vector": [0, 0, 0]
						}
					}
				},
				"magazine": {
					"rotation": {
						"0.2667": {
							"vector": [0, 0, 0]
						},
						"0.3667": {
							"vector": [0, 0, 0]
						},
						"0.4667": {
							"vector": [18.65, -14.4, -11.88]
						},
						"0.6": {
							"vector": [43.52279, -33.60134, -27.72579]
						},
						"0.9667": {
							"vector": [43.52279, -33.60134, -27.72579]
						},
						"1.0667": {
							"vector": [35, 0, 0]
						},
						"1.1333": {
							"vector": [22.10059, -2.83566, 6.94611]
						},
						"1.3667": {
							"vector": [0, 0, 0]
						},
						"1.8": {
							"vector": [0, 0, 0]
						}
					},
					"position": {
						"0.2667": {
							"vector": [0, 0, 0]
						},
						"0.3667": {
							"vector": [0, 0, 0]
						},
						"0.4667": {
							"vector": [2.57, -4.29, 6.43]
						},
						"0.6": {
							"vector": [16, -10, 25]
						},
						"0.9667": {
							"vector": [16, -10, 25]
						},
						"1.0667": {
							"vector": [-3, -13, 10]
						},
						"1.1333": {
							"vector": [-4, -7.43, 4.71]
						},
						"1.3667": {
							"vector": [0, 0, 0]
						},
						"1.7333": {
							"vector": [0, -2, 0]
						},
						"1.8": {
							"vector": [0, 0, 0]
						}
					}
				}
			},
			"sound_effects": {
				"0.3667": {
					"effect": "deagle_magout"
				},
				"0.6": {
					"effect": "foley_start"
				},
				"1.1667": {
					"effect": "ak_magin"
				},
				"1.6333": {
					"effect": "ak_safety"
				},
				"2.2667": {
					"effect": "m4_actionback"
				},
				"2.4333": {
					"effect": "ak_actionforward"
				},
				"2.5333": {
					"effect": "foley_end"
				}
			}
		},
		"animation.model.reload": {
			"loop": true,
			"animation_length": 2.3,
			"bones": {
				"main": {
					"rotation": {
						"0.0": {
							"vector": [0, 0, 0]
						},
						"0.2333": {
							"vector": [-52.5, 0, 65]
						},
						"0.3": {
							"vector": [-50.28872, 17.67415, 79.15251]
						},
						"0.3667": {
							"vector": [-50.29, 17.67, 79.15]
						},
						"0.4333": {
							"vector": [-25.60833, 22.15703, 85.54455]
						},
						"0.5333": {
							"vector": [-45.32616, 12.78864, 77.16826]
						},
						"0.7": {
							"vector": [-50.75, 7.75, 71.68]
						},
						"0.8333": {
							"vector": [-43.95719, 23.89513, 89.14986]
						},
						"0.9333": {
							"vector": [-40.17736, 37.6882, 101.11721]
						},
						"1.2667": {
							"vector": [-45.66156, 31.99112, 93.14832]
						},
						"1.3667": {
							"vector": [-47.70563, 25.22701, 86.19454]
						},
						"1.4333": {
							"vector": [-57.6617, 28.603, 85.72996]
						},
						"1.6667": {
							"vector": [-51.18209, 13.79771, 75.86294]
						},
						"1.7333": {
							"vector": [-50.29, 17.67, 79.15]
						},
						"1.8": {
							"vector": [-68.23219, 29.17973, 84.39236]
						},
						"2.1": {
							"vector": [-19.68212, 3.31841, 20.20711]
						},
						"2.2": {
							"vector": [-5.00083, 2.27268, 2.70829]
						},
						"2.3": {
							"vector": [0, 0, 0]
						}
					},
					"position": {
						"0.0": {
							"vector": [0, 0, 0]
						},
						"0.3667": {
							"vector": [0, -3, 0]
						},
						"0.4333": {
							"vector": [-1, -3, -1]
						},
						"0.5333": {
							"vector": [0, -3, 0]
						},
						"2.2": {
							"vector": [0, 0, 0]
						},
						"2.3": {
							"vector": [0, 0, 0]
						}
					}
				},
				"leftarm": {
					"rotation": {
						"0.0": {
							"vector": [0, 0, 0]
						},
						"0.3333": {
							"vector": [0, 0, 0]
						},
						"0.5333": {
							"vector": [-9.0441, 1.61856, -35.03718]
						},
						"2.1": {
							"vector": [0, 0, 0]
						}
					},
					"position": {
						"0.0": {
							"vector": [0, 0, 0]
						},
						"0.3333": {
							"vector": [0, 0, 0]
						},
						"0.5333": {
							"vector": [6, 7, 0]
						},
						"2.1": {
							"vector": [0, 0, 0]
						}
					}
				},
				"rightarm": {
					"rotation": {
						"0.0": {
							"vector": [0, 0, 0]
						},
						"0.2667": {
							"vector": [23.60293, 6.61374, -83.56659]
						},
						"0.3667": {
							"vector": [23.60293, 6.61374, -83.56659]
						},
						"0.4667": {
							"vector": [42.16, 29.55, -77.39]
						},
						"0.6": {
							"vector": [66.90427, 60.12739, -69.15639]
						},
						"0.9667": {
							"vector": [66.90427, 60.12739, -69.15639]
						},
						"1.0667": {
							"vector": [29.40427, 60.12739, -69.15639]
						},
						"1.3667": {
							"vector": [23.60293, 6.61374, -83.56659]
						},
						"1.6667": {
							"vector": [26.31127, 48.10645, -73.77745]
						},
						"1.7333": {
							"vector": [31.18697, 21.29846, -80.49775]
						},
						"2.1": {
							"vector": [0, 0, 0]
						}
					},
					"position": {
						"0.0": {
							"vector": [0, 0, 0]
						},
						"0.2667": {
							"vector": [1, 1, -12]
						},
						"0.3667": {
							"vector": [1, 1, -12]
						},
						"0.4667": {
							"vector": [0.82, 1.18, -12]
						},
						"0.6": {
							"vector": [10.58, 1.42, -2]
						},
						"0.9667": {
							"vector": [10.58, 1.42, -2]
						},
						"1.0667": {
							"vector": [-0.83, 2.83, -12]
						},
						"1.7333": {
							"vector": [-0.83, 2.83, -12]
						},
						"2.1": {
							"vector": [0, 0, 0]
						}
					}
				},
				"bulletloaded": {
					"rotation": {
						"0.0": {
							"vector": [0, 0, 0]
						},
						"0.5667": {
							"vector": [0, 0, 0]
						}
					},
					"position": {
						"0.0": {
							"vector": [0, 0, 0]
						},
						"0.5667": {
							"vector": [0, 0, 0]
						}
					}
				},
				"magazine": {
					"rotation": {
						"0.2667": {
							"vector": [0, 0, 0]
						},
						"0.3667": {
							"vector": [0, 0, 0]
						},
						"0.4667": {
							"vector": [18.65, -14.4, -11.88]
						},
						"0.6": {
							"vector": [43.52279, -33.60134, -27.72579]
						},
						"0.9667": {
							"vector": [43.52279, -33.60134, -27.72579]
						},
						"1.0667": {
							"vector": [35, 0, 0]
						},
						"1.1333": {
							"vector": [22.10059, -2.83566, 6.94611]
						},
						"1.3667": {
							"vector": [0, 0, 0]
						},
						"1.8": {
							"vector": [0, 0, 0]
						}
					},
					"position": {
						"0.2667": {
							"vector": [0, 0, 0]
						},
						"0.3667": {
							"vector": [0, 0, 0]
						},
						"0.4667": {
							"vector": [2.57, -4.29, 6.43]
						},
						"0.6": {
							"vector": [16, -10, 25]
						},
						"0.9667": {
							"vector": [16, -10, 25]
						},
						"1.0667": {
							"vector": [-3, -13, 10]
						},
						"1.1333": {
							"vector": [-4, -7.43, 4.71]
						},
						"1.3667": {
							"vector": [0, 0, 0]
						},
						"1.7333": {
							"vector": [0, -2, 0]
						},
						"1.8": {
							"vector": [0, 0, 0]
						}
					}
				}
			},
			"sound_effects": {
				"0.3667": {
					"effect": "deagle_magout"
				},
				"0.6": {
					"effect": "foley_start"
				},
				"1.1667": {
					"effect": "ak_magin"
				},
				"1.7333": {
					"effect": "ak_safety"
				}
			}
		},
		"animation.model.draw": {
			"loop": true,
			"animation_length": 1.2,
			"bones": {
				"main": {
					"rotation": {
						"0.0": {
							"vector": [32.09413, -54.38778, -8.29667]
						},
						"0.35": {
							"vector": [0.50518, -5.08075, 6.8716]
						},
						"0.5": {
							"vector": [0.32389, -0.60235, -2.1558]
						},
						"0.6": {
							"vector": [0, 0, 0]
						}
					},
					"position": {
						"0.0": {
							"vector": [0, -17.3, 0]
						},
						"0.25": {
							"vector": [-0.4, -2.525, -1.625]
						},
						"0.4": {
							"vector": [-0.05, 0, -2.49]
						},
						"0.55": {
							"vector": [0, 0, 0]
						}
					}
				},
				"leftarm": {
					"rotation": {
						"0.0": {
							"vector": [0, 0, 0]
						},
						"0.2": {
							"vector": [1, 0, -22]
						},
						"0.4": {
							"vector": [0, 0, 0]
						}
					},
					"position": {
						"0.0": {
							"vector": [0, 0, 0]
						},
						"0.2": {
							"vector": [3.53901, 3.6754, 5.59783]
						},
						"0.4": {
							"vector": [0, 0, 0]
						}
					}
				}
			},
			"sound_effects": {
				"0.05": {
					"effect": "foley_end"
				}
			}
		},
		"animation.model.fire": {
			"loop": true,
			"animation_length": 0.6,
			"bones": {
				"main": {
					"rotation": {
						"0.0": {
							"vector": [0, 0, 0]
						},
						"0.0333": {
							"vector": [-2.5, 0, 0.83333]
						},
						"0.1": {
							"vector": [0, 0, 2.5]
						},
						"0.1667": {
							"vector": [0, 0, -0.33]
						},
						"0.6": {
							"vector": [0, 0, 0]
						}
					},
					"position": {
						"0.0": {
							"vector": [0, 0, 0]
						},
						"0.0333": {
							"vector": [0, 0, 4]
						},
						"0.1667": {
							"vector": [0, 0, 2]
						},
						"0.6": {
							"vector": [0, 0, 0]
						}
					}
				},
				"leftarm": {
					"rotation": {
						"0.0": {
							"vector": [0, 0, 0]
						},
						"0.6": {
							"vector": [0, 0, 0]
						}
					},
					"position": {
						"0.0": {
							"vector": [0, 0, 0]
						},
						"0.1": {
							"vector": [0, 0, 0]
						},
						"0.6": {
							"vector": [0, 0, 0]
						}
					}
				},
				"rightarm": {
					"rotation": {
						"0.0": {
							"vector": [0, 0, 0]
						},
						"0.2": {
							"vector": [0, 0, 0]
						},
						"0.6": {
							"vector": [0, 0, 0]
						}
					},
					"position": {
						"0.0": {
							"vector": [0, 0, 0]
						},
						"0.2": {
							"vector": [0, 0, 0]
						},
						"0.6": {
							"vector": [0, 0, 0]
						}
					}
				},
				"bolt": {
					"rotation": {
						"0.0": {
							"vector": [0, 0, 0]
						},
						"0.1333": {
							"vector": [0, 0, 0]
						}
					},
					"position": {
						"0.0": {
							"vector": [0, 0, 0]
						},
						"0.0333": {
							"vector": [0, 0, 6]
						},
						"0.1333": {
							"vector": [0, 0, 0]
						}
					}
				}
			},
			"sound_effects": {
				"0.0": {
					"effect": "pistol_slide"
				}
			}
		}
	},
	"geckolib_format_version": 2
}