{
	"format_version": "1.8.0",
	"animations": {
		"animation.model.inspect": {
			"loop": true,
			"animation_length": 4.2667,
			"bones": {
				"main": {
					"rotation": {
						"0.0": {
							"vector": [0, 0, 0]
						},
						"0.1667": {
							"vector": [-8.41746, -13.59608, -21.21259],
							"easing": "linear"
						},
						"0.3": {
							"vector": [-8.39812, -20.10111, -31.77688]
						},
						"0.4333": {
							"vector": [-9.55676, -20.88889, -28.55629]
						},
						"0.5333": {
							"vector": [-8.77652, -21.21647, -30.72851]
						},
						"0.7667": {
							"vector": [-9.4227, -20.94881, -28.93303]
						},
						"1.0": {
							"vector": [-3.1216, -20.98207, -46.44405]
						},
						"1.1333": {
							"vector": [-4.564, -20.73064, -42.44007]
						},
						"1.2333": {
							"vector": [-4.86325, -20.9153, -41.60203]
						},
						"1.3333": {
							"vector": [-4.58308, -20.97575, -42.38574]
						},
						"1.4667": {
							"vector": [-4.01131, -21.08802, -43.97908]
						},
						"1.6": {
							"vector": [-4.38767, -21.01662, -42.9316]
						},
						"1.7": {
							"vector": [-4.18847, -21.05622, -43.48691],
							"easing": "linear"
						},
						"2.0333": {
							"vector": [-16.91438, 5.38499, 54.40399],
							"easing": "linear"
						},
						"2.1667": {
							"vector": [-15.22513, 5.80082, 60.04554]
						},
						"2.3": {
							"vector": [-15.70981, 5.86025, 59.48558]
						},
						"2.4333": {
							"vector": [-15.93602, 7.03904, 62.69373]
						},
						"2.5667": {
							"vector": [-15.60896, 7.75082, 65.23442]
						},
						"2.7333": {
							"vector": [-15.71675, 7.52491, 64.42194]
						},
						"2.9": {
							"vector": [-15.56389, 7.84019, 65.55973]
						},
						"3.1": {
							"vector": [-15.61778, 7.73186, 65.16659]
						},
						"3.2667": {
							"vector": [-15.9801, 6.93689, 62.33342]
						},
						"3.4": {
							"vector": [-8.86998, 2.42135, 33.56191]
						},
						"3.5333": {
							"vector": [0, -1.75, -2.75]
						},
						"3.7": {
							"vector": [0, 0, 0]
						}
					},
					"position": {
						"0.0": {
							"vector": [0, 0, 0]
						},
						"0.3": {
							"vector": [-0.475, 1.475, -8.7]
						},
						"0.4": {
							"vector": [-0.195, 1, -7.7]
						},
						"0.5333": {
							"vector": [-0.03, 0.725, -7.7]
						},
						"0.7": {
							"vector": [0, 1.125, -7.7]
						},
						"0.9": {
							"vector": [0.125, 1.4, -8.275]
						},
						"1.2": {
							"vector": [-0.02, 1.475, -8]
						},
						"1.4": {
							"vector": [0.11, 1.425, -8.175]
						},
						"1.6667": {
							"vector": [0.275, 1.25, -7.975]
						},
						"1.8": {
							"vector": [-0.13, -1.19, -8.65]
						},
						"1.9667": {
							"vector": [-0.545, -1.325, -11.15]
						},
						"2.1333": {
							"vector": [-0.415, -1.395, -10.545]
						},
						"2.2667": {
							"vector": [-0.525, -1.455, -9.17]
						},
						"2.4": {
							"vector": [-0.49, -1.43, -9.85]
						},
						"2.5667": {
							"vector": [-0.455, -1.5, -9.24]
						},
						"2.7667": {
							"vector": [-0.53, -1.5, -9.27]
						},
						"3.0": {
							"vector": [-0.49, -1.41, -9.3]
						},
						"3.2333": {
							"vector": [-0.545, -1.325, -9.325]
						},
						"3.3667": {
							"vector": [-1.005, -0.61, -7.41]
						},
						"3.6333": {
							"vector": [0, 0, 0]
						}
					}
				},
				"leftarm": {
					"rotation": {
						"0.0": {
							"vector": [0, 0, 0]
						},
						"0.1667": {
							"vector": [0, 0, -2.5]
						},
						"1.7333": {
							"vector": [0, 0, -2.5]
						},
						"2.0333": {
							"vector": [-20, 0, -45]
						},
						"3.3": {
							"vector": [-20, 0, -45]
						},
						"3.5667": {
							"vector": [0, 0, 0]
						}
					},
					"position": {
						"0.0": {
							"vector": [0, 0, 0]
						},
						"0.1667": {
							"vector": [11.23986, -30.20851, 24.64864]
						},
						"1.7333": {
							"vector": [11.23986, -30.20851, 24.64864]
						},
						"2.0333": {
							"vector": [7.35, 1.25, 2.33]
						},
						"3.3": {
							"vector": [7.35, 1.25, 2.33]
						},
						"3.5667": {
							"vector": [0, 0, 0]
						}
					}
				}
			},
			"sound_effects": {
				"0.0": {
					"effect": "inspect_foley"
				},
				"0.0667": {
					"effect": "inspect_up"
				},
				"1.3": {
					"effect": "inspect_turn"
				},
				"3.3": {
					"effect": "inspect_down"
				}
			}
		},
		"animation.model.idleempty": {
			"loop": true,
			"animation_length": 1.0667,
			"bones": {
				"leftarm": {
					"rotation": {
						"vector": [0, 0, 0]
					},
					"position": {
						"vector": [0, 0, 0]
					}
				},
				"boltcarrier": {
					"position": {
						"vector": [0, 0, 6]
					}
				},
				"bolt": {
					"rotation": {
						"vector": [-5, 0, 0]
					},
					"position": {
						"vector": [0, -0.1, 0]
					}
				},
				"magazine": {
					"rotation": {
						"vector": [0, 0, 0]
					},
					"position": {
						"vector": [0, 0, 0]
					},
					"scale": {
						"vector": [0, 0, 0]
					}
				}
			}
		},
		"animation.model.idle": {
			"loop": true,
			"animation_length": 1.0667,
			"bones": {
				"leftarm": {
					"rotation": {
						"vector": [0, 0, 0]
					},
					"position": {
						"vector": [0, 0, 0]
					}
				},
				"boltcarrier": {
					"rotation": {
						"vector": [0, 0, 0]
					},
					"position": {
						"vector": [0, 0, 0]
					}
				},
				"bolt": {
					"rotation": {
						"vector": [0, 0, 0]
					},
					"position": {
						"vector": [0, 0, 0]
					}
				},
				"magazine": {
					"rotation": {
						"vector": [0, 0, 0]
					},
					"position": {
						"vector": [0, 0, 0]
					},
					"scale": {
						"vector": [0, 0, 0]
					}
				}
			}
		},
		"animation.model.fire": {
			"loop": true,
			"animation_length": 0.3333,
			"bones": {
				"main": {
					"rotation": {
						"0.0": {
							"vector": [0, 0, 0]
						},
						"0.0333": {
							"vector": [-2.49762, 0.10901, 4.99762]
						},
						"0.1667": {
							"vector": [0, 0, -3.75]
						},
						"0.3": {
							"vector": [0, 0, 0]
						}
					},
					"position": {
						"0.0": {
							"vector": [0, 0, 0]
						},
						"0.0333": {
							"vector": [0, 0, 7]
						},
						"0.3": {
							"vector": [0, 0, 0]
						}
					}
				},
				"leftarm": {
					"rotation": {
						"vector": [0, 0, 0]
					},
					"position": {
						"0.0": {
							"vector": [0, 0, 0]
						},
						"0.1": {
							"vector": [0, 0, 0]
						}
					}
				},
				"boltcarrier": {
					"rotation": {
						"0.0333": {
							"vector": [0, 0, 0]
						},
						"0.1667": {
							"vector": [0, 0, 0]
						}
					},
					"position": {
						"0.0333": {
							"vector": [0, 0, 0]
						},
						"0.0667": {
							"vector": [0, 0, 6]
						},
						"0.1667": {
							"vector": [0, 0, 0]
						}
					}
				},
				"bolt": {
					"rotation": {
						"0.0333": {
							"vector": [0, 0, 0]
						},
						"0.0667": {
							"vector": [-5, 0, 0]
						},
						"0.1667": {
							"vector": [0, 0, 0]
						}
					},
					"position": {
						"0.0333": {
							"vector": [0, 0, 0]
						},
						"0.0667": {
							"vector": [0, -0.1, 0]
						},
						"0.1667": {
							"vector": [0, 0, 0]
						}
					}
				},
				"magazine": {
					"rotation": {
						"vector": [0, 0, 0]
					},
					"position": {
						"vector": [0, 0, 0]
					}
				}
			}
		},
		"animation.model.fireempty": {
			"loop": true,
			"animation_length": 0.3333,
			"bones": {
				"main": {
					"rotation": {
						"0.0": {
							"vector": [0, 0, 0]
						},
						"0.0333": {
							"vector": [-2.49762, 0.10901, 4.99762]
						},
						"0.1667": {
							"vector": [0, 0, -3.75]
						},
						"0.3": {
							"vector": [0, 0, 0]
						}
					},
					"position": {
						"0.0": {
							"vector": [0, 0, 0]
						},
						"0.0333": {
							"vector": [0, 0, 7]
						},
						"0.3": {
							"vector": [0, 0, 0]
						}
					}
				},
				"leftarm": {
					"rotation": {
						"vector": [0, 0, 0]
					},
					"position": {
						"0.0": {
							"vector": [0, 0, 0]
						},
						"0.1": {
							"vector": [0, 0, 0]
						}
					}
				},
				"boltcarrier": {
					"rotation": {
						"vector": [0, 0, 0]
					},
					"position": {
						"0.0333": {
							"vector": [0, 0, 0]
						},
						"0.0667": {
							"vector": [0, 0, 6]
						},
						"0.3333": {
							"vector": [0, 0, 6]
						}
					}
				},
				"bolt": {
					"rotation": {
						"0.0333": {
							"vector": [0, 0, 0]
						},
						"0.0667": {
							"vector": [-5, 0, 0]
						},
						"0.3333": {
							"vector": [-5, 0, 0]
						}
					},
					"position": {
						"0.0333": {
							"vector": [0, 0, 0]
						},
						"0.0667": {
							"vector": [0, -0.1, 0]
						},
						"0.3333": {
							"vector": [0, -0.1, 0]
						}
					}
				},
				"magazine": {
					"rotation": {
						"0.0667": {
							"vector": [0, 0, 0]
						},
						"0.2": {
							"vector": [-25, 0, 0]
						}
					},
					"position": {
						"0.0667": {
							"vector": [0, 0, 0]
						},
						"0.2": {
							"vector": [0, 36, 0]
						}
					},
					"scale": {
						"0.2": {
							"vector": [1, 1, 1]
						},
						"0.3": {
							"vector": [0, 0, 0]
						}
					}
				},
				"bullet": {
					"scale": {
						"vector": [0, 0, 0]
					}
				}
			},
			"sound_effects": {
				"0.0333": {
					"effect": "m1garandping"
				}
			}
		},
		"animation.model.reload": {
			"loop": true,
			"animation_length": 2.8667,
			"bones": {
				"main": {
					"rotation": {
						"0.0": {
							"vector": [0, 0, 0]
						},
						"0.2": {
							"vector": [0, -30, 0]
						},
						"0.2667": {
							"vector": [-2.5, -30, 0]
						},
						"0.5667": {
							"vector": [-37.51124, -19.83199, 31.85738],
							"easing": "easeInSine"
						},
						"0.7333": {
							"vector": [-55.165, -22.82445, 38.44126]
						},
						"0.8333": {
							"vector": [-59.98144, -22.02652, 37.71387]
						},
						"0.9333": {
							"vector": [-54.14861, -20.77517, 36.57314]
						},
						"1.1667": {
							"vector": [-52.34022, -10.54537, 27.24761],
							"easing": "easeInSine"
						},
						"1.2667": {
							"vector": [-51.41541, -8.25725, 22.46706]
						},
						"1.3333": {
							"vector": [-51.61478, -10.59393, 24.10876]
						},
						"1.5667": {
							"vector": [-49.11215, -21.16448, 16.79058],
							"easing": "easeInSine"
						},
						"2.0": {
							"vector": [-51.32933, -2.44569, 25.18284]
						},
						"2.0667": {
							"vector": [-39.35513, -2.35163, 24.21427]
						},
						"2.1667": {
							"vector": [-46.20672, -2.1635, 22.27713]
						},
						"2.3": {
							"vector": [-26.96537, -1.7308, 17.8217]
						},
						"2.3667": {
							"vector": [-12.72403, -1.2981, 13.36628]
						},
						"2.5": {
							"vector": [-6.83491, -2.594, -7.25433],
							"easing": "easeInQuad"
						},
						"2.6333": {
							"vector": [0, 0, 0]
						}
					},
					"position": {
						"0.0": {
							"vector": [0, 0, 0]
						},
						"0.2": {
							"vector": [0, 0, 0]
						},
						"0.2667": {
							"vector": [0, -2, 0]
						},
						"0.3333": {
							"vector": [0, 0, 0]
						},
						"0.6": {
							"vector": [-4, -9, -7]
						},
						"2.0": {
							"vector": [-1.53, -6.53, -2.68]
						},
						"2.1": {
							"vector": [-1.47, -6.47, -4.58]
						},
						"2.2333": {
							"vector": [-1.35, -1.11, -2.21]
						},
						"2.3": {
							"vector": [-1.2, -0.99, -1.96]
						},
						"2.3667": {
							"vector": [-1.05, 0.13, -7.72]
						},
						"2.6": {
							"vector": [0, 0, 0]
						}
					}
				},
				"leftarm": {
					"rotation": {
						"0.0": {
							"vector": [0, 0, 0]
						},
						"0.1667": {
							"vector": [0, 0, 0]
						},
						"0.2": {
							"vector": [0, 0, -7.5]
						},
						"0.2667": {
							"vector": [0, 0, 0]
						},
						"0.6": {
							"vector": [0, 0, 0]
						},
						"0.7333": {
							"vector": [1.28309, 8.74579, 5.00546]
						},
						"0.9333": {
							"vector": [2.49694, 11.42618, 11.303]
						},
						"1.3333": {
							"vector": [-3.26389, 11.27456, 7.7749]
						},
						"2.8667": {
							"vector": [0, 0, 0]
						}
					},
					"position": {
						"0.0": {
							"vector": [0, 0, 0]
						},
						"0.1667": {
							"vector": [0, 0, 18]
						},
						"0.2667": {
							"vector": [0, 0, 18]
						},
						"0.6": {
							"vector": [0, 0, 0]
						},
						"2.8667": {
							"vector": [0, 0, 0]
						}
					}
				},
				"boltcarrier": {
					"rotation": {
						"0.0": {
							"vector": [0, 0, 0]
						},
						"0.2": {
							"vector": [0, 0, 0]
						},
						"2.3333": {
							"vector": [0, 0, 0]
						}
					},
					"position": {
						"0.0": {
							"vector": [0, 0, 0]
						},
						"0.2": {
							"vector": [0, 0, 0]
						},
						"0.3": {
							"vector": [0, 0, 6]
						},
						"1.7333": {
							"vector": [0, 0, 6]
						},
						"1.9": {
							"vector": [0, 0, 6]
						},
						"2.2333": {
							"vector": [0, 0, 7]
						},
						"2.3333": {
							"vector": [0, 0, 0]
						}
					}
				},
				"bolt": {
					"rotation": {
						"0.0": {
							"vector": [0, 0, 0]
						},
						"0.2": {
							"vector": [0, 0, 0]
						},
						"0.3": {
							"vector": [-5, 0, 0]
						},
						"1.7333": {
							"vector": [-5, 0, 0]
						},
						"1.9": {
							"vector": [-5, 0, 0]
						},
						"1.9667": {
							"vector": [-5, 0, 0]
						},
						"2.2333": {
							"vector": [-5, 0, 0]
						},
						"2.3333": {
							"vector": [0, 0, 0]
						}
					},
					"position": {
						"0.0": {
							"vector": [0, 0, 0]
						},
						"0.2": {
							"vector": [0, 0, 0]
						},
						"0.3": {
							"vector": [0, -0.1, 0]
						},
						"1.7333": {
							"vector": [0, -0.1, 0]
						},
						"1.9": {
							"vector": [0, -0.1, 0]
						},
						"2.2333": {
							"vector": [0, -0.1, 0]
						},
						"2.3333": {
							"vector": [0, 0, 0]
						}
					}
				},
				"rightarm": {
					"rotation": {
						"0.0": {
							"vector": [0, 0, 0]
						},
						"0.1333": {
							"vector": [-15.48034, 6.62727, 0.35504]
						},
						"0.1667": {
							"vector": [-19.52382, 5.50859, 1.89036]
						},
						"0.3": {
							"vector": [-19.52382, 5.50859, 1.89036]
						},
						"0.5333": {
							"vector": [-12.81, 6, 5.7]
						},
						"0.6333": {
							"vector": [24.10526, -26.75023, 11.23415]
						},
						"1.3": {
							"vector": [21.45386, 2.73334, 17.43414]
						},
						"1.3667": {
							"vector": [-8.54614, 2.73334, 17.43414]
						},
						"1.4667": {
							"vector": [-26.62877, 2.28835, 38.18073]
						},
						"1.6": {
							"vector": [-17.22946, -13.09467, 34.85924]
						},
						"1.7333": {
							"vector": [-20.77168, -19.69253, 26.33807]
						},
						"1.9667": {
							"vector": [64.08712, -4.12036, 0.04344]
						},
						"2.0": {
							"vector": [64.08712, -4.12036, 0.04344]
						},
						"2.1667": {
							"vector": [61.00359, -2.74899, 2.23387]
						},
						"2.2": {
							"vector": [62.60064, 0.54961, 6.09886]
						},
						"2.2667": {
							"vector": [-5.38271, 12.31805, 9.39396]
						},
						"2.4333": {
							"vector": [2.11729, 12.31805, 9.39396]
						},
						"2.5333": {
							"vector": [19.56567, 16.04442, -0.71405]
						},
						"2.6667": {
							"vector": [0, 0, 0]
						}
					},
					"position": {
						"0.0": {
							"vector": [0, 0, 0]
						},
						"0.1667": {
							"vector": [-4, 2, -16]
						},
						"0.3": {
							"vector": [-4, 2, -9]
						},
						"0.5333": {
							"vector": [-5, 2, -14]
						},
						"0.6333": {
							"vector": [-8, -4, -7]
						},
						"1.3": {
							"vector": [-8, 7, -4]
						},
						"1.3667": {
							"vector": [-11, 10, -9]
						},
						"1.4667": {
							"vector": [-11.5, 11, -15]
						},
						"1.7333": {
							"vector": [-15, 9, -17]
						},
						"1.9667": {
							"vector": [-5, 32, -20]
						},
						"2.0": {
							"vector": [-5, 31, -20]
						},
						"2.1667": {
							"vector": [-3, 29, -20]
						},
						"2.2333": {
							"vector": [-2, 32, -19]
						},
						"2.6667": {
							"vector": [0, 0, 0]
						}
					}
				},
				"magazine": {
					"rotation": {
						"0.0": {
							"vector": [0, 0, 0]
						},
						"0.2667": {
							"vector": [0, 0, 0]
						},
						"0.5": {
							"vector": [0, 0, -12.5]
						},
						"0.7": {
							"vector": [0, 0, -37.5]
						},
						"0.9667": {
							"vector": [0, 0, 0]
						}
					},
					"position": {
						"0.0": {
							"vector": [0, 0, 0]
						},
						"0.2667": {
							"vector": [0, 0, 0]
						},
						"0.4": {
							"vector": [4, 36, 0]
						},
						"0.7": {
							"vector": [4, 36, 0]
						},
						"0.9667": {
							"vector": [0, 0, 0]
						},
						"1.0": {
							"vector": [0, -14, 4]
						},
						"1.2667": {
							"vector": [-4.89, -7.44, 4.33]
						},
						"1.3333": {
							"vector": [-5.94, -2.22, 2.67]
						},
						"1.3667": {
							"vector": [-6, 5, 1]
						},
						"1.4": {
							"vector": [-3.8, 8.4, 0.4]
						},
						"1.4667": {
							"vector": [-1, 7, -2]
						},
						"1.6": {
							"vector": [0, 2, 0]
						},
						"1.9667": {
							"vector": [0, 2, 0]
						},
						"2.0": {
							"vector": [0, -0.75, 0]
						},
						"2.1667": {
							"vector": [0, -0.75, 0]
						},
						"2.2333": {
							"vector": [0, 0, 0]
						}
					},
					"scale": {
						"0.7": {
							"vector": [1, 1, 1]
						},
						"0.7333": {
							"vector": [0, 0, 0]
						},
						"0.9667": {
							"vector": [0, 0, 0]
						},
						"1.0": {
							"vector": [1, 1, 1]
						}
					}
				}
			},
			"sound_effects": {
				"0.2": {
					"effect": "m1garandping"
				},
				"0.8": {
					"effect": "foley_start"
				},
				"1.4667": {
					"effect": "ballista_magin"
				},
				"2.0667": {
					"effect": "ak_actionforward"
				},
				"2.2": {
					"effect": "foley_end"
				}
			}
		},
		"animation.model.reloadempty": {
			"loop": true,
			"animation_length": 2.3333,
			"bones": {
				"main": {
					"rotation": {
						"0.0": {
							"vector": [0, 0, 0]
						},
						"0.3": {
							"vector": [-59.98144, -22.02652, 37.71387]
						},
						"0.4": {
							"vector": [-54.14861, -20.77517, 36.57314]
						},
						"0.6333": {
							"vector": [-52.34022, -10.54537, 27.24761],
							"easing": "easeInSine"
						},
						"0.7333": {
							"vector": [-51.41541, -8.25725, 22.46706]
						},
						"0.8": {
							"vector": [-51.61478, -10.59393, 24.10876]
						},
						"1.0333": {
							"vector": [-49.11215, -21.16448, 16.79058],
							"easing": "easeInSine"
						},
						"1.4667": {
							"vector": [-51.32933, -2.44569, 25.18284]
						},
						"1.5333": {
							"vector": [-39.35513, -2.35163, 24.21427]
						},
						"1.6333": {
							"vector": [-46.20672, -2.1635, 22.27713]
						},
						"1.7667": {
							"vector": [-26.96537, -1.7308, 17.8217]
						},
						"1.8333": {
							"vector": [-12.72403, -1.2981, 13.36628]
						},
						"1.9667": {
							"vector": [-6.83491, -2.594, -7.25433],
							"easing": "easeInQuad"
						},
						"2.1": {
							"vector": [0, 0, 0]
						}
					},
					"position": {
						"0.0": {
							"vector": [0, 0, 0]
						},
						"1.4667": {
							"vector": [-1.53, -6.53, -2.68]
						},
						"1.5667": {
							"vector": [-1.47, -6.47, -4.58]
						},
						"1.7": {
							"vector": [-1.35, -1.11, -2.21]
						},
						"1.7667": {
							"vector": [-1.2, -0.99, -1.96]
						},
						"1.8333": {
							"vector": [-1.05, 0.13, -7.72]
						},
						"2.0667": {
							"vector": [0, 0, 0]
						}
					}
				},
				"leftarm": {
					"rotation": {
						"0.0": {
							"vector": [0, 0, 0]
						},
						"0.4": {
							"vector": [2.49694, 11.42618, 11.303]
						},
						"0.8": {
							"vector": [-3.26389, 11.27456, 7.7749]
						},
						"2.3333": {
							"vector": [0, 0, 0]
						}
					},
					"position": {
						"0.0": {
							"vector": [0, 0, 0]
						},
						"2.3333": {
							"vector": [0, 0, 0]
						}
					}
				},
				"boltcarrier": {
					"rotation": {
						"0.0": {
							"vector": [0, 0, 0]
						},
						"1.8": {
							"vector": [0, 0, 0]
						}
					},
					"position": {
						"0.0": {
							"vector": [0, 0, 6]
						},
						"1.2": {
							"vector": [0, 0, 6]
						},
						"1.3667": {
							"vector": [0, 0, 6]
						},
						"1.7": {
							"vector": [0, 0, 7]
						},
						"1.8": {
							"vector": [0, 0, 0]
						}
					}
				},
				"bolt": {
					"rotation": {
						"0.0": {
							"vector": [-5, 0, 0]
						},
						"1.2": {
							"vector": [-5, 0, 0]
						},
						"1.3667": {
							"vector": [-5, 0, 0]
						},
						"1.4333": {
							"vector": [-5, 0, 0]
						},
						"1.7": {
							"vector": [-5, 0, 0]
						},
						"1.8": {
							"vector": [0, 0, 0]
						}
					},
					"position": {
						"0.0": {
							"vector": [0, -0.1, 0]
						},
						"1.2": {
							"vector": [0, -0.1, 0]
						},
						"1.3667": {
							"vector": [0, -0.1, 0]
						},
						"1.7": {
							"vector": [0, -0.1, 0]
						},
						"1.8": {
							"vector": [0, 0, 0]
						}
					}
				},
				"rightarm": {
					"rotation": {
						"0.0": {
							"vector": [0, 0, 0]
						},
						"0.7667": {
							"vector": [21.45386, 2.73334, 17.43414]
						},
						"0.8333": {
							"vector": [-8.54614, 2.73334, 17.43414]
						},
						"0.9333": {
							"vector": [-26.62877, 2.28835, 38.18073]
						},
						"1.0667": {
							"vector": [-17.22946, -13.09467, 34.85924]
						},
						"1.2": {
							"vector": [-20.77168, -19.69253, 26.33807]
						},
						"1.4333": {
							"vector": [64.08712, -4.12036, 0.04344]
						},
						"1.4667": {
							"vector": [64.08712, -4.12036, 0.04344]
						},
						"1.6333": {
							"vector": [61.00359, -2.74899, 2.23387]
						},
						"1.6667": {
							"vector": [62.60064, 0.54961, 6.09886]
						},
						"1.7333": {
							"vector": [-5.38271, 12.31805, 9.39396]
						},
						"1.9": {
							"vector": [2.11729, 12.31805, 9.39396]
						},
						"2.0": {
							"vector": [19.56567, 16.04442, -0.71405]
						},
						"2.1333": {
							"vector": [0, 0, 0]
						}
					},
					"position": {
						"0.0": {
							"vector": [0, 0, 0]
						},
						"0.7667": {
							"vector": [-8, 7, -4]
						},
						"0.8333": {
							"vector": [-11, 10, -9]
						},
						"0.9333": {
							"vector": [-11.5, 11, -15]
						},
						"1.2": {
							"vector": [-15, 9, -17]
						},
						"1.4333": {
							"vector": [-5, 32, -20]
						},
						"1.4667": {
							"vector": [-5, 31, -20]
						},
						"1.6333": {
							"vector": [-3, 29, -20]
						},
						"1.7": {
							"vector": [-2, 32, -19]
						},
						"2.1333": {
							"vector": [0, 0, 0]
						}
					}
				},
				"magazine": {
					"rotation": {
						"0.0": {
							"vector": [0, 0, 0]
						},
						"0.4333": {
							"vector": [0, 0, 0]
						}
					},
					"position": {
						"0.0": {
							"vector": [0, 0, 0]
						},
						"0.4333": {
							"vector": [0, 0, 0]
						},
						"0.4667": {
							"vector": [0, -14, 4]
						},
						"0.7333": {
							"vector": [-4.89, -7.44, 4.33]
						},
						"0.8": {
							"vector": [-5.94, -2.22, 2.67]
						},
						"0.8333": {
							"vector": [-6, 5, 1]
						},
						"0.8667": {
							"vector": [-3.8, 8.4, 0.4]
						},
						"0.9333": {
							"vector": [-1, 7, -2]
						},
						"1.0667": {
							"vector": [0, 2, 0]
						},
						"1.4333": {
							"vector": [0, 2, 0]
						},
						"1.4667": {
							"vector": [0, -0.75, 0]
						},
						"1.6333": {
							"vector": [0, -0.75, 0]
						},
						"1.7": {
							"vector": [0, 0, 0]
						}
					},
					"scale": {
						"0.0": {
							"vector": [0, 0, 0]
						},
						"0.4333": {
							"vector": [0, 0, 0]
						},
						"0.4667": {
							"vector": [1, 1, 1]
						}
					}
				}
			},
			"sound_effects": {
				"0.2667": {
					"effect": "foley_start"
				},
				"0.9333": {
					"effect": "ballista_magin"
				},
				"1.5333": {
					"effect": "ak_actionforward"
				},
				"1.6667": {
					"effect": "foley_end"
				}
			}
		},
		"animation.model.draw": {
			"loop": true,
			"animation_length": 1.2,
			"bones": {
				"main": {
					"rotation": {
						"0.0": {
							"vector": [32.09413, -54.38778, -8.29667]
						},
						"0.35": {
							"vector": [0.50518, -5.08075, 6.8716],
							"easing": "easeOutSine"
						},
						"0.5": {
							"vector": [0.32389, -0.60235, -2.1558],
							"easing": "linear"
						},
						"0.6": {
							"vector": [0, 0, 0],
							"easing": "linear"
						}
					},
					"position": {
						"0.0": {
							"vector": [0, -17.3, 0]
						},
						"0.25": {
							"vector": [-0.4, -2.525, -1.625],
							"easing": "linear"
						},
						"0.4": {
							"vector": [-0.05, 0, -2.49],
							"easing": "linear"
						},
						"0.55": {
							"vector": [0, 0, 0],
							"easing": "linear"
						}
					}
				},
				"leftarm": {
					"rotation": {
						"0.0": {
							"vector": [0, 0, 0]
						},
						"0.2": {
							"vector": [1, 0, -22]
						},
						"0.4": {
							"vector": [0, 0, 0]
						}
					},
					"position": {
						"0.0": {
							"vector": [0, 0, 0]
						},
						"0.2": {
							"vector": [3.53901, 3.6754, 5.59783]
						},
						"0.4": {
							"vector": [0, 0, 0]
						}
					}
				}
			},
			"sound_effects": {
				"0.05": {
					"effect": "foley_end"
				}
			}
		}
	},
	"geckolib_format_version": 2
}