{
	"format_version": "1.8.0",
	"animations": {
		"animation.model.draw": {
			"animation_length": 1.25,
			"bones": {
				"main": {
					"rotation": {
						"0.0": {
							"vector": [32.09413, -54.38778, -8.29667]
						},
						"0.1167": {
							"vector": [0.00849, -12.52, -13.04843],
							"easing": "easeInSine"
						},
						"0.25": {
							"vector": [2.23442, -24.94169, -36.33914]
						},
						"0.4": {
							"vector": [1.16, -24.94, -33.79]
						},
						"0.45": {
							"vector": [0.50806, -19.93741, -32.24445]
						},
						"0.5667": {
							"vector": [-1.00004, -27.43006, -28.68223]
						},
						"0.65": {
							"vector": [-2.42858, -24.92418, -25.30859]
						},
						"0.7167": {
							"vector": [-2.80481, -17.43434, -26.22931]
						},
						"0.8167": {
							"vector": [-3.75581, -24.37916, -26.55303],
							"easing": "easeInSine"
						},
						"1.0": {
							"vector": [-5.18, -24.74, -28.01]
						},
						"1.05": {
							"vector": [-5.2929, -17.36813, -29.16497]
						},
						"1.1": {
							"vector": [-5.95435, -24.92918, -28.79954]
						},
						"1.25": {
							"vector": [0, 0, 0]
						}
					},
					"position": {
						"0.0": {
							"vector": [0, -17.3, 0]
						},
						"0.25": {
							"vector": [-3, 3, 1]
						},
						"1.1": {
							"vector": [-3, 3.17, 1]
						},
						"1.25": {
							"vector": [0, 0, 0]
						}
					}
				},
				"leftarm": {
					"rotation": {
						"0.0": {
							"vector": [0, 0, 0]
						},
						"0.25": {
							"vector": [-87.5, 0, 0]
						},
						"0.3333": {
							"vector": [-87.5, 0, 0]
						},
						"0.4333": {
							"vector": [-96.16792, 18.31885, -11.83145]
						},
						"0.6": {
							"vector": [-87.5, 0, 0]
						},
						"0.75": {
							"vector": [-96.16792, 18.31885, -11.83145]
						},
						"0.9333": {
							"vector": [-87.5, 0, 0]
						},
						"1.25": {
							"vector": [0, 0, 0]
						}
					},
					"position": {
						"0.0": {
							"vector": [0, 0, 0]
						},
						"0.25": {
							"vector": [-19, -13, -12]
						},
						"0.3333": {
							"vector": [-19, -13, -12]
						},
						"0.4333": {
							"vector": [-19, -11, -21]
						},
						"0.6": {
							"vector": [-19, -13, -12]
						},
						"0.75": {
							"vector": [-19, -11, -21]
						},
						"0.9333": {
							"vector": [-19, -13, -12]
						},
						"1.25": {
							"vector": [0, 0, 0]
						}
					}
				},
				"rightarm": {
					"rotation": {
						"vector": [0, 0, 0]
					},
					"position": {
						"vector": [0, 0, 0]
					}
				}
			},
			"sound_effects": {
				"0.0": {
					"effect": "foley_start"
				},
				"0.2167": {
					"effect": "lmg_bulletchain"
				}
			}
		},
		"animation.model.throw": {
			"animation_length": 1.3,
			"bones": {
				"main": {
					"rotation": {
						"0.0": {
							"vector": [0, 0, 0]
						},
						"0.1333": {
							"vector": [6.56991, -24.874, -28.1886]
						},
						"0.2833": {
							"vector": [-5.95435, -24.92918, -28.79954]
						},
						"0.45": {
							"vector": [-13.31058, -24.60217, -25.17916],
							"easing": "easeInSine"
						},
						"0.7167": {
							"vector": [0.43, -24.8, -33.15]
						},
						"0.7667": {
							"vector": [11.51, -24.884, -35.064]
						},
						"0.8667": {
							"vector": [2.23, -24.94, -36.34]
						},
						"1.0667": {
							"vector": [-42.77, -24.94, -36.34]
						},
						"1.15": {
							"vector": [-42.77, -24.94, -36.34]
						},
						"1.25": {
							"vector": [0, 0, 0]
						}
					},
					"position": {
						"0.0": {
							"vector": [0, 0, 0]
						},
						"0.1333": {
							"vector": [-3, 0, 1]
						},
						"0.2167": {
							"vector": [-3, 2.24, 1]
						},
						"0.7167": {
							"vector": [-3, 2.24, 1]
						},
						"0.7667": {
							"vector": [-3, -2.03, -2]
						},
						"0.8": {
							"vector": [-3, 3, 1]
						},
						"1.0667": {
							"vector": [-3, 15, 46]
						},
						"1.15": {
							"vector": [-3, 15, 46]
						},
						"1.25": {
							"vector": [0, 0, 0]
						}
					}
				},
				"rightarm": {
					"rotation": {
						"vector": [0, 0, 0]
					},
					"position": {
						"vector": [0, 0, 0]
					}
				},
				"leftarm": {
					"rotation": {
						"0.0": {
							"vector": [0, 0, 0]
						},
						"0.1167": {
							"vector": [-96.16792, 18.31885, -11.83145]
						},
						"0.25": {
							"vector": [-66.16792, 18.31885, -11.83145]
						},
						"0.3833": {
							"vector": [-96.16792, 18.31885, -11.83145]
						},
						"0.5": {
							"vector": [-96.16792, 18.31885, -11.83145]
						},
						"0.7167": {
							"vector": [-78.66792, 18.31885, -11.83145]
						},
						"0.7833": {
							"vector": [-43.66792, 18.31885, -11.83145]
						},
						"1.0833": {
							"vector": [0, 0, 0]
						}
					},
					"position": {
						"0.0": {
							"vector": [0, 0, 0]
						},
						"0.1167": {
							"vector": [-16, -11, -18]
						},
						"0.25": {
							"vector": [-14.5, -11, -16.5]
						},
						"0.3833": {
							"vector": [-16, -11, -18]
						},
						"0.5": {
							"vector": [-16, -11, -18]
						},
						"0.7167": {
							"vector": [-14.5, -5.5, -14.5]
						},
						"1.0833": {
							"vector": [0, 0, 0]
						}
					}
				},
				"grenade": {
					"scale": {
						"1.0667": {
							"vector": [1, 1, 1]
						},
						"1.15": {
							"vector": [0, 0, 0]
						},
						"1.3": {
							"vector": [0, 0, 0]
						}
					}
				},
				"cap": {
					"position": {
						"0.1333": {
							"vector": [0, 0, 0]
						},
						"0.2667": {
							"vector": [0, -9, 0]
						},
						"0.4": {
							"vector": [0, -56, 0]
						}
					},
					"scale": {
						"0.4": {
							"vector": [1, 1, 1]
						},
						"0.5167": {
							"vector": [0, 0, 0]
						}
					}
				},
				"rope": {
					"position": {
						"0.25": {
							"vector": [0, 0, 0]
						},
						"0.3333": {
							"vector": [0, -1, 0]
						},
						"0.7167": {
							"vector": [0, -1, 0]
						},
						"0.7667": {
							"vector": [0, -17, 0]
						},
						"0.8333": {
							"vector": [0, -34, 0]
						}
					},
					"scale": {
						"0.8333": {
							"vector": [1, 1, 1]
						},
						"0.9167": {
							"vector": [0, 0, 0]
						}
					}
				}
			},
			"sound_effects": {
				"0.0": {
					"effect": "foley_start"
				},
				"0.1": {
					"effect": "ak_safety"
				},
				"0.7167": {
					"effect": "click"
				},
				"1.0": {
					"effect": "throw"
				}
			}
		}
	},
	"geckolib_format_version": 2
}