{
	"format_version": "1.8.0",
	"animations": {
		"animation.model.inspect": {
			"loop": true,
			"animation_length": 1.9,
			"bones": {
				"main": {
					"rotation": {
						"0.0": {
							"vector": [0, 0, 0]
						},
						"0.2333": {
							"vector": [-16.91438, 5.38499, 54.40399]
						},
						"0.3667": {
							"vector": [-15.22513, 5.80082, 60.04554]
						},
						"0.5": {
							"vector": [-15.70981, 5.86025, 59.48558]
						},
						"0.6333": {
							"vector": [-15.93602, 7.03904, 62.69373]
						},
						"0.7667": {
							"vector": [-15.60896, 7.75082, 65.23442]
						},
						"0.9333": {
							"vector": [-15.71675, 7.52491, 64.42194]
						},
						"1.1": {
							"vector": [-15.56389, 7.84019, 65.55973]
						},
						"1.3": {
							"vector": [-15.61778, 7.73186, 65.16659]
						},
						"1.4667": {
							"vector": [-15.9801, 6.93689, 62.33342]
						},
						"1.6": {
							"vector": [-8.86998, 2.42135, 33.56191]
						},
						"1.7333": {
							"vector": [0, -1.75, -2.75]
						},
						"1.9": {
							"vector": [0, 0, 0]
						}
					},
					"position": {
						"0.0": {
							"vector": [0, 0, 0]
						},
						"0.1667": {
							"vector": [-0.545, -1.325, -11.15]
						},
						"0.3333": {
							"vector": [-0.415, -1.395, -10.545]
						},
						"0.4667": {
							"vector": [-0.525, -1.455, -9.17]
						},
						"0.6": {
							"vector": [-0.49, -1.43, -9.85]
						},
						"0.7667": {
							"vector": [-0.455, -1.5, -9.24]
						},
						"0.9667": {
							"vector": [-0.53, -1.5, -9.27]
						},
						"1.2": {
							"vector": [-0.49, -1.41, -9.3]
						},
						"1.4333": {
							"vector": [-0.545, -1.325, -9.325]
						},
						"1.5667": {
							"vector": [-1.005, -0.61, -7.41]
						},
						"1.8333": {
							"vector": [0, 0, 0]
						}
					}
				},
				"leftarm": {
					"rotation": {
						"0.0": {
							"vector": [0, 0, 0]
						},
						"0.2333": {
							"vector": [0, 0, 0]
						},
						"1.5": {
							"vector": [0, 0, 0]
						},
						"1.7667": {
							"vector": [0, 0, 0]
						}
					},
					"position": {
						"0.0": {
							"vector": [0, 0, 0]
						},
						"0.2333": {
							"vector": [0, 0, 0]
						},
						"1.5": {
							"vector": [0, 0, 0]
						},
						"1.7667": {
							"vector": [0, 0, 0]
						}
					}
				}
			},
			"sound_effects": {
				"0.0": {
					"effect": "inspect_foley"
				},
				"1.5": {
					"effect": "inspect_down"
				}
			}
		},
		"animation.model.draw": {
			"loop": true,
			"animation_length": 1.2,
			"bones": {
				"main": {
					"rotation": {
						"0.0": {
							"vector": [32.09413, -54.38778, -8.29667]
						},
						"0.35": {
							"vector": [0.50518, -5.08075, 6.8716]
						},
						"0.5": {
							"vector": [0.32389, -0.60235, -2.1558]
						},
						"0.6": {
							"vector": [0, 0, 0]
						}
					},
					"position": {
						"0.0": {
							"vector": [0, -17.3, 0]
						},
						"0.25": {
							"vector": [-0.4, -2.525, -1.625]
						},
						"0.4": {
							"vector": [-0.05, 0, -2.49]
						},
						"0.55": {
							"vector": [0, 0, 0]
						}
					}
				},
				"leftarm": {
					"rotation": {
						"0.0": {
							"vector": [0, 0, 0]
						},
						"0.2": {
							"vector": [1, 0, -22]
						},
						"0.4": {
							"vector": [0, 0, 0]
						}
					},
					"position": {
						"0.0": {
							"vector": [0, 0, 0]
						},
						"0.2": {
							"vector": [3.53901, 3.6754, 5.59783]
						},
						"0.4": {
							"vector": [0, 0, 0]
						}
					}
				}
			},
			"sound_effects": {
				"0.05": {
					"effect": "foley_end"
				}
			}
		},
		"animation.model.fire": {
			"loop": true,
			"animation_length": 0.1667,
			"bones": {
				"main": {
					"rotation": {
						"0.0": {
							"vector": [0, 0, 0]
						},
						"0.0333": {
							"vector": [0, 0, 0]
						},
						"0.1667": {
							"vector": [0, 0, 0]
						}
					},
					"position": {
						"0.0": {
							"vector": [0, 0, 0]
						},
						"0.0333": {
							"vector": [0, 0, 0]
						},
						"0.0667": {
							"vector": [0, 0, 2]
						},
						"0.1667": {
							"vector": [0, 0, 0]
						}
					}
				},
				"leftarm": {
					"rotation": {
						"vector": [0, 0, 0]
					},
					"position": {
						"0.0": {
							"vector": [0, 0, 0]
						},
						"0.1": {
							"vector": [0, 0, 0]
						}
					}
				},
				"rightarm": {
					"rotation": {
						"0.0": {
							"vector": [0, 0, 0]
						},
						"0.1667": {
							"vector": [0, 0, 0]
						}
					},
					"position": {
						"0.0": {
							"vector": [0, 0, 0]
						},
						"0.1667": {
							"vector": [0, 0, 0]
						}
					}
				}
			}
		},
		"animation.model.reload": {
			"loop": true,
			"animation_length": 4.3,
			"bones": {
				"leftarm": {
					"rotation": {
						"4.1333": {
							"vector": [0, 0, 0]
						},
						"4.3": {
							"vector": [0, 0, 0]
						}
					},
					"position": {
						"0.0": {
							"vector": [0, 0, 0]
						},
						"0.1333": {
							"vector": [1.13, -1.63, 7.5]
						},
						"0.2667": {
							"vector": [-7, 3, 12]
						},
						"1.2667": {
							"vector": [-7, 3, 12]
						},
						"1.3667": {
							"vector": [6.47, -3.8, 24]
						},
						"1.5333": {
							"vector": [1, 5, 27]
						},
						"1.6": {
							"vector": [1, 5, 27]
						},
						"1.8": {
							"vector": [6, 5, 27]
						},
						"1.9": {
							"vector": [10.21, -15, 27]
						},
						"2.2667": {
							"vector": [10.21, -15, 27]
						},
						"2.4333": {
							"vector": [6, 5, 27]
						},
						"2.6333": {
							"vector": [1, 5, 27]
						},
						"2.7": {
							"vector": [-1.29, -2.24, 22.71]
						},
						"2.7667": {
							"vector": [-2.43, -2.86, 20.57]
						},
						"2.8667": {
							"vector": [-7, 3, 12]
						},
						"4.1333": {
							"vector": [-7, 3, 12]
						},
						"4.3": {
							"vector": [0, 0, 0]
						}
					}
				},
				"magazine": {
					"position": {
						"1.5333": {
							"vector": [0, 0, 0]
						},
						"1.6": {
							"vector": [0, 0, 0]
						},
						"1.8": {
							"vector": [5, 0, 0]
						},
						"1.9": {
							"vector": [9.21, -20, 0]
						},
						"2.2667": {
							"vector": [9.21, -20, 0]
						},
						"2.4333": {
							"vector": [5, 0, 0]
						},
						"2.6333": {
							"vector": [0, 0, 0]
						}
					}
				},
				"rightarm": {
					"rotation": {
						"0.0": {
							"vector": [0, 0, 0]
						},
						"0.2667": {
							"vector": [0, 0, 0]
						},
						"0.4": {
							"vector": [2.34685, 1.42709, 2.18124]
						},
						"0.5": {
							"vector": [1.22153, -36.26415, 11.35779]
						},
						"0.5667": {
							"vector": [1.22153, -36.26415, 11.35779]
						},
						"0.6667": {
							"vector": [40.87349, -29.63458, -42.3159]
						},
						"1.0333": {
							"vector": [0.9, -6.53, 0.55]
						},
						"2.6667": {
							"vector": [0.9, -6.53, 0.55]
						},
						"2.8667": {
							"vector": [2.06957, -14.95385, 1.25517]
						},
						"3.2333": {
							"vector": [2.06957, -14.95385, 1.25517]
						},
						"3.3333": {
							"vector": [10.01712, -32.0907, -0.27419]
						},
						"3.4333": {
							"vector": [6.94113, -16.7565, 3.41342]
						},
						"3.4667": {
							"vector": [6.07, -14.66, 2.99]
						},
						"3.6": {
							"vector": [2.6206, -24.54544, 4.7747]
						},
						"3.7": {
							"vector": [-0.3793, -32.02306, 5.53989]
						},
						"3.8333": {
							"vector": [2.02828, -3.97493, 0.81198]
						},
						"3.9333": {
							"vector": [2.99839, 4.13576, -0.30401]
						},
						"4.0667": {
							"vector": [3.87105, 1.52264, 0.23846]
						},
						"4.1333": {
							"vector": [0, 0, 0]
						}
					},
					"position": {
						"0.0": {
							"vector": [0, 0, 0]
						},
						"0.2667": {
							"vector": [0, 0, 0]
						},
						"0.5": {
							"vector": [-12, 17, 3]
						},
						"0.5667": {
							"vector": [-12, 17, 3]
						},
						"0.6667": {
							"vector": [-17, 23, -21]
						},
						"1.2667": {
							"vector": [-7.25, 8.31, -14]
						},
						"2.6667": {
							"vector": [-7.25, 8.31, -14]
						},
						"2.8667": {
							"vector": [-8, 9, -14]
						},
						"2.9667": {
							"vector": [-7, 8, -14]
						},
						"3.1": {
							"vector": [-8, 8, -14]
						},
						"3.2333": {
							"vector": [-11.67, 20.5, -16.67]
						},
						"3.3333": {
							"vector": [-16, 23, -22]
						},
						"3.3667": {
							"vector": [-14.5, 21.5, -17.75]
						},
						"3.4": {
							"vector": [-13.5, 20, -8.83]
						},
						"3.4667": {
							"vector": [-12, 17, 3]
						},
						"3.6": {
							"vector": [-12, 17, 3]
						},
						"3.7": {
							"vector": [-12, 18, 0]
						},
						"4.1333": {
							"vector": [0, 0, 0]
						}
					}
				},
				"topcover": {
					"rotation": {
						"0.0": {
							"vector": [0, 0, 0]
						},
						"0.5667": {
							"vector": [0, 0, 0]
						},
						"0.6667": {
							"vector": [90, 0, 0]
						},
						"3.3333": {
							"vector": [90, 0, 0]
						},
						"3.4667": {
							"vector": [0, 0, 0]
						},
						"3.6": {
							"vector": [0, 0, 0]
						},
						"4.0": {
							"vector": [0, 0, 0]
						}
					},
					"position": {
						"0.5667": {
							"vector": [0, 0, 0]
						},
						"0.6667": {
							"vector": [0, 0, 0]
						},
						"3.3333": {
							"vector": [0, 0, 0]
						},
						"3.4667": {
							"vector": [0, 0, 0]
						},
						"3.6": {
							"vector": [0, 0, 0]
						},
						"4.0": {
							"vector": [0, 0, 0]
						}
					}
				},
				"main": {
					"rotation": {
						"0.0": {
							"vector": [0, 0, 0]
						},
						"0.1667": {
							"vector": [-2.44719, -8.79722, -0.51555]
						},
						"0.4333": {
							"vector": [-15.18735, -11.35781, 6.24369]
						},
						"0.6667": {
							"vector": [-10.35, -14.77, 2.66]
						},
						"0.7333": {
							"vector": [-5.37965, -14.76993, 2.66009]
						},
						"0.8": {
							"vector": [-10.35, -14.77, 2.66]
						},
						"1.0": {
							"vector": [-5.34965, -14.76977, 2.66029]
						},
						"1.1667": {
							"vector": [-18.78475, -15.8061, -2.41081]
						},
						"1.3": {
							"vector": [-30.94115, -14.76981, 2.66024]
						},
						"1.6": {
							"vector": [-26.2567, -14.74373, 2.76318]
						},
						"1.6667": {
							"vector": [-21.65441, -21.40616, 4.82699]
						},
						"1.9": {
							"vector": [-13.73673, -9.91545, 1.43372]
						},
						"2.1": {
							"vector": [-12.99613, -11.85855, -0.89607]
						},
						"2.3333": {
							"vector": [-14.23381, -11.59836, 7.12796]
						},
						"2.6333": {
							"vector": [-8.57, -14.77, 2.66]
						},
						"2.6667": {
							"vector": [-6.6979, -11.15533, -8.18689]
						},
						"2.9": {
							"vector": [-7.81459, -13.83149, -1.94601]
						},
						"3.0333": {
							"vector": [-8.85439, -15.16307, 2.73625]
						},
						"3.1": {
							"vector": [-7.68506, -13.88138, -2.67716]
						},
						"3.5": {
							"vector": [-10.34527, -14.76689, 2.66399]
						},
						"3.5333": {
							"vector": [-15.18359, -14.55593, 2.62593]
						},
						"4.0": {
							"vector": [-7.92009, -11.60256, 2.09313]
						},
						"4.1667": {
							"vector": [-4.16316, -4.65348, 8.44095]
						},
						"4.3": {
							"vector": [0, 0, 0]
						}
					},
					"position": {
						"0.0": {
							"vector": [0, 0, 0]
						},
						"0.4667": {
							"vector": [0, -1.56, 0]
						},
						"1.3": {
							"vector": [0, -3.87, 0]
						},
						"1.6": {
							"vector": [0, -3.34, 0]
						},
						"1.6667": {
							"vector": [0, -3, 0]
						},
						"2.6333": {
							"vector": [0, 0, 0]
						},
						"2.7": {
							"vector": [-1, 0, 0]
						},
						"3.4667": {
							"vector": [-0.56, 0, 0]
						},
						"3.5333": {
							"vector": [-0.52, -2, 0]
						},
						"3.7333": {
							"vector": [-0.48, 0, 0]
						},
						"4.0": {
							"vector": [-0.42, 0.08, 0]
						},
						"4.3": {
							"vector": [0, 0, 0]
						}
					}
				},
				"bullets": {
					"rotation": {
						"2.1333": {
							"vector": [0, 0, 0]
						},
						"2.2333": {
							"vector": [0, 0, 0]
						},
						"3.0": {
							"vector": [0, 0, 0]
						},
						"3.1667": {
							"vector": [0, 0, 0]
						}
					},
					"position": {
						"2.1333": {
							"vector": [1, 0, 0]
						},
						"2.2333": {
							"vector": [3, -0.25, 0]
						},
						"3.0": {
							"vector": [3, -0.25, 0]
						},
						"3.1": {
							"vector": [-1, 0, 0]
						},
						"3.1667": {
							"vector": [0, 0, 0]
						}
					}
				},
				"bullet1": {
					"rotation": {
						"1.7667": {
							"vector": [0, 0, 0]
						},
						"1.8333": {
							"vector": [0, 0, -42.5]
						},
						"2.2333": {
							"vector": [0, 0, 0]
						},
						"3.0": {
							"vector": [0, 0, 0]
						},
						"3.0667": {
							"vector": [0, 0, -5]
						},
						"3.1333": {
							"vector": [0, 0, 0]
						}
					},
					"position": {
						"1.7667": {
							"vector": [0, 0, 0]
						},
						"1.8333": {
							"vector": [0, -1.75, 0]
						},
						"2.2333": {
							"vector": [0, 0, 0]
						},
						"3.0": {
							"vector": [0, 0, 0]
						}
					}
				},
				"bullet2": {
					"rotation": {
						"0.0": {
							"vector": [0, 0, 0]
						},
						"1.7667": {
							"vector": [0, 0, 0]
						},
						"1.8": {
							"vector": [0, 0, 25]
						},
						"3.0": {
							"vector": [0, 0, 0]
						},
						"3.0667": {
							"vector": [0, 0, 10]
						},
						"3.1333": {
							"vector": [0, 0, 0]
						}
					}
				},
				"bullet3": {
					"rotation": {
						"1.7667": {
							"vector": [0, 0, 0]
						},
						"1.8333": {
							"vector": [0, 0, 12.5]
						},
						"2.2333": {
							"vector": [0, 0, 0]
						}
					},
					"position": {
						"1.7667": {
							"vector": [0, 0, 0]
						},
						"2.2333": {
							"vector": [0, 0, 0]
						}
					}
				},
				"maglatch": {
					"rotation": {
						"1.5333": {
							"vector": [0, 0, 0]
						},
						"1.6": {
							"vector": [0, 10, 0]
						},
						"1.6333": {
							"vector": [0, 0, 0]
						},
						"2.6": {
							"vector": [0, 0, 0]
						},
						"2.6333": {
							"vector": [0, 10, 0]
						},
						"2.6667": {
							"vector": [0, 0, 0]
						}
					},
					"position": {
						"1.5333": {
							"vector": [0, 0, 0]
						},
						"1.6333": {
							"vector": [0, 0, 0]
						},
						"2.6": {
							"vector": [0, 0, 0]
						},
						"2.6667": {
							"vector": [0, 0, 0]
						}
					}
				},
				"bipod": {
					"rotation": {
						"0.6667": {
							"vector": [0, 0, 0]
						},
						"0.7": {
							"vector": [-7.5, 0, 0]
						},
						"0.7667": {
							"vector": [0, 0, 0]
						},
						"0.8": {
							"vector": [2.5, 0, 0]
						},
						"0.8667": {
							"vector": [0, 0, 0]
						},
						"1.6": {
							"vector": [0, 0, 0]
						},
						"1.6333": {
							"vector": [2.5, 0, 0]
						},
						"1.7": {
							"vector": [0, 0, 0]
						},
						"1.7333": {
							"vector": [-5, 0, 0]
						},
						"1.8": {
							"vector": [0, 0, 0]
						},
						"2.6333": {
							"vector": [0, 0, 0]
						},
						"2.6667": {
							"vector": [2.5, 0, 0]
						},
						"2.7333": {
							"vector": [0, 0, 0]
						},
						"2.7667": {
							"vector": [-2.5, 0, 0]
						},
						"2.8333": {
							"vector": [0, 0, 0]
						},
						"3.5": {
							"vector": [0, 0, 0]
						},
						"3.5333": {
							"vector": [2.5, 0, 0]
						},
						"3.6": {
							"vector": [0, 0, 0]
						},
						"3.6333": {
							"vector": [-2.5, 0, 0]
						},
						"3.7": {
							"vector": [0, 0, 0]
						}
					}
				}
			},
			"sound_effects": {
				"0.0": {
					"effect": "inspect_up"
				},
				"0.1667": {
					"effect": "foley_start"
				},
				"0.4333": {
					"effect": "lmg_coverup"
				},
				"1.1333": {
					"effect": "lmg_magout"
				},
				"2.2": {
					"effect": "lmg_magin"
				},
				"2.5": {
					"effect": "lmg_bulletchain"
				},
				"3.4333": {
					"effect": "lmg_coverdown"
				},
				"3.7667": {
					"effect": "foley_end"
				}
			}
		},
		"animation.model.reloadempty": {
			"loop": true,
			"animation_length": 5.6667,
			"bones": {
				"leftarm": {
					"rotation": {
						"5.3": {
							"vector": [0, 0, 0]
						},
						"5.4667": {
							"vector": [0, 0, 0]
						}
					},
					"position": {
						"0.0": {
							"vector": [0, 0, 0]
						},
						"0.1667": {
							"vector": [0, 0, 0]
						},
						"0.3": {
							"vector": [1.13, -1.63, 7.5]
						},
						"0.3333": {
							"vector": [-7, 3, 12]
						},
						"2.4": {
							"vector": [-7, 3, 12]
						},
						"2.5333": {
							"vector": [6.47, -3.8, 24]
						},
						"2.7": {
							"vector": [1, 5, 27]
						},
						"2.7667": {
							"vector": [1, 5, 27]
						},
						"2.9667": {
							"vector": [6, 5, 27]
						},
						"3.0667": {
							"vector": [10.21, -15, 27]
						},
						"3.4333": {
							"vector": [10.21, -15, 27]
						},
						"3.6": {
							"vector": [6, 5, 27]
						},
						"3.8": {
							"vector": [1, 5, 27]
						},
						"3.8667": {
							"vector": [-1.29, -2.24, 22.71]
						},
						"3.9333": {
							"vector": [-2.43, -2.86, 20.57]
						},
						"4.0333": {
							"vector": [-7, 3, 12]
						},
						"5.3": {
							"vector": [-7, 3, 12]
						},
						"5.4667": {
							"vector": [0, 0, 0]
						}
					}
				},
				"magazine": {
					"rotation": {
						"vector": [0, 0, 0]
					},
					"position": {
						"2.7": {
							"vector": [0, 0, 0]
						},
						"2.7667": {
							"vector": [0, 0, 0]
						},
						"2.9667": {
							"vector": [5, 0, 0]
						},
						"3.0667": {
							"vector": [9.21, -20, 0]
						},
						"3.4333": {
							"vector": [9.21, -20, 0]
						},
						"3.6": {
							"vector": [5, 0, 0]
						},
						"3.8": {
							"vector": [0, 0, 0]
						}
					}
				},
				"rightarm": {
					"rotation": {
						"0.0": {
							"vector": [0, 0, 0]
						},
						"0.4": {
							"vector": [0.0451, 2.29554, 12.53013]
						},
						"0.4667": {
							"vector": [0.0451, 2.29554, 12.53013]
						},
						"0.5667": {
							"vector": [0.0451, 2.29554, 12.53013]
						},
						"0.6": {
							"vector": [0.0451, 2.29554, 12.53013]
						},
						"0.6667": {
							"vector": [0.0451, 2.29554, 12.53013]
						},
						"0.8333": {
							"vector": [0.0451, 2.29554, 12.53013]
						},
						"0.9333": {
							"vector": [0.0451, 2.29554, 12.53013]
						},
						"1.0333": {
							"vector": [0.0451, 2.29554, 12.53013]
						},
						"1.2333": {
							"vector": [0, 0, 0]
						},
						"1.4333": {
							"vector": [0, 0, 0]
						},
						"1.5667": {
							"vector": [2.34685, 1.42709, 2.18124]
						},
						"1.6667": {
							"vector": [1.22153, -36.26415, 11.35779]
						},
						"1.7333": {
							"vector": [1.22153, -36.26415, 11.35779]
						},
						"1.8333": {
							"vector": [40.87349, -29.63458, -42.3159]
						},
						"2.2": {
							"vector": [0.9, -6.53, 0.55]
						},
						"3.8333": {
							"vector": [0.9, -6.53, 0.55]
						},
						"4.0333": {
							"vector": [2.06957, -14.95385, 1.25517]
						},
						"4.4": {
							"vector": [2.06957, -14.95385, 1.25517]
						},
						"4.5": {
							"vector": [10.01712, -32.0907, -0.27419]
						},
						"4.5667": {
							"vector": [6.94113, -16.7565, 3.41342]
						},
						"4.6": {
							"vector": [6.07, -14.66, 2.99]
						},
						"4.7667": {
							"vector": [2.6206, -24.54544, 4.7747]
						},
						"4.8333": {
							"vector": [-0.3793, -32.02306, 5.53989]
						},
						"5.0": {
							"vector": [2.02828, -3.97493, 0.81198]
						},
						"5.0667": {
							"vector": [2.99839, 4.13576, -0.30401]
						},
						"5.2333": {
							"vector": [3.87105, 1.52264, 0.23846]
						},
						"5.3": {
							"vector": [0, 0, 0]
						}
					},
					"position": {
						"0.0": {
							"vector": [0, 0, 0]
						},
						"0.3": {
							"vector": [0, 0, 0]
						},
						"0.4": {
							"vector": [-6, 8, -6]
						},
						"0.4667": {
							"vector": [-6, 8, -6]
						},
						"0.5667": {
							"vector": [-7, 8, -5]
						},
						"0.6": {
							"vector": [-7, 8, -5]
						},
						"0.6667": {
							"vector": [-7, 8, 5]
						},
						"0.8333": {
							"vector": [-7, 8, 5]
						},
						"0.9333": {
							"vector": [-7, 8, -5]
						},
						"1.0333": {
							"vector": [-6, 8, -6]
						},
						"1.2333": {
							"vector": [0, 0, 0]
						},
						"1.4333": {
							"vector": [0, 0, 0]
						},
						"1.6667": {
							"vector": [-12, 17, 3]
						},
						"1.7333": {
							"vector": [-12, 17, 3]
						},
						"1.8333": {
							"vector": [-17, 23, -21]
						},
						"2.4": {
							"vector": [-7.25, 8.31, -14]
						},
						"3.8333": {
							"vector": [-7.25, 8.31, -14]
						},
						"4.0333": {
							"vector": [-8, 9, -14]
						},
						"4.1333": {
							"vector": [-7, 8, -14]
						},
						"4.2667": {
							"vector": [-8, 8, -14]
						},
						"4.4": {
							"vector": [-11.67, 20.5, -16.67]
						},
						"4.5": {
							"vector": [-16, 23, -22]
						},
						"4.5333": {
							"vector": [-13.5, 20, -8.83]
						},
						"4.6": {
							"vector": [-12, 17, 3]
						},
						"4.7667": {
							"vector": [-12, 17, 3]
						},
						"4.8333": {
							"vector": [-12, 18, 0]
						},
						"5.3": {
							"vector": [0, 0, 0]
						}
					}
				},
				"topcover": {
					"rotation": {
						"0.0": {
							"vector": [0, 0, 0]
						},
						"1.2333": {
							"vector": [0, 0, 0]
						},
						"1.7333": {
							"vector": [0, 0, 0]
						},
						"1.8333": {
							"vector": [90, 0, 0]
						},
						"4.5": {
							"vector": [90, 0, 0]
						},
						"4.6": {
							"vector": [0, 0, 0]
						},
						"4.7667": {
							"vector": [0, 0, 0]
						},
						"5.1667": {
							"vector": [0, 0, 0]
						}
					},
					"position": {
						"1.7333": {
							"vector": [0, 0, 0]
						},
						"1.8333": {
							"vector": [0, 0, 0]
						},
						"4.5": {
							"vector": [0, 0, 0]
						},
						"4.6": {
							"vector": [0, 0, 0]
						},
						"4.7667": {
							"vector": [0, 0, 0]
						},
						"5.1667": {
							"vector": [0, 0, 0]
						}
					}
				},
				"main": {
					"rotation": {
						"0.0": {
							"vector": [0, 0, 0]
						},
						"0.1": {
							"vector": [-27.70212, -6.64851, 3.47875]
						},
						"0.3667": {
							"vector": [-26.22214, -1.73255, 9.38154]
						},
						"0.5": {
							"vector": [-27.87693, -1.85901, 7.45412]
						},
						"0.6667": {
							"vector": [-26.10813, -3.98071, 1.5158]
						},
						"0.7667": {
							"vector": [-24.1729, -1.64638, 3.98024]
						},
						"0.8333": {
							"vector": [-23.11182, -5.17174, -4.60467]
						},
						"0.9333": {
							"vector": [-22.63, -2.27, 1.19]
						},
						"1.0": {
							"vector": [-17.44, -2.11, 1.1]
						},
						"1.1333": {
							"vector": [-23.29333, -1.40667, 0.73333]
						},
						"1.3333": {
							"vector": [-7.44719, -8.79722, -0.51555]
						},
						"1.6": {
							"vector": [-15.18735, -11.35781, 6.24369]
						},
						"1.7333": {
							"vector": [-11.21843, -14.3326, -0.84406]
						},
						"1.8333": {
							"vector": [-10.35, -14.77, 2.66]
						},
						"1.9": {
							"vector": [-5.37965, -14.76993, 2.66009]
						},
						"1.9667": {
							"vector": [-10.35, -14.77, 2.66]
						},
						"2.1667": {
							"vector": [-5.34965, -14.76977, 2.66029]
						},
						"2.3333": {
							"vector": [-18.78475, -15.8061, -2.41081]
						},
						"2.5667": {
							"vector": [-30.94115, -14.76981, 2.66024]
						},
						"2.7667": {
							"vector": [-26.2567, -14.74373, 2.76318]
						},
						"2.8333": {
							"vector": [-21.65441, -21.40616, 4.82699]
						},
						"3.0667": {
							"vector": [-13.73673, -9.91545, 1.43372]
						},
						"3.2667": {
							"vector": [-12.99613, -11.85855, -0.89607]
						},
						"3.5": {
							"vector": [-14.23381, -11.59836, 7.12796]
						},
						"3.8": {
							"vector": [-8.57, -14.77, 2.66]
						},
						"3.8333": {
							"vector": [-6.6979, -11.15533, -8.18689]
						},
						"4.0667": {
							"vector": [-7.81459, -13.83149, -1.94601]
						},
						"4.2": {
							"vector": [-8.85439, -15.16307, 2.73625]
						},
						"4.2667": {
							"vector": [-7.68506, -13.88138, -2.67716]
						},
						"4.6667": {
							"vector": [-10.34527, -14.76689, 2.66399]
						},
						"4.7": {
							"vector": [-15.18359, -14.55593, 2.62593]
						},
						"5.1667": {
							"vector": [-7.92009, -11.60256, 2.09313]
						},
						"5.3333": {
							"vector": [-4.16316, -4.65348, 8.44095]
						},
						"5.4667": {
							"vector": [0, 0, 0]
						}
					},
					"position": {
						"0.0": {
							"vector": [0, 0, 0]
						},
						"0.6": {
							"vector": [0, 0, 0]
						},
						"0.6667": {
							"vector": [0, -2, 3]
						},
						"0.7": {
							"vector": [0, -3.75, 4.63]
						},
						"0.9333": {
							"vector": [0, 0, 0]
						},
						"1.0": {
							"vector": [0, 1, -2]
						},
						"1.2333": {
							"vector": [0, 0, 0.17]
						},
						"1.6333": {
							"vector": [0, -1.56, 0]
						},
						"2.4667": {
							"vector": [0, -3.87, 0]
						},
						"2.7667": {
							"vector": [0, -3.34, 0]
						},
						"2.8333": {
							"vector": [0, -3, 0]
						},
						"3.7": {
							"vector": [0, 0, 0]
						},
						"3.8667": {
							"vector": [-1, 0, 0]
						},
						"4.6": {
							"vector": [-0.56, 0, 0]
						},
						"4.7": {
							"vector": [-0.52, -2, 0]
						},
						"4.8667": {
							"vector": [-0.48, 0, 0]
						},
						"5.1667": {
							"vector": [-0.42, 0.08, 0]
						},
						"5.4667": {
							"vector": [0, 0, 0]
						}
					}
				},
				"bullets": {
					"rotation": {
						"3.3": {
							"vector": [0, 0, 0]
						},
						"3.4": {
							"vector": [0, 0, 0]
						},
						"4.1667": {
							"vector": [0, 0, 0]
						},
						"4.3333": {
							"vector": [0, 0, 0]
						}
					},
					"position": {
						"3.3": {
							"vector": [1, 0, 0]
						},
						"3.4": {
							"vector": [3, -0.25, 0]
						},
						"4.1667": {
							"vector": [3, -0.25, 0]
						},
						"4.2667": {
							"vector": [-1, 0, 0]
						},
						"4.3333": {
							"vector": [0, 0, 0]
						}
					},
					"scale": {
						"0.0": {
							"vector": [0, 0, 0]
						},
						"1.2333": {
							"vector": [0, 0, 0]
						},
						"3.3": {
							"vector": [0, 0, 0]
						},
						"3.4": {
							"vector": [1, 1, 1]
						}
					}
				},
				"bullet1": {
					"rotation": {
						"2.9333": {
							"vector": [0, 0, 0]
						},
						"3.0": {
							"vector": [0, 0, -42.5]
						},
						"3.4": {
							"vector": [0, 0, 0]
						},
						"4.1667": {
							"vector": [0, 0, 0]
						},
						"4.2333": {
							"vector": [0, 0, -5]
						},
						"4.3": {
							"vector": [0, 0, 0]
						}
					},
					"position": {
						"2.9333": {
							"vector": [0, 0, 0]
						},
						"3.0": {
							"vector": [0, -1.75, 0]
						},
						"3.4": {
							"vector": [0, 0, 0]
						},
						"4.1667": {
							"vector": [0, 0, 0]
						}
					}
				},
				"bullet2": {
					"rotation": {
						"0.0": {
							"vector": [0, 0, 0]
						},
						"1.2333": {
							"vector": [0, 0, 0]
						},
						"2.9333": {
							"vector": [0, 0, 0]
						},
						"2.9667": {
							"vector": [0, 0, 25]
						},
						"4.1667": {
							"vector": [0, 0, 0]
						},
						"4.2333": {
							"vector": [0, 0, 10]
						},
						"4.3": {
							"vector": [0, 0, 0]
						}
					}
				},
				"bullet3": {
					"rotation": {
						"2.9333": {
							"vector": [0, 0, 0]
						},
						"3.0": {
							"vector": [0, 0, 12.5]
						},
						"3.4": {
							"vector": [0, 0, 0]
						}
					},
					"position": {
						"2.9333": {
							"vector": [0, 0, 0]
						},
						"3.4": {
							"vector": [0, 0, 0]
						}
					}
				},
				"maglatch": {
					"rotation": {
						"2.7": {
							"vector": [0, 0, 0]
						},
						"2.7667": {
							"vector": [0, 10, 0]
						},
						"2.8": {
							"vector": [0, 0, 0]
						},
						"3.7667": {
							"vector": [0, 0, 0]
						},
						"3.8": {
							"vector": [0, 10, 0]
						},
						"3.8333": {
							"vector": [0, 0, 0]
						}
					},
					"position": {
						"2.7": {
							"vector": [0, 0, 0]
						},
						"2.8": {
							"vector": [0, 0, 0]
						},
						"3.7667": {
							"vector": [0, 0, 0]
						},
						"3.8333": {
							"vector": [0, 0, 0]
						}
					}
				},
				"charginghandle": {
					"position": {
						"0.0": {
							"vector": [0, 0, 0]
						},
						"0.6": {
							"vector": [0, 0, 0]
						},
						"0.6667": {
							"vector": [0, 0, 10]
						},
						"0.8333": {
							"vector": [0, 0, 10]
						},
						"0.9333": {
							"vector": [0, 0, 0]
						}
					}
				},
				"lever": {
					"rotation": {
						"0.0": {
							"vector": [0, 0, 0]
						},
						"0.4667": {
							"vector": [0, 0, 0]
						},
						"0.5667": {
							"vector": [0, 20, 0]
						},
						"0.6": {
							"vector": [0, 20, 0]
						},
						"0.6667": {
							"vector": [0, 20, 0]
						},
						"0.8333": {
							"vector": [0, 20, 0]
						},
						"0.9333": {
							"vector": [0, 20, 0]
						},
						"1.0333": {
							"vector": [0, 0, 0]
						}
					}
				},
				"bipod": {
					"rotation": {
						"0.1": {
							"vector": [0, 0, 0]
						},
						"0.1333": {
							"vector": [-7.5, 0, 0]
						},
						"0.2": {
							"vector": [0, 0, 0]
						},
						"0.2333": {
							"vector": [2.5, 0, 0]
						},
						"0.3": {
							"vector": [0, 0, 0]
						},
						"0.6667": {
							"vector": [0, 0, 0]
						},
						"0.7": {
							"vector": [-7.5, 0, 0]
						},
						"0.7667": {
							"vector": [0, 0, 0]
						},
						"0.8": {
							"vector": [2.5, 0, 0]
						},
						"0.8667": {
							"vector": [0, 0, 0]
						},
						"1.8667": {
							"vector": [0, 0, 0]
						},
						"1.9": {
							"vector": [-7.5, 0, 0]
						},
						"1.9667": {
							"vector": [0, 0, 0]
						},
						"2.0": {
							"vector": [2.5, 0, 0]
						},
						"2.0667": {
							"vector": [0, 0, 0]
						},
						"2.8": {
							"vector": [0, 0, 0]
						},
						"2.8333": {
							"vector": [2.5, 0, 0]
						},
						"2.9": {
							"vector": [0, 0, 0]
						},
						"2.9333": {
							"vector": [-5, 0, 0]
						},
						"3.0": {
							"vector": [0, 0, 0]
						},
						"3.8333": {
							"vector": [0, 0, 0]
						},
						"3.8667": {
							"vector": [2.5, 0, 0]
						},
						"3.9333": {
							"vector": [0, 0, 0]
						},
						"3.9667": {
							"vector": [-2.5, 0, 0]
						},
						"4.0333": {
							"vector": [0, 0, 0]
						},
						"4.6": {
							"vector": [0, 0, 0]
						},
						"4.6333": {
							"vector": [2.5, 0, 0]
						},
						"4.7": {
							"vector": [0, 0, 0]
						},
						"4.7333": {
							"vector": [-5, 0, 0]
						},
						"4.8": {
							"vector": [0, 0, 0]
						}
					}
				}
			},
			"sound_effects": {
				"0.0": {
					"effect": "inspect_up"
				},
				"0.4": {
					"effect": "xm7_chargeback"
				},
				"0.7": {
					"effect": "wa2000_actionback"
				},
				"1.3333": {
					"effect": "foley_start"
				},
				"1.6": {
					"effect": "lmg_coverup"
				},
				"2.2667": {
					"effect": "lmg_magout"
				},
				"3.3667": {
					"effect": "lmg_magin"
				},
				"3.6667": {
					"effect": "lmg_bulletchain"
				},
				"4.5667": {
					"effect": "lmg_coverdown"
				},
				"4.9333": {
					"effect": "foley_end"
				}
			}
		}
	},
	"geckolib_format_version": 2
}