{
	"format_version": "1.8.0",
	"animations": {
		"animation.model.inspect": {
			"loop": true,
			"animation_length": 4.2667,
			"bones": {
				"main": {
					"rotation": {
						"0.0": {
							"vector": [0, 0, 0]
						},
						"0.1667": {
							"vector": [-8.41746, -13.59608, -21.21259]
						},
						"0.3": {
							"vector": [-8.39812, -20.10111, -31.77688]
						},
						"0.4333": {
							"vector": [-9.55676, -20.88889, -28.55629]
						},
						"0.5333": {
							"vector": [-8.77652, -21.21647, -30.72851]
						},
						"0.7667": {
							"vector": [-9.4227, -20.94881, -28.93303]
						},
						"1.0": {
							"vector": [-3.1216, -20.98207, -46.44405]
						},
						"1.1333": {
							"vector": [-4.564, -20.73064, -42.44007]
						},
						"1.2333": {
							"vector": [-4.86325, -20.9153, -41.60203]
						},
						"1.3333": {
							"vector": [-4.58308, -20.97575, -42.38574]
						},
						"1.4667": {
							"vector": [-4.01131, -21.08802, -43.97908]
						},
						"1.6": {
							"vector": [-4.38767, -21.01662, -42.9316]
						},
						"1.7": {
							"vector": [-4.18847, -21.05622, -43.48691]
						},
						"2.0333": {
							"vector": [-16.91438, 5.38499, 54.40399]
						},
						"2.1667": {
							"vector": [-15.22513, 5.80082, 60.04554]
						},
						"2.3": {
							"vector": [-15.70981, 5.86025, 59.48558]
						},
						"2.4333": {
							"vector": [-15.93602, 7.03904, 62.69373]
						},
						"2.5667": {
							"vector": [-15.60896, 7.75082, 65.23442]
						},
						"2.7333": {
							"vector": [-15.71675, 7.52491, 64.42194]
						},
						"2.9": {
							"vector": [-15.56389, 7.84019, 65.55973]
						},
						"3.1": {
							"vector": [-15.61778, 7.73186, 65.16659]
						},
						"3.2667": {
							"vector": [-15.9801, 6.93689, 62.33342]
						},
						"3.4": {
							"vector": [-8.86998, 2.42135, 33.56191]
						},
						"3.5333": {
							"vector": [0, -1.75, -2.75]
						},
						"3.7": {
							"vector": [0, 0, 0]
						}
					},
					"position": {
						"0.0": {
							"vector": [0, 0, 0]
						},
						"0.3": {
							"vector": [-0.475, 1.475, -8.7]
						},
						"0.4": {
							"vector": [-0.195, 1, -7.7]
						},
						"0.5333": {
							"vector": [-0.03, 0.725, -7.7]
						},
						"0.7": {
							"vector": [0, 1.125, -7.7]
						},
						"0.9": {
							"vector": [0.125, 1.4, -8.275]
						},
						"1.2": {
							"vector": [-0.02, 1.475, -8]
						},
						"1.4": {
							"vector": [0.11, 1.425, -8.175]
						},
						"1.6667": {
							"vector": [0.275, 1.25, -7.975]
						},
						"1.8": {
							"vector": [-0.13, -1.19, -8.65]
						},
						"1.9667": {
							"vector": [-0.545, -1.325, -11.15]
						},
						"2.1333": {
							"vector": [-0.415, -1.395, -10.545]
						},
						"2.2667": {
							"vector": [-0.525, -1.455, -9.17]
						},
						"2.4": {
							"vector": [-0.49, -1.43, -9.85]
						},
						"2.5667": {
							"vector": [-0.455, -1.5, -9.24]
						},
						"2.7667": {
							"vector": [-0.53, -1.5, -9.27]
						},
						"3.0": {
							"vector": [-0.49, -1.41, -9.3]
						},
						"3.2333": {
							"vector": [-0.545, -1.325, -9.325]
						},
						"3.3667": {
							"vector": [-1.005, -0.61, -7.41]
						},
						"3.6333": {
							"vector": [0, 0, 0]
						}
					}
				},
				"leftarm": {
					"rotation": {
						"0.0": {
							"vector": [0, 0, 0]
						},
						"0.1667": {
							"vector": [0, 0, -2.5]
						},
						"1.7333": {
							"vector": [0, 0, -2.5]
						},
						"2.0333": {
							"vector": [0, 0, 0]
						},
						"3.3": {
							"vector": [0, 0, 0]
						},
						"3.5667": {
							"vector": [0, 0, 0]
						}
					},
					"position": {
						"0.0": {
							"vector": [0, 0, 0]
						},
						"0.1667": {
							"vector": [11.23986, -30.20851, 24.64864]
						},
						"1.7333": {
							"vector": [11.23986, -30.20851, 24.64864]
						},
						"2.0333": {
							"vector": [0, 0, 0]
						},
						"3.3": {
							"vector": [0, 0, 0]
						},
						"3.5667": {
							"vector": [0, 0, 0]
						}
					}
				},
				"bolt": {
					"rotation": {
						"vector": [0, 0, 0]
					},
					"position": {
						"vector": [0, 0, 0]
					}
				}
			},
			"sound_effects": {
				"0.0": {
					"effect": "inspect_foley"
				},
				"0.0667": {
					"effect": "inspect_up"
				},
				"1.3": {
					"effect": "inspect_turn"
				},
				"3.3": {
					"effect": "inspect_down"
				}
			}
		},
		"animation.model.draw": {
			"loop": true,
			"animation_length": 1.2,
			"bones": {
				"main": {
					"rotation": {
						"0.0": {
							"vector": [32.09413, -54.38778, -8.29667]
						},
						"0.35": {
							"vector": [0.50518, -5.08075, 6.8716]
						},
						"0.5": {
							"vector": [0.32389, -0.60235, -2.1558]
						},
						"0.6": {
							"vector": [0, 0, 0]
						}
					},
					"position": {
						"0.0": {
							"vector": [0, -17.3, 0]
						},
						"0.25": {
							"vector": [-0.4, -2.525, -1.625]
						},
						"0.4": {
							"vector": [-0.05, 0, -2.49]
						},
						"0.55": {
							"vector": [0, 0, 0]
						}
					}
				},
				"leftarm": {
					"rotation": {
						"0.0": {
							"vector": [0, 0, 0]
						},
						"0.2": {
							"vector": [1, 0, -22]
						},
						"0.4": {
							"vector": [0, 0, 0]
						}
					},
					"position": {
						"0.0": {
							"vector": [0, 0, 0]
						},
						"0.2": {
							"vector": [3.53901, 3.6754, 5.59783]
						},
						"0.4": {
							"vector": [0, 0, 0]
						}
					}
				}
			},
			"sound_effects": {
				"0.05": {
					"effect": "foley_end"
				}
			}
		},
		"animation.model.fire": {
			"loop": true,
			"animation_length": 0.1667,
			"bones": {
				"main": {
					"rotation": {
						"0.0": {
							"vector": [0, 0, 0]
						},
						"0.0333": {
							"vector": [0, 0, 0]
						},
						"0.0667": {
							"vector": [-1, 0, 2.5]
						},
						"0.1333": {
							"vector": [-0.99905, -0.04362, 0.00038]
						},
						"0.1667": {
							"vector": [0, 0, 0]
						}
					},
					"position": {
						"0.0": {
							"vector": [0, 0, 0]
						},
						"0.0333": {
							"vector": [0, 0, 0]
						},
						"0.0667": {
							"vector": [0, 0, 2]
						},
						"0.1667": {
							"vector": [0, 0, 0]
						}
					}
				},
				"leftarm": {
					"rotation": {
						"vector": [0, 0, 0]
					},
					"position": {
						"0.0": {
							"vector": [0, 0, 0]
						},
						"0.1": {
							"vector": [0, 0, 0]
						}
					}
				},
				"rightarm": {
					"rotation": {
						"0.0": {
							"vector": [0, 0, 0]
						},
						"0.1667": {
							"vector": [0, 0, 0]
						}
					},
					"position": {
						"0.0": {
							"vector": [0, 0, 0]
						},
						"0.1667": {
							"vector": [0, 0, 0]
						}
					}
				},
				"bolt": {
					"rotation": {
						"0.0": {
							"vector": [0, 0, 0]
						},
						"0.0333": {
							"vector": [0, 0, 0]
						},
						"0.1667": {
							"vector": [0, 0, 0]
						}
					},
					"position": {
						"0.0": {
							"vector": [0, 0, 0]
						},
						"0.0333": {
							"vector": [0, 0, -6.25]
						},
						"0.1667": {
							"vector": [0, 0, 0]
						}
					}
				}
			}
		},
		"animation.model.reloadempty": {
			"loop": true,
			"animation_length": 2.7333,
			"bones": {
				"main": {
					"rotation": {
						"0.0": {
							"vector": [0, 0, 0]
						},
						"0.1333": {
							"vector": [-5.88717, -1.94182, 10.89379]
						},
						"0.4333": {
							"vector": [-17.75313, -9.53274, 3.03513]
						},
						"0.7": {
							"vector": [-0.25313, -9.53274, 3.03513]
						},
						"0.7667": {
							"vector": [5.40476, -9.53274, 3.03513]
						},
						"0.8667": {
							"vector": [-1.63858, -9.53274, 3.03513]
						},
						"0.9667": {
							"vector": [2.53118, -10.10715, -5.38305]
						},
						"1.1667": {
							"vector": [-2.88881, -9.99991, -8.76785]
						},
						"1.4": {
							"vector": [-6.18162, -9.62296, -0.59676]
						},
						"1.4667": {
							"vector": [-6.68554, -10.19647, -3.81465]
						},
						"1.5333": {
							"vector": [-8.92, -9.53, 3.04]
						},
						"1.5667": {
							"vector": [-14.4396, -9.53016, 3.03971]
						},
						"1.6333": {
							"vector": [-12.35379, -9.53048, 3.03914]
						},
						"1.7": {
							"vector": [-13.13, -9.53, 3.04]
						},
						"1.8": {
							"vector": [-19.28578, -9.53069, 3.03878]
						},
						"1.9": {
							"vector": [-11.2749, -9.53137, 3.03756]
						},
						"1.9667": {
							"vector": [-9.2101, -8.17256, 5.22042]
						},
						"2.0333": {
							"vector": [-12.14531, -6.81376, 7.40328]
						},
						"2.1333": {
							"vector": [-9.87, -5.54, 6.02]
						},
						"2.2": {
							"vector": [-0.85154, -4.68769, 5.09385]
						},
						"2.3333": {
							"vector": [-7.25528, -2.66995, 5.72488]
						},
						"2.5667": {
							"vector": [0, 0, 0]
						}
					},
					"position": {
						"0.0": {
							"vector": [0, 0, 0]
						},
						"0.4": {
							"vector": [0, 0, 0]
						},
						"0.4667": {
							"vector": [0, -1, 5]
						},
						"0.5667": {
							"vector": [0, 0, 1.81]
						},
						"0.7333": {
							"vector": [0, 0, 1.45]
						},
						"0.7667": {
							"vector": [0, -1, 1.42]
						},
						"0.9333": {
							"vector": [0, 0.08, 1.3]
						},
						"1.5667": {
							"vector": [0, 0.06, 0.91]
						},
						"1.6": {
							"vector": [0, 1.06, 0.88]
						},
						"1.7333": {
							"vector": [0, -0.09, 0.76]
						},
						"1.8": {
							"vector": [0, 0.92, 0.7]
						},
						"2.0": {
							"vector": [0, 0.68, 0.52]
						},
						"2.0333": {
							"vector": [0, 0.64, 2.49]
						},
						"2.1": {
							"vector": [0, 0.56, 1.18]
						},
						"2.1333": {
							"vector": [0, 0.52, 1.1]
						},
						"2.2": {
							"vector": [0, 0.44, -2.07]
						},
						"2.3": {
							"vector": [0, 0.32, 0.22]
						},
						"2.5667": {
							"vector": [0, 0, 0]
						}
					}
				},
				"leftarm": {
					"rotation": {
						"0.0": {
							"vector": [0, 0, 0]
						},
						"0.2333": {
							"vector": [23.34549, -9.39089, -33.81109]
						},
						"0.4": {
							"vector": [23.35, -9.39, -33.81]
						},
						"0.5": {
							"vector": [36.3955, -5.25091, -59.44972]
						},
						"0.6333": {
							"vector": [0, 0, 0]
						},
						"0.7333": {
							"vector": [0, 0, 0]
						},
						"1.5333": {
							"vector": [0, 0, 0]
						},
						"1.6": {
							"vector": [0, 0, 0]
						},
						"1.6667": {
							"vector": [0, 0, 0]
						},
						"1.7667": {
							"vector": [0, 0, 0]
						},
						"1.9667": {
							"vector": [36.3955, -5.25091, -59.44972]
						},
						"2.0": {
							"vector": [36.3955, -5.25091, -59.44972]
						},
						"2.1": {
							"vector": [23.35, -9.39, -33.81]
						},
						"2.4333": {
							"vector": [0, 0, 0]
						}
					},
					"position": {
						"0.0": {
							"vector": [0, 0, 0]
						},
						"0.2333": {
							"vector": [5.25, 3.5, 3.75]
						},
						"0.4": {
							"vector": [5.25, 3.5, 17.75]
						},
						"0.5": {
							"vector": [5, 7, 17.75]
						},
						"0.6333": {
							"vector": [0, 0, 0]
						},
						"0.7333": {
							"vector": [0, 0, 0]
						},
						"0.8667": {
							"vector": [0, -20, 0]
						},
						"1.4333": {
							"vector": [0, -20, 0]
						},
						"1.5333": {
							"vector": [0.5, -5, 0]
						},
						"1.6": {
							"vector": [0.5, -7, 0]
						},
						"1.6667": {
							"vector": [0.5, -7, 0]
						},
						"1.7": {
							"vector": [-0.17, -4.67, 0]
						},
						"1.7667": {
							"vector": [0, 0, 0]
						},
						"1.9667": {
							"vector": [5, 7, 17.75]
						},
						"2.0": {
							"vector": [5, 7, 18.25]
						},
						"2.1": {
							"vector": [5.25, 3.5, 17.75]
						},
						"2.4333": {
							"vector": [0, 0, 0]
						}
					}
				},
				"bolt": {
					"rotation": {
						"0.0": {
							"vector": [0, 0, 0]
						},
						"0.2333": {
							"vector": [0, 0, 0]
						},
						"0.4": {
							"vector": [0, 0, 0]
						},
						"0.5": {
							"vector": [0, 0, -45]
						},
						"0.6": {
							"vector": [0, 0, -45]
						},
						"1.9667": {
							"vector": [0, 0, -45]
						},
						"2.0": {
							"vector": [0, 0, -45]
						},
						"2.1": {
							"vector": [0, 0, 0]
						},
						"2.1667": {
							"vector": [0, 0, 0]
						}
					},
					"position": {
						"0.0": {
							"vector": [0, 0, -6.15]
						},
						"0.2333": {
							"vector": [0, 0, -6.15]
						},
						"0.4": {
							"vector": [0, 0, 7.1]
						},
						"0.5": {
							"vector": [0, 0, 7.1]
						},
						"0.6": {
							"vector": [0, 0, 6.6]
						},
						"1.9667": {
							"vector": [0, 0, 6.6]
						},
						"2.0": {
							"vector": [0, 0, 7.1]
						},
						"2.1": {
							"vector": [0, 0, 7.1]
						},
						"2.1667": {
							"vector": [0, 0, 0]
						}
					}
				},
				"magazine": {
					"rotation": {
						"0.7333": {
							"vector": [0, 0, 0]
						},
						"1.5333": {
							"vector": [0, 0, 0]
						},
						"1.6": {
							"vector": [0, 0, 0]
						},
						"1.6667": {
							"vector": [0, 0, 0]
						},
						"1.7667": {
							"vector": [0, 0, 0]
						}
					},
					"position": {
						"0.7333": {
							"vector": [0, 0, 0]
						},
						"0.8667": {
							"vector": [0, -20, 0]
						},
						"1.4333": {
							"vector": [0, -20, 0]
						},
						"1.5333": {
							"vector": [0.5, -5.25, 0]
						},
						"1.6": {
							"vector": [0.5, -7.25, 0]
						},
						"1.6667": {
							"vector": [0.5, -7.25, 0]
						},
						"1.7": {
							"vector": [-0.17, -4.83, 0]
						},
						"1.7667": {
							"vector": [0, 0, 0]
						}
					}
				},
				"bullet": {
					"scale": {
						"0.0": {
							"vector": [0, 0, 0]
						},
						"1.1333": {
							"vector": [0, 0, 0]
						},
						"1.2": {
							"vector": [1, 1, 1]
						}
					}
				}
			},
			"sound_effects": {
				"0.2333": {
					"effect": "mp5_actionback"
				},
				"0.3333": {
					"effect": "mp5_actionup"
				},
				"0.6333": {
					"effect": "deagle_magout"
				},
				"0.8333": {
					"effect": "foley_start"
				},
				"1.3667": {
					"effect": "mp5_magin"
				},
				"2.0333": {
					"effect": "mp5_boltclose"
				},
				"2.1": {
					"effect": "foley_end"
				}
			}
		},
		"animation.model.reload": {
			"loop": true,
			"animation_length": 1.9333,
			"bones": {
				"main": {
					"rotation": {
						"0.0": {
							"vector": [0, 0, 0]
						},
						"0.1333": {
							"vector": [-17.75313, -9.53274, 3.03513]
						},
						"0.4": {
							"vector": [-0.25313, -9.53274, 3.03513]
						},
						"0.4667": {
							"vector": [5.40476, -9.53274, 3.03513]
						},
						"0.5667": {
							"vector": [-1.63858, -9.53274, 3.03513]
						},
						"0.6667": {
							"vector": [2.53118, -10.10715, -5.38305]
						},
						"0.8333": {
							"vector": [-5.4799, -10.04757, -7.26347]
						},
						"0.9667": {
							"vector": [-2.88881, -9.99991, -8.76785]
						},
						"1.1": {
							"vector": [-2.4615, -9.60445, -2.15468]
						},
						"1.2333": {
							"vector": [-6.18162, -9.62296, -0.59676]
						},
						"1.3": {
							"vector": [-6.68554, -10.19647, -3.81465]
						},
						"1.3667": {
							"vector": [-8.92, -9.53, 3.04]
						},
						"1.4": {
							"vector": [-14.4396, -9.53016, 3.03971]
						},
						"1.4667": {
							"vector": [-12.35379, -9.53048, 3.03914]
						},
						"1.5333": {
							"vector": [-13.13, -9.53, 3.04]
						},
						"1.6333": {
							"vector": [-19.28578, -9.53069, 3.03878]
						},
						"1.7333": {
							"vector": [-11.2749, -9.53137, 3.03756]
						},
						"1.8": {
							"vector": [-9.2101, -8.17256, 5.22042]
						},
						"1.9333": {
							"vector": [0, 0, 0]
						}
					},
					"position": {
						"0.0": {
							"vector": [0, 0, 0]
						},
						"0.1": {
							"vector": [0, 0, 0]
						},
						"0.4333": {
							"vector": [0, 0, 1.45]
						},
						"0.4667": {
							"vector": [0, -1, 1.42]
						},
						"0.6333": {
							"vector": [0, 0.08, 1.3]
						},
						"1.4": {
							"vector": [0, 0.06, 0.91]
						},
						"1.4333": {
							"vector": [0, 1.06, 0.88]
						},
						"1.5667": {
							"vector": [0, -0.09, 0.76]
						},
						"1.6333": {
							"vector": [0, 0.92, 0.7]
						},
						"1.9333": {
							"vector": [0, 0, 0]
						}
					}
				},
				"leftarm": {
					"rotation": {
						"0.4333": {
							"vector": [0, 0, 0]
						},
						"1.3667": {
							"vector": [0, 0, 0]
						},
						"1.4333": {
							"vector": [0, 0, 0]
						},
						"1.5": {
							"vector": [0, 0, 0]
						},
						"1.6": {
							"vector": [0, 0, 0]
						},
						"1.9333": {
							"vector": [0, 0, 0]
						}
					},
					"position": {
						"0.4333": {
							"vector": [0, 0, 0]
						},
						"0.5667": {
							"vector": [0, -20, 0]
						},
						"1.2667": {
							"vector": [0, -20, 0]
						},
						"1.3667": {
							"vector": [0.5, -5, 0]
						},
						"1.4333": {
							"vector": [0.5, -7, 0]
						},
						"1.5": {
							"vector": [0.5, -7, 0]
						},
						"1.5333": {
							"vector": [-0.17, -4.67, 0]
						},
						"1.6": {
							"vector": [0, 0, 0]
						},
						"1.9333": {
							"vector": [0, 0, 0]
						}
					}
				},
				"magazine": {
					"rotation": {
						"0.4333": {
							"vector": [0, 0, 0]
						},
						"1.3667": {
							"vector": [0, 0, 0]
						},
						"1.4333": {
							"vector": [0, 0, 0]
						},
						"1.5": {
							"vector": [0, 0, 0]
						},
						"1.6": {
							"vector": [0, 0, 0]
						}
					},
					"position": {
						"0.4333": {
							"vector": [0, 0, 0]
						},
						"0.5667": {
							"vector": [0, -20, 0]
						},
						"1.2667": {
							"vector": [0, -20, 0]
						},
						"1.3667": {
							"vector": [0.5, -5.25, 0]
						},
						"1.4333": {
							"vector": [0.5, -7.25, 0]
						},
						"1.5": {
							"vector": [0.5, -7.25, 0]
						},
						"1.5333": {
							"vector": [-0.17, -4.83, 0]
						},
						"1.6": {
							"vector": [0, 0, 0]
						}
					}
				}
			},
			"sound_effects": {
				"0.3333": {
					"effect": "deagle_magout"
				},
				"0.6": {
					"effect": "foley_start"
				},
				"1.2": {
					"effect": "mp5_magin"
				},
				"1.5333": {
					"effect": "foley_end"
				}
			}
		}
	},
	"geckolib_format_version": 2
}