{
	"format_version": "1.8.0",
	"animations": {
		"animation.model.inspect": {
			"loop": true,
			"animation_length": 4.2667,
			"bones": {
				"main": {
					"rotation": {
						"0.0": {
							"vector": [0, 0, 0]
						},
						"0.1667": {
							"vector": [-8.41746, -13.59608, -21.21259]
						},
						"0.3": {
							"vector": [-8.39812, -20.10111, -31.77688]
						},
						"0.4333": {
							"vector": [-9.55676, -20.88889, -28.55629]
						},
						"0.5333": {
							"vector": [-8.77652, -21.21647, -30.72851]
						},
						"0.7667": {
							"vector": [-9.4227, -20.94881, -28.93303]
						},
						"1.0": {
							"vector": [-3.1216, -20.98207, -46.44405]
						},
						"1.1333": {
							"vector": [-4.564, -20.73064, -42.44007]
						},
						"1.2333": {
							"vector": [-4.86325, -20.9153, -41.60203]
						},
						"1.3333": {
							"vector": [-4.58308, -20.97575, -42.38574]
						},
						"1.4667": {
							"vector": [-4.01131, -21.08802, -43.97908]
						},
						"1.6": {
							"vector": [-4.38767, -21.01662, -42.9316]
						},
						"1.7": {
							"vector": [-4.18847, -21.05622, -43.48691]
						},
						"2.0333": {
							"vector": [-16.91438, 5.38499, 54.40399]
						},
						"2.1667": {
							"vector": [-15.22513, 5.80082, 60.04554]
						},
						"2.3": {
							"vector": [-15.70981, 5.86025, 59.48558]
						},
						"2.4333": {
							"vector": [-15.93602, 7.03904, 62.69373]
						},
						"2.5667": {
							"vector": [-15.60896, 7.75082, 65.23442]
						},
						"2.7333": {
							"vector": [-15.71675, 7.52491, 64.42194]
						},
						"2.9": {
							"vector": [-15.56389, 7.84019, 65.55973]
						},
						"3.1": {
							"vector": [-15.61778, 7.73186, 65.16659]
						},
						"3.2667": {
							"vector": [-15.9801, 6.93689, 62.33342]
						},
						"3.4": {
							"vector": [-8.86998, 2.42135, 33.56191]
						},
						"3.5333": {
							"vector": [0, -1.75, -2.75]
						},
						"3.7": {
							"vector": [0, 0, 0]
						}
					},
					"position": {
						"0.0": {
							"vector": [0, 0, 0]
						},
						"0.3": {
							"vector": [-0.475, 1.475, -8.7]
						},
						"0.4": {
							"vector": [-0.195, 1, -7.7]
						},
						"0.5333": {
							"vector": [-0.03, 0.725, -7.7]
						},
						"0.7": {
							"vector": [0, 1.125, -7.7]
						},
						"0.9": {
							"vector": [0.125, 1.4, -8.275]
						},
						"1.2": {
							"vector": [-0.02, 1.475, -8]
						},
						"1.4": {
							"vector": [0.11, 1.425, -8.175]
						},
						"1.6667": {
							"vector": [0.275, 1.25, -7.975]
						},
						"1.8": {
							"vector": [-0.13, -1.19, -8.65]
						},
						"1.9667": {
							"vector": [-0.545, -1.325, -11.15]
						},
						"2.1333": {
							"vector": [-0.415, -1.395, -10.545]
						},
						"2.2667": {
							"vector": [-0.525, -1.455, -9.17]
						},
						"2.4": {
							"vector": [-0.49, -1.43, -9.85]
						},
						"2.5667": {
							"vector": [-0.455, -1.5, -9.24]
						},
						"2.7667": {
							"vector": [-0.53, -1.5, -9.27]
						},
						"3.0": {
							"vector": [-0.49, -1.41, -9.3]
						},
						"3.2333": {
							"vector": [-0.545, -1.325, -9.325]
						},
						"3.3667": {
							"vector": [-1.005, -0.61, -7.41]
						},
						"3.6333": {
							"vector": [0, 0, 0]
						}
					}
				},
				"leftarm": {
					"rotation": {
						"0.0": {
							"vector": [0, 0, 0]
						},
						"0.1667": {
							"vector": [0, 0, -2.5]
						},
						"1.7333": {
							"vector": [0, 0, -2.5]
						},
						"2.0333": {
							"vector": [0, 0, 0]
						},
						"3.3": {
							"vector": [0, 0, 0]
						},
						"3.5667": {
							"vector": [0, 0, 0]
						}
					},
					"position": {
						"0.0": {
							"vector": [0, 0, 0]
						},
						"0.1667": {
							"vector": [11.23986, -30.20851, 24.64864]
						},
						"1.7333": {
							"vector": [11.23986, -30.20851, 24.64864]
						},
						"2.0333": {
							"vector": [0, 0, 0]
						},
						"3.3": {
							"vector": [0, 0, 0]
						},
						"3.5667": {
							"vector": [0, 0, 0]
						}
					}
				},
				"bolt": {
					"rotation": {
						"vector": [0, 0, 0]
					},
					"position": {
						"vector": [0, 0, 0]
					}
				}
			},
			"sound_effects": {
				"0.0": {
					"effect": "inspect_foley"
				},
				"0.0667": {
					"effect": "inspect_up"
				},
				"1.3": {
					"effect": "inspect_turn"
				},
				"3.3": {
					"effect": "inspect_down"
				}
			}
		},
		"animation.model.reloadempty": {
			"loop": true,
			"animation_length": 3,
			"bones": {
				"main": {
					"rotation": {
						"0.0": {
							"vector": [0, 0, 0]
						},
						"0.2667": {
							"vector": [-13.14268, -23.5943, -27.74362]
						},
						"0.3333": {
							"vector": [-13.14, -23.59, -27.74]
						},
						"0.3667": {
							"vector": [-3.14, -23.59, -27.74]
						},
						"0.4667": {
							"vector": [-8.44264, -24.41946, -33.13795]
						},
						"0.6667": {
							"vector": [-14.69056, -21.39076, -17.17864]
						},
						"0.8667": {
							"vector": [-14.54671, -13.92755, -10.94646]
						},
						"1.1333": {
							"vector": [-5.68835, -15.21377, -14.61323],
							"easing": "easeInSine"
						},
						"1.4": {
							"vector": [-11.83, -16.5, -18.28]
						},
						"1.4333": {
							"vector": [-16.83, -16.5, -18.28]
						},
						"1.5333": {
							"vector": [-11.83, -16.5, -18.28]
						},
						"1.6": {
							"vector": [-11.83, -16.5, -18.28]
						},
						"1.6333": {
							"vector": [-20.34248, -17.88635, -23.30897]
						},
						"1.7667": {
							"vector": [-11.83, -16.5, -18.28]
						},
						"1.9667": {
							"vector": [-12.67687, -12.60016, 8.2873]
						},
						"2.1": {
							"vector": [-9.97361, -13.33564, 12.6235]
						},
						"2.1667": {
							"vector": [-11.61448, -15.15689, 15.6069]
						},
						"2.3": {
							"vector": [-9.51504, -16.53886, 7.9473]
						},
						"2.3333": {
							"vector": [-7.67565, -17.8221, -2.43661]
						},
						"2.3667": {
							"vector": [-10.61717, -18.0846, -5.05132]
						},
						"2.4": {
							"vector": [-4.8, -18.42, -7.66]
						},
						"2.5": {
							"vector": [-3.53763, -8.82968, -6.06732]
						},
						"2.5333": {
							"vector": [-0.81017, -7.75743, -5.38009]
						},
						"2.9333": {
							"vector": [0, 0, 0]
						}
					},
					"position": {
						"0.0": {
							"vector": [0, 0, 0]
						},
						"0.3333": {
							"vector": [0, 0, 0]
						},
						"0.4667": {
							"vector": [0, -0.06, 0]
						},
						"0.5": {
							"vector": [0, -0.75, 0]
						},
						"1.4": {
							"vector": [0, 0, 0]
						},
						"1.4333": {
							"vector": [0, 0.98, 0]
						},
						"1.5333": {
							"vector": [0, -0.29, 0]
						},
						"1.6": {
							"vector": [0, -0.14, 0]
						},
						"1.6333": {
							"vector": [0, 1, 0]
						},
						"2.0": {
							"vector": [0, 0, 0]
						},
						"2.1667": {
							"vector": [0, 0, 0]
						},
						"2.3": {
							"vector": [0, 0, 1]
						},
						"2.3333": {
							"vector": [0, 0, 6]
						},
						"2.4": {
							"vector": [0, 0, 1]
						},
						"2.5": {
							"vector": [0, 0, 0.75]
						},
						"2.5333": {
							"vector": [0, 0, -1.31]
						},
						"2.6333": {
							"vector": [0, 0, 1.02]
						},
						"2.9333": {
							"vector": [0, 0, 0]
						}
					}
				},
				"leftarm": {
					"rotation": {
						"0.0": {
							"vector": [0, 0, 0]
						},
						"0.1333": {
							"vector": [0, 0, 0]
						},
						"0.2667": {
							"vector": [-23.98301, 9.61873, 29.09799]
						},
						"0.3667": {
							"vector": [-23.98301, 9.61873, 29.09799]
						},
						"1.2333": {
							"vector": [-33.98, 9.62, 29.1]
						},
						"1.4": {
							"vector": [-33.15233, 12.62755, 25.02041]
						},
						"1.4667": {
							"vector": [-33.98, 9.62, 29.1]
						},
						"1.5333": {
							"vector": [-33.98, 9.62, 29.1]
						},
						"1.6": {
							"vector": [-33.98, 9.62, 29.1]
						},
						"1.7333": {
							"vector": [-33.98, 9.62, 29.1]
						},
						"2.1": {
							"vector": [45.35813, 7.42095, -94.63448]
						},
						"2.1667": {
							"vector": [45.35813, 7.42095, -94.63448]
						},
						"2.4": {
							"vector": [45.36, 7.42, -94.63]
						},
						"2.5": {
							"vector": [44.53097, 16.45249, -90.25515]
						},
						"3.0": {
							"vector": [0, 0, 0]
						}
					},
					"position": {
						"0.0": {
							"vector": [0, 0, 0]
						},
						"0.2667": {
							"vector": [4, -6, 9]
						},
						"0.3667": {
							"vector": [4, -6, 9]
						},
						"0.5": {
							"vector": [4, -31, 9]
						},
						"1.2333": {
							"vector": [4, -29, 5]
						},
						"1.4": {
							"vector": [4.5, -13.33, 5]
						},
						"1.4667": {
							"vector": [4, -15.33, 5]
						},
						"1.5333": {
							"vector": [4, -13.33, 5]
						},
						"1.6": {
							"vector": [4, -9, 5]
						},
						"1.7333": {
							"vector": [4, -9, 5]
						},
						"2.1": {
							"vector": [3, 2, 12]
						},
						"2.1667": {
							"vector": [3, 2, 12]
						},
						"2.3": {
							"vector": [3, 2, 22]
						},
						"2.3667": {
							"vector": [3, 2, 22]
						},
						"3.0": {
							"vector": [0, 0, 0]
						}
					}
				},
				"bolt": {
					"rotation": {
						"0.0": {
							"vector": [0, 0, 0]
						},
						"2.1667": {
							"vector": [0, 0, 0]
						}
					},
					"position": {
						"0.0": {
							"vector": [0, 0, 0]
						},
						"2.1667": {
							"vector": [0, 0, 0]
						},
						"2.3": {
							"vector": [0, 0, 11]
						},
						"2.3667": {
							"vector": [0, 0, 11]
						},
						"2.5": {
							"vector": [0, 0, 0]
						}
					}
				},
				"magazine": {
					"rotation": {
						"0.3667": {
							"vector": [0, 0, 0]
						},
						"0.4333": {
							"vector": [0, 0, 15]
						},
						"0.5": {
							"vector": [0, 0, 5]
						},
						"1.2333": {
							"vector": [0, 0, 0]
						},
						"1.4": {
							"vector": [0, 0, -5]
						},
						"1.4667": {
							"vector": [0, 0, 0]
						},
						"1.5333": {
							"vector": [0, 0, 0]
						},
						"1.6": {
							"vector": [0, 0, 0]
						}
					},
					"position": {
						"0.3667": {
							"vector": [0, 0, 0]
						},
						"0.5": {
							"vector": [0, -25, 0]
						},
						"1.2333": {
							"vector": [0, -20, 0]
						},
						"1.4": {
							"vector": [0.5, -4.33, 0]
						},
						"1.4667": {
							"vector": [0, -5.33, 0]
						},
						"1.5333": {
							"vector": [0, -4.33, 0]
						},
						"1.6": {
							"vector": [0, 0, 0]
						}
					}
				},
				"bullet": {
					"scale": {
						"0.0": {
							"vector": [0, 0, 0]
						},
						"0.7667": {
							"vector": [0, 0, 0]
						},
						"0.8667": {
							"vector": [1, 1, 1]
						}
					}
				}
			},
			"sound_effects": {
				"0.0": {
					"effect": "foley_start"
				},
				"0.1": {
					"effect": "ak_magout"
				},
				"0.4": {
					"effect": "inspect_down"
				},
				"1.3333": {
					"effect": "ak_magin"
				},
				"1.5333": {
					"effect": "inspect_turn"
				},
				"2.1333": {
					"effect": "ak_actionback"
				},
				"2.2667": {
					"effect": "ak_actionforward"
				},
				"2.5": {
					"effect": "foley_end"
				}
			}
		},
		"animation.model.reload": {
			"loop": true,
			"animation_length": 2.1667,
			"bones": {
				"main": {
					"rotation": {
						"0.0": {
							"vector": [0, 0, 0]
						},
						"0.2667": {
							"vector": [-13.14268, -23.5943, -27.74362]
						},
						"0.3333": {
							"vector": [-13.14, -23.59, -27.74]
						},
						"0.3667": {
							"vector": [-3.14, -23.59, -27.74]
						},
						"0.4667": {
							"vector": [-8.44264, -24.41946, -33.13795]
						},
						"0.6667": {
							"vector": [-14.69056, -21.39076, -17.17864]
						},
						"1.0": {
							"vector": [1.81165, -15.21377, -14.61323],
							"easing": "easeInSine"
						},
						"1.4": {
							"vector": [-11.83, -16.5, -18.28]
						},
						"1.4333": {
							"vector": [-16.83, -16.5, -18.28]
						},
						"1.5333": {
							"vector": [-11.83, -16.5, -18.28]
						},
						"1.6": {
							"vector": [-11.83, -16.5, -18.28]
						},
						"1.6333": {
							"vector": [-20.34248, -17.88635, -23.30897]
						},
						"1.7667": {
							"vector": [-11.83, -16.5, -18.28]
						},
						"2.0333": {
							"vector": [0, 0, 0]
						}
					},
					"position": {
						"0.0": {
							"vector": [0, 0, 0]
						},
						"0.3333": {
							"vector": [0, 0, 0]
						},
						"0.4667": {
							"vector": [0, -0.06, 0]
						},
						"0.5": {
							"vector": [0, -0.75, 0]
						},
						"1.4": {
							"vector": [0, 0, 0]
						},
						"1.4333": {
							"vector": [0, 0.98, 0]
						},
						"1.5333": {
							"vector": [0, -0.29, 0]
						},
						"1.6": {
							"vector": [0, -0.14, 0]
						},
						"1.6333": {
							"vector": [0, 1, 0]
						},
						"2.0333": {
							"vector": [0, 0, 0]
						}
					}
				},
				"leftarm": {
					"rotation": {
						"0.0": {
							"vector": [0, 0, 0]
						},
						"0.1333": {
							"vector": [0, 0, 0]
						},
						"0.2667": {
							"vector": [-23.98301, 9.61873, 29.09799]
						},
						"0.3667": {
							"vector": [-23.98301, 9.61873, 29.09799]
						},
						"1.2333": {
							"vector": [-33.98, 9.62, 29.1]
						},
						"1.4": {
							"vector": [-33.15233, 12.62755, 25.02041]
						},
						"1.4667": {
							"vector": [-33.98, 9.62, 29.1]
						},
						"1.5333": {
							"vector": [-33.98, 9.62, 29.1]
						},
						"1.6": {
							"vector": [-33.98, 9.62, 29.1]
						},
						"1.7333": {
							"vector": [-33.98, 9.62, 29.1]
						},
						"2.1": {
							"vector": [0, 0, 0]
						}
					},
					"position": {
						"0.0": {
							"vector": [0, 0, 0]
						},
						"0.2667": {
							"vector": [4, -6, 9]
						},
						"0.3667": {
							"vector": [4, -6, 9]
						},
						"0.5": {
							"vector": [4, -31, 9]
						},
						"1.2333": {
							"vector": [4, -29, 5]
						},
						"1.4": {
							"vector": [4.5, -13.33, 5]
						},
						"1.4667": {
							"vector": [4, -15.33, 5]
						},
						"1.5333": {
							"vector": [4, -13.33, 5]
						},
						"1.6": {
							"vector": [4, -9, 5]
						},
						"1.7333": {
							"vector": [4, -9, 5]
						},
						"2.1": {
							"vector": [0, 0, 0]
						}
					}
				},
				"bolt": {
					"rotation": {
						"vector": [0, 0, 0]
					},
					"position": {
						"vector": [0, 0, 0]
					}
				},
				"magazine": {
					"rotation": {
						"0.3667": {
							"vector": [0, 0, 0]
						},
						"0.4333": {
							"vector": [0, 0, 15]
						},
						"0.5": {
							"vector": [0, 0, 5]
						},
						"1.2333": {
							"vector": [0, 0, 0]
						},
						"1.4": {
							"vector": [0, 0, -5]
						},
						"1.4667": {
							"vector": [0, 0, 0]
						},
						"1.5333": {
							"vector": [0, 0, 0]
						},
						"1.6": {
							"vector": [0, 0, 0]
						}
					},
					"position": {
						"0.3667": {
							"vector": [0, 0, 0]
						},
						"0.5": {
							"vector": [0, -25, 0]
						},
						"1.2333": {
							"vector": [0, -20, 0]
						},
						"1.4": {
							"vector": [0.5, -4.33, 0]
						},
						"1.4667": {
							"vector": [0, -5.33, 0]
						},
						"1.5333": {
							"vector": [0, -4.33, 0]
						},
						"1.6": {
							"vector": [0, 0, 0]
						}
					}
				}
			},
			"sound_effects": {
				"0.0": {
					"effect": "foley_start"
				},
				"0.1": {
					"effect": "ak_magout"
				},
				"0.4": {
					"effect": "inspect_down"
				},
				"1.3333": {
					"effect": "ak_magin"
				},
				"1.5333": {
					"effect": "inspect_turn"
				}
			}
		},
		"animation.model.draw": {
			"loop": true,
			"animation_length": 1.3,
			"bones": {
				"main": {
					"rotation": {
						"0.0": {
							"vector": [32.09413, -54.38778, -8.29667]
						},
						"0.3": {
							"vector": [0.50518, -5.08075, 6.8716]
						},
						"0.5": {
							"vector": [0, 0, 57.5]
						},
						"0.6": {
							"vector": [0, 0, 57.5]
						},
						"0.9": {
							"vector": [-2.10886, 1.34295, 52.47528]
						},
						"1.1": {
							"vector": [0, 0, 12.5]
						},
						"1.3": {
							"vector": [0, 0, 0]
						}
					},
					"position": {
						"0.0": {
							"vector": [0, -17.3, 0]
						},
						"0.2": {
							"vector": [-0.4, -2.525, -1.625]
						},
						"0.35": {
							"vector": [-0.05, 0, -2.49]
						},
						"0.65": {
							"vector": [0, 0, 0]
						},
						"0.75": {
							"vector": [0, 0, 0.8]
						},
						"0.8": {
							"vector": [0, 0, 4.2]
						},
						"0.9": {
							"vector": [0, 0, 2]
						},
						"1.0": {
							"vector": [0, 0, 0]
						}
					}
				},
				"leftarm": {
					"rotation": {
						"0.0": {
							"vector": [0, 0, 0]
						},
						"0.15": {
							"vector": [1, 0, -22]
						},
						"0.35": {
							"vector": [45.35813, 7.42095, -94.63448]
						},
						"0.6": {
							"vector": [45.35813, 7.42095, -94.63448]
						},
						"0.65": {
							"vector": [45.35813, 7.42095, -94.63448]
						},
						"0.75": {
							"vector": [49.23428, 20.45884, -119.20127]
						},
						"0.95": {
							"vector": [45.36, 7.42, -94.63]
						},
						"1.05": {
							"vector": [44.53097, 16.45249, -90.25515]
						},
						"1.3": {
							"vector": [0, 0, 0]
						}
					},
					"position": {
						"0.0": {
							"vector": [0, 0, 0]
						},
						"0.15": {
							"vector": [3.53901, 3.6754, 5.59783]
						},
						"0.35": {
							"vector": [3, 2, 12]
						},
						"0.6": {
							"vector": [3, 2, 12]
						},
						"0.65": {
							"vector": [3, 2, 12]
						},
						"0.75": {
							"vector": [4, 4, 19]
						},
						"0.85": {
							"vector": [4, 4, 19]
						},
						"1.3": {
							"vector": [0, 0, 0]
						}
					}
				},
				"bolt": {
					"rotation": {
						"vector": [0, 0, 0]
					},
					"position": {
						"0.65": {
							"vector": [0, 0, 0]
						},
						"0.75": {
							"vector": [0, 0, 6]
						},
						"0.9": {
							"vector": [0, 0, 6]
						},
						"1.05": {
							"vector": [0, 0, 0]
						}
					}
				},
				"dustcover": {
					"rotation": {
						"0.65": {
							"vector": [0, 0, -157.5]
						},
						"0.7": {
							"vector": [0, 0, 0]
						}
					},
					"position": {
						"0.65": {
							"vector": [0, 0, 0]
						},
						"0.7": {
							"vector": [0, 0, 0]
						}
					}
				}
			},
			"sound_effects": {
				"0.15": {
					"effect": "foley_end"
				},
				"0.6": {
					"effect": "ak_actionback"
				},
				"0.8": {
					"effect": "ak_actionforward"
				},
				"1.05": {
					"effect": "foley_end"
				}
			}
		},
		"animation.model.fire": {
			"loop": true,
			"animation_length": 0.1667,
			"bones": {
				"main": {
					"rotation": {
						"0.0": {
							"vector": [0, 0, 0]
						},
						"0.0667": {
							"vector": [-2.5, 0, 2.5]
						},
						"0.1": {
							"vector": [0, 0, -1.25]
						},
						"0.1667": {
							"vector": [0, 0, 0]
						}
					},
					"position": {
						"0.0": {
							"vector": [0, 0, 0]
						},
						"0.0333": {
							"vector": [0, 0, 6]
						},
						"0.1667": {
							"vector": [0, 0, 0]
						}
					}
				},
				"bolt": {
					"rotation": {
						"vector": [0, 0, 0]
					},
					"position": {
						"vector": [0, 0, 0]
					}
				},
				"boltbody": {
					"position": {
						"0.0": {
							"vector": [0, 0, 0]
						},
						"0.0333": {
							"vector": [0, 0, 10]
						},
						"0.1333": {
							"vector": [0, 0, 0]
						}
					}
				}
			}
		}
	},
	"geckolib_format_version": 2
}