{
	"format_version": "1.8.0",
	"animations": {
		"animation.model.prepare": {
			"loop": true,
			"animation_length": 0.9,
			"bones": {
				"main": {
					"rotation": {
						"0.0": {
							"vector": [0, 0, 0]
						},
						"0.1667": {
							"vector": [-2.26784, 0.09899, 2.49804]
						},
						"0.3667": {
							"vector": [-5, 0, 0]
						},
						"0.4667": {
							"vector": [-4.92442, 0.86717, 9.96271]
						},
						"0.5333": {
							"vector": [-9.88733, 1.29876, 9.91615]
						},
						"0.6667": {
							"vector": [-4.98107, 0.43523, 4.98107]
						},
						"0.7333": {
							"vector": [-4.95744, 0.65182, 7.47178]
						},
						"0.9": {
							"vector": [-4.98107, 0.43523, 4.98107]
						}
					},
					"position": {
						"0.0": {
							"vector": [0, 0, 0]
						},
						"0.4667": {
							"vector": [0, 0, 0]
						},
						"0.5333": {
							"vector": [0, -2, 4]
						},
						"0.6667": {
							"vector": [0, 0, 0]
						}
					}
				},
				"leftarm": {
					"rotation": {
						"vector": [0, 0, 0]
					},
					"position": {
						"0.0": {
							"vector": [0, 0, 0]
						},
						"0.1": {
							"vector": [0, 0, 0]
						}
					}
				},
				"rightarm": {
					"rotation": {
						"0.0": {
							"vector": [0, 0, 0]
						},
						"0.3": {
							"vector": [0, 0, 0]
						},
						"0.3667": {
							"vector": [-27.50708, 26.07477, 79.3794]
						},
						"0.4667": {
							"vector": [-27.50708, 26.07477, 79.3794]
						},
						"0.9": {
							"vector": [17.5, 15, 0]
						}
					},
					"position": {
						"0.0": {
							"vector": [0, 0, 0]
						},
						"0.1667": {
							"vector": [-7, 0, -6]
						},
						"0.3": {
							"vector": [-7, 7, -6]
						},
						"0.3333": {
							"vector": [-7.5, 10.5, -7.5]
						},
						"0.3667": {
							"vector": [-12, 14, -9]
						},
						"0.4667": {
							"vector": [-12, 14, -2]
						},
						"0.9": {
							"vector": [-3, 0, 0]
						}
					}
				},
				"bolt": {
					"rotation": {
						"0.3667": {
							"vector": [0, 0, 0]
						},
						"0.4667": {
							"vector": [0, 0, 0]
						}
					},
					"position": {
						"0.3667": {
							"vector": [0, 0, 0]
						},
						"0.4667": {
							"vector": [0, 0, 7]
						}
					}
				},
				"boltmain": {
					"rotation": {
						"0.3": {
							"vector": [0, 0, 0]
						},
						"0.3333": {
							"vector": [0, 0, 27.5]
						},
						"0.3667": {
							"vector": [0, 0, 90]
						}
					},
					"position": {
						"0.3667": {
							"vector": [0, 0, 0]
						},
						"0.4333": {
							"vector": [0, 0, 0]
						}
					}
				},
				"clip": {
					"rotation": {
						"vector": [0, 0, 0]
					},
					"position": {
						"vector": [0, 0, 0]
					}
				},
				"bulletloaded": {
					"rotation": {
						"vector": [0, 0, 0]
					},
					"position": {
						"vector": [0.5, 7, -33]
					}
				}
			},
			"sound_effects": {
				"0.0": {
					"effect": "foley_end"
				},
				"0.3": {
					"effect": "ballista_boltback"
				},
				"0.3667": {
					"effect": "pistol_slide"
				}
			}
		},
		"animation.model.preparealt": {
			"loop": true,
			"animation_length": 0.9,
			"bones": {
				"main": {
					"rotation": {
						"0.0": {
							"vector": [0, 0, 0]
						},
						"0.1667": {
							"vector": [-2.26784, 0.09899, 2.49804]
						},
						"0.3667": {
							"vector": [-5, 0, 0]
						},
						"0.4667": {
							"vector": [-4.92442, 0.86717, 9.96271]
						},
						"0.5333": {
							"vector": [-9.88733, 1.29876, 9.91615]
						},
						"0.6667": {
							"vector": [-4.98107, 0.43523, 4.98107]
						},
						"0.7333": {
							"vector": [-4.95744, 0.65182, 7.47178]
						},
						"0.9": {
							"vector": [-4.98107, 0.43523, 4.98107]
						}
					},
					"position": {
						"0.0": {
							"vector": [0, 0, 0]
						},
						"0.4667": {
							"vector": [0, 0, 0]
						},
						"0.5333": {
							"vector": [0, -2, 4]
						},
						"0.6667": {
							"vector": [0, 0, 0]
						}
					}
				},
				"leftarm": {
					"rotation": {
						"vector": [0, 0, 0]
					},
					"position": {
						"0.0": {
							"vector": [0, 0, 0]
						},
						"0.1": {
							"vector": [0, 0, 0]
						}
					}
				},
				"rightarm": {
					"rotation": {
						"0.0": {
							"vector": [0, 0, 0]
						},
						"0.3": {
							"vector": [0, 0, 0]
						},
						"0.3667": {
							"vector": [-27.50708, 26.07477, 79.3794]
						},
						"0.4667": {
							"vector": [-27.50708, 26.07477, 79.3794]
						},
						"0.9": {
							"vector": [17.5, 15, 0]
						}
					},
					"position": {
						"0.0": {
							"vector": [0, 0, 0]
						},
						"0.1667": {
							"vector": [-7, 0, -6]
						},
						"0.3": {
							"vector": [-7, 7, -6]
						},
						"0.3333": {
							"vector": [-7.5, 10.5, -7.5]
						},
						"0.3667": {
							"vector": [-12, 14, -9]
						},
						"0.4667": {
							"vector": [-12, 14, -2]
						},
						"0.9": {
							"vector": [-3, 0, 0]
						}
					}
				},
				"bolt": {
					"rotation": {
						"0.3667": {
							"vector": [0, 0, 0]
						},
						"0.4667": {
							"vector": [0, 0, 0]
						}
					},
					"position": {
						"0.3667": {
							"vector": [0, 0, 0]
						},
						"0.4667": {
							"vector": [0, 0, 7]
						}
					}
				},
				"boltmain": {
					"rotation": {
						"0.3": {
							"vector": [0, 0, 0]
						},
						"0.3333": {
							"vector": [0, 0, 27.5]
						},
						"0.3667": {
							"vector": [0, 0, 90]
						}
					},
					"position": {
						"0.3667": {
							"vector": [0, 0, 0]
						},
						"0.4333": {
							"vector": [0, 0, 0]
						}
					}
				},
				"clip": {
					"rotation": {
						"vector": [0, 0, 0]
					},
					"position": {
						"vector": [0, 0, 0]
					}
				},
				"casing": {
					"rotation": {
						"0.0": {
							"vector": [0, 0, 0]
						},
						"0.4": {
							"vector": [0, 0, 0]
						},
						"0.4333": {
							"vector": [0, 60, 0]
						},
						"0.5": {
							"vector": [0, 147.5, 0]
						},
						"0.5667": {
							"vector": [0, 230, 0]
						},
						"0.6333": {
							"vector": [0, 290, 0]
						},
						"0.7": {
							"vector": [0, 357.5, 0]
						}
					},
					"position": {
						"0.0": {
							"vector": [0.5, 7, -33]
						},
						"0.4": {
							"vector": [0.5, 7, -33]
						},
						"0.4333": {
							"vector": [-2.5, 7, -32]
						},
						"0.5": {
							"vector": [-11.5, 10, -32]
						},
						"0.5667": {
							"vector": [-25.5, 8, -32]
						},
						"0.6333": {
							"vector": [-40.5, -7, -32]
						},
						"0.7": {
							"vector": [-40.5, -24, -32]
						}
					},
					"scale": {
						"0.0": {
							"vector": [1, 1, 1]
						},
						"0.6333": {
							"vector": [1, 1, 1]
						},
						"0.7": {
							"vector": [0, 0, 0]
						}
					}
				}
			},
			"sound_effects": {
				"0.0": {
					"effect": "foley_end"
				},
				"0.3": {
					"effect": "ballista_boltback"
				},
				"0.3667": {
					"effect": "pistol_slide"
				}
			}
		},
		"animation.model.load4": {
			"loop": true,
			"animation_length": 2.2667,
			"bones": {
				"main": {
					"rotation": {
						"0.0": {
							"vector": [-4.98107, 0.43523, 4.98107]
						},
						"0.2": {
							"vector": [-4.97436, 0.49295, 5.60294]
						},
						"0.2667": {
							"vector": [-4.9944, 0.22263, 2.48942]
						},
						"0.3": {
							"vector": [-7.49274, 0.24921, 2.80088]
						},
						"0.5333": {
							"vector": [-4.98107, 0.43523, 4.98107]
						},
						"0.8": {
							"vector": [-4.97436, 0.49295, 5.60294]
						},
						"0.8667": {
							"vector": [-4.9944, 0.22263, 2.48942]
						},
						"0.9": {
							"vector": [-7.49274, 0.24921, 2.80088]
						},
						"1.1333": {
							"vector": [-4.98107, 0.43523, 4.98107]
						},
						"1.4": {
							"vector": [-4.97436, 0.49295, 5.60294]
						},
						"1.4667": {
							"vector": [-4.9944, 0.22263, 2.48942]
						},
						"1.5": {
							"vector": [-7.49274, 0.24921, 2.80088]
						},
						"1.7333": {
							"vector": [-4.98107, 0.43523, 4.98107]
						},
						"1.9333": {
							"vector": [-4.97436, 0.49295, 5.60294]
						},
						"2.0": {
							"vector": [-4.9944, 0.22263, 2.48942]
						},
						"2.0333": {
							"vector": [-7.49274, 0.24921, 2.80088]
						},
						"2.2667": {
							"vector": [-4.98107, 0.43523, 4.98107]
						}
					},
					"position": {
						"0.2667": {
							"vector": [0, 0, 0]
						},
						"0.3": {
							"vector": [0, -1.5, 0]
						},
						"0.3667": {
							"vector": [0, 0, 0]
						},
						"0.8667": {
							"vector": [0, 0, 0]
						},
						"0.9": {
							"vector": [0, -1.5, 0]
						},
						"0.9667": {
							"vector": [0, 0, 0]
						},
						"1.4667": {
							"vector": [0, 0, 0]
						},
						"1.5": {
							"vector": [0, -1.5, 0]
						},
						"1.5667": {
							"vector": [0, 0, 0]
						},
						"2.0": {
							"vector": [0, 0, 0]
						},
						"2.0333": {
							"vector": [0, -1.5, 0]
						},
						"2.1": {
							"vector": [0, 0, 0]
						}
					}
				},
				"leftarm": {
					"rotation": {
						"vector": [0, 0, 0]
					},
					"position": {
						"vector": [0, 0, 0]
					}
				},
				"rightarm": {
					"rotation": {
						"0.0": {
							"vector": [17.5, 15, 0]
						},
						"0.0667": {
							"vector": [-10, 15, 0]
						},
						"0.2": {
							"vector": [-15.59252, 41.62676, 98.07827]
						},
						"0.3": {
							"vector": [-30.93148, 27.13541, 86.97012]
						},
						"0.6": {
							"vector": [17.5, 15, 0]
						},
						"0.6667": {
							"vector": [-10, 15, 0]
						},
						"0.8": {
							"vector": [-15.59252, 41.62676, 98.07827]
						},
						"0.9": {
							"vector": [-30.93148, 27.13541, 86.97012]
						},
						"1.0333": {
							"vector": [17.5, 15, 0]
						},
						"1.2": {
							"vector": [17.5, 15, 0]
						},
						"1.2667": {
							"vector": [-10, 15, 0]
						},
						"1.4": {
							"vector": [-15.59252, 41.62676, 98.07827]
						},
						"1.5": {
							"vector": [-30.93148, 27.13541, 86.97012]
						},
						"1.6333": {
							"vector": [17.5, 15, 0]
						},
						"1.7333": {
							"vector": [17.5, 15, 0]
						},
						"1.8": {
							"vector": [-10, 15, 0]
						},
						"1.9333": {
							"vector": [-15.59252, 41.62676, 98.07827]
						},
						"2.0333": {
							"vector": [-30.93148, 27.13541, 86.97012]
						},
						"2.1667": {
							"vector": [17.5, 15, 0]
						}
					},
					"position": {
						"0.0": {
							"vector": [-3, 0, 0]
						},
						"0.0667": {
							"vector": [-3, 0, -5]
						},
						"0.2": {
							"vector": [-9, 13, -10]
						},
						"0.3": {
							"vector": [-14, 12, -16]
						},
						"0.6": {
							"vector": [-3, 0, 0]
						},
						"0.6667": {
							"vector": [-3, 0, -5]
						},
						"0.8": {
							"vector": [-9, 13, -10]
						},
						"0.9": {
							"vector": [-14, 12, -16]
						},
						"1.0333": {
							"vector": [-3, 0, 0]
						},
						"1.2": {
							"vector": [-3, 0, 0]
						},
						"1.2667": {
							"vector": [-3, 0, -5]
						},
						"1.4": {
							"vector": [-9, 13, -10]
						},
						"1.5": {
							"vector": [-14, 12, -16]
						},
						"1.6333": {
							"vector": [-3, 0, 0]
						},
						"1.7333": {
							"vector": [-3, 0, 0]
						},
						"1.8": {
							"vector": [-3, 0, -5]
						},
						"1.9333": {
							"vector": [-9, 13, -10]
						},
						"2.0333": {
							"vector": [-14, 12, -16]
						},
						"2.1667": {
							"vector": [-3, 0, 0]
						}
					}
				},
				"bolt": {
					"rotation": {
						"vector": [0, 0, 0]
					},
					"position": {
						"vector": [0, 0, 7]
					}
				},
				"boltmain": {
					"rotation": {
						"vector": [0, 0, 90]
					},
					"position": {
						"vector": [0, 0, 0]
					}
				},
				"bulletsingle": {
					"rotation": {
						"0.0": {
							"vector": [0, 0, 0]
						},
						"0.2333": {
							"vector": [0, 0, 0]
						},
						"0.6": {
							"vector": [0, 0, 0]
						},
						"0.8333": {
							"vector": [0, 0, 0]
						},
						"1.2": {
							"vector": [0, 0, 0]
						},
						"1.4333": {
							"vector": [0, 0, 0]
						},
						"1.7333": {
							"vector": [0, 0, 0]
						},
						"1.9667": {
							"vector": [0, 0, 0]
						}
					},
					"position": {
						"0.0": {
							"vector": [-5, -5, -27]
						},
						"0.0667": {
							"vector": [-5.71, 6.22, -28.28]
						},
						"0.1333": {
							"vector": [-3.76, 10.11, -29.56]
						},
						"0.2": {
							"vector": [0.15, 11.89, -32.13]
						},
						"0.2333": {
							"vector": [0.5, 10, -33]
						},
						"0.2667": {
							"vector": [0.5, 8, -33]
						},
						"0.3": {
							"vector": [0.5, 6.75, -33]
						},
						"0.3667": {
							"vector": [0.5, 7, -33]
						},
						"0.6": {
							"vector": [-5, -5, -27]
						},
						"0.6667": {
							"vector": [-5.71, 6.22, -28.28]
						},
						"0.7333": {
							"vector": [-3.76, 10.11, -29.56]
						},
						"0.8": {
							"vector": [0.15, 11.89, -32.13]
						},
						"0.8333": {
							"vector": [0.5, 10, -33]
						},
						"0.8667": {
							"vector": [0.5, 8, -33]
						},
						"0.9": {
							"vector": [0.5, 6.75, -33]
						},
						"0.9667": {
							"vector": [0.5, 7, -33]
						},
						"1.2": {
							"vector": [-5, -5, -27]
						},
						"1.2667": {
							"vector": [-5.71, 6.22, -28.28]
						},
						"1.3333": {
							"vector": [-3.76, 10.11, -29.56]
						},
						"1.4": {
							"vector": [0.15, 11.89, -32.13]
						},
						"1.4333": {
							"vector": [0.5, 10, -33]
						},
						"1.4667": {
							"vector": [0.5, 8, -33]
						},
						"1.5": {
							"vector": [0.5, 6.75, -33]
						},
						"1.5667": {
							"vector": [0.5, 7, -33]
						},
						"1.7333": {
							"vector": [-5, -5, -27]
						},
						"1.8": {
							"vector": [-5.71, 6.22, -28.28]
						},
						"1.8667": {
							"vector": [-3.76, 10.11, -29.56]
						},
						"1.9333": {
							"vector": [0.15, 11.89, -32.13]
						},
						"1.9667": {
							"vector": [0.5, 10, -33]
						},
						"2.0": {
							"vector": [0.5, 8, -33]
						},
						"2.0333": {
							"vector": [0.5, 6.75, -33]
						},
						"2.1": {
							"vector": [0.5, 7, -33]
						}
					}
				},
				"bulletloaded": {
					"rotation": {
						"0.0": {
							"vector": [0, 0, 0]
						},
						"0.3667": {
							"vector": [0, 0, 0]
						},
						"0.6": {
							"vector": [0, 0, 0]
						},
						"0.9667": {
							"vector": [0, 0, 0]
						},
						"1.2": {
							"vector": [0, 0, 0]
						},
						"1.5667": {
							"vector": [0, 0, 0]
						},
						"1.7333": {
							"vector": [0, 0, 0]
						},
						"2.1": {
							"vector": [0, 0, 0]
						}
					},
					"position": {
						"0.0": {
							"vector": [0.5, 7, -33]
						},
						"0.2667": {
							"vector": [0.5, 7, -33]
						},
						"0.3": {
							"vector": [0.5, 6, -33]
						},
						"0.3667": {
							"vector": [0.5, 7, -33]
						},
						"0.6": {
							"vector": [0.5, 7, -33]
						},
						"0.8667": {
							"vector": [0.5, 7, -33]
						},
						"0.9": {
							"vector": [0.5, 6, -33]
						},
						"0.9667": {
							"vector": [0.5, 7, -33]
						},
						"1.2": {
							"vector": [0.5, 7, -33]
						},
						"1.4667": {
							"vector": [0.5, 7, -33]
						},
						"1.5": {
							"vector": [0.5, 6, -33]
						},
						"1.5667": {
							"vector": [0.5, 7, -33]
						},
						"1.7333": {
							"vector": [0.5, 7, -33]
						},
						"2.0": {
							"vector": [0.5, 7, -33]
						},
						"2.0333": {
							"vector": [0.5, 6, -33]
						},
						"2.1": {
							"vector": [0.5, 7, -33]
						}
					}
				}
			},
			"sound_effects": {
				"0.3": {
					"effect": "bulletinsert"
				},
				"0.9": {
					"effect": "bulletinsert"
				},
				"1.5": {
					"effect": "bulletinsert"
				},
				"2.0333": {
					"effect": "bulletinsert"
				}
			}
		},
		"animation.model.load3": {
			"loop": true,
			"animation_length": 1.7333,
			"bones": {
				"main": {
					"rotation": {
						"0.0": {
							"vector": [-4.98107, 0.43523, 4.98107]
						},
						"0.2": {
							"vector": [-4.97436, 0.49295, 5.60294]
						},
						"0.2667": {
							"vector": [-4.9944, 0.22263, 2.48942]
						},
						"0.3": {
							"vector": [-7.49274, 0.24921, 2.80088]
						},
						"0.5333": {
							"vector": [-4.98107, 0.43523, 4.98107]
						},
						"0.8": {
							"vector": [-4.97436, 0.49295, 5.60294]
						},
						"0.8667": {
							"vector": [-4.9944, 0.22263, 2.48942]
						},
						"0.9": {
							"vector": [-7.49274, 0.24921, 2.80088]
						},
						"1.1333": {
							"vector": [-4.98107, 0.43523, 4.98107]
						},
						"1.4": {
							"vector": [-4.97436, 0.49295, 5.60294]
						},
						"1.4667": {
							"vector": [-4.9944, 0.22263, 2.48942]
						},
						"1.5": {
							"vector": [-7.49274, 0.24921, 2.80088]
						},
						"1.7333": {
							"vector": [-4.98107, 0.43523, 4.98107]
						}
					},
					"position": {
						"0.2667": {
							"vector": [0, 0, 0]
						},
						"0.3": {
							"vector": [0, -1.5, 0]
						},
						"0.3667": {
							"vector": [0, 0, 0]
						},
						"0.8667": {
							"vector": [0, 0, 0]
						},
						"0.9": {
							"vector": [0, -1.5, 0]
						},
						"0.9667": {
							"vector": [0, 0, 0]
						},
						"1.4667": {
							"vector": [0, 0, 0]
						},
						"1.5": {
							"vector": [0, -1.5, 0]
						},
						"1.5667": {
							"vector": [0, 0, 0]
						}
					}
				},
				"leftarm": {
					"rotation": {
						"vector": [0, 0, 0]
					},
					"position": {
						"vector": [0, 0, 0]
					}
				},
				"rightarm": {
					"rotation": {
						"0.0": {
							"vector": [17.5, 15, 0]
						},
						"0.0667": {
							"vector": [-10, 15, 0]
						},
						"0.2": {
							"vector": [-15.59252, 41.62676, 98.07827]
						},
						"0.3": {
							"vector": [-30.93148, 27.13541, 86.97012]
						},
						"0.6": {
							"vector": [17.5, 15, 0]
						},
						"0.6667": {
							"vector": [-10, 15, 0]
						},
						"0.8": {
							"vector": [-15.59252, 41.62676, 98.07827]
						},
						"0.9": {
							"vector": [-30.93148, 27.13541, 86.97012]
						},
						"1.0333": {
							"vector": [17.5, 15, 0]
						},
						"1.2": {
							"vector": [17.5, 15, 0]
						},
						"1.2667": {
							"vector": [-10, 15, 0]
						},
						"1.4": {
							"vector": [-15.59252, 41.62676, 98.07827]
						},
						"1.5": {
							"vector": [-30.93148, 27.13541, 86.97012]
						},
						"1.6333": {
							"vector": [17.5, 15, 0]
						}
					},
					"position": {
						"0.0": {
							"vector": [-3, 0, 0]
						},
						"0.0667": {
							"vector": [-3, 0, -5]
						},
						"0.2": {
							"vector": [-9, 13, -10]
						},
						"0.3": {
							"vector": [-14, 12, -16]
						},
						"0.6": {
							"vector": [-3, 0, 0]
						},
						"0.6667": {
							"vector": [-3, 0, -5]
						},
						"0.8": {
							"vector": [-9, 13, -10]
						},
						"0.9": {
							"vector": [-14, 12, -16]
						},
						"1.0333": {
							"vector": [-3, 0, 0]
						},
						"1.2": {
							"vector": [-3, 0, 0]
						},
						"1.2667": {
							"vector": [-3, 0, -5]
						},
						"1.4": {
							"vector": [-9, 13, -10]
						},
						"1.5": {
							"vector": [-14, 12, -16]
						},
						"1.6333": {
							"vector": [-3, 0, 0]
						}
					}
				},
				"bolt": {
					"rotation": {
						"vector": [0, 0, 0]
					},
					"position": {
						"vector": [0, 0, 7]
					}
				},
				"boltmain": {
					"rotation": {
						"vector": [0, 0, 90]
					},
					"position": {
						"vector": [0, 0, 0]
					}
				},
				"bulletsingle": {
					"rotation": {
						"0.0": {
							"vector": [0, 0, 0]
						},
						"0.2333": {
							"vector": [0, 0, 0]
						},
						"0.6": {
							"vector": [0, 0, 0]
						},
						"0.8333": {
							"vector": [0, 0, 0]
						},
						"1.2": {
							"vector": [0, 0, 0]
						},
						"1.4333": {
							"vector": [0, 0, 0]
						}
					},
					"position": {
						"0.0": {
							"vector": [-5, -5, -27]
						},
						"0.0667": {
							"vector": [-5.71, 6.22, -28.28]
						},
						"0.1333": {
							"vector": [-3.76, 10.11, -29.56]
						},
						"0.2": {
							"vector": [0.15, 11.89, -32.13]
						},
						"0.2333": {
							"vector": [0.5, 10, -33]
						},
						"0.2667": {
							"vector": [0.5, 8, -33]
						},
						"0.3": {
							"vector": [0.5, 6.75, -33]
						},
						"0.3667": {
							"vector": [0.5, 7, -33]
						},
						"0.6": {
							"vector": [-5, -5, -27]
						},
						"0.6667": {
							"vector": [-5.71, 6.22, -28.28]
						},
						"0.7333": {
							"vector": [-3.76, 10.11, -29.56]
						},
						"0.8": {
							"vector": [0.15, 11.89, -32.13]
						},
						"0.8333": {
							"vector": [0.5, 10, -33]
						},
						"0.8667": {
							"vector": [0.5, 8, -33]
						},
						"0.9": {
							"vector": [0.5, 6.75, -33]
						},
						"0.9667": {
							"vector": [0.5, 7, -33]
						},
						"1.2": {
							"vector": [-5, -5, -27]
						},
						"1.2667": {
							"vector": [-5.71, 6.22, -28.28]
						},
						"1.3333": {
							"vector": [-3.76, 10.11, -29.56]
						},
						"1.4": {
							"vector": [0.15, 11.89, -32.13]
						},
						"1.4333": {
							"vector": [0.5, 10, -33]
						},
						"1.4667": {
							"vector": [0.5, 8, -33]
						},
						"1.5": {
							"vector": [0.5, 6.75, -33]
						},
						"1.5667": {
							"vector": [0.5, 7, -33]
						}
					}
				},
				"bulletloaded": {
					"rotation": {
						"0.0": {
							"vector": [0, 0, 0]
						},
						"0.3667": {
							"vector": [0, 0, 0]
						},
						"0.6": {
							"vector": [0, 0, 0]
						},
						"0.9667": {
							"vector": [0, 0, 0]
						},
						"1.2": {
							"vector": [0, 0, 0]
						},
						"1.5667": {
							"vector": [0, 0, 0]
						}
					},
					"position": {
						"0.0": {
							"vector": [0.5, 7, -33]
						},
						"0.2667": {
							"vector": [0.5, 7, -33]
						},
						"0.3": {
							"vector": [0.5, 6, -33]
						},
						"0.3667": {
							"vector": [0.5, 7, -33]
						},
						"0.6": {
							"vector": [0.5, 7, -33]
						},
						"0.8667": {
							"vector": [0.5, 7, -33]
						},
						"0.9": {
							"vector": [0.5, 6, -33]
						},
						"0.9667": {
							"vector": [0.5, 7, -33]
						},
						"1.2": {
							"vector": [0.5, 7, -33]
						},
						"1.4667": {
							"vector": [0.5, 7, -33]
						},
						"1.5": {
							"vector": [0.5, 6, -33]
						},
						"1.5667": {
							"vector": [0.5, 7, -33]
						}
					}
				}
			},
			"sound_effects": {
				"0.3": {
					"effect": "bulletinsert"
				},
				"0.9": {
					"effect": "bulletinsert"
				},
				"1.5": {
					"effect": "bulletinsert"
				}
			}
		},
		"animation.model.load2": {
			"loop": true,
			"animation_length": 1.1333,
			"bones": {
				"main": {
					"rotation": {
						"0.0": {
							"vector": [-4.98107, 0.43523, 4.98107]
						},
						"0.2": {
							"vector": [-4.97436, 0.49295, 5.60294]
						},
						"0.2667": {
							"vector": [-4.9944, 0.22263, 2.48942]
						},
						"0.3": {
							"vector": [-7.49274, 0.24921, 2.80088]
						},
						"0.5333": {
							"vector": [-4.98107, 0.43523, 4.98107]
						},
						"0.8": {
							"vector": [-4.97436, 0.49295, 5.60294]
						},
						"0.8667": {
							"vector": [-4.9944, 0.22263, 2.48942]
						},
						"0.9": {
							"vector": [-7.49274, 0.24921, 2.80088]
						},
						"1.1333": {
							"vector": [-4.98107, 0.43523, 4.98107]
						}
					},
					"position": {
						"0.2667": {
							"vector": [0, 0, 0]
						},
						"0.3": {
							"vector": [0, -1.5, 0]
						},
						"0.3667": {
							"vector": [0, 0, 0]
						},
						"0.8667": {
							"vector": [0, 0, 0]
						},
						"0.9": {
							"vector": [0, -1.5, 0]
						},
						"0.9667": {
							"vector": [0, 0, 0]
						}
					}
				},
				"leftarm": {
					"rotation": {
						"vector": [0, 0, 0]
					},
					"position": {
						"vector": [0, 0, 0]
					}
				},
				"rightarm": {
					"rotation": {
						"0.0": {
							"vector": [17.5, 15, 0]
						},
						"0.0667": {
							"vector": [-10, 15, 0]
						},
						"0.2": {
							"vector": [-15.59252, 41.62676, 98.07827]
						},
						"0.3": {
							"vector": [-30.93148, 27.13541, 86.97012]
						},
						"0.6": {
							"vector": [17.5, 15, 0]
						},
						"0.6667": {
							"vector": [-10, 15, 0]
						},
						"0.8": {
							"vector": [-15.59252, 41.62676, 98.07827]
						},
						"0.9": {
							"vector": [-30.93148, 27.13541, 86.97012]
						},
						"1.0333": {
							"vector": [17.5, 15, 0]
						}
					},
					"position": {
						"0.0": {
							"vector": [-3, 0, 0]
						},
						"0.0667": {
							"vector": [-3, 0, -5]
						},
						"0.2": {
							"vector": [-9, 13, -10]
						},
						"0.3": {
							"vector": [-14, 12, -16]
						},
						"0.6": {
							"vector": [-3, 0, 0]
						},
						"0.6667": {
							"vector": [-3, 0, -5]
						},
						"0.8": {
							"vector": [-9, 13, -10]
						},
						"0.9": {
							"vector": [-14, 12, -16]
						},
						"1.0333": {
							"vector": [-3, 0, 0]
						}
					}
				},
				"bolt": {
					"rotation": {
						"vector": [0, 0, 0]
					},
					"position": {
						"vector": [0, 0, 7]
					}
				},
				"boltmain": {
					"rotation": {
						"vector": [0, 0, 90]
					},
					"position": {
						"vector": [0, 0, 0]
					}
				},
				"bulletsingle": {
					"rotation": {
						"0.0": {
							"vector": [0, 0, 0]
						},
						"0.2333": {
							"vector": [0, 0, 0]
						},
						"0.6": {
							"vector": [0, 0, 0]
						},
						"0.8333": {
							"vector": [0, 0, 0]
						}
					},
					"position": {
						"0.0": {
							"vector": [-5, -5, -27]
						},
						"0.0667": {
							"vector": [-5.71, 6.22, -28.28]
						},
						"0.1333": {
							"vector": [-3.76, 10.11, -29.56]
						},
						"0.2": {
							"vector": [0.15, 11.89, -32.13]
						},
						"0.2333": {
							"vector": [0.5, 10, -33]
						},
						"0.2667": {
							"vector": [0.5, 8, -33]
						},
						"0.3": {
							"vector": [0.5, 6.75, -33]
						},
						"0.3667": {
							"vector": [0.5, 7, -33]
						},
						"0.6": {
							"vector": [-5, -5, -27]
						},
						"0.6667": {
							"vector": [-5.71, 6.22, -28.28]
						},
						"0.7333": {
							"vector": [-3.76, 10.11, -29.56]
						},
						"0.8": {
							"vector": [0.15, 11.89, -32.13]
						},
						"0.8333": {
							"vector": [0.5, 10, -33]
						},
						"0.8667": {
							"vector": [0.5, 8, -33]
						},
						"0.9": {
							"vector": [0.5, 6.75, -33]
						},
						"0.9667": {
							"vector": [0.5, 7, -33]
						}
					}
				},
				"bulletloaded": {
					"rotation": {
						"0.0": {
							"vector": [0, 0, 0]
						},
						"0.3667": {
							"vector": [0, 0, 0]
						},
						"0.6": {
							"vector": [0, 0, 0]
						},
						"0.9667": {
							"vector": [0, 0, 0]
						}
					},
					"position": {
						"0.0": {
							"vector": [0.5, 7, -33]
						},
						"0.2667": {
							"vector": [0.5, 7, -33]
						},
						"0.3": {
							"vector": [0.5, 6, -33]
						},
						"0.3667": {
							"vector": [0.5, 7, -33]
						},
						"0.6": {
							"vector": [0.5, 7, -33]
						},
						"0.8667": {
							"vector": [0.5, 7, -33]
						},
						"0.9": {
							"vector": [0.5, 6, -33]
						},
						"0.9667": {
							"vector": [0.5, 7, -33]
						}
					}
				}
			},
			"sound_effects": {
				"0.3": {
					"effect": "bulletinsert"
				},
				"0.9": {
					"effect": "bulletinsert"
				}
			}
		},
		"animation.model.load1": {
			"loop": true,
			"animation_length": 0.6,
			"bones": {
				"main": {
					"rotation": {
						"0.0": {
							"vector": [-4.98107, 0.43523, 4.98107]
						},
						"0.2": {
							"vector": [-4.97436, 0.49295, 5.60294]
						},
						"0.2667": {
							"vector": [-4.9944, 0.22263, 2.48942]
						},
						"0.3": {
							"vector": [-7.49274, 0.24921, 2.80088]
						},
						"0.5333": {
							"vector": [-4.98107, 0.43523, 4.98107]
						}
					},
					"position": {
						"0.2667": {
							"vector": [0, 0, 0]
						},
						"0.3": {
							"vector": [0, -1.5, 0]
						},
						"0.3667": {
							"vector": [0, 0, 0]
						}
					}
				},
				"leftarm": {
					"rotation": {
						"0.0": {
							"vector": [0, 0, 0]
						},
						"0.4333": {
							"vector": [0, 0, 0]
						}
					},
					"position": {
						"0.0": {
							"vector": [0, 0, 0]
						},
						"0.4333": {
							"vector": [0, 0, 0]
						}
					}
				},
				"rightarm": {
					"rotation": {
						"0.0": {
							"vector": [17.5, 15, 0]
						},
						"0.0667": {
							"vector": [-10, 15, 0]
						},
						"0.2": {
							"vector": [-15.59252, 41.62676, 98.07827]
						},
						"0.3": {
							"vector": [-30.93148, 27.13541, 86.97012]
						},
						"0.4333": {
							"vector": [17.5, 15, 0]
						}
					},
					"position": {
						"0.0": {
							"vector": [-3, 0, 0]
						},
						"0.0667": {
							"vector": [-3, 0, -5]
						},
						"0.2": {
							"vector": [-9, 13, -10]
						},
						"0.3": {
							"vector": [-14, 12, -16]
						},
						"0.4333": {
							"vector": [-3, 0, 0]
						}
					}
				},
				"bolt": {
					"rotation": {
						"vector": [0, 0, 0]
					},
					"position": {
						"vector": [0, 0, 7]
					}
				},
				"boltmain": {
					"rotation": {
						"vector": [0, 0, 90]
					},
					"position": {
						"vector": [0, 0, 0]
					}
				},
				"bulletsingle": {
					"rotation": {
						"0.0": {
							"vector": [0, 0, 0]
						},
						"0.2333": {
							"vector": [0, 0, 0]
						}
					},
					"position": {
						"0.0": {
							"vector": [-5, -5, -27]
						},
						"0.0667": {
							"vector": [-5.71, 6.22, -28.28]
						},
						"0.1333": {
							"vector": [-3.76, 10.11, -29.56]
						},
						"0.2": {
							"vector": [0.15, 11.89, -32.13]
						},
						"0.2333": {
							"vector": [0.5, 10, -33]
						},
						"0.2667": {
							"vector": [0.5, 8, -33]
						},
						"0.3": {
							"vector": [0.5, 6.75, -33]
						},
						"0.3333": {
							"vector": [0.5, 7, -33]
						}
					}
				},
				"bulletloaded": {
					"rotation": {
						"vector": [0, 0, 0]
					},
					"position": {
						"0.0": {
							"vector": [0.5, 7, -33]
						},
						"0.2667": {
							"vector": [0.5, 7, -33]
						},
						"0.3": {
							"vector": [0.5, 6, -33]
						}
					}
				}
			},
			"sound_effects": {
				"0.3": {
					"effect": "bulletinsert"
				}
			}
		},
		"animation.model.finish": {
			"loop": true,
			"animation_length": 0.6333,
			"bones": {
				"main": {
					"rotation": {
						"0.0": {
							"vector": [-4.98107, 0.43523, 4.98107]
						},
						"0.0667": {
							"vector": [0, 0, 0]
						},
						"0.1333": {
							"vector": [10, 0, 0]
						},
						"0.3333": {
							"vector": [0, 0, 5]
						},
						"0.4667": {
							"vector": [0, 0, 0]
						}
					},
					"position": {
						"0.0667": {
							"vector": [0, 0, 0]
						},
						"0.1333": {
							"vector": [0, 0, -4]
						},
						"0.2333": {
							"vector": [0, 0, 0]
						},
						"0.6333": {
							"vector": [0, 0, 0]
						}
					}
				},
				"leftarm": {
					"rotation": {
						"vector": [0, 0, 0]
					},
					"position": {
						"0.0": {
							"vector": [0, 0, 0]
						},
						"0.1": {
							"vector": [0, 0, 0]
						}
					}
				},
				"rightarm": {
					"rotation": {
						"0.0": {
							"vector": [-27.50708, 26.07477, 79.3794]
						},
						"0.0667": {
							"vector": [-27.50708, 26.07477, 79.3794]
						},
						"0.1333": {
							"vector": [-27.50708, 26.07477, 79.3794]
						},
						"0.2": {
							"vector": [0, 0, 0]
						},
						"0.2333": {
							"vector": [0, 0, 0]
						},
						"0.4333": {
							"vector": [0, 0, 0]
						}
					},
					"position": {
						"0.0": {
							"vector": [-12, 14, -2]
						},
						"0.0667": {
							"vector": [-12, 14, -9]
						},
						"0.1333": {
							"vector": [-12, 14, -9]
						},
						"0.2": {
							"vector": [-7, 8, -6]
						},
						"0.2333": {
							"vector": [-7, 8, -6]
						},
						"0.3333": {
							"vector": [-7, 0, -6]
						},
						"0.4333": {
							"vector": [0, 0, 0]
						}
					}
				},
				"bolt": {
					"rotation": {
						"0.0": {
							"vector": [0, 0, 0]
						},
						"0.0667": {
							"vector": [0, 0, 0]
						},
						"0.1333": {
							"vector": [0, 0, 0]
						}
					},
					"position": {
						"0.0": {
							"vector": [0, 0, 7]
						},
						"0.0667": {
							"vector": [0, 0, 0]
						},
						"0.1333": {
							"vector": [0, 0, 0]
						}
					}
				},
				"boltmain": {
					"rotation": {
						"0.0333": {
							"vector": [0, 0, 90]
						},
						"0.0667": {
							"vector": [0, 0, 90]
						},
						"0.1333": {
							"vector": [0, 0, 90]
						},
						"0.2": {
							"vector": [0, 0, 0]
						}
					},
					"position": {
						"0.0667": {
							"vector": [0, 0, 0]
						},
						"0.1333": {
							"vector": [0, 0, 0]
						}
					}
				},
				"bulletloaded": {
					"rotation": {
						"vector": [0, 0, 0]
					},
					"position": {
						"0.0": {
							"vector": [0.5, 7, -33]
						},
						"0.0333": {
							"vector": [0.5, 7, -35]
						},
						"0.2": {
							"vector": [0.5, 7, -39]
						}
					}
				}
			},
			"sound_effects": {
				"0.0": {
					"effect": "ballista_boltforward"
				},
				"0.0333": {
					"effect": "inspect_down"
				}
			}
		},
		"animation.model.inspect": {
			"loop": true,
			"animation_length": 4.2667,
			"bones": {
				"main": {
					"rotation": {
						"0.0": {
							"vector": [0, 0, 0]
						},
						"0.1667": {
							"vector": [-8.41746, -13.59608, -21.21259]
						},
						"0.3": {
							"vector": [-8.39812, -20.10111, -31.77688]
						},
						"0.4333": {
							"vector": [-9.55676, -20.88889, -28.55629]
						},
						"0.5333": {
							"vector": [-8.77652, -21.21647, -30.72851]
						},
						"0.7667": {
							"vector": [-9.4227, -20.94881, -28.93303]
						},
						"1.0": {
							"vector": [-3.1216, -20.98207, -46.44405]
						},
						"1.1333": {
							"vector": [-4.564, -20.73064, -42.44007]
						},
						"1.2333": {
							"vector": [-4.86325, -20.9153, -41.60203]
						},
						"1.3333": {
							"vector": [-4.58308, -20.97575, -42.38574]
						},
						"1.4667": {
							"vector": [-4.01131, -21.08802, -43.97908]
						},
						"1.6": {
							"vector": [-4.38767, -21.01662, -42.9316]
						},
						"1.7": {
							"vector": [-4.18847, -21.05622, -43.48691]
						},
						"2.0333": {
							"vector": [-16.91438, 5.38499, 54.40399]
						},
						"2.1667": {
							"vector": [-15.22513, 5.80082, 60.04554]
						},
						"2.3": {
							"vector": [-15.70981, 5.86025, 59.48558]
						},
						"2.4333": {
							"vector": [-15.93602, 7.03904, 62.69373]
						},
						"2.5667": {
							"vector": [-15.60896, 7.75082, 65.23442]
						},
						"2.7333": {
							"vector": [-15.71675, 7.52491, 64.42194]
						},
						"2.9": {
							"vector": [-15.56389, 7.84019, 65.55973]
						},
						"3.1": {
							"vector": [-15.61778, 7.73186, 65.16659]
						},
						"3.2667": {
							"vector": [-15.9801, 6.93689, 62.33342]
						},
						"3.4": {
							"vector": [-8.86998, 2.42135, 33.56191]
						},
						"3.5333": {
							"vector": [0, -1.75, -2.75]
						},
						"3.7": {
							"vector": [0, 0, 0]
						}
					},
					"position": {
						"0.0": {
							"vector": [0, 0, 0]
						},
						"0.3": {
							"vector": [-0.475, 1.475, -8.7]
						},
						"0.4": {
							"vector": [-0.195, 1, -7.7]
						},
						"0.5333": {
							"vector": [-0.03, 0.725, -7.7]
						},
						"0.7": {
							"vector": [0, 1.125, -7.7]
						},
						"0.9": {
							"vector": [0.125, 1.4, -8.275]
						},
						"1.2": {
							"vector": [-0.02, 1.475, -8]
						},
						"1.4": {
							"vector": [0.11, 1.425, -8.175]
						},
						"1.6667": {
							"vector": [0.275, 1.25, -7.975]
						},
						"1.8": {
							"vector": [-0.13, -1.19, -8.65]
						},
						"1.9667": {
							"vector": [-0.545, -1.325, -11.15]
						},
						"2.1333": {
							"vector": [-0.415, -1.395, -10.545]
						},
						"2.2667": {
							"vector": [-0.525, -1.455, -9.17]
						},
						"2.4": {
							"vector": [-0.49, -1.43, -9.85]
						},
						"2.5667": {
							"vector": [-0.455, -1.5, -9.24]
						},
						"2.7667": {
							"vector": [-0.53, -1.5, -9.27]
						},
						"3.0": {
							"vector": [-0.49, -1.41, -9.3]
						},
						"3.2333": {
							"vector": [-0.545, -1.325, -9.325]
						},
						"3.3667": {
							"vector": [-1.005, -0.61, -7.41]
						},
						"3.6333": {
							"vector": [0, 0, 0]
						}
					}
				},
				"leftarm": {
					"rotation": {
						"0.0": {
							"vector": [0, 0, 0]
						},
						"0.1667": {
							"vector": [0, 0, -2.5]
						},
						"1.7333": {
							"vector": [0, 0, -2.5]
						},
						"2.0333": {
							"vector": [-20, 0, -45]
						},
						"3.3": {
							"vector": [-20, 0, -45]
						},
						"3.5667": {
							"vector": [0, 0, 0]
						}
					},
					"position": {
						"0.0": {
							"vector": [0, 0, 0]
						},
						"0.1667": {
							"vector": [11.23986, -30.20851, 24.64864]
						},
						"1.7333": {
							"vector": [11.23986, -30.20851, 24.64864]
						},
						"2.0333": {
							"vector": [7.35, 1.25, 2.33]
						},
						"3.3": {
							"vector": [7.35, 1.25, 2.33]
						},
						"3.5667": {
							"vector": [0, 0, 0]
						}
					}
				}
			},
			"sound_effects": {
				"0.0": {
					"effect": "inspect_foley"
				},
				"0.0667": {
					"effect": "inspect_up"
				},
				"1.3": {
					"effect": "inspect_turn"
				},
				"3.3": {
					"effect": "inspect_down"
				}
			}
		},
		"animation.model.clipload": {
			"loop": true,
			"animation_length": 2.1667,
			"bones": {
				"main": {
					"rotation": {
						"0.0": {
							"vector": [-4.98107, 0.43523, 4.98107]
						},
						"0.1333": {
							"vector": [-24.92223, 0.97558, 9.95098]
						},
						"0.7": {
							"vector": [-19.38599, -1.18315, -0.40863]
						},
						"0.9667": {
							"vector": [-12.33945, 0.19467, 1.08248]
						},
						"1.1667": {
							"vector": [0.87539, 0.06799, -1.79876]
						},
						"1.4333": {
							"vector": [-1.61158, 0.1645, -0.01711]
						},
						"1.5": {
							"vector": [-11.78322, 0.136, -0.54324]
						},
						"1.7333": {
							"vector": [-8.58892, 0.64949, 4.50675]
						},
						"2.0": {
							"vector": [-4.98107, 0.43523, 4.98107]
						}
					},
					"position": {
						"0.0": {
							"vector": [0, 0, 0]
						},
						"0.8667": {
							"vector": [0, 0, 0]
						},
						"0.9": {
							"vector": [0, -0.25, 0]
						},
						"0.9667": {
							"vector": [0, 0, 0]
						},
						"1.0333": {
							"vector": [0, -0.25, 0]
						},
						"1.1667": {
							"vector": [0, -1, 0]
						},
						"1.2333": {
							"vector": [0, 0.07, 0]
						},
						"2.0": {
							"vector": [0, 0, 0]
						}
					}
				},
				"leftarm": {
					"rotation": {
						"vector": [0, 0, 0]
					},
					"position": {
						"vector": [0, 0, 0]
					}
				},
				"rightarm": {
					"rotation": {
						"0.0": {
							"vector": [17.5, 15, 0]
						},
						"0.1333": {
							"vector": [-10, 15, 0]
						},
						"0.2333": {
							"vector": [-24.28962, 28.90628, 40.51538]
						},
						"0.5333": {
							"vector": [-15.59252, 41.62676, 98.07827]
						},
						"0.7333": {
							"vector": [-32.55887, 32.57488, 81.55451]
						},
						"0.8333": {
							"vector": [-31.54, 29.18, 84.94]
						},
						"0.9": {
							"vector": [-31.54, 29.18, 84.94]
						},
						"0.9667": {
							"vector": [-31.28, 28.3, 85.81]
						},
						"1.0333": {
							"vector": [-31.28, 28.3, 85.81]
						},
						"1.1": {
							"vector": [-30.93148, 27.13541, 86.97012]
						},
						"1.5333": {
							"vector": [-28.6, 26.41, 81.79]
						},
						"1.6667": {
							"vector": [17.5, 15, 0]
						}
					},
					"position": {
						"0.0": {
							"vector": [-3, 0, 0]
						},
						"0.1333": {
							"vector": [-3, 0, -5]
						},
						"0.2333": {
							"vector": [-7, 9, -10]
						},
						"0.4667": {
							"vector": [-8.33, 10.67, -11]
						},
						"0.5333": {
							"vector": [-9, 13, -10]
						},
						"0.6": {
							"vector": [-12, 15.6, -13.6]
						},
						"0.7333": {
							"vector": [-14, 14, -16]
						},
						"0.8333": {
							"vector": [-14, 14.2, -16]
						},
						"0.9": {
							"vector": [-14, 14.2, -16]
						},
						"0.9667": {
							"vector": [-14, 13.26, -16]
						},
						"1.0333": {
							"vector": [-14, 13.26, -16]
						},
						"1.1": {
							"vector": [-14, 12, -16]
						},
						"1.3333": {
							"vector": [-13, 16, -13]
						},
						"1.5333": {
							"vector": [-13, 18.67, -13]
						},
						"1.6667": {
							"vector": [-3, 0, 0]
						}
					}
				},
				"bolt": {
					"rotation": {
						"vector": [0, 0, 0]
					},
					"position": {
						"vector": [0, 0, 7]
					}
				},
				"boltmain": {
					"rotation": {
						"vector": [0, 0, 90]
					},
					"position": {
						"vector": [0, 0, 0]
					}
				},
				"clip": {
					"rotation": {
						"0.0": {
							"vector": [0, 0, -90]
						},
						"0.1333": {
							"vector": [0, -20, -90]
						},
						"0.2333": {
							"vector": [0, -10, -45]
						},
						"0.3": {
							"vector": [0, 0, 0]
						},
						"0.4667": {
							"vector": [0, 0, 0]
						},
						"0.5333": {
							"vector": [0, 0, 0]
						},
						"0.7333": {
							"vector": [0, 0, 0]
						}
					},
					"position": {
						"0.0": {
							"vector": [-4, -7, -25]
						},
						"0.1333": {
							"vector": [-4, 3, -28]
						},
						"0.2333": {
							"vector": [-1.75, 13.75, -30.25]
						},
						"0.3": {
							"vector": [0.5, 10, -32.5]
						},
						"0.4667": {
							"vector": [0.5, 8.5, -32.5]
						},
						"0.5333": {
							"vector": [0.5, 8.5, -32.5]
						},
						"0.7333": {
							"vector": [0.5, 8.5, -32.5]
						}
					}
				},
				"strip": {
					"rotation": {
						"1.3333": {
							"vector": [0, 0, 0]
						},
						"1.4333": {
							"vector": [0, 0, 0]
						},
						"1.7": {
							"vector": [0, 0, 45]
						},
						"2.0": {
							"vector": [0, 0, 182.5]
						}
					},
					"position": {
						"1.3333": {
							"vector": [0, 0, 0]
						},
						"1.4333": {
							"vector": [0, 1.25, 0]
						},
						"1.5333": {
							"vector": [0, 2.67, 0]
						},
						"1.6333": {
							"vector": [-5, 0, 0]
						},
						"2.0": {
							"vector": [-5, -27, 5]
						}
					}
				},
				"bullet": {
					"rotation": {
						"0.5333": {
							"vector": [0, 0, 0]
						},
						"0.7333": {
							"vector": [0, 0, 0]
						}
					},
					"position": {
						"0.5333": {
							"vector": [0, 0, 0]
						},
						"0.7333": {
							"vector": [0, 0, 0]
						},
						"0.8333": {
							"vector": [0, -0.9, 0]
						},
						"0.9": {
							"vector": [0, -0.9, 0]
						},
						"0.9667": {
							"vector": [0, -2.55, 0]
						},
						"1.0333": {
							"vector": [0, -2.55, 0]
						},
						"1.1": {
							"vector": [0, -4.75, 0]
						}
					}
				}
			},
			"sound_effects": {
				"0.0": {
					"effect": "foley_start"
				},
				"0.3": {
					"effect": "bulletinsert"
				},
				"0.7667": {
					"effect": "at4_lever"
				},
				"1.2333": {
					"effect": "pistol_magout"
				}
			}
		},
		"animation.model.draw": {
			"loop": true,
			"animation_length": 1.2,
			"bones": {
				"main": {
					"rotation": {
						"0.0": {
							"vector": [32.09413, -54.38778, -8.29667]
						},
						"0.35": {
							"vector": [0.50518, -5.08075, 6.8716]
						},
						"0.5": {
							"vector": [0.32389, -0.60235, -2.1558]
						},
						"0.6": {
							"vector": [0, 0, 0]
						}
					},
					"position": {
						"0.0": {
							"vector": [0, -17.3, 0]
						},
						"0.25": {
							"vector": [-0.4, -2.525, -1.625]
						},
						"0.4": {
							"vector": [-0.05, 0, -2.49]
						},
						"0.55": {
							"vector": [0, 0, 0]
						}
					}
				},
				"leftarm": {
					"rotation": {
						"0.0": {
							"vector": [0, 0, 0]
						},
						"0.2": {
							"vector": [1, 0, -22]
						},
						"0.4": {
							"vector": [0, 0, 0]
						}
					},
					"position": {
						"0.0": {
							"vector": [0, 0, 0]
						},
						"0.2": {
							"vector": [3.53901, 3.6754, 5.59783]
						},
						"0.4": {
							"vector": [0, 0, 0]
						}
					}
				}
			},
			"sound_effects": {
				"0.05": {
					"effect": "foley_end"
				}
			}
		},
		"animation.model.fire": {
			"loop": true,
			"animation_length": 1.1667,
			"bones": {
				"main": {
					"rotation": {
						"0.0": {
							"vector": [0, 0, 0]
						},
						"0.0333": {
							"vector": [-2.49762, 0.10901, 2.49762]
						},
						"0.0667": {
							"vector": [-5, 0, 0]
						},
						"0.2": {
							"vector": [0, 0, 0]
						},
						"0.5": {
							"vector": [-7.42442, -0.86717, -9.96271]
						},
						"0.5333": {
							"vector": [-13.93953, -0.69374, -7.97017]
						},
						"0.7333": {
							"vector": [0, 0, 0]
						},
						"0.8": {
							"vector": [5, 0, 0]
						},
						"1.0": {
							"vector": [0, 0, 5]
						},
						"1.1333": {
							"vector": [0, 0, 0]
						}
					},
					"position": {
						"0.0": {
							"vector": [0, 0, 0]
						},
						"0.0333": {
							"vector": [0, 0.5, 3.5]
						},
						"0.0667": {
							"vector": [0, 1, 7]
						},
						"0.3333": {
							"vector": [0, 0, 0]
						},
						"0.5": {
							"vector": [0, 0, 0]
						},
						"0.7333": {
							"vector": [0, 0, 0]
						},
						"0.8": {
							"vector": [0, 0, -2]
						},
						"0.9": {
							"vector": [0, 0, 0]
						},
						"1.1667": {
							"vector": [0, 0, 0]
						}
					}
				},
				"leftarm": {
					"rotation": {
						"vector": [0, 0, 0]
					},
					"position": {
						"0.0": {
							"vector": [0, 0, 0]
						},
						"0.1": {
							"vector": [0, 0, 0]
						}
					}
				},
				"rightarm": {
					"rotation": {
						"0.0": {
							"vector": [0, 0, 0]
						},
						"0.2": {
							"vector": [0, 0, 0]
						},
						"0.4": {
							"vector": [0, 0, 0]
						},
						"0.4667": {
							"vector": [-27.50708, 26.07477, 79.3794]
						},
						"0.5": {
							"vector": [-45.00708, 26.07477, 79.3794]
						},
						"0.5333": {
							"vector": [-45.00708, 26.07477, 79.3794]
						},
						"0.6333": {
							"vector": [-27.50708, 26.07477, 79.3794]
						},
						"0.7333": {
							"vector": [-27.50708, 26.07477, 79.3794]
						},
						"0.8": {
							"vector": [-27.50708, 26.07477, 79.3794]
						},
						"0.8667": {
							"vector": [0, 0, 0]
						},
						"0.9": {
							"vector": [0, 0, 0]
						},
						"1.1": {
							"vector": [0, 0, 0]
						}
					},
					"position": {
						"0.0": {
							"vector": [0, 0, 0]
						},
						"0.2": {
							"vector": [0, 0, 0]
						},
						"0.2667": {
							"vector": [-7, 0, -6]
						},
						"0.4": {
							"vector": [-7, 7, -6]
						},
						"0.4333": {
							"vector": [-7.5, 10.5, -7.5]
						},
						"0.4667": {
							"vector": [-12, 14, -9]
						},
						"0.5": {
							"vector": [-14, 14, -6]
						},
						"0.5333": {
							"vector": [-15, 14, -6]
						},
						"0.6333": {
							"vector": [-12, 14, -2]
						},
						"0.7333": {
							"vector": [-12, 14, -9]
						},
						"0.8": {
							"vector": [-12, 14, -9]
						},
						"0.8667": {
							"vector": [-7, 8, -6]
						},
						"0.9": {
							"vector": [-7, 8, -6]
						},
						"1.0": {
							"vector": [-7, 0, -6]
						},
						"1.1": {
							"vector": [0, 0, 0]
						}
					}
				},
				"bolt": {
					"rotation": {
						"0.4667": {
							"vector": [0, 0, 0]
						},
						"0.5": {
							"vector": [0, 0, 0]
						},
						"0.6333": {
							"vector": [0, 0, 0]
						},
						"0.7333": {
							"vector": [0, 0, 0]
						},
						"0.8": {
							"vector": [0, 0, 0]
						}
					},
					"position": {
						"0.4667": {
							"vector": [0, 0, 0]
						},
						"0.5": {
							"vector": [0, 0, 7]
						},
						"0.6333": {
							"vector": [0, 0, 7]
						},
						"0.7333": {
							"vector": [0, 0, 0]
						},
						"0.8": {
							"vector": [0, 0, 0]
						}
					}
				},
				"boltmain": {
					"rotation": {
						"0.4": {
							"vector": [0, 0, 0]
						},
						"0.4333": {
							"vector": [0, 0, 27.5]
						},
						"0.4667": {
							"vector": [0, 0, 90]
						},
						"0.7": {
							"vector": [0, 0, 90]
						},
						"0.7333": {
							"vector": [0, 0, 90]
						},
						"0.8": {
							"vector": [0, 0, 90]
						},
						"0.8667": {
							"vector": [0, 0, 0]
						}
					},
					"position": {
						"0.4667": {
							"vector": [0, 0, 0]
						},
						"0.5": {
							"vector": [0, 0, 0]
						},
						"0.7333": {
							"vector": [0, 0, 0]
						},
						"0.8": {
							"vector": [0, 0, 0]
						}
					}
				},
				"bulletloaded": {
					"rotation": {
						"0.0": {
							"vector": [0, 0, 0]
						},
						"0.6": {
							"vector": [0, 0, 0]
						}
					},
					"position": {
						"0.0": {
							"vector": [0.5, 7, -33]
						},
						"0.6": {
							"vector": [0.5, 7, -33]
						},
						"0.6333": {
							"vector": [0.5, 7, -33]
						},
						"0.8": {
							"vector": [0.5, 7, -39]
						}
					}
				},
				"casing": {
					"rotation": {
						"0.0": {
							"vector": [0, 0, 0]
						},
						"0.4667": {
							"vector": [0, 0, 0]
						},
						"0.5": {
							"vector": [0, 60, 0]
						},
						"0.5667": {
							"vector": [0, 147.5, 0]
						},
						"0.6333": {
							"vector": [0, 230, 0]
						},
						"0.7": {
							"vector": [0, 290, 0]
						},
						"0.7667": {
							"vector": [0, 357.5, 0]
						}
					},
					"position": {
						"0.0": {
							"vector": [0.5, 7, -33]
						},
						"0.4667": {
							"vector": [0.5, 7, -33]
						},
						"0.5": {
							"vector": [-2.5, 7, -32]
						},
						"0.5667": {
							"vector": [-11.5, 10, -32]
						},
						"0.6333": {
							"vector": [-25.5, 8, -32]
						},
						"0.7": {
							"vector": [-40.5, -7, -32]
						},
						"0.7667": {
							"vector": [-40.5, -24, -32]
						}
					},
					"scale": {
						"0.0": {
							"vector": [1, 1, 1]
						},
						"0.7": {
							"vector": [1, 1, 1]
						},
						"0.7667": {
							"vector": [0, 0, 0]
						}
					}
				}
			},
			"sound_effects": {
				"0.4": {
					"effect": "ballista_boltback"
				},
				"0.4667": {
					"effect": "pistol_slide"
				},
				"0.6": {
					"effect": "ballista_boltforward"
				}
			}
		},
		"animation.model.firelast": {
			"loop": true,
			"animation_length": 0.2333,
			"bones": {
				"main": {
					"rotation": {
						"0.0": {
							"vector": [0, 0, 0]
						},
						"0.0333": {
							"vector": [-2.49762, 0.10901, 2.49762]
						},
						"0.0667": {
							"vector": [-5, 0, 0]
						},
						"0.2": {
							"vector": [0, 0, 0]
						}
					},
					"position": {
						"0.0": {
							"vector": [0, 0, 0]
						},
						"0.0333": {
							"vector": [0, 0.5, 3.5]
						},
						"0.0667": {
							"vector": [0, 1, 7]
						},
						"0.2": {
							"vector": [0, 0, 0]
						}
					}
				},
				"leftarm": {
					"rotation": {
						"vector": [0, 0, 0]
					},
					"position": {
						"0.0": {
							"vector": [0, 0, 0]
						},
						"0.1": {
							"vector": [0, 0, 0]
						}
					}
				},
				"rightarm": {
					"rotation": {
						"0.0": {
							"vector": [0, 0, 0]
						},
						"0.2": {
							"vector": [0, 0, 0]
						}
					},
					"position": {
						"0.0": {
							"vector": [0, 0, 0]
						},
						"0.2": {
							"vector": [0, 0, 0]
						}
					}
				},
				"bulletloaded": {
					"rotation": {
						"vector": [0, 0, 0]
					},
					"position": {
						"vector": [0.5, 7, -33]
					}
				},
				"casing": {
					"rotation": {
						"vector": [0, 0, 0]
					},
					"position": {
						"vector": [0.5, 7, -33]
					},
					"scale": {
						"vector": [1, 1, 1]
					}
				}
			}
		}
	},
	"geckolib_format_version": 2
}