{
	"format_version": "1.8.0",
	"animations": {
		"animation.model.inspect": {
			"loop": true,
			"animation_length": 4.2667,
			"bones": {
				"main": {
					"rotation": {
						"0.0": {
							"vector": [0, 0, 0]
						},
						"0.1667": {
							"vector": [-8.41746, -13.59608, -21.21259]
						},
						"0.3": {
							"vector": [-8.39812, -20.10111, -31.77688]
						},
						"0.4333": {
							"vector": [-9.55676, -20.88889, -28.55629]
						},
						"0.5333": {
							"vector": [-8.77652, -21.21647, -30.72851]
						},
						"0.7667": {
							"vector": [-9.4227, -20.94881, -28.93303]
						},
						"1.0": {
							"vector": [-3.1216, -20.98207, -46.44405]
						},
						"1.1333": {
							"vector": [-4.564, -20.73064, -42.44007]
						},
						"1.2333": {
							"vector": [-4.86325, -20.9153, -41.60203]
						},
						"1.3333": {
							"vector": [-4.58308, -20.97575, -42.38574]
						},
						"1.4667": {
							"vector": [-4.01131, -21.08802, -43.97908]
						},
						"1.6": {
							"vector": [-4.38767, -21.01662, -42.9316]
						},
						"1.7": {
							"vector": [-4.18847, -21.05622, -43.48691]
						},
						"2.0333": {
							"vector": [-16.91438, 5.38499, 54.40399]
						},
						"2.1667": {
							"vector": [-15.22513, 5.80082, 60.04554]
						},
						"2.3": {
							"vector": [-15.70981, 5.86025, 59.48558]
						},
						"2.4333": {
							"vector": [-15.93602, 7.03904, 62.69373]
						},
						"2.5667": {
							"vector": [-15.60896, 7.75082, 65.23442]
						},
						"2.7333": {
							"vector": [-15.71675, 7.52491, 64.42194]
						},
						"2.9": {
							"vector": [-15.56389, 7.84019, 65.55973]
						},
						"3.1": {
							"vector": [-15.61778, 7.73186, 65.16659]
						},
						"3.2667": {
							"vector": [-15.9801, 6.93689, 62.33342]
						},
						"3.4": {
							"vector": [-8.86998, 2.42135, 33.56191]
						},
						"3.5333": {
							"vector": [0, -1.75, -2.75]
						},
						"3.7": {
							"vector": [0, 0, 0]
						}
					},
					"position": {
						"0.0": {
							"vector": [0, 0, 0]
						},
						"0.3": {
							"vector": [-0.475, 1.475, -8.7]
						},
						"0.4": {
							"vector": [-0.195, 1, -7.7]
						},
						"0.5333": {
							"vector": [-0.03, 0.725, -7.7]
						},
						"0.7": {
							"vector": [0, 1.125, -7.7]
						},
						"0.9": {
							"vector": [0.125, 1.4, -8.275]
						},
						"1.2": {
							"vector": [-0.02, 1.475, -8]
						},
						"1.4": {
							"vector": [0.11, 1.425, -8.175]
						},
						"1.6667": {
							"vector": [0.275, 1.25, -7.975]
						},
						"1.8": {
							"vector": [-0.13, -1.19, -8.65]
						},
						"1.9667": {
							"vector": [-0.545, -1.325, -11.15]
						},
						"2.1333": {
							"vector": [-0.415, -1.395, -10.545]
						},
						"2.2667": {
							"vector": [-0.525, -1.455, -9.17]
						},
						"2.4": {
							"vector": [-0.49, -1.43, -9.85]
						},
						"2.5667": {
							"vector": [-0.455, -1.5, -9.24]
						},
						"2.7667": {
							"vector": [-0.53, -1.5, -9.27]
						},
						"3.0": {
							"vector": [-0.49, -1.41, -9.3]
						},
						"3.2333": {
							"vector": [-0.545, -1.325, -9.325]
						},
						"3.3667": {
							"vector": [-1.005, -0.61, -7.41]
						},
						"3.6333": {
							"vector": [0, 0, 0]
						}
					}
				}
			},
			"sound_effects": {
				"0.0": {
					"effect": "inspect_foley"
				},
				"0.0667": {
					"effect": "inspect_up"
				},
				"1.3": {
					"effect": "inspect_turn"
				},
				"3.3": {
					"effect": "inspect_down"
				}
			}
		},
		"animation.model.draw": {
			"loop": true,
			"animation_length": 0.65,
			"bones": {
				"main": {
					"rotation": {
						"0.0": {
							"vector": [32.09413, -54.38778, -8.29667]
						},
						"0.35": {
							"vector": [0.50518, -5.08075, 6.8716]
						},
						"0.5": {
							"vector": [0.32389, -0.60235, -2.1558]
						},
						"0.6": {
							"vector": [0, 0, 0]
						}
					},
					"position": {
						"0.0": {
							"vector": [0, -17.3, 0]
						},
						"0.25": {
							"vector": [-0.4, -2.525, -1.625]
						},
						"0.4": {
							"vector": [-0.05, 0, -2.49]
						},
						"0.55": {
							"vector": [0, 0, 0]
						}
					}
				},
				"leftarm": {
					"rotation": {
						"0.0": {
							"vector": [0, 0, 0]
						},
						"0.2": {
							"vector": [-10, 0, 22.5]
						},
						"0.35": {
							"vector": [-10, 0, 22.5]
						},
						"0.45": {
							"vector": [3.10444, -9.89546, 22.62816]
						},
						"0.6": {
							"vector": [0, 0, 0]
						}
					},
					"position": {
						"0.0": {
							"vector": [2, 13, 0]
						},
						"0.2": {
							"vector": [2, 5, 0]
						},
						"0.35": {
							"vector": [2, 5, 0]
						},
						"0.6": {
							"vector": [0, 0, 0]
						}
					}
				}
			},
			"sound_effects": {
				"0.0": {
					"effect": "draw"
				}
			}
		},
		"animation.model.fire": {
			"loop": true,
			"animation_length": 0.3333,
			"bones": {
				"main": {
					"rotation": {
						"0.0": {
							"vector": [0, 0, 0]
						},
						"0.0333": {
							"vector": [0, 0, 0]
						},
						"0.3333": {
							"vector": [0, 0, 0]
						}
					},
					"position": {
						"0.0": {
							"vector": [0, 0, 0]
						},
						"0.0333": {
							"vector": [0, 0, 0]
						},
						"0.1": {
							"vector": [0, 0, 3]
						},
						"0.3333": {
							"vector": [0, 0, 0]
						}
					}
				},
				"leftarm": {
					"rotation": {
						"0.0667": {
							"vector": [0, 0, 0]
						},
						"0.3333": {
							"vector": [0, 0, 0]
						}
					},
					"position": {
						"0.0667": {
							"vector": [0, 0, 0]
						},
						"0.1667": {
							"vector": [0, 0, 0]
						},
						"0.3333": {
							"vector": [0, 0, 0]
						}
					}
				},
				"rightarm": {
					"rotation": {
						"0.0667": {
							"vector": [0, 0, 0]
						},
						"0.2667": {
							"vector": [0, 0, 0]
						},
						"0.3333": {
							"vector": [0, 0, 0]
						}
					},
					"position": {
						"0.0667": {
							"vector": [0, 0, 0]
						},
						"0.2667": {
							"vector": [0, 0, 0]
						},
						"0.3333": {
							"vector": [0, 0, 0]
						}
					}
				},
				"dustcover": {
					"rotation": {
						"0.0667": {
							"vector": [0, 0, 0]
						},
						"0.1333": {
							"vector": [0, 0, 65]
						},
						"0.2": {
							"vector": [0, 0, 0]
						}
					},
					"position": {
						"0.0667": {
							"vector": [0, 0, 0]
						},
						"0.2": {
							"vector": [0, 0, 0]
						}
					}
				}
			}
		},
		"animation.model.reload": {
			"loop": true,
			"animation_length": 2.4667,
			"bones": {
				"main": {
					"rotation": {
						"0.0": {
							"vector": [0, 0, 0]
						},
						"0.2333": {
							"vector": [-12.16459, 0.83024, 3.65879]
						},
						"0.3333": {
							"vector": [-17.2127, 2.68507, 12.2127]
						},
						"0.5667": {
							"vector": [-13.6751, 2.28875, 10.14343]
						},
						"0.6333": {
							"vector": [-12.81406, -0.86366, -3.73784]
						},
						"0.8": {
							"vector": [-5.32561, 0.46499, 3.05004]
						},
						"0.9667": {
							"vector": [-7.84, 0, 0]
						},
						"1.0667": {
							"vector": [-10.2894, 0.78137, 4.09307]
						},
						"1.3667": {
							"vector": [-10.54706, 1.38045, 7.37258]
						},
						"1.4667": {
							"vector": [-11.5252, 1.00124, 4.89797]
						},
						"1.7": {
							"vector": [-20.5648, -0.54214, -3.0784]
						},
						"1.7667": {
							"vector": [-5.60252, 0.37185, 5.41185]
						},
						"1.9333": {
							"vector": [1.84882, -0.6501, -0.06357]
						},
						"2.0": {
							"vector": [-10, 0, 0]
						},
						"2.1333": {
							"vector": [-4.98107, -0.43523, -3.73107]
						},
						"2.2667": {
							"vector": [0, 0, 2.5]
						},
						"2.4": {
							"vector": [0, 0, 3.75]
						},
						"2.4667": {
							"vector": [0, 0, 0]
						}
					},
					"position": {
						"0.0": {
							"vector": [0, 0, 0]
						},
						"0.4333": {
							"vector": [0, 0, 0]
						},
						"0.5": {
							"vector": [0, 2, 0]
						},
						"0.5667": {
							"vector": [0, 0, 0]
						},
						"1.2": {
							"vector": [0, 0.2, 0]
						},
						"1.3333": {
							"vector": [0, -1, 0]
						},
						"1.7333": {
							"vector": [0, 0, 0]
						},
						"1.9": {
							"vector": [0, -4, 0]
						},
						"2.0": {
							"vector": [0, 0, 0]
						},
						"2.2667": {
							"vector": [0, 0, 0]
						},
						"2.4667": {
							"vector": [0, 0, 0]
						}
					}
				},
				"leftarm": {
					"rotation": {
						"0.0": {
							"vector": [0, 0, 0]
						},
						"2.4": {
							"vector": [0, 0, 0]
						}
					},
					"position": {
						"0.0": {
							"vector": [0, 0, 0]
						},
						"2.4": {
							"vector": [0, 0, 0]
						}
					}
				},
				"rightarm": {
					"rotation": {
						"0.0": {
							"vector": [0, 0, 0]
						},
						"0.4667": {
							"vector": [0, 0, 0]
						},
						"0.5": {
							"vector": [5, 0, 0]
						},
						"0.9": {
							"vector": [5, 0, 0]
						},
						"1.3": {
							"vector": [5, 0, 0]
						},
						"1.7": {
							"vector": [5, 0, 0]
						},
						"1.8333": {
							"vector": [5, 0, 0]
						},
						"2.0333": {
							"vector": [0, 0, 0]
						},
						"2.1": {
							"vector": [-7.5, 5, 0]
						},
						"2.2333": {
							"vector": [0, 15, 0]
						},
						"2.4": {
							"vector": [0, 0, 0]
						}
					},
					"position": {
						"0.0": {
							"vector": [0, 0, 0]
						},
						"0.2667": {
							"vector": [0, 21, -10]
						},
						"0.3333": {
							"vector": [0, 21, -10]
						},
						"0.4": {
							"vector": [0, 21, -12]
						},
						"0.4667": {
							"vector": [0, 23, -12]
						},
						"0.5": {
							"vector": [0, 24, -12]
						},
						"0.5667": {
							"vector": [0, 29, -12]
						},
						"0.6333": {
							"vector": [-5.8, 26, -12]
						},
						"0.9": {
							"vector": [-7, -23, -12]
						},
						"1.3": {
							"vector": [-7, -23, -12]
						},
						"1.5667": {
							"vector": [-5.8, 26, -12]
						},
						"1.6333": {
							"vector": [0, 29, -12]
						},
						"1.7": {
							"vector": [0, 24, -12]
						},
						"1.8333": {
							"vector": [0, 24, -12]
						},
						"1.9": {
							"vector": [0, 23, -12]
						},
						"2.0333": {
							"vector": [0, 21, -12]
						},
						"2.4": {
							"vector": [0, 0, 0]
						}
					}
				},
				"magazine": {
					"rotation": {
						"0.0": {
							"vector": [0, 0, 0]
						},
						"0.3333": {
							"vector": [0, 0, 0]
						},
						"0.4667": {
							"vector": [0, 0, 0]
						},
						"0.5": {
							"vector": [10, 0, 0]
						},
						"0.6333": {
							"vector": [40, 0, 0]
						},
						"0.7": {
							"vector": [16.73634, 5.188, -16.73634]
						},
						"0.9": {
							"vector": [10, 0, 0]
						},
						"1.3": {
							"vector": [10, 0, 0]
						},
						"1.4667": {
							"vector": [16.73634, 5.188, -16.73634]
						},
						"1.5667": {
							"vector": [40, 0, 0]
						},
						"1.7": {
							"vector": [10, 0, 0]
						},
						"1.8333": {
							"vector": [10, 0, 0]
						},
						"2.0333": {
							"vector": [0, 0, 0]
						},
						"2.4": {
							"vector": [0, 0, 0]
						}
					},
					"position": {
						"0.0": {
							"vector": [0, 0, 0]
						},
						"0.3333": {
							"vector": [0, 0, 0]
						},
						"0.4": {
							"vector": [0, 0, 0]
						},
						"0.4667": {
							"vector": [0, 2, 0]
						},
						"0.5": {
							"vector": [0, 2, 0]
						},
						"0.5667": {
							"vector": [0, 9, 0]
						},
						"0.6333": {
							"vector": [-5.8, 8, 0]
						},
						"0.9": {
							"vector": [-7, -45, 0]
						},
						"1.3": {
							"vector": [-7, -45, 0]
						},
						"1.5667": {
							"vector": [-5.8, 8, 0]
						},
						"1.6333": {
							"vector": [0, 9, 0]
						},
						"1.7": {
							"vector": [0.25, 2, 0]
						},
						"1.7667": {
							"vector": [-0.12, 2, 0]
						},
						"1.8333": {
							"vector": [0, 2, 0]
						},
						"1.9": {
							"vector": [0, 2, 0]
						},
						"2.0333": {
							"vector": [0, 0, 0]
						},
						"2.4": {
							"vector": [0, 0, 0]
						}
					}
				},
				"magrelease": {
					"rotation": {
						"0.3333": {
							"vector": [0, 0, 0]
						},
						"0.3667": {
							"vector": [22.5, 0, 0]
						},
						"0.4333": {
							"vector": [0, 0, 0]
						},
						"1.9": {
							"vector": [0, 0, 0]
						},
						"1.9667": {
							"vector": [22.5, 0, 0]
						},
						"2.0": {
							"vector": [0, 0, 0]
						}
					},
					"position": {
						"0.3333": {
							"vector": [0, 0, 0]
						},
						"0.4333": {
							"vector": [0, 0, 0]
						},
						"1.9": {
							"vector": [0, 0, 0]
						},
						"2.0": {
							"vector": [0, 0, 0]
						}
					}
				}
			},
			"sound_effects": {
				"0.0": {
					"effect": "lmg_magout"
				},
				"0.7": {
					"effect": "foley_start"
				},
				"1.3333": {
					"effect": "lmg_magin"
				}
			}
		},
		"animation.model.reloadempty": {
			"loop": true,
			"animation_length": 3.0667,
			"bones": {
				"main": {
					"rotation": {
						"0.0": {
							"vector": [0, 0, 0]
						},
						"0.2333": {
							"vector": [-12.16459, 0.83024, 3.65879]
						},
						"0.3333": {
							"vector": [-17.2127, 2.68507, 12.2127]
						},
						"0.5667": {
							"vector": [-13.6751, 2.28875, 10.14343]
						},
						"0.6333": {
							"vector": [-12.81406, -0.86366, -3.73784]
						},
						"0.8": {
							"vector": [-5.32561, 0.46499, 3.05004]
						},
						"0.9667": {
							"vector": [-7.84, 0, 0]
						},
						"1.0667": {
							"vector": [-10.2894, 0.78137, 4.09307]
						},
						"1.3667": {
							"vector": [-10.54706, 1.38045, 7.37258]
						},
						"1.4667": {
							"vector": [-11.5252, 1.00124, 4.89797]
						},
						"1.7": {
							"vector": [-20.5648, -0.54214, -3.0784]
						},
						"1.7667": {
							"vector": [-5.60252, 0.37185, 5.41185]
						},
						"1.9333": {
							"vector": [1.84882, -0.6501, -0.06357]
						},
						"2.0": {
							"vector": [-10, 0, 0]
						},
						"2.1333": {
							"vector": [-4.98107, -0.43523, -3.73107]
						},
						"2.2667": {
							"vector": [0, 0, 2.5]
						},
						"2.4": {
							"vector": [0, 0, 3.75]
						},
						"2.5333": {
							"vector": [0, 0, 0]
						},
						"2.7": {
							"vector": [-5.04292, -7.4713, 0.6574]
						},
						"2.8": {
							"vector": [-3.72, -5.4, 1.55]
						},
						"2.8333": {
							"vector": [1.72236, -4.70857, 1.8476]
						},
						"2.9333": {
							"vector": [-1.95057, -2.63428, 2.74042]
						},
						"3.0667": {
							"vector": [0, 0, 0]
						}
					},
					"position": {
						"0.0": {
							"vector": [0, 0, 0]
						},
						"0.4333": {
							"vector": [0, 0, 0]
						},
						"0.5": {
							"vector": [0, 2, 0]
						},
						"0.5667": {
							"vector": [0, 0, 0]
						},
						"1.2": {
							"vector": [0, 0.2, 0]
						},
						"1.3333": {
							"vector": [0, -1, 0]
						},
						"1.7333": {
							"vector": [0, 0, 0]
						},
						"1.9": {
							"vector": [0, -4, 0]
						},
						"2.0": {
							"vector": [0, 0, 0]
						},
						"2.2667": {
							"vector": [0, 0, 0]
						},
						"2.5333": {
							"vector": [0, 0, 0]
						},
						"2.7": {
							"vector": [0, 0, 5]
						},
						"2.8": {
							"vector": [0, 0, 0]
						},
						"2.8333": {
							"vector": [0, 0, -3]
						},
						"3.0667": {
							"vector": [0, 0, 0]
						}
					}
				},
				"leftarm": {
					"rotation": {
						"0.0": {
							"vector": [0, 0, 0]
						},
						"2.3": {
							"vector": [0, 0, 0]
						},
						"2.3667": {
							"vector": [0, 0, 40]
						},
						"2.4333": {
							"vector": [0, 0, 40]
						},
						"2.8": {
							"vector": [0, 0, 40]
						},
						"2.8667": {
							"vector": [0, 0, 40]
						},
						"3.0": {
							"vector": [0, 0, 0]
						}
					},
					"position": {
						"0.0": {
							"vector": [0, 0, 0]
						},
						"2.3": {
							"vector": [0, 0, 0]
						},
						"2.3333": {
							"vector": [3, 0, 3.5]
						},
						"2.3667": {
							"vector": [0, 0, 7]
						},
						"2.4333": {
							"vector": [0, 0, 7]
						},
						"2.5": {
							"vector": [0, 0, 20]
						},
						"2.7": {
							"vector": [0, 0, 20]
						},
						"2.8": {
							"vector": [0, 0, 7]
						},
						"2.8667": {
							"vector": [0, 0, 7]
						},
						"3.0": {
							"vector": [0, 0, 0]
						}
					}
				},
				"rightarm": {
					"rotation": {
						"0.0": {
							"vector": [0, 0, 0]
						},
						"0.4667": {
							"vector": [0, 0, 0]
						},
						"0.5": {
							"vector": [5, 0, 0]
						},
						"0.9": {
							"vector": [5, 0, 0]
						},
						"1.3": {
							"vector": [5, 0, 0]
						},
						"1.7": {
							"vector": [5, 0, 0]
						},
						"1.8333": {
							"vector": [5, 0, 0]
						},
						"2.0333": {
							"vector": [0, 0, 0]
						},
						"2.1": {
							"vector": [-7.5, 5, 0]
						},
						"2.2333": {
							"vector": [0, 15, 0]
						},
						"2.3": {
							"vector": [0, 0, 0]
						}
					},
					"position": {
						"0.0": {
							"vector": [0, 0, 0]
						},
						"0.2667": {
							"vector": [0, 21, -10]
						},
						"0.3333": {
							"vector": [0, 21, -10]
						},
						"0.4": {
							"vector": [0, 21, -12]
						},
						"0.4667": {
							"vector": [0, 23, -12]
						},
						"0.5": {
							"vector": [0, 24, -12]
						},
						"0.5667": {
							"vector": [0, 29, -12]
						},
						"0.6333": {
							"vector": [-5.8, 26, -12]
						},
						"0.9": {
							"vector": [-7, -23, -12]
						},
						"1.3": {
							"vector": [-7, -23, -12]
						},
						"1.5667": {
							"vector": [-5.8, 26, -12]
						},
						"1.6333": {
							"vector": [0, 29, -12]
						},
						"1.7": {
							"vector": [0, 24, -12]
						},
						"1.8333": {
							"vector": [0, 24, -12]
						},
						"1.9": {
							"vector": [0, 23, -12]
						},
						"2.0333": {
							"vector": [0, 21, -12]
						},
						"2.3": {
							"vector": [0, 0, 0]
						}
					}
				},
				"magazine": {
					"rotation": {
						"0.0": {
							"vector": [0, 0, 0]
						},
						"0.3333": {
							"vector": [0, 0, 0]
						},
						"0.4667": {
							"vector": [0, 0, 0]
						},
						"0.5": {
							"vector": [10, 0, 0]
						},
						"0.6333": {
							"vector": [40, 0, 0]
						},
						"0.7": {
							"vector": [16.73634, 5.188, -16.73634]
						},
						"0.9": {
							"vector": [10, 0, 0]
						},
						"1.3": {
							"vector": [10, 0, 0]
						},
						"1.4667": {
							"vector": [16.73634, 5.188, -16.73634]
						},
						"1.5667": {
							"vector": [40, 0, 0]
						},
						"1.7": {
							"vector": [10, 0, 0]
						},
						"1.8333": {
							"vector": [10, 0, 0]
						},
						"2.0333": {
							"vector": [0, 0, 0]
						},
						"2.3": {
							"vector": [0, 0, 0]
						}
					},
					"position": {
						"0.0": {
							"vector": [0, 0, 0]
						},
						"0.3333": {
							"vector": [0, 0, 0]
						},
						"0.4": {
							"vector": [0, 0, 0]
						},
						"0.4667": {
							"vector": [0, 2, 0]
						},
						"0.5": {
							"vector": [0, 2, 0]
						},
						"0.5667": {
							"vector": [0, 9, 0]
						},
						"0.6333": {
							"vector": [-5.8, 8, 0]
						},
						"0.9": {
							"vector": [-7, -45, 0]
						},
						"1.3": {
							"vector": [-7, -45, 0]
						},
						"1.5667": {
							"vector": [-5.8, 8, 0]
						},
						"1.6333": {
							"vector": [0, 9, 0]
						},
						"1.7": {
							"vector": [0.25, 2, 0]
						},
						"1.7667": {
							"vector": [-0.12, 2, 0]
						},
						"1.8333": {
							"vector": [0, 2, 0]
						},
						"1.9": {
							"vector": [0, 2, 0]
						},
						"2.0333": {
							"vector": [0, 0, 0]
						},
						"2.3": {
							"vector": [0, 0, 0]
						}
					}
				},
				"magrelease": {
					"rotation": {
						"0.3333": {
							"vector": [0, 0, 0]
						},
						"0.3667": {
							"vector": [22.5, 0, 0]
						},
						"0.4333": {
							"vector": [0, 0, 0]
						},
						"1.9": {
							"vector": [0, 0, 0]
						},
						"1.9667": {
							"vector": [22.5, 0, 0]
						},
						"2.0": {
							"vector": [0, 0, 0]
						}
					},
					"position": {
						"0.3333": {
							"vector": [0, 0, 0]
						},
						"0.4333": {
							"vector": [0, 0, 0]
						},
						"1.9": {
							"vector": [0, 0, 0]
						},
						"2.0": {
							"vector": [0, 0, 0]
						}
					}
				},
				"charginghandle": {
					"rotation": {
						"2.4333": {
							"vector": [0, 0, 0]
						},
						"2.7": {
							"vector": [0, 0, 0]
						},
						"2.8": {
							"vector": [0, 0, 0]
						}
					},
					"position": {
						"2.4333": {
							"vector": [0, 0, 0]
						},
						"2.5": {
							"vector": [0, 0, 13]
						},
						"2.7": {
							"vector": [0, 0, 13]
						},
						"2.8": {
							"vector": [0, 0, 0]
						}
					}
				},
				"bulletloaded": {
					"scale": {
						"0.0": {
							"vector": [0, 0, 0]
						},
						"1.3333": {
							"vector": [0, 0, 0]
						},
						"1.3667": {
							"vector": [1, 1, 1]
						},
						"3.0667": {
							"vector": [1, 1, 1]
						}
					}
				},
				"dustcover": {
					"rotation": {
						"2.4667": {
							"vector": [0, 0, 0]
						},
						"2.5333": {
							"vector": [0, 0, 65]
						},
						"2.7333": {
							"vector": [0, 0, 65]
						},
						"2.8": {
							"vector": [0, 0, 0]
						}
					},
					"position": {
						"2.4667": {
							"vector": [0, 0, 0]
						},
						"2.8": {
							"vector": [0, 0, 0]
						}
					}
				}
			},
			"sound_effects": {
				"0.0": {
					"effect": "lmg_magout"
				},
				"0.7": {
					"effect": "foley_start"
				},
				"1.3333": {
					"effect": "lmg_magin"
				},
				"2.4": {
					"effect": "xm7_chargeback"
				},
				"2.6333": {
					"effect": "wa2000_actionback"
				}
			}
		}
	},
	"geckolib_format_version": 2
}