{
	"format_version": "1.8.0",
	"animations": {
		"animation.model.inspect": {
			"loop": true,
			"animation_length": 4.2667,
			"bones": {
				"main": {
					"rotation": {
						"0.0": {
							"vector": [0, 0, 0]
						},
						"0.1667": {
							"vector": [-8.41746, -13.59608, -21.21259]
						},
						"0.3": {
							"vector": [-8.39812, -20.10111, -31.77688]
						},
						"0.4333": {
							"vector": [-9.55676, -20.88889, -28.55629]
						},
						"0.5333": {
							"vector": [-8.77652, -21.21647, -30.72851]
						},
						"0.7667": {
							"vector": [-9.4227, -20.94881, -28.93303]
						},
						"1.0": {
							"vector": [-3.1216, -20.98207, -46.44405]
						},
						"1.1333": {
							"vector": [-4.564, -20.73064, -42.44007]
						},
						"1.2333": {
							"vector": [-4.86325, -20.9153, -41.60203]
						},
						"1.3333": {
							"vector": [-4.58308, -20.97575, -42.38574]
						},
						"1.4667": {
							"vector": [-4.01131, -21.08802, -43.97908]
						},
						"1.6": {
							"vector": [-4.38767, -21.01662, -42.9316]
						},
						"1.7": {
							"vector": [-4.18847, -21.05622, -43.48691]
						},
						"2.0333": {
							"vector": [-16.91438, 5.38499, 54.40399]
						},
						"2.1667": {
							"vector": [-15.22513, 5.80082, 60.04554]
						},
						"2.3": {
							"vector": [-15.70981, 5.86025, 59.48558]
						},
						"2.4333": {
							"vector": [-15.93602, 7.03904, 62.69373]
						},
						"2.5667": {
							"vector": [-15.60896, 7.75082, 65.23442]
						},
						"2.7333": {
							"vector": [-15.71675, 7.52491, 64.42194]
						},
						"2.9": {
							"vector": [-15.56389, 7.84019, 65.55973]
						},
						"3.1": {
							"vector": [-15.61778, 7.73186, 65.16659]
						},
						"3.2667": {
							"vector": [-15.9801, 6.93689, 62.33342]
						},
						"3.4": {
							"vector": [-8.86998, 2.42135, 33.56191]
						},
						"3.5333": {
							"vector": [0, -1.75, -2.75]
						},
						"3.7": {
							"vector": [0, 0, 0]
						}
					},
					"position": {
						"0.0": {
							"vector": [0, 0, 0]
						},
						"0.3": {
							"vector": [-0.475, 1.475, -8.7]
						},
						"0.4": {
							"vector": [-0.195, 1, -7.7]
						},
						"0.5333": {
							"vector": [-0.03, 0.725, -7.7]
						},
						"0.7": {
							"vector": [0, 1.125, -7.7]
						},
						"0.9": {
							"vector": [0.125, 1.4, -8.275]
						},
						"1.2": {
							"vector": [-0.02, 1.475, -8]
						},
						"1.4": {
							"vector": [0.11, 1.425, -8.175]
						},
						"1.6667": {
							"vector": [0.275, 1.25, -7.975]
						},
						"1.8": {
							"vector": [-0.13, -1.19, -8.65]
						},
						"1.9667": {
							"vector": [-0.545, -1.325, -11.15]
						},
						"2.1333": {
							"vector": [-0.415, -1.395, -10.545]
						},
						"2.2667": {
							"vector": [-0.525, -1.455, -9.17]
						},
						"2.4": {
							"vector": [-0.49, -1.43, -9.85]
						},
						"2.5667": {
							"vector": [-0.455, -1.5, -9.24]
						},
						"2.7667": {
							"vector": [-0.53, -1.5, -9.27]
						},
						"3.0": {
							"vector": [-0.49, -1.41, -9.3]
						},
						"3.2333": {
							"vector": [-0.545, -1.325, -9.325]
						},
						"3.3667": {
							"vector": [-1.005, -0.61, -7.41]
						},
						"3.6333": {
							"vector": [0, 0, 0]
						}
					}
				},
				"leftarm": {
					"rotation": {
						"0.0": {
							"vector": [0, 0, 0]
						},
						"0.1667": {
							"vector": [0, 0, -2.5]
						},
						"1.7333": {
							"vector": [0, 0, -2.5]
						},
						"2.0333": {
							"vector": [0, 0, 0]
						},
						"3.3": {
							"vector": [0, 0, 0]
						},
						"3.5667": {
							"vector": [0, 0, 0]
						}
					},
					"position": {
						"0.0": {
							"vector": [0, 0, 0]
						},
						"0.1667": {
							"vector": [11.23986, -30.20851, 24.64864]
						},
						"1.7333": {
							"vector": [11.23986, -30.20851, 24.64864]
						},
						"2.0333": {
							"vector": [0, 0, 0]
						},
						"3.3": {
							"vector": [0, 0, 0]
						},
						"3.5667": {
							"vector": [0, 0, 0]
						}
					}
				}
			},
			"sound_effects": {
				"0.0": {
					"effect": "inspect_foley"
				},
				"0.0667": {
					"effect": "inspect_up"
				},
				"1.3": {
					"effect": "inspect_turn"
				},
				"3.3": {
					"effect": "inspect_down"
				}
			}
		},
		"animation.model.draw": {
			"loop": true,
			"animation_length": 1.2,
			"bones": {
				"main": {
					"rotation": {
						"0.0": {
							"vector": [32.09413, -54.38778, -8.29667]
						},
						"0.35": {
							"vector": [0.50518, -5.08075, 6.8716]
						},
						"0.5": {
							"vector": [0.32389, -0.60235, -2.1558]
						},
						"0.6": {
							"vector": [0, 0, 0]
						}
					},
					"position": {
						"0.0": {
							"vector": [0, -17.3, 0]
						},
						"0.25": {
							"vector": [-0.4, -2.525, -1.625]
						},
						"0.4": {
							"vector": [-0.05, 0, -2.49]
						},
						"0.55": {
							"vector": [0, 0, 0]
						}
					}
				},
				"leftarm": {
					"rotation": {
						"0.0": {
							"vector": [0, 0, 0]
						},
						"0.2": {
							"vector": [1, 0, -22]
						},
						"0.4": {
							"vector": [0, 0, 0]
						}
					},
					"position": {
						"0.0": {
							"vector": [0, 0, 0]
						},
						"0.2": {
							"vector": [3.53901, 3.6754, 5.59783]
						},
						"0.4": {
							"vector": [0, 0, 0]
						}
					}
				}
			},
			"sound_effects": {
				"0.05": {
					"effect": "foley_end"
				}
			}
		},
		"animation.model.fire": {
			"loop": true,
			"animation_length": 0.1667,
			"bones": {
				"main": {
					"rotation": {
						"0.0": {
							"vector": [0, 0, 0]
						},
						"0.0333": {
							"vector": [0, 0, 0]
						},
						"0.0667": {
							"vector": [-1, 0, 2.5]
						},
						"0.1333": {
							"vector": [-0.99905, -0.04362, 0.00038]
						},
						"0.1667": {
							"vector": [0, 0, 0]
						}
					},
					"position": {
						"0.0": {
							"vector": [0, 0, 0]
						},
						"0.0333": {
							"vector": [0, 0, 0]
						},
						"0.0667": {
							"vector": [0, 0, 2]
						},
						"0.1667": {
							"vector": [0, 0, 0]
						}
					}
				},
				"leftarm": {
					"rotation": {
						"vector": [0, 0, 0]
					},
					"position": {
						"0.0": {
							"vector": [0, 0, 0]
						},
						"0.1": {
							"vector": [0, 0, 0]
						}
					}
				},
				"rightarm": {
					"rotation": {
						"0.0": {
							"vector": [0, 0, 0]
						},
						"0.1667": {
							"vector": [0, 0, 0]
						}
					},
					"position": {
						"0.0": {
							"vector": [0, 0, 0]
						},
						"0.1667": {
							"vector": [0, 0, 0]
						}
					}
				},
				"bolt": {
					"rotation": {
						"0.0": {
							"vector": [0, 0, 0]
						},
						"0.0333": {
							"vector": [0, 0, 0]
						},
						"0.1667": {
							"vector": [0, 0, 0]
						}
					},
					"position": {
						"0.0": {
							"vector": [0, 0, 0]
						},
						"0.0333": {
							"vector": [0, 0, -11]
						},
						"0.1667": {
							"vector": [0, 0, 0]
						}
					}
				},
				"slingfront": {
					"rotation": {
						"0.0333": {
							"vector": [0, 0, 0]
						},
						"0.0667": {
							"vector": [0, 0, -57.5]
						},
						"0.1333": {
							"vector": [0, 0, 7.5]
						},
						"0.1667": {
							"vector": [0, 0, 0]
						}
					},
					"position": {
						"0.0333": {
							"vector": [0, 0, 0]
						},
						"0.1": {
							"vector": [0, 0, 0]
						},
						"0.1667": {
							"vector": [0, 0, 0]
						}
					}
				}
			}
		},
		"animation.model.reload": {
			"loop": true,
			"animation_length": 2.1,
			"bones": {
				"main": {
					"rotation": {
						"0.0": {
							"vector": [0, 0, 0]
						},
						"0.2333": {
							"vector": [-8.35, -7.8, -0.32]
						},
						"0.3": {
							"vector": [-11.88446, -14.8918, 8.57427]
						},
						"0.4333": {
							"vector": [-15.50409, -14.47751, -0.59169]
						},
						"0.5333": {
							"vector": [-13.79907, -13.37175, 3.07915]
						},
						"0.6333": {
							"vector": [-18.20194, -10.83932, 11.66855]
						},
						"0.8667": {
							"vector": [-20.50619, -16.0215, 5.24484]
						},
						"1.0": {
							"vector": [-20.1847, -14.27845, -2.45729]
						},
						"1.1667": {
							"vector": [-20.32244, -17.37523, -10.05997]
						},
						"1.3": {
							"vector": [-16.43679, -13.47763, -3.66112]
						},
						"1.4": {
							"vector": [-11.22155, -13.70837, -2.95279]
						},
						"1.5667": {
							"vector": [-13.23136, -11.65994, -2.36203]
						},
						"1.6333": {
							"vector": [-13.57129, -9.79383, -2.60803]
						},
						"1.7333": {
							"vector": [-15.50409, -14.47751, -0.59169]
						},
						"1.8": {
							"vector": [-14.89296, -5.38148, -12.66823]
						},
						"1.8667": {
							"vector": [-11.23601, -11.27524, -7.48009]
						},
						"2.1": {
							"vector": [0, 0, 0]
						}
					},
					"position": {
						"0.0": {
							"vector": [0, 0, 0]
						},
						"0.2333": {
							"vector": [0, 0, 0]
						},
						"0.2667": {
							"vector": [2, 0, 0]
						},
						"0.3333": {
							"vector": [0, 0, 0]
						},
						"0.6667": {
							"vector": [0, -3, 0]
						},
						"1.1667": {
							"vector": [1, -3, 0]
						},
						"1.3667": {
							"vector": [0, -3, 0]
						},
						"1.7333": {
							"vector": [0, 0, 0]
						},
						"1.9667": {
							"vector": [0, 0, 0]
						},
						"2.1": {
							"vector": [0, 0, 0]
						}
					}
				},
				"leftarm": {
					"rotation": {
						"0.0": {
							"vector": [0, 0, 0]
						},
						"0.1667": {
							"vector": [11.67018, -24.26149, -44.28438]
						},
						"0.3": {
							"vector": [11.67018, -24.26149, -44.28438]
						},
						"0.4": {
							"vector": [27.33881, -0.52237, 23.64718]
						},
						"1.1667": {
							"vector": [27.33881, -0.52237, 23.64718]
						},
						"1.4667": {
							"vector": [11.67018, -24.26149, -44.28438]
						},
						"1.5667": {
							"vector": [11.67, -24.26, -44.28]
						},
						"1.6333": {
							"vector": [11.67, -24.26, -44.28]
						},
						"1.7333": {
							"vector": [11.67018, -24.26149, -44.28438]
						},
						"1.8": {
							"vector": [11.67018, -24.26149, -44.28438]
						},
						"2.0": {
							"vector": [0, 0, 0]
						}
					},
					"position": {
						"0.0": {
							"vector": [0, 0, 0]
						},
						"0.0667": {
							"vector": [2.8, 1.6, 2]
						},
						"0.1667": {
							"vector": [5, 4, -6]
						},
						"0.3": {
							"vector": [10, 4, -7]
						},
						"0.4": {
							"vector": [21, -14, 7]
						},
						"1.1667": {
							"vector": [21, -14, 7]
						},
						"1.3": {
							"vector": [26, -14, -9]
						},
						"1.4667": {
							"vector": [18, 4, -9]
						},
						"1.5667": {
							"vector": [9.45, 4.25, -7.2]
						},
						"1.6333": {
							"vector": [10.7, 3.5, -7.2]
						},
						"1.7333": {
							"vector": [5, 4, -6]
						},
						"1.8": {
							"vector": [5, 4, -6]
						},
						"1.9333": {
							"vector": [2.8, 1.6, 2]
						},
						"2.0": {
							"vector": [0, 0, 0]
						}
					}
				},
				"rightarm": {
					"rotation": {
						"vector": [0, 0, 0]
					},
					"position": {
						"vector": [0, 0, 0]
					}
				},
				"bolt": {
					"rotation": {
						"vector": [0, 0, 0]
					},
					"position": {
						"vector": [0, 0, 0]
					}
				},
				"magazine": {
					"rotation": {
						"0.0": {
							"vector": [0, 0, 0]
						},
						"0.1667": {
							"vector": [0, 0, 0]
						},
						"0.3": {
							"vector": [0, 0, 0]
						},
						"0.4": {
							"vector": [0, 0, 70]
						},
						"1.1667": {
							"vector": [0, 0, 70]
						},
						"1.4667": {
							"vector": [0, 0, 0]
						},
						"1.5667": {
							"vector": [0, 0, 0]
						},
						"1.6333": {
							"vector": [0, 0, 0]
						},
						"1.7333": {
							"vector": [0, 0, 0]
						}
					},
					"position": {
						"0.0": {
							"vector": [0, 0, 0]
						},
						"0.1667": {
							"vector": [0, 0, 0]
						},
						"0.3": {
							"vector": [5, 0, -1]
						},
						"0.4": {
							"vector": [18, -24, 12]
						},
						"1.1667": {
							"vector": [18, -24, 12]
						},
						"1.3": {
							"vector": [22, -18, -3]
						},
						"1.4667": {
							"vector": [13, 0, -3]
						},
						"1.5667": {
							"vector": [4.45, 0.25, -1.2]
						},
						"1.6333": {
							"vector": [4.95, -0.25, -1.2]
						},
						"1.7333": {
							"vector": [0, 0, 0]
						}
					}
				}
			},
			"sound_effects": {
				"0.1": {
					"effect": "ak_magout"
				},
				"0.3333": {
					"effect": "foley_start"
				},
				"1.3667": {
					"effect": "mp5_magin"
				},
				"1.7": {
					"effect": "foley_end"
				}
			}
		},
		"animation.model.reloadempty": {
			"loop": true,
			"animation_length": 2.5667,
			"bones": {
				"main": {
					"rotation": {
						"0.0": {
							"vector": [0, 0, 0]
						},
						"0.2333": {
							"vector": [-8.35, -7.8, -0.32]
						},
						"0.3": {
							"vector": [-11.88446, -14.8918, 8.57427]
						},
						"0.4333": {
							"vector": [-15.50409, -14.47751, -0.59169]
						},
						"0.5333": {
							"vector": [-13.79907, -13.37175, 3.07915]
						},
						"0.6333": {
							"vector": [-18.20194, -10.83932, 11.66855]
						},
						"0.8667": {
							"vector": [-20.50619, -16.0215, 5.24484]
						},
						"1.0": {
							"vector": [-20.1847, -14.27845, -2.45729]
						},
						"1.1667": {
							"vector": [-20.32244, -17.37523, -10.05997]
						},
						"1.3": {
							"vector": [-16.43679, -13.47763, -3.66112]
						},
						"1.4": {
							"vector": [-11.22155, -13.70837, -2.95279]
						},
						"1.5667": {
							"vector": [-13.23136, -11.65994, -2.36203]
						},
						"1.6333": {
							"vector": [-13.57129, -9.79383, -2.60803]
						},
						"1.7333": {
							"vector": [-15.50409, -14.47751, -0.59169]
						},
						"1.8": {
							"vector": [-14.89296, -5.38148, -12.66823]
						},
						"1.8667": {
							"vector": [-11.23601, -11.27524, -7.48009]
						},
						"2.2": {
							"vector": [0, 0, 35]
						},
						"2.3": {
							"vector": [-17.5, 0, 20.45455]
						},
						"2.3667": {
							"vector": [-6.5, 0, 18.40909]
						},
						"2.4333": {
							"vector": [-0.05534, 0.00484, 19.31818]
						},
						"2.5667": {
							"vector": [0, 0, 0]
						}
					},
					"position": {
						"0.0": {
							"vector": [0, 0, 0]
						},
						"0.2333": {
							"vector": [0, 0, 0]
						},
						"0.2667": {
							"vector": [2, 0, 0]
						},
						"0.3333": {
							"vector": [0, 0, 0]
						},
						"0.6667": {
							"vector": [0, -3, 0]
						},
						"1.1667": {
							"vector": [1, -3, 0]
						},
						"1.3667": {
							"vector": [0, -3, 0]
						},
						"1.7333": {
							"vector": [0, 0, 0]
						},
						"1.9667": {
							"vector": [0, 0, 0]
						},
						"2.2": {
							"vector": [0, 0, 0]
						},
						"2.3": {
							"vector": [0, 0, 0]
						},
						"2.5667": {
							"vector": [0, 0, 0]
						}
					}
				},
				"leftarm": {
					"rotation": {
						"0.0": {
							"vector": [0, 0, 0]
						},
						"0.1667": {
							"vector": [11.67018, -24.26149, -44.28438]
						},
						"0.3": {
							"vector": [11.67018, -24.26149, -44.28438]
						},
						"0.4": {
							"vector": [27.33881, -0.52237, 23.64718]
						},
						"1.1667": {
							"vector": [27.33881, -0.52237, 23.64718]
						},
						"1.4667": {
							"vector": [11.67018, -24.26149, -44.28438]
						},
						"1.5667": {
							"vector": [11.67, -24.26, -44.28]
						},
						"1.6333": {
							"vector": [11.67, -24.26, -44.28]
						},
						"1.7333": {
							"vector": [11.67018, -24.26149, -44.28438]
						},
						"1.8": {
							"vector": [11.67018, -24.26149, -44.28438]
						},
						"2.0": {
							"vector": [35.1942, -23.48993, -130.98093]
						},
						"2.0333": {
							"vector": [36.385, -20.83762, -135.3786]
						},
						"2.1": {
							"vector": [29.91941, -37.86766, -147.13222]
						},
						"2.2": {
							"vector": [29.91941, -37.86766, -147.13222]
						},
						"2.3": {
							"vector": [39.91941, -37.86766, -147.13222]
						},
						"2.3667": {
							"vector": [39.91941, -37.86766, -147.13222]
						},
						"2.4667": {
							"vector": [31.77422, -20.65509, -80.25394]
						},
						"2.5667": {
							"vector": [0, 0, 0]
						}
					},
					"position": {
						"0.0": {
							"vector": [0, 0, 0]
						},
						"0.0667": {
							"vector": [2.8, 1.6, 2]
						},
						"0.1667": {
							"vector": [5, 4, -6]
						},
						"0.3": {
							"vector": [10, 4, -7]
						},
						"0.4": {
							"vector": [21, -14, 7]
						},
						"1.1667": {
							"vector": [21, -14, 7]
						},
						"1.3": {
							"vector": [26, -14, -9]
						},
						"1.4667": {
							"vector": [18, 4, -9]
						},
						"1.5667": {
							"vector": [9.45, 4.25, -7.2]
						},
						"1.6333": {
							"vector": [10.7, 3.5, -7.2]
						},
						"1.7333": {
							"vector": [5, 4, -6]
						},
						"1.8": {
							"vector": [5, 4, -6]
						},
						"1.9333": {
							"vector": [2.8, 1.6, 2]
						},
						"2.0": {
							"vector": [2.55, 11.45, 2.15]
						},
						"2.1": {
							"vector": [2.42, 19.38, -4.27]
						},
						"2.2": {
							"vector": [2.42, 19.38, -4.27]
						},
						"2.3": {
							"vector": [2.42, 16.38, 6.73]
						},
						"2.3667": {
							"vector": [2.42, 16.38, 6.73]
						},
						"2.5667": {
							"vector": [0, 0, 0]
						}
					}
				},
				"rightarm": {
					"rotation": {
						"vector": [0, 0, 0]
					},
					"position": {
						"vector": [0, 0, 0]
					}
				},
				"bolt": {
					"rotation": {
						"0.0": {
							"vector": [0, 0, 0]
						},
						"2.2": {
							"vector": [0, 0, 0]
						},
						"2.3": {
							"vector": [0, 0, 0]
						}
					},
					"position": {
						"0.0": {
							"vector": [0, 0, -11]
						},
						"2.2": {
							"vector": [0, 0, -11]
						},
						"2.3": {
							"vector": [0, 0, 0]
						}
					}
				},
				"magazine": {
					"rotation": {
						"0.0": {
							"vector": [0, 0, 0]
						},
						"0.1667": {
							"vector": [0, 0, 0]
						},
						"0.3": {
							"vector": [0, 0, 0]
						},
						"0.4": {
							"vector": [0, 0, 70]
						},
						"1.1667": {
							"vector": [0, 0, 70]
						},
						"1.4667": {
							"vector": [0, 0, 0]
						},
						"1.5667": {
							"vector": [0, 0, 0]
						},
						"1.6333": {
							"vector": [0, 0, 0]
						},
						"1.7333": {
							"vector": [0, 0, 0]
						}
					},
					"position": {
						"0.0": {
							"vector": [0, 0, 0]
						},
						"0.1667": {
							"vector": [0, 0, 0]
						},
						"0.3": {
							"vector": [5, 0, -1]
						},
						"0.4": {
							"vector": [18, -24, 12]
						},
						"1.1667": {
							"vector": [18, -24, 12]
						},
						"1.3": {
							"vector": [22, -18, -3]
						},
						"1.4667": {
							"vector": [13, 0, -3]
						},
						"1.5667": {
							"vector": [4.45, 0.25, -1.2]
						},
						"1.6333": {
							"vector": [4.95, -0.25, -1.2]
						},
						"1.7333": {
							"vector": [0, 0, 0]
						}
					}
				},
				"bulletloaded": {
					"scale": {
						"0.0": {
							"vector": [0, 0, 0]
						},
						"0.6667": {
							"vector": [0, 0, 0]
						},
						"0.7": {
							"vector": [1, 1, 1]
						},
						"2.5667": {
							"vector": [1, 1, 1]
						}
					}
				}
			},
			"sound_effects": {
				"0.1": {
					"effect": "ak_magout"
				},
				"0.3333": {
					"effect": "foley_start"
				},
				"1.3667": {
					"effect": "mp5_magin"
				},
				"2.1": {
					"effect": "foley_end"
				},
				"2.2": {
					"effect": "m4_press"
				}
			}
		}
	},
	"geckolib_format_version": 2
}