{
  "loader": "forge:separate_transforms",
    "gui_light": "front",
    "base": 
{
  "credit": "Made with Blockbench",
  "parent": "builtin/entity",
  "texture_size": [
    128,
    128
  ],
  "display": {
    "thirdperson_righthand": {
      "translation": [
        0,
        -4,
        0
      ],
      "scale": [
        0.25,
        0.25,
        0.25
      ]
    },
    "thirdperson_lefthand": {
      "translation": [
        0,
        -4,
        0
      ],
      "scale": [
        0.25,
        0.25,
        0.25
      ]
    },
    "firstperson_righthand": {
      "rotation": [
        0,
        2,
        0
      ],
      "translation": [
        -3.25,
        -18,
        0
      ]
    },
    "firstperson_lefthand": {
      "rotation": [
        0,
        2,
        0
      ],
      "translation": [
        -3.25,
        -18,
        0
      ]
    },
    "ground": {
      "scale": [
        0.25,
        0.25,
        0.25
      ]
    },
    "gui": {
      "rotation": [
        67,
        52,
        -67
      ],
      "translation": [
        0.25,
        -4,
        0
      ],
      "scale": [
        0.2,
        0.2,
        0.2
      ]
    }
  },
  "textures": {
    "particle": "item/m1903a4_dhwaw"
  }
},
"perspectives": {
  "gui": {
    "parent": "item/generated",
    "textures": {
      "layer0": "pointblank:item/m1903a4_dhwaw.icon"
    }
  }
}
}