{
  "loader": "forge:separate_transforms",
    "gui_light": "front",
    "base": 
  {
  "credit": "Made with Blockbench",
  "parent": "builtin/entity",
  "texture_size": [
    120,
    120
  ],
  "display": {
    "thirdperson_righthand": {
      "translation": [
        0.25,
        -4.75,
        1
      ],
      "scale": [
        0.25,
        0.25,
        0.25
      ]
    },
    "thirdperson_lefthand": {
      "translation": [
        0.25,
        -4.75,
        1
      ],
      "scale": [
        0.25,
        0.25,
        0.25
      ]
    },
    "firstperson_righthand": {
      "rotation": [
        0,
        0,
        8
      ],
      "translation": [
        -1,
        -21,
        -21
      ]
    },
    "firstperson_lefthand": {
      "rotation": [
        0,
        0,
        5
      ],
      "translation": [
        0,
        -23,
        -15
      ]
    },
    "ground": {
      "translation": [
        0,
        -6,
        3.5
      ],
      "scale": [
        0.3,
        0.3,
        0.3
      ]
    },
    "gui": {
      "rotation": [
        44,
        50,
        -40
      ],
      "translation": [
        -0.25,
        -7.75,
        0
      ],
      "scale": [
        0.37,
        0.37,
        0.37
      ]
    }
  },
  "textures": {
    "particle": "item/m1911a1"
  }
},
"perspectives": {
  "gui": {
    "parent": "item/generated",
    "textures": {
      "layer0": "pointblank:item/m1911a1_dhwaw.icon"
    }
  }
}
}