{
"loader": "forge:separate_transforms",
  "gui_light": "front",
  "base": 
{
  "credit": "Made with Blockbench",
  "parent": "builtin/entity",
  "texture_size": [
    128,
    128
  ],
  "display": {
    "thirdperson_righthand": {
      "translation": [
        0,
        -4.5,
        1.5
      ],
      "scale": [
        0.25,
        0.25,
        0.25
      ]
    },
    "firstperson_righthand": {
      "rotation": [
        0,
        1,
        2
      ],
      "translation": [
        -2.25,
        -21,
        4.5
      ]
    },
    "firstperson_lefthand": {
      "rotation": [
        0,
        1,
        0
      ],
      "translation": [
        -2.25,
        -20,
        -1.25
      ]
    },
    "ground": {
      "scale": [
        0.25,
        0.25,
        0.25
      ]
    }
  },
  "textures": {
    "particle": "item/m1918a2_dhwaw"
  }
},
  "perspectives": {
    "gui": {
      "parent": "item/generated",
      "textures": {
        "layer0": "pointblank:item/m1918a2_dhwaw.icon"
      }
    }
  }
}