{
"loader": "forge:separate_transforms",
  "gui_light": "front",
  "base": 
{
  "credit": "Made with Blockbench",
  "parent": "builtin/entity",
  "texture_size": [
    128,
    128
  ],
  "display": {
    "thirdperson_righthand": {
      "translation": [
        0,
        -3.5,
        -1
      ],
      "scale": [
        0.22,
        0.22,
        0.22
      ]
    },
    "thirdperson_lefthand": {
      "translation": [
        0,
        -3.5,
        -1
      ],
      "scale": [
        0.22,
        0.22,
        0.22
      ]
    },
    "firstperson_righthand": {
      "rotation": [
        0,
        3,
        0
      ],
      "translation": [
        -1.5,
        -24,
        -17
      ]
    },
    "firstperson_lefthand": {
      "rotation": [
        0,
        3,
        0
      ],
      "translation": [
        -3,
        -22,
        -10
      ]
    },
    "ground": {
      "scale": [
        0.22,
        0.22,
        0.22
      ]
    }
  },
  "textures": {
    "particle": "item/m1928a1_dhwaw"
  }
},
  "perspectives": {
    "gui": {
      "parent": "item/generated",
      "textures": {
        "layer0": "pointblank:item/m1928a1_dhwaw.icon"
      }
    }
  }
}