{
  "loader": "forge:separate_transforms",
    "gui_light": "front",
    "base": 
{
  "credit": "Made with Blockbench",
  "parent": "builtin/entity",
  "texture_size": [
    128,
    128
  ],
  "display": {
    "thirdperson_righthand": {
      "translation": [
        0,
        -3.5,
        -1
      ],
      "scale": [
        0.22,
        0.22,
        0.22
      ]
    },
    "thirdperson_lefthand": {
      "translation": [
        0,
        -3.5,
        -1
      ],
      "scale": [
        0.22,
        0.22,
        0.22
      ]
    },
    "firstperson_righthand": {
      "rotation": [
        0,
        1,
        1
      ],
      "translation": [
        -2.75,
        -22,
        -16
      ]
    },
    "firstperson_lefthand": {
      "rotation": [
        0,
        3,
        0
      ],
      "translation": [
        -3,
        -22,
        -10
      ]
    },
    "ground": {
      "scale": [
        0.22,
        0.22,
        0.22
      ]
    },
    "gui": {
      "rotation": [
        67,
        52,
        -67
      ],
      "translation": [
        -2.5,
        -1.75,
        0
      ],
      "scale": [
        0.2,
        0.2,
        0.2
      ]
    }
  },
  "textures": {
    "particle": "item/m1a1thompson_dhwaw"
  }
},
"perspectives": {
  "gui": {
    "parent": "item/generated",
    "textures": {
      "layer0": "pointblank:item/m1a1thompson_dhwaw.icon"
    }
  }
}
}