{
  "loader": "forge:separate_transforms",
    "gui_light": "front",
    "base": 
{
  "credit": "Made with Blockbench",
  "parent": "builtin/entity",
  "texture_size": [
    128,
    128
  ],
  "display": {
    "thirdperson_righthand": {
      "translation": [
        0,
        -3.5,
        -1
      ],
      "scale": [
        0.25,
        0.25,
        0.25
      ]
    },
    "thirdperson_lefthand": {
      "translation": [
        0,
        -3.5,
        -1
      ],
      "scale": [
        0.25,
        0.25,
        0.25
      ]
    },
    "firstperson_righthand": {
      "rotation": [
        0,
        2,
        0
      ],
      "translation": [
        -3,
        -20,
        -1.5
      ]
    },
    "firstperson_lefthand": {
      "rotation": [
        0,
        3,
        0
      ],
      "translation": [
        -3,
        -22,
        -10
      ]
    },
    "ground": {
      "scale": [
        0.25,
        0.25,
        0.25
      ]
    },
    "gui": {
      "rotation": [
        72,
        50,
        -81
      ],
      "translation": [
        -0.5,
        -4,
        0.25
      ],
      "scale": [
        0.2,
        0.21,
        0.19
      ]
    }
  },
  "textures": {
    "particle": "item/m1garand_dhwaw"
  }
},
"perspectives": {
  "gui": {
    "parent": "item/generated",
    "textures": {
      "layer0": "pointblank:item/m1garand_dhwaw.icon"
    }
  }
}
}