{
"loader": "forge:separate_transforms",
  "gui_light": "front",
  "base": 
{
  "credit": "Made with Blockbench",
  "parent": "builtin/entity",
  "texture_size": [
    64,
    64
  ],
  "display": {
    "thirdperson_righthand": {
      "translation": [
        -1,
        -7.25,
        4
      ],
      "scale": [
        0.3,
        0.3,
        0.3
      ]
    },
    "thirdperson_lefthand": {
      "translation": [
        -1,
        -7.25,
        4
      ],
      "scale": [
        0.3,
        0.3,
        0.3
      ]
    },
    "firstperson_righthand": {
      "rotation": [
        0,
        0,
        3
      ],
      "translation": [
        3.5,
        -26,
        -5.25
      ]
    },
    "firstperson_lefthand": {
      "rotation": [
        0,
        0,
        3
      ],
      "translation": [
        3.5,
        -26,
        -5.25
      ]
    },
    "ground": {
      "translation": [
        0,
        -3.75,
        3.75
      ],
      "scale": [
        0.3,
        0.3,
        0.3
      ]
    },
    "gui": {
      "rotation": [
        44,
        40,
        -40
      ],
      "translation": [
        -3.5,
        -18.25,
        -2.75
      ],
      "scale": [
        0.7,
        0.7,
        0.7
      ]
    }
  },
  "textures": {
    "particle": "item/m24stielhandgranate_dhwaw"
  }
},
  "perspectives": {
    "gui": {
      "parent": "item/generated",
      "textures": {
        "layer0": "pointblank:item/m24stielhandgranate_dhwaw.icon"
      }
    }
  }
}