{
"loader": "forge:separate_transforms",
  "gui_light": "front",
  "base": 
{
  "credit": "Made with Blockbench",
  "parent": "builtin/entity",
  "texture_size": [
    32,
    32
  ],
  "display": {
    "thirdperson_righthand": {
      "translation": [
        0,
        -4,
        0
      ],
      "scale": [
        0.25,
        0.25,
        0.25
      ]
    },
    "thirdperson_lefthand": {
      "translation": [
        0,
        -4,
        0
      ],
      "scale": [
        0.25,
        0.25,
        0.25
      ]
    },
    "firstperson_righthand": {
      "rotation": [
        0,
        2,
        0
      ],
      "translation": [
        -3.25,
        -18,
        0
      ]
    },
    "firstperson_lefthand": {
      "rotation": [
        0,
        2,
        0
      ],
      "translation": [
        -3.25,
        -18,
        0
      ]
    },
    "ground": {
      "scale": [
        0.25,
        0.25,
        0.25
      ]
    },
    "gui": {
      "rotation": [
        67,
        52,
        -67
      ],
      "translation": [
        -7.25,
        -18.75,
        0
      ],
      "scale": [
        0.8,
        0.8,
        0.8
      ]
    },
    "fixed": {
      "rotation": [
        67,
        52,
        -67
      ],
      "translation": [
        0.25,
        -4,
        0
      ],
      "scale": [
        0.2,
        0.2,
        0.2
      ]
    }
  },
  "textures": {
    "particle": "item/m73b1_dhwaw"
  }
},
  "perspectives": {
    "gui": {
      "parent": "item/generated",
      "textures": {
        "layer0": "pointblank:item/m73b1_dhwaw.icon"
      }
    }
  }
}