{
"loader": "forge:separate_transforms",
  "gui_light": "front",
  "base": 
{
  "credit": "Made with Blockbench",
  "parent": "builtin/entity",
  "texture_size": [
    128,
    128
  ],
  "display": {
    "thirdperson_righthand": {
      "translation": [
        0.25,
        -5.5,
        1.5
      ],
      "scale": [
        0.3,
        0.3,
        0.3
      ]
    },
    "thirdperson_lefthand": {
      "translation": [
        0.25,
        -5.25,
        1
      ],
      "scale": [
        0.3,
        0.3,
        0.3
      ]
    },
    "firstperson_righthand": {
      "rotation": [
        0,
        0,
        8
      ],
      "translation": [
        -1,
        -18,
        -13
      ]
    },
    "firstperson_lefthand": {
      "rotation": [
        0,
        0,
        8
      ],
      "translation": [
        -1,
        -18,
        -13
      ]
    },
    "ground": {
      "translation": [
        0,
        -6,
        3.5
      ],
      "scale": [
        0.3,
        0.3,
        0.3
      ]
    },
    "gui": {
      "rotation": [
        72,
        50,
        -81
      ],
      "translation": [
        -3.5,
        -8.25,
        0.25
      ],
      "scale": [
        0.5,
        0.5,
        0.5
      ]
    }
  },
  "textures": {
    "particle": "item/p08luger_dhwaw"
  }
},
"perspectives": {
  "gui": {
    "parent": "item/generated",
    "textures": {
      "layer0": "pointblank:item/p08luger_dhwaw.icon"
    }
  }
}
}