{
"loader": "forge:separate_transforms",
  "gui_light": "front",
  "base": 
{
  "credit": "Made with Blockbench",
  "parent": "builtin/entity",
  "texture_size": [
    128,
    128
  ],
  "display": {
    "thirdperson_righthand": {
      "translation": [
        0,
        -4.75,
        -0.5
      ],
      "scale": [
        0.3,
        0.3,
        0.3
      ]
    },
    "thirdperson_lefthand": {
      "translation": [
        0,
        -4.75,
        -0.5
      ],
      "scale": [
        0.3,
        0.3,
        0.3
      ]
    },
    "firstperson_righthand": {
      "rotation": [
        0,
        2,
        2
      ],
      "translation": [
        -3.25,
        -18,
        -2.5
      ]
    },
    "firstperson_lefthand": {
      "rotation": [
        0,
        1,
        0
      ],
      "translation": [
        -2.25,
        -20,
        -1.25
      ]
    },
    "ground": {
      "scale": [
        0.3,
        0.3,
        0.3
      ]
    },
    "gui": {
      "rotation": [
        72,
        50,
        -81
      ],
      "translation": [
        -1.75,
        -4.5,
        0.25
      ],
      "scale": [
        0.25,
        0.25,
        0.25
      ]
    }
  },
  "textures": {
    "particle": "item/stg44_dhwaw"
  }
},
"perspectives": {
  "gui": {
    "parent": "item/generated",
    "textures": {
      "layer0": "pointblank:item/stg44_dhwaw.icon"
    }
  }
}
}