{
  "name" : "m1918a2_dhwaw",
  "type": "Gun",
  "maxAmmoCapacity" : 20,
  "compatibleAmmo" : ["ammocreative", "ammo3006_dhwaw"],
  "damage" : 16.0,
  "rpm" : 650,
  "features": [
    {
      "type": "FireMode",
      "fireModes": [
        {
          "name": "fast",
          "displayName": "label.pointblank.fireMode.fast",
          "type": "AUTOMATIC",
          "rpm": 650,
          "damage": 16.0
        },
        {
          "name": "slow",
          "displayName": "label.pointblank.fireMode.slow",
          "type": "AUTOMATIC",
          "rpm": 400,
          "damage": 16.0
        }
      ]
    }
  ],
  "fireSound" : "m1918a2_dhwaw",
  "drawCooldownDuration" : 650,
  "aimingZoom" : 0.24,
  "gunRecoilInitialAmplitude" : 1.4,
  "shakeRecoilAmplitude" : 1.4,
  "shakeRecoilSpeed" : 2,
  "viewRecoilAmplitude" : 3,
  "inspectCooldownDuration": 3700,
  "phasedReloads": [
    {
      "phase": "RELOADING",
      "condition": "reloadIterationIndex == 0",
      "duration": 3470,
      "animation": "animation.model.reloadempty",
      "shakeEffects": [
        {
          "start": 0,
          "duration": 1500,
          "initialAmplitude": 0.2,
          "rateOfAmplitudeDecay": 0.8
        },
        {
          "start": 250,
          "duration": 1000,
          "initialAmplitude": 0.2,
          "rateOfAmplitudeDecay": 0.5
        },
        {
          "start": 800,
          "duration": 1000,
          "initialAmplitude": 0.15,
          "rateOfAmplitudeDecay": 0.5
        },
        {
          "start": 1100,
          "duration": 600,
          "initialAmplitude": 0.2,
          "rateOfAmplitudeDecay": 0.3
        },
        {
          "start": 1600,
          "duration": 400,
          "initialAmplitude": 0.35,
          "rateOfAmplitudeDecay": 0.3
        }
      ]
    },
    {
      "phase": "RELOADING",
      "condition": "reloadIterationIndex > 0",
      "duration": 2870,
      "animation": "animation.model.reload",						
      "shakeEffects": [
        {
          "start": 0,
          "duration": 1500,
          "initialAmplitude": 0.2,
          "rateOfAmplitudeDecay": 0.8
        },
        {
          "start": 600,
          "duration": 1000,
          "initialAmplitude": 0.15,
          "rateOfAmplitudeDecay": 0.5
        },
        {
          "start": 900,
          "duration": 800,
          "initialAmplitude": 0.17,
          "rateOfAmplitudeDecay": 0.5
        },
        {
          "start": 1000,
          "duration": 400,
          "initialAmplitude": 0.22,
          "rateOfAmplitudeDecay": 0.6
        }
      ]
    }
  ],
  "effects": [
    {
               "phase": "firing",
               "name": "muzzle_flash_big_ex"
    }
]
}